grid_id,date,delta_t
"7713,2843",2022-04-17,12.924812330526612
"7718,2843",2022-04-17,13.281877853881285
"7723,2843",2022-04-17,12.28847152847153
"7708,2848",2022-04-17,10.389442009932802
"7713,2848",2022-04-17,11.31586508979413
"7718,2848",2022-04-17,12.622178102189775
"7723,2848",2022-04-17,12.556837494524745
"7728,2848",2022-04-17,12.469735650649916
"7733,2848",2022-04-17,11.317823546596554
"7688,2853",2022-04-17,18.720548571428566
"7693,2853",2022-04-17,17.447396086273386
"7698,2853",2022-04-17,15.734140837023274
"7703,2853",2022-04-17,13.55832047986289
"7708,2853",2022-04-17,13.493486710488702
"7713,2853",2022-04-17,11.757050585881682
"7718,2853",2022-04-17,11.170178596942415
"7723,2853",2022-04-17,10.491514285714283
"7728,2853",2022-04-17,9.940517216745246
"7733,2853",2022-04-17,12.038539791398767
"7683,2858",2022-04-17,17.839462145571474
"7688,2858",2022-04-17,19.469409356725137
"7693,2858",2022-04-17,18.453692824784447
"7698,2858",2022-04-17,16.273042969891844
"7703,2858",2022-04-17,13.606925888028064
"7708,2858",2022-04-17,11.539362852550054
"7713,2858",2022-04-17,11.513103448275857
"7718,2858",2022-04-17,10.671161771152997
"7723,2858",2022-04-17,9.9294227677919
"7728,2858",2022-04-17,9.569188952213938
"7733,2858",2022-04-17,10.613635433416166
"7688,2863",2022-04-17,17.350935087217614
"7693,2863",2022-04-17,16.390244460328816
"7698,2863",2022-04-17,13.834348634348643
"7703,2863",2022-04-17,11.10720800571837
"7708,2863",2022-04-17,9.428793251358305
"7713,2863",2022-04-17,10.642646259476468
"7718,2863",2022-04-17,11.618915903890159
"7723,2863",2022-04-17,10.23182780320366
"7728,2863",2022-04-17,11.253472540045772
"7733,2863",2022-04-17,10.081126680011446
"7693,2868",2022-04-17,13.80322118197776
"7698,2868",2022-04-17,14.376810534016094
"7703,2868",2022-04-17,13.21329823021793
"7708,2868",2022-04-17,10.247282036278532
"7713,2868",2022-04-17,9.589302121433793
"7718,2868",2022-04-17,9.277404155692127
"7723,2868",2022-04-17,10.547370885149963
"7728,2868",2022-04-17,10.767422469280284
"7733,2868",2022-04-17,10.136371616678852
"7693,2873",2022-04-17,16.13003005581795
"7698,2873",2022-04-17,16.32009162491052
"7703,2873",2022-04-17,13.844685845140978
"7708,2873",2022-04-17,11.258474527761878
"7713,2873",2022-04-17,10.598491700057245
"7718,2873",2022-04-17,10.161144819690904
"7723,2873",2022-04-17,12.125770717045949
"7728,2873",2022-04-17,12.009911276473948
"7733,2873",2022-04-17,12.91519175729822
"7693,2878",2022-04-17,17.984061493411414
"7698,2878",2022-04-17,18.106003807292424
"7703,2878",2022-04-17,16.531048316251837
"7708,2878",2022-04-17,14.312454598711186
"7713,2878",2022-04-17,14.973606677405177
"7718,2878",2022-04-17,13.840556368960462
"7723,2878",2022-04-17,15.995121522693994
"7728,2878",2022-04-17,15.198564943622786
"7693,2883",2022-04-17,17.20462124542125
"7698,2883",2022-04-17,17.500014649868152
"7703,2883",2022-04-17,17.3674190238898
"7708,2883",2022-04-17,15.235529515160405
"7713,2883",2022-04-17,15.086101992966006
"7718,2883",2022-04-17,15.901957509157505
"7723,2883",2022-04-17,17.50648102007915
"7703,2888",2022-04-17,17.222699914015486
"7708,2888",2022-04-17,17.16292431192661
"7713,2888",2022-04-17,15.218316604531113
"7718,2888",2022-04-17,17.417816618911168
"7723,2888",2022-04-17,18.215575297320523
"7713,2843",2022-04-18,23.71171970886256
"7718,2843",2022-04-18,24.590993150684923
"7723,2843",2022-04-18,22.419003853289574
"7708,2848",2022-04-18,21.237896581945662
"7713,2848",2022-04-18,21.72892101036649
"7718,2848",2022-04-18,22.961103649635042
"7723,2848",2022-04-18,23.032080595707395
"7728,2848",2022-04-18,22.88127355046006
"7733,2848",2022-04-18,22.55067776803973
"7688,2853",2022-04-18,29.77817670823818
"7693,2853",2022-04-18,28.037308955863452
"7698,2853",2022-04-18,27.313895908543927
"7703,2853",2022-04-18,24.090671925211794
"7708,2853",2022-04-18,24.190097170620167
"7713,2853",2022-04-18,22.196813375250066
"7718,2853",2022-04-18,19.82152878982713
"7723,2853",2022-04-18,20.558957142857142
"7728,2853",2022-04-18,21.989858551221594
"7733,2853",2022-04-18,22.331141591655953
"7683,2858",2022-04-18,28.436009938614443
"7688,2858",2022-04-18,31.328299833761527
"7693,2858",2022-04-18,31.60944030396025
"7698,2858",2022-04-18,28.966998633672382
"7703,2858",2022-04-18,24.676839643327003
"7708,2858",2022-04-18,23.708180622533984
"7713,2858",2022-04-18,22.725815312682638
"7718,2858",2022-04-18,20.001759462224175
"7723,2858",2022-04-18,20.293546690048217
"7728,2858",2022-04-18,19.191413122899313
"7733,2858",2022-04-18,21.177617307411182
"7688,2863",2022-04-18,29.87450619350519
"7693,2863",2022-04-18,29.374659042172986
"7698,2863",2022-04-18,26.01768339768341
"7703,2863",2022-04-18,22.122910650464615
"7708,2863",2022-04-18,21.09677437803833
"7713,2863",2022-04-18,21.605052209984272
"7718,2863",2022-04-18,21.166839244851268
"7723,2863",2022-04-18,20.473735697940505
"7728,2863",2022-04-18,21.2104033180778
"7733,2863",2022-04-18,21.47730626251072
"7693,2868",2022-04-18,26.153534230544178
"7698,2868",2022-04-18,25.072953913679605
"7703,2868",2022-04-18,23.806722246599385
"7708,2868",2022-04-18,22.01425980105325
"7713,2868",2022-04-18,20.406314557425013
"7718,2868",2022-04-18,20.18612232952882
"7723,2868",2022-04-18,20.04518800292611
"7728,2868",2022-04-18,22.413932124049143
"7733,2868",2022-04-18,21.409998536942204
"7693,2873",2022-04-18,27.9210730555087
"7698,2873",2022-04-18,28.035622283682354
"7703,2873",2022-04-18,23.30345454545455
"7708,2873",2022-04-18,22.29385804235833
"7713,2873",2022-04-18,21.115681167716094
"7718,2873",2022-04-18,20.676906124785347
"7723,2873",2022-04-18,20.62020609703736
"7728,2873",2022-04-18,22.636914710933027
"7733,2873",2022-04-18,23.03574985689754
"7693,2878",2022-04-18,29.300488929889326
"7698,2878",2022-04-18,30.004963325183354
"7703,2878",2022-04-18,26.47726589595376
"7708,2878",2022-04-18,25.46842706502635
"7713,2878",2022-04-18,26.395003660858112
"7718,2878",2022-04-18,24.123591443205793
"7723,2878",2022-04-18,23.707482647706115
"7728,2878",2022-04-18,24.76851662029579
"7693,2883",2022-04-18,27.082357552004833
"7698,2883",2022-04-18,29.701337047353753
"7703,2883",2022-04-18,27.763026188166847
"7708,2883",2022-04-18,25.752536023054766
"7713,2883",2022-04-18,26.493884123401056
"7718,2883",2022-04-18,25.606127388535036
"7723,2883",2022-04-18,25.627472527472527
"7708,2888",2022-04-18,27.223457782883386
"7713,2888",2022-04-18,26.718634342275145
"7718,2888",2022-04-18,26.645316760224546
"7713,2843",2022-04-19,9.686910232624514
"7718,2843",2022-04-19,10.6778053652968
"7723,2843",2022-04-19,8.036055373198229
"7708,2848",2022-04-19,9.246494807121655
"7713,2848",2022-04-19,9.6194977368959
"7718,2848",2022-04-19,11.054466403162053
"7723,2848",2022-04-19,9.940012101043711
"7728,2848",2022-04-19,8.395000884486112
"7733,2848",2022-04-19,7.242901678657068
"7688,2853",2022-04-19,13.222103840957343
"7693,2853",2022-04-19,13.328967940272287
"7698,2853",2022-04-19,13.714340808455935
"7703,2853",2022-04-19,10.533847472150814
"7708,2853",2022-04-19,9.914566813509538
"7713,2853",2022-04-19,9.577486557074817
"7718,2853",2022-04-19,8.158794316061435
"7723,2853",2022-04-19,7.672932895354293
"7728,2853",2022-04-19,10.528588132125108
"7733,2853",2022-04-19,14.968195576251455
"7683,2858",2022-04-19,14.709190295235322
"7688,2858",2022-04-19,13.862738423796381
"7693,2858",2022-04-19,14.551240683910567
"7698,2858",2022-04-19,14.346828412744811
"7703,2858",2022-04-19,12.393664668908055
"7708,2858",2022-04-19,10.026932631886595
"7713,2858",2022-04-19,9.383613686162144
"7718,2858",2022-04-19,9.905362272582192
"7723,2858",2022-04-19,11.149919625895077
"7728,2858",2022-04-19,10.883703054215978
"7733,2858",2022-04-19,13.316662617673853
"7688,2863",2022-04-19,14.214611992945331
"7693,2863",2022-04-19,14.451848463187998
"7698,2863",2022-04-19,11.487553267553269
"7703,2863",2022-04-19,9.255751250893505
"7708,2863",2022-04-19,8.360975121532741
"7713,2863",2022-04-19,8.692680972818314
"7718,2863",2022-04-19,10.877309667008948
"7723,2863",2022-04-19,11.897237030667814
"7728,2863",2022-04-19,13.636536041189933
"7733,2863",2022-04-19,12.04206262056685
"7693,2868",2022-04-19,11.903894090111173
"7698,2868",2022-04-19,10.54558888076079
"7703,2868",2022-04-19,10.84377358490566
"7708,2868",2022-04-19,8.864745465184313
"7713,2868",2022-04-19,8.157761521580102
"7718,2868",2022-04-19,7.4768217734855185
"7723,2868",2022-04-19,8.263021519543262
"7728,2868",2022-04-19,9.980685116436042
"7733,2868",2022-04-19,7.803120847548937
"7693,2873",2022-04-19,13.918648295866568
"7698,2873",2022-04-19,13.950304939155327
"7703,2873",2022-04-19,12.757045942464577
"7708,2873",2022-04-19,10.39568116771609
"7713,2873",2022-04-19,8.70046365197482
"7718,2873",2022-04-19,6.849905854663133
"7723,2873",2022-04-19,5.452205334098078
"7728,2873",2022-04-19,5.5565031982942354
"7733,2873",2022-04-19,5.940000000000025
"7693,2878",2022-04-19,13.826312344139659
"7698,2878",2022-04-19,15.28552057402255
"7703,2878",2022-04-19,14.918691068814054
"7708,2878",2022-04-19,10.698972900134748
"7713,2878",2022-04-19,9.808638642499035
"7718,2878",2022-04-19,7.096499388004905
"7723,2878",2022-04-19,6.728082595870189
"7728,2878",2022-04-19,7.300000000000011
"7693,2883",2022-04-19,14.919751147978074
"7698,2883",2022-04-19,14.851117397454022
"7703,2883",2022-04-19,13.744594473487677
"7708,2883",2022-04-19,10.099669794925271
"7713,2883",2022-04-19,7.303875049426662
"7703,2888",2022-04-19,14.807992125984248
"7708,2888",2022-04-19,12.580361757105944
"7713,2888",2022-04-19,7.627227272727297
"7713,2843",2022-04-22,17.831342942771514
"7718,2843",2022-04-22,18.98078767123287
"7723,2843",2022-04-22,18.319620379620385
"7708,2848",2022-04-22,15.633929301782066
"7713,2848",2022-04-22,15.876825813987454
"7718,2848",2022-04-22,16.71468905109489
"7723,2848",2022-04-22,17.42960140166448
"7728,2848",2022-04-22,17.919284358113035
"7733,2848",2022-04-22,16.683894244814496
"7688,2853",2022-04-22,26.300317142857136
"7693,2853",2022-04-22,24.49786887587487
"7698,2853",2022-04-22,23.1722039708613
"7703,2853",2022-04-22,19.601610968294768
"7708,2853",2022-04-22,18.86291797656473
"7713,2853",2022-04-22,17.244312660760222
"7718,2853",2022-04-22,15.349552793256178
"7723,2853",2022-04-22,15.111545714285713
"7728,2853",2022-04-22,15.710675810830113
"7733,2853",2022-04-22,16.670181454493502
"7683,2858",2022-04-22,23.78381175095002
"7688,2858",2022-04-22,26.544409356725144
"7693,2858",2022-04-22,26.14509717959959
"7698,2858",2022-04-22,23.739947383805905
"7703,2858",2022-04-22,19.300827364420403
"7708,2858",2022-04-22,17.63790735057723
"7713,2858",2022-04-22,16.493196960841615
"7718,2858",2022-04-22,14.64155487359345
"7723,2858",2022-04-22,14.343372789712113
"7728,2858",2022-04-22,13.70182668420283
"7733,2858",2022-04-22,15.67452711591873
"7688,2863",2022-04-22,24.837923934801264
"7693,2863",2022-04-22,24.008528949249467
"7698,2863",2022-04-22,20.80908050908052
"7703,2863",2022-04-22,17.453289492494648
"7708,2863",2022-04-22,14.761987417786683
"7713,2863",2022-04-22,14.591606351022756
"7718,2863",2022-04-22,14.829293478260876
"7723,2863",2022-04-22,14.08909038901602
"7728,2863",2022-04-22,14.399061784897029
"7733,2863",2022-04-22,13.990777809551046
"7693,2868",2022-04-22,20.64813926272674
"7698,2868",2022-04-22,19.898674469641552
"7703,2868",2022-04-22,18.92525376627176
"7708,2868",2022-04-22,15.757738443534233
"7713,2868",2022-04-22,13.969422092172639
"7718,2868",2022-04-22,13.281179397131984
"7723,2868",2022-04-22,13.573299195318219
"7728,2868",2022-04-22,15.022375658279694
"7733,2868",2022-04-22,14.05461009509876
"7693,2873",2022-04-22,22.978998139401742
"7698,2873",2022-04-22,23.30726986399427
"7703,2873",2022-04-22,19.871143552311448
"7708,2873",2022-04-22,16.935254722381224
"7713,2873",2022-04-22,15.516299370349174
"7718,2873",2022-04-22,14.684759587864914
"7723,2873",2022-04-22,14.643148704737365
"7728,2873",2022-04-22,16.73829994275901
"7733,2873",2022-04-22,17.93684315970235
"7693,2878",2022-04-22,24.890163982430455
"7698,2878",2022-04-22,24.749658808024602
"7703,2878",2022-04-22,22.972137628111266
"7708,2878",2022-04-22,20.257864674868195
"7713,2878",2022-04-22,20.89998535656758
"7718,2878",2022-04-22,19.113329428989747
"7723,2878",2022-04-22,20.811039531478755
"7728,2878",2022-04-22,20.69713574461853
"7693,2883",2022-04-22,22.857901831501838
"7698,2883",2022-04-22,23.615733958394376
"7703,2883",2022-04-22,23.586680345888908
"7708,2883",2022-04-22,21.52927200820273
"7713,2883",2022-04-22,20.99415885111372
"7718,2883",2022-04-22,20.905602930402942
"7723,2883",2022-04-22,23.253331379158734
"7703,2888",2022-04-22,24.6884064201777
"7708,2888",2022-04-22,24.72658256880732
"7713,2888",2022-04-22,21.68007456266131
"7718,2888",2022-04-22,22.535578796561598
"7723,2888",2022-04-22,24.016575440607532
"7713,2843",2022-04-23,21.875150563721988
"7718,2843",2022-04-23,22.06672089041096
"7723,2843",2022-04-23,19.985837020122734
"7708,2848",2022-04-23,19.198200408997955
"7713,2848",2022-04-23,19.90283837056505
"7718,2848",2022-04-23,20.91687883211679
"7723,2848",2022-04-23,21.32975032851511
"7728,2848",2022-04-23,20.935849277055656
"7733,2848",2022-04-23,19.424910896874085
"7688,2853",2022-04-23,27.774585714285717
"7693,2853",2022-04-23,25.801694043708046
"7698,2853",2022-04-23,25.6600714183688
"7703,2853",2022-04-23,22.26763781776635
"7708,2853",2022-04-23,22.465841669048288
"7713,2853",2022-04-23,21.65539296941984
"7718,2853",2022-04-23,18.61911415916559
"7723,2853",2022-04-23,18.47914
"7728,2853",2022-04-23,19.05329047006715
"7733,2853",2022-04-23,19.26181168738392
"7683,2858",2022-04-23,26.477939199064586
"7688,2858",2022-04-23,29.57427777777777
"7693,2858",2022-04-23,29.805491743387396
"7698,2858",2022-04-23,27.247576731949717
"7703,2858",2022-04-23,23.102315450957462
"7708,2858",2022-04-23,21.78356276486921
"7713,2858",2022-04-23,21.0122910578609
"7718,2858",2022-04-23,18.41815577962882
"7723,2858",2022-04-23,17.825553119976618
"7728,2858",2022-04-23,16.317197135759177
"7733,2858",2022-04-23,19.268083613506796
"7688,2863",2022-04-23,28.1544180726337
"7693,2863",2022-04-23,27.86632737669765
"7698,2863",2022-04-23,24.3876733876734
"7703,2863",2022-04-23,20.728697641172275
"7708,2863",2022-04-23,19.09686016585645
"7713,2863",2022-04-23,19.58890287512517
"7718,2863",2022-04-23,19.47316647597255
"7723,2863",2022-04-23,17.71342677345538
"7728,2863",2022-04-23,18.929467963386728
"7733,2863",2022-04-23,18.99977981126681
"7693,2868",2022-04-23,23.893736102984196
"7698,2868",2022-04-23,23.39453694220922
"7703,2868",2022-04-23,21.842030130174052
"7708,2868",2022-04-23,19.97602691632535
"7713,2868",2022-04-23,18.899201170446236
"7718,2868",2022-04-23,18.563836698858637
"7723,2868",2022-04-23,18.355935625457203
"7728,2868",2022-04-23,19.909297834991207
"7733,2868",2022-04-23,19.44631748354059
"7693,2873",2022-04-23,25.59049377415201
"7698,2873",2022-04-23,26.17328561202577
"7703,2873",2022-04-23,22.037440961786185
"7708,2873",2022-04-23,20.352218088151126
"7713,2873",2022-04-23,19.07345163136806
"7718,2873",2022-04-23,18.82758443045221
"7723,2873",2022-04-23,18.836247316444823
"7728,2873",2022-04-23,21.151322266742994
"7733,2873",2022-04-23,21.244919862621636
"7693,2878",2022-04-23,27.217692532942888
"7698,2878",2022-04-23,27.581915360960615
"7703,2878",2022-04-23,25.87693118594436
"7708,2878",2022-04-23,22.65468951376683
"7713,2878",2022-04-23,23.863037047884017
"7718,2878",2022-04-23,21.987598828696907
"7723,2878",2022-04-23,22.614275256222534
"7728,2878",2022-04-23,22.773056084346166
"7693,2883",2022-04-23,25.167882783882774
"7698,2883",2022-04-23,26.155244652798117
"7703,2883",2022-04-23,25.133451560896976
"7708,2883",2022-04-23,23.356217958107518
"7713,2883",2022-04-23,23.215328253223923
"7718,2883",2022-04-23,22.938710622710623
"7723,2883",2022-04-23,24.301893595192738
"7703,2888",2022-04-23,25.613043852106607
"7708,2888",2022-04-23,25.91309059633028
"7713,2888",2022-04-23,23.246799541152846
"7718,2888",2022-04-23,23.904174785100274
"7723,2888",2022-04-23,25.20627597076946
"7713,2843",2022-04-24,14.175844155844151
"7718,2843",2022-04-24,16.040359589041092
"7723,2843",2022-04-24,15.000867703724838
"7708,2848",2022-04-24,12.754995617879056
"7713,2848",2022-04-24,12.770147466783465
"7718,2848",2022-04-24,13.706435036496355
"7723,2848",2022-04-24,14.782651481968156
"7728,2848",2022-04-24,14.551181539360313
"7733,2848",2022-04-24,12.977919953257377
"7688,2853",2022-04-24,21.391494285714277
"7693,2853",2022-04-24,19.861085559205826
"7698,2853",2022-04-24,18.669458648764465
"7703,2853",2022-04-24,15.960054270208516
"7708,2853",2022-04-24,15.12859674192627
"7713,2853",2022-04-24,13.388065161474714
"7718,2853",2022-04-24,11.7597713959137
"7723,2853",2022-04-24,11.952400000000004
"7728,2853",2022-04-24,12.223326189455635
"7733,2853",2022-04-24,13.805097871124447
"7683,2858",2022-04-24,20.10178310435545
"7688,2858",2022-04-24,22.30893859649123
"7693,2858",2022-04-24,21.745664182376146
"7698,2858",2022-04-24,19.378246126863495
"7703,2858",2022-04-24,15.324180675339864
"7708,2858",2022-04-24,12.763381557796295
"7713,2858",2022-04-24,12.433874926943313
"7718,2858",2022-04-24,11.55926348092942
"7723,2858",2022-04-24,11.117580008768078
"7728,2858",2022-04-24,11.205111793073208
"7733,2858",2022-04-24,12.590913609121468
"7688,2863",2022-04-24,21.22951958821849
"7693,2863",2022-04-24,19.59921086490351
"7698,2863",2022-04-24,15.83166881166881
"7703,2863",2022-04-24,12.667213724088642
"7708,2863",2022-04-24,10.90735487560767
"7713,2863",2022-04-24,10.88284651695037
"7718,2863",2022-04-24,11.611212814645308
"7723,2863",2022-04-24,10.229533752860414
"7728,2863",2022-04-24,12.432711670480547
"7733,2863",2022-04-24,11.483723191306845
"7693,2868",2022-04-24,15.814332943241665
"7698,2868",2022-04-24,15.240790051207021
"7703,2868",2022-04-24,14.622252449904916
"7708,2868",2022-04-24,11.474640140433003
"7713,2868",2022-04-24,10.550610095098762
"7718,2868",2022-04-24,10.1992039800995
"7723,2868",2022-04-24,10.87964886613021
"7728,2868",2022-04-24,11.985585137507313
"7733,2868",2022-04-24,10.86619458668617
"7693,2873",2022-04-24,18.675099470445105
"7698,2873",2022-04-24,18.872289191123844
"7703,2873",2022-04-24,15.789423214541287
"7708,2873",2022-04-24,12.855280480824272
"7713,2873",2022-04-24,11.387741843159704
"7718,2873",2022-04-24,10.664665140240416
"7723,2873",2022-04-24,12.093625304136255
"7728,2873",2022-04-24,12.90825414997138
"7733,2873",2022-04-24,12.982759015455066
"7693,2878",2022-04-24,20.048600292825764
"7698,2878",2022-04-24,19.545757797627765
"7703,2878",2022-04-24,18.24934992679356
"7708,2878",2022-04-24,14.385134739308727
"7713,2878",2022-04-24,15.468083174696154
"7718,2878",2022-04-24,14.803270863836012
"7723,2878",2022-04-24,16.848811127379193
"7728,2878",2022-04-24,16.195700688241324
"7693,2883",2022-04-24,18.17411868131868
"7698,2883",2022-04-24,18.646155874597127
"7703,2883",2022-04-24,18.651443646489813
"7708,2883",2022-04-24,16.319381866119826
"7713,2883",2022-04-24,15.204671746776082
"7718,2883",2022-04-24,16.02826080586081
"7723,2883",2022-04-24,18.638252967902687
"7703,2888",2022-04-24,18.65277156778446
"7708,2888",2022-04-24,18.042362385321095
"7713,2888",2022-04-24,15.061935761399479
"7718,2888",2022-04-24,16.57610601719197
"7723,2888",2022-04-24,19.039687634331564
"7713,2843",2022-04-25,22.97945093457944
"7718,2843",2022-04-25,21.860707762557084
"7723,2843",2022-04-25,19.856143856143863
"7708,2848",2022-04-25,20.995508474576265
"7713,2848",2022-04-25,20.00585778945832
"7718,2848",2022-04-25,19.489894890510953
"7723,2848",2022-04-25,20.42184260475982
"7728,2848",2022-04-25,20.965056229005402
"7733,2848",2022-04-25,20.818962898042656
"7688,2853",2022-04-25,36.978936535162944
"7693,2853",2022-04-25,36.069603960396066
"7698,2853",2022-04-25,28.023969128996697
"7703,2853",2022-04-25,23.77299425033171
"7708,2853",2022-04-25,21.963215204344092
"7713,2853",2022-04-25,20.278016576164614
"7718,2853",2022-04-25,17.59231318759823
"7723,2853",2022-04-25,17.587048571428575
"7728,2853",2022-04-25,19.53892556079439
"7733,2853",2022-04-25,22.175650925793033
"7683,2858",2022-04-25,30.89149560117301
"7688,2858",2022-04-25,32.492639131277876
"7693,2858",2022-04-25,32.19454828660436
"7698,2858",2022-04-25,31.81407812073204
"7703,2858",2022-04-25,24.682275271649644
"7708,2858",2022-04-25,20.930705830775977
"7713,2858",2022-04-25,19.905777323202802
"7718,2858",2022-04-25,17.162986994008477
"7723,2858",2022-04-25,17.021744848750544
"7728,2858",2022-04-25,16.091117930732132
"7733,2858",2022-04-25,20.850199591387703
"7688,2863",2022-04-25,27.85339719759795
"7693,2863",2022-04-25,26.947810667810675
"7698,2863",2022-04-25,25.011752031084434
"7703,2863",2022-04-25,19.527948014440426
"7708,2863",2022-04-25,17.878967686588506
"7713,2863",2022-04-25,18.78801315977686
"7718,2863",2022-04-25,18.662308352402746
"7723,2863",2022-04-25,17.088318077803205
"7728,2863",2022-04-25,18.36946510297483
"7733,2863",2022-04-25,19.646708607377757
"7693,2868",2022-04-25,22.81684610883556
"7698,2868",2022-04-25,22.556576606813216
"7703,2868",2022-04-25,20.9302878026496
"7708,2868",2022-04-25,19.167615564657694
"7713,2868",2022-04-25,18.279918068763717
"7718,2868",2022-04-25,18.408053848405025
"7723,2868",2022-04-25,18.154320409656176
"7728,2868",2022-04-25,20.584382679929785
"7733,2868",2022-04-25,20.87964008778346
"7693,2873",2022-04-25,24.841723200228994
"7698,2873",2022-04-25,25.31618611309949
"7703,2873",2022-04-25,21.729234292257054
"7708,2873",2022-04-25,20.740709788208374
"7713,2873",2022-04-25,19.851405266170584
"7718,2873",2022-04-25,19.351099026903277
"7723,2873",2022-04-25,18.804547301218804
"7728,2873",2022-04-25,21.99044647967946
"7733,2873",2022-04-25,23.250512306811682
"7693,2878",2022-04-25,27.599865300146398
"7698,2878",2022-04-25,27.35801435056377
"7703,2878",2022-04-25,26.130749633967802
"7708,2878",2022-04-25,24.637036928056485
"7713,2878",2022-04-25,25.1088299244518
"7718,2878",2022-04-25,22.82063030303029
"7723,2878",2022-04-25,20.0802594995366
"7728,2878",2022-04-25,23.590988431688395
"7693,2883",2022-04-25,27.96827838827839
"7698,2883",2022-04-25,27.56434222092001
"7703,2883",2022-04-25,27.05773220272136
"7708,2883",2022-04-25,24.553187460551236
"7713,2883",2022-04-25,25.116157556270096
"7718,2883",2022-04-25,24.94866722268558
"7723,2883",2022-04-25,26.618743126472896
"7703,2888",2022-04-25,27.2889786223278
"7708,2888",2022-04-25,26.63203718806067
"7713,2888",2022-04-25,24.558632061944362
"7718,2888",2022-04-25,25.541922720247282
"7723,2888",2022-04-25,27.016345945945954
"7713,2843",2022-04-26,7.502746365105007
"7718,2843",2022-04-26,8.084092205323195
"7723,2843",2022-04-26,6.6622984051274345
"7708,2848",2022-04-26,3.992944425267518
"7713,2848",2022-04-26,5.331413736134058
"7718,2848",2022-04-26,6.539577922077924
"7723,2848",2022-04-26,7.31597262437483
"7728,2848",2022-04-26,6.782901554404117
"7733,2848",2022-04-26,6.236533333333337
"7688,2853",2022-04-26,11.952205005959485
"7693,2853",2022-04-26,8.896688116688134
"7698,2853",2022-04-26,8.922539682539666
"7703,2853",2022-04-26,4.547275541795652
"7708,2853",2022-04-26,5.072226613965736
"7713,2853",2022-04-26,5.321500503524657
"7718,2853",2022-04-26,5.302162801703733
"7723,2853",2022-04-26,4.453784159333029
"7728,2853",2022-04-26,3.740716736561197
"7733,2853",2022-04-26,6.192980132450331
"7703,2858",2022-04-26,4.978405797101445
"7708,2858",2022-04-26,2.6000000000000227
"7713,2858",2022-04-26,4.686092307692332
"7718,2858",2022-04-26,4.980203583061913
"7723,2858",2022-04-26,3.878235176681974
"7728,2858",2022-04-26,4.266559139784946
"7733,2858",2022-04-26,6.802542372881329
"7698,2863",2022-04-26,8.16451612903228
"7703,2863",2022-04-26,6.443064516129037
"7708,2863",2022-04-26,2.397303921568665
"7713,2863",2022-04-26,3.548531061707875
"7718,2863",2022-04-26,6.00239979705733
"7723,2863",2022-04-26,4.139444756029174
"7728,2863",2022-04-26,5.560032278889611
"7733,2863",2022-04-26,3.589146608315099
"7693,2868",2022-04-26,7.152978208232443
"7698,2868",2022-04-26,7.568025477707006
"7703,2868",2022-04-26,6.563448519040912
"7708,2868",2022-04-26,3.3631868131868323
"7713,2868",2022-04-26,2.469721669980116
"7718,2868",2022-04-26,3.1384046920821125
"7723,2868",2022-04-26,4.9472514402527406
"7728,2868",2022-04-26,4.7113746157224465
"7733,2868",2022-04-26,4.1655368319691854
"7693,2873",2022-04-26,8.290000000000003
"7698,2873",2022-04-26,8.330541516245491
"7703,2873",2022-04-26,6.408074599422142
"7708,2873",2022-04-26,5.30601213458356
"7713,2873",2022-04-26,3.0391210045662214
"7718,2873",2022-04-26,3.5943341121495274
"7723,2873",2022-04-26,6.033131631775166
"7728,2873",2022-04-26,7.550254545454578
"7733,2873",2022-04-26,7.964000000000006
"7703,2878",2022-04-26,8.360000000000014
"7718,2878",2022-04-26,7.0151125401929395
"7723,2878",2022-04-26,9.415075376884422
"7728,2878",2022-04-26,8.972622950819678
"7693,2883",2022-04-26,9.900000000000015
"7708,2883",2022-04-26,8.165700000000015
"7713,2883",2022-04-26,8.595891566265047
"7718,2883",2022-04-26,10.09736096718481
"7723,2883",2022-04-26,11.475928618638477
"7703,2888",2022-04-26,12.36129032258062
"7708,2888",2022-04-26,6.7560946745561825
"7713,2888",2022-04-26,9.428071461291804
"7718,2888",2022-04-26,11.93004487804879
"7723,2888",2022-04-26,12.812325080731984
"7713,2843",2022-04-27,22.955324675324672
"7718,2843",2022-04-27,23.761355593607316
"7723,2843",2022-04-27,21.566970172684464
"7708,2848",2022-04-27,19.909789658194565
"7713,2848",2022-04-27,20.80611476127902
"7718,2848",2022-04-27,21.5745197080292
"7723,2848",2022-04-27,22.183069061176816
"7728,2848",2022-04-27,21.605973419015633
"7733,2848",2022-04-27,20.72960853052878
"7688,2853",2022-04-27,29.8377
"7693,2853",2022-04-27,27.42329667190401
"7698,2853",2022-04-27,26.595286387658895
"7703,2853",2022-04-27,23.5509854327335
"7708,2853",2022-04-27,23.251463275221496
"7713,2853",2022-04-27,21.989008288082307
"7718,2853",2022-04-27,18.75053293327619
"7723,2853",2022-04-27,19.15049142857143
"7728,2853",2022-04-27,20.33811401628804
"7733,2853",2022-04-27,20.010647235319333
"7683,2858",2022-04-27,27.888465361005558
"7688,2858",2022-04-27,30.738555555555557
"7693,2858",2022-04-27,30.444655852696187
"7698,2858",2022-04-27,27.946214557147023
"7703,2858",2022-04-27,23.78386785557667
"7708,2858",2022-04-27,22.87956451848606
"7713,2858",2022-04-27,21.379199298655752
"7718,2858",2022-04-27,19.084293438550347
"7723,2858",2022-04-27,19.044243752740023
"7728,2858",2022-04-27,17.15191582639193
"7733,2858",2022-04-27,20.12853968718024
"7688,2863",2022-04-27,29.09260794967116
"7693,2863",2022-04-27,28.319350964974976
"7698,2863",2022-04-27,24.46076648076649
"7703,2863",2022-04-27,20.653746962115793
"7708,2863",2022-04-27,19.32596511295396
"7713,2863",2022-04-27,20.17321985409814
"7718,2863",2022-04-27,20.033953089244847
"7723,2863",2022-04-27,19.383483981693363
"7728,2863",2022-04-27,19.752334096109845
"7733,2863",2022-04-27,20.656459822705177
"7693,2868",2022-04-27,25.171901696898757
"7698,2868",2022-04-27,24.07203511338698
"7703,2868",2022-04-27,22.531037004534156
"7708,2868",2022-04-27,20.924546518431832
"7713,2868",2022-04-27,19.515602048280904
"7718,2868",2022-04-27,19.719991220368737
"7723,2868",2022-04-27,18.855139722019025
"7728,2868",2022-04-27,21.06590988882387
"7733,2868",2022-04-27,20.470042428675924
"7693,2873",2022-04-27,26.926867038786327
"7698,2873",2022-04-27,27.41615461703651
"7703,2873",2022-04-27,23.151023329039646
"7708,2873",2022-04-27,21.53581568402977
"7713,2873",2022-04-27,20.22513737836292
"7718,2873",2022-04-27,19.538906697195202
"7723,2873",2022-04-27,18.705945327035927
"7728,2873",2022-04-27,21.74054092730395
"7733,2873",2022-04-27,22.27237550085862
"7693,2878",2022-04-27,28.674746705710103
"7698,2878",2022-04-27,28.78148191536096
"7703,2878",2022-04-27,27.34506588579795
"7708,2878",2022-04-27,24.973268892794398
"7713,2878",2022-04-27,25.624887977741977
"7718,2878",2022-04-27,23.57433674963397
"7723,2878",2022-04-27,22.974199121522673
"7728,2878",2022-04-27,24.58859276614438
"7693,2883",2022-04-27,27.315241025641015
"7698,2883",2022-04-27,28.424427190155292
"7703,2883",2022-04-27,27.481747032097346
"7708,2883",2022-04-27,26.18046872711293
"7713,2883",2022-04-27,25.980351699882767
"7718,2883",2022-04-27,25.084934798534796
"7723,2883",2022-04-27,26.21778982852119
"7703,2888",2022-04-27,27.87749498423617
"7708,2888",2022-04-27,28.50849197247706
"7713,2888",2022-04-27,26.04164037854889
"7718,2888",2022-04-27,26.563842406876784
"7723,2888",2022-04-27,27.36202894397478
"7713,2843",2022-04-28,19.79291546126647
"7718,2843",2022-04-28,21.308573264781487
"7723,2843",2022-04-28,18.34846223183704
"7708,2848",2022-04-28,17.26226014166129
"7713,2848",2022-04-28,18.825089820359278
"7718,2848",2022-04-28,18.222183953033266
"7723,2848",2022-04-28,18.637297297297305
"7728,2848",2022-04-28,18.09834991974319
"7733,2848",2022-04-28,15.90711756847028
"7688,2853",2022-04-28,24.407688571428547
"7693,2853",2022-04-28,21.981625227410532
"7698,2853",2022-04-28,21.123457259158748
"7703,2853",2022-04-28,20.159399872313262
"7708,2853",2022-04-28,19.235126050420167
"7713,2853",2022-04-28,18.100550667970012
"7718,2853",2022-04-28,15.074416333777192
"7723,2853",2022-04-28,16.039380795222385
"7728,2853",2022-04-28,15.775552680753197
"7733,2853",2022-04-28,18.260682628629645
"7683,2858",2022-04-28,23.473349897690724
"7688,2858",2022-04-28,25.375184210526314
"7693,2858",2022-04-28,24.26427492447129
"7698,2858",2022-04-28,23.969833436150523
"7703,2858",2022-04-28,20.260408820215673
"7708,2858",2022-04-28,18.928605069501224
"7713,2858",2022-04-28,17.1629029029029
"7718,2858",2022-04-28,17.69346398574701
"7723,2858",2022-04-28,14.25400263042525
"7728,2858",2022-04-28,13.930004646840157
"7733,2858",2022-04-28,17.4065584045584
"7688,2863",2022-04-28,22.971587074635405
"7693,2863",2022-04-28,21.48315082201573
"7698,2863",2022-04-28,19.17308816444516
"7703,2863",2022-04-28,17.153255953572156
"7708,2863",2022-04-28,16.515068229250286
"7713,2863",2022-04-28,17.5013268955651
"7718,2863",2022-04-28,17.33194475138122
"7723,2863",2022-04-28,15.388872688477951
"7728,2863",2022-04-28,17.112535804549275
"7733,2863",2022-04-28,15.135944788196097
"7693,2868",2022-04-28,18.25502340550029
"7698,2868",2022-04-28,18.555006020469598
"7703,2868",2022-04-28,19.155202086049545
"7708,2868",2022-04-28,17.30548841893253
"7713,2868",2022-04-28,16.13871109162648
"7718,2868",2022-04-28,15.236857585139324
"7723,2868",2022-04-28,15.927092107378247
"7728,2868",2022-04-28,16.10952742744263
"7733,2868",2022-04-28,14.980131675201173
"7693,2873",2022-04-28,20.62484180386543
"7698,2873",2022-04-28,20.33131081684273
"7703,2873",2022-04-28,19.8741365175548
"7708,2873",2022-04-28,17.310622286541246
"7713,2873",2022-04-28,15.414584627329196
"7718,2873",2022-04-28,13.580650773195877
"7723,2873",2022-04-28,15.879316424373656
"7728,2873",2022-04-28,15.245950200343453
"7733,2873",2022-04-28,15.371740125930176
"7693,2878",2022-04-28,24.490380096751895
"7698,2878",2022-04-28,21.664439888709914
"7703,2878",2022-04-28,20.231733528550517
"7708,2878",2022-04-28,17.32293790275336
"7713,2878",2022-04-28,17.926844340313373
"7718,2878",2022-04-28,15.708524158125913
"7723,2878",2022-04-28,17.2336896046852
"7728,2878",2022-04-28,16.547479865280415
"7693,2883",2022-04-28,22.336426618049217
"7698,2883",2022-04-28,22.508509016273276
"7703,2883",2022-04-28,21.8359489960428
"7708,2883",2022-04-28,18.41293979786144
"7713,2883",2022-04-28,18.76878956623682
"7718,2883",2022-04-28,18.11241611721612
"7723,2883",2022-04-28,19.934257657921737
"7703,2888",2022-04-28,21.139647463456562
"7708,2888",2022-04-28,21.249343463302743
"7713,2888",2022-04-28,19.072839116719244
"7718,2888",2022-04-28,20.90680802292263
"7723,2888",2022-04-28,21.409987104169648
"7713,2843",2022-04-29,18.657194234337084
"7718,2843",2022-04-29,20.440216894977166
"7723,2843",2022-04-29,20.204121592693024
"7708,2848",2022-04-29,18.420835524393812
"7713,2848",2022-04-29,19.290696452036794
"7718,2848",2022-04-29,20.193413138686136
"7723,2848",2022-04-29,20.981354942327343
"7728,2848",2022-04-29,20.822576310793053
"7733,2848",2022-04-29,19.557423312883436
"7688,2853",2022-04-29,26.62069714285712
"7693,2853",2022-04-29,25.23356949007285
"7698,2853",2022-04-29,23.133098128838725
"7703,2853",2022-04-29,21.237632105112816
"7708,2853",2022-04-29,20.790265790225774
"7713,2853",2022-04-29,19.796016004572742
"7718,2853",2022-04-29,17.60565795113587
"7723,2853",2022-04-29,17.85568571428571
"7728,2853",2022-04-29,18.630530075725094
"7733,2853",2022-04-29,18.82128589798543
"7683,2858",2022-04-29,24.510081847413044
"7688,2858",2022-04-29,26.364339181286535
"7693,2858",2022-04-29,26.296671050708746
"7698,2858",2022-04-29,24.57538439052908
"7703,2858",2022-04-29,21.657737172927938
"7708,2858",2022-04-29,20.636966242875936
"7713,2858",2022-04-29,19.003144360023388
"7718,2858",2022-04-29,16.520017536168353
"7723,2858",2022-04-29,15.838895221394123
"7728,2858",2022-04-29,15.49178138243461
"7733,2858",2022-04-29,18.367680163718752
"7688,2863",2022-04-29,25.921984558192744
"7693,2863",2022-04-29,26.142456040028602
"7698,2863",2022-04-29,23.443949663949663
"7703,2863",2022-04-29,19.547393852751966
"7708,2863",2022-04-29,17.660749213611666
"7713,2863",2022-04-29,17.84878844228294
"7718,2863",2022-04-29,17.95555205949657
"7723,2863",2022-04-29,16.907162471395882
"7728,2863",2022-04-29,17.3525429061785
"7733,2863",2022-04-29,19.06769230769231
"7693,2868",2022-04-29,23.537513165593907
"7698,2868",2022-04-29,22.19762106803218
"7703,2868",2022-04-29,19.884510750329095
"7708,2868",2022-04-29,18.322121123464008
"7713,2868",2022-04-29,17.108079005120697
"7718,2868",2022-04-29,17.177553409423464
"7723,2868",2022-04-29,16.963514264813462
"7728,2868",2022-04-29,19.597527794031592
"7733,2868",2022-04-29,18.90941916605706
"7693,2873",2022-04-29,24.513736940031485
"7698,2873",2022-04-29,24.31056549749464
"7703,2873",2022-04-29,21.312709317303575
"7708,2873",2022-04-29,19.79167429879794
"7713,2873",2022-04-29,19.082326846021754
"7718,2873",2022-04-29,18.402026330852895
"7723,2873",2022-04-29,17.416842707886072
"7728,2873",2022-04-29,18.889499141385237
"7733,2873",2022-04-29,19.58537492844877
"7693,2878",2022-04-29,25.99715666178623
"7698,2878",2022-04-29,25.96140284082589
"7703,2878",2022-04-29,25.9989663250366
"7708,2878",2022-04-29,23.211666666666666
"7713,2878",2022-04-29,23.026636403573
"7718,2878",2022-04-29,20.580480234260616
"7723,2878",2022-04-29,20.321522693997064
"7728,2878",2022-04-29,21.896593937618974
"7693,2883",2022-04-29,23.950063003662994
"7698,2883",2022-04-29,25.959006738939355
"7703,2883",2022-04-29,25.426003224388122
"7708,2883",2022-04-29,22.079557638787175
"7713,2883",2022-04-29,22.043859906213374
"7718,2883",2022-04-29,21.2173684981685
"7723,2883",2022-04-29,23.43353949875423
"7703,2888",2022-04-29,25.446233877901975
"7708,2888",2022-04-29,24.56840596330274
"7713,2888",2022-04-29,22.019942644106678
"7718,2888",2022-04-29,22.93251002865329
"7723,2888",2022-04-29,23.584714142427277
"7713,2843",2022-04-30,23.4797716569145
"7718,2843",2022-04-30,23.748227739726012
"7723,2843",2022-04-30,20.930149850149853
"7708,2848",2022-04-30,19.83353783231084
"7713,2848",2022-04-30,20.939357570448248
"7718,2848",2022-04-30,21.67158248175183
"7723,2848",2022-04-30,21.920808877208348
"7728,2848",2022-04-30,22.206782532495993
"7733,2848",2022-04-30,21.297148699970794
"7688,2853",2022-04-30,30.835462857142854
"7693,2853",2022-04-30,27.862999571489784
"7698,2853",2022-04-30,26.17962862448221
"7703,2853",2022-04-30,22.72082547843473
"7708,2853",2022-04-30,22.5113661046013
"7713,2853",2022-04-30,21.509639897113473
"7718,2853",2022-04-30,19.452838976996713
"7723,2853",2022-04-30,20.021005189028912
"7728,2853",2022-04-30,20.571124446349472
"7733,2853",2022-04-30,21.36685812258895
"7683,2858",2022-04-30,27.959441683718214
"7688,2858",2022-04-30,30.20980701754386
"7693,2858",2022-04-30,29.553236884407426
"7698,2858",2022-04-30,27.141499561531717
"7703,2858",2022-04-30,22.620584709837743
"7708,2858",2022-04-30,20.68349554289055
"7713,2858",2022-04-30,20.598985973115134
"7718,2858",2022-04-30,18.39493497004238
"7723,2858",2022-04-30,18.769042817477708
"7728,2858",2022-04-30,18.180109783661603
"7733,2858",2022-04-30,22.838461538461544
"7688,2863",2022-04-30,29.385824992851017
"7693,2863",2022-04-30,28.5914224446033
"7698,2863",2022-04-30,24.896773916773927
"7703,2863",2022-04-30,20.688697641172258
"7708,2863",2022-04-30,19.402296253931944
"7713,2863",2022-04-30,20.178269203261348
"7718,2863",2022-04-30,20.47735366029052
"7723,2863",2022-04-30,21.275536045922674
"7728,2863",2022-04-30,21.906099110546382
"7733,2863",2022-04-30,19.90197500761963
"7693,2868",2022-04-30,24.067138677589227
"7698,2868",2022-04-30,23.604070226773956
"7703,2868",2022-04-30,21.75578762615182
"7708,2868",2022-04-30,19.05355471035694
"7713,2868",2022-04-30,18.123511338697877
"7718,2868",2022-04-30,17.91610769681007
"7723,2868",2022-04-30,18.58796196049744
"7728,2868",2022-04-30,21.079127803488788
"7733,2868",2022-04-30,21.256384752829064
"7693,2873",2022-04-30,24.247388006297406
"7698,2873",2022-04-30,24.773511811023614
"7703,2873",2022-04-30,20.652571919278664
"7708,2873",2022-04-30,18.95174585002862
"7713,2873",2022-04-30,17.834625071551233
"7718,2873",2022-04-30,17.580333526682136
"7723,2873",2022-04-30,18.815981824083096
"7728,2873",2022-04-30,20.740932957257538
"7733,2873",2022-04-30,21.089136313026877
"7693,2878",2022-04-30,27.70469985358712
"7698,2878",2022-04-30,27.86776980524235
"7703,2878",2022-04-30,25.393724743777444
"7708,2878",2022-04-30,22.339376098418278
"7713,2878",2022-04-30,23.250197686337668
"7718,2878",2022-04-30,20.722887262079052
"7723,2878",2022-04-30,21.647478130467398
"7728,2878",2022-04-30,20.179057714958788
"7693,2883",2022-04-30,26.497951648351638
"7698,2883",2022-04-30,27.296326161634422
"7703,2883",2022-04-30,24.863544468546632
"7708,2883",2022-04-30,22.665491329479767
"7713,2883",2022-04-30,22.970507033997652
"7718,2883",2022-04-30,21.17406066700184
"7723,2883",2022-04-30,22.78346957878315
"7703,2888",2022-04-30,25.50919708029195
"7708,2888",2022-04-30,25.060000000000002
"7713,2888",2022-04-30,27.102886823400773
"7718,2888",2022-04-30,24.227500000000003
"7723,2888",2022-04-30,22.93907446068199
"7713,2843",2022-05-01,12.53067789353504
"7718,2843",2022-05-01,12.13692636986302
"7723,2843",2022-05-01,10.739114032580732
"7708,2848",2022-05-01,9.29780981805699
"7713,2848",2022-05-01,10.55776938239158
"7718,2848",2022-05-01,10.518943065693428
"7723,2848",2022-05-01,10.97319900715433
"7728,2848",2022-05-01,10.437133520074692
"7733,2848",2022-05-01,10.658595574141835
"7688,2853",2022-05-01,16.984711428571426
"7693,2853",2022-05-01,14.253078410950758
"7698,2853",2022-05-01,11.78770394736843
"7703,2853",2022-05-01,11.17332599118942
"7708,2853",2022-05-01,11.670076185795024
"7713,2853",2022-05-01,9.64666095303394
"7718,2853",2022-05-01,8.296599305980802
"7723,2853",2022-05-01,8.985199698568204
"7728,2853",2022-05-01,9.655338213762818
"7733,2853",2022-05-01,10.434590864278677
"7683,2858",2022-05-01,16.166749488453668
"7688,2858",2022-05-01,16.964640350877193
"7693,2858",2022-05-01,16.395697793365482
"7698,2858",2022-05-01,13.961052323881903
"7703,2858",2022-05-01,10.20478894624962
"7708,2858",2022-05-01,9.503960760269766
"7713,2858",2022-05-01,8.69268002717391
"7718,2858",2022-05-01,7.897842738783799
"7723,2858",2022-05-01,7.993742510594772
"7728,2858",2022-05-01,7.574700371747211
"7733,2858",2022-05-01,8.847189738464095
"7688,2863",2022-05-01,15.304964255075786
"7693,2863",2022-05-01,13.713755539671197
"7698,2863",2022-05-01,11.11676767676767
"7703,2863",2022-05-01,9.081146552991324
"7708,2863",2022-05-01,8.19756934515299
"7713,2863",2022-05-01,8.38893720497783
"7718,2863",2022-05-01,8.45689931350114
"7723,2863",2022-05-01,8.006987986270023
"7728,2863",2022-05-01,8.628200800915328
"7733,2863",2022-05-01,8.429607453795635
"7693,2868",2022-05-01,11.572375658279688
"7698,2868",2022-05-01,11.361065106071697
"7703,2868",2022-05-01,10.320374433230942
"7708,2868",2022-05-01,8.751726155646574
"7713,2868",2022-05-01,7.709544989027062
"7718,2868",2022-05-01,7.31774948785484
"7723,2868",2022-05-01,7.698159473299197
"7728,2868",2022-05-01,8.630245757753066
"7733,2868",2022-05-01,8.61332845647403
"7693,2873",2022-05-01,13.308066409045367
"7698,2873",2022-05-01,13.109494631352893
"7703,2873",2022-05-01,10.541239444682992
"7708,2873",2022-05-01,9.096196336576995
"7713,2873",2022-05-01,8.167312535775618
"7718,2873",2022-05-01,8.051628506010308
"7723,2873",2022-05-01,8.062438814942038
"7728,2873",2022-05-01,8.938119633657696
"7733,2873",2022-05-01,9.873766456783056
"7693,2878",2022-05-01,14.720503660322112
"7698,2878",2022-05-01,14.395038805095915
"7703,2878",2022-05-01,12.442819912152268
"7708,2878",2022-05-01,10.460638547158753
"7713,2878",2022-05-01,10.749339581197829
"7718,2878",2022-05-01,10.268014641288437
"7723,2878",2022-05-01,11.115982430453865
"7728,2878",2022-05-01,10.621309122858401
"7693,2883",2022-05-01,13.88784175824175
"7698,2883",2022-05-01,13.584556108995013
"7703,2883",2022-05-01,12.576980800234503
"7708,2883",2022-05-01,11.208513256188661
"7713,2883",2022-05-01,11.315038100820635
"7718,2883",2022-05-01,11.655730402930406
"7723,2883",2022-05-01,12.291971273633308
"7703,2888",2022-05-01,13.1142132416165
"7708,2888",2022-05-01,12.938560779816504
"7713,2888",2022-05-01,11.460226555778602
"7718,2888",2022-05-01,12.476031518624632
"7723,2888",2022-05-01,12.34120361083249
"7713,2843",2022-05-02,23.21108320251177
"7718,2843",2022-05-02,21.811572488584474
"7723,2843",2022-05-02,19.888762665905524
"7708,2848",2022-05-02,23.034171779141115
"7713,2848",2022-05-02,21.82372901153454
"7718,2848",2022-05-02,20.387278832116788
"7723,2848",2022-05-02,19.73012410570886
"7728,2848",2022-05-02,20.280058419745874
"7733,2848",2022-05-02,20.71813321647677
"7688,2853",2022-05-02,28.170968571428567
"7693,2853",2022-05-02,26.319857163262395
"7698,2853",2022-05-02,25.034083702328243
"7703,2853",2022-05-02,23.69486718080548
"7708,2853",2022-05-02,24.070654472706483
"7713,2853",2022-05-02,22.0181137467848
"7718,2853",2022-05-02,18.093613373339057
"7723,2853",2022-05-02,18.389245714285725
"7728,2853",2022-05-02,19.75417916845263
"7733,2853",2022-05-02,19.55745677953994
"7683,2858",2022-05-02,27.916299327681944
"7688,2858",2022-05-02,28.98622514619882
"7693,2858",2022-05-02,28.192298699400848
"7698,2858",2022-05-02,26.13695703010816
"7703,2858",2022-05-02,23.78464844321005
"7708,2858",2022-05-02,23.92785367334548
"7713,2858",2022-05-02,21.340599064874343
"7718,2858",2022-05-02,18.08124214525792
"7723,2858",2022-05-02,17.97155925763554
"7728,2858",2022-05-02,17.1530907496712
"7733,2858",2022-05-02,19.446159918140616
"7688,2863",2022-05-02,27.54341149556763
"7693,2863",2022-05-02,26.21598856325949
"7698,2863",2022-05-02,24.306886886886897
"7703,2863",2022-05-02,22.360203002144395
"7708,2863",2022-05-02,20.760932227623687
"7713,2863",2022-05-02,19.756978972965243
"7718,2863",2022-05-02,18.033343821510307
"7723,2863",2022-05-02,17.77631864988559
"7728,2863",2022-05-02,18.25421624713959
"7733,2863",2022-05-02,19.463605947955394
"7693,2868",2022-05-02,23.569736688121704
"7698,2868",2022-05-02,23.83248280907096
"7703,2868",2022-05-02,22.516311247623236
"7708,2868",2022-05-02,21.15876243417203
"7713,2868",2022-05-02,19.028871982443306
"7718,2868",2022-05-02,19.201568627450975
"7723,2868",2022-05-02,18.282241404535476
"7728,2868",2022-05-02,20.02497659449971
"7733,2868",2022-05-02,19.722519385515728
"7693,2873",2022-05-02,25.14932875339917
"7698,2873",2022-05-02,25.32874731567645
"7703,2873",2022-05-02,20.483618147989134
"7708,2873",2022-05-02,19.509138523182603
"7713,2873",2022-05-02,19.336399542072122
"7718,2873",2022-05-02,20.928309879587985
"7723,2873",2022-05-02,19.222395878059253
"7728,2873",2022-05-02,20.515641099026904
"7733,2873",2022-05-02,20.684006868918154
"7693,2878",2022-05-02,25.241926793557823
"7698,2878",2022-05-02,23.822855469322008
"7703,2878",2022-05-02,22.228474377745247
"7708,2878",2022-05-02,20.88693907439952
"7713,2878",2022-05-02,22.63203337453646
"7718,2878",2022-05-02,21.14897871688868
"7723,2878",2022-05-02,20.311086988411326
"7728,2878",2022-05-02,20.30458632303412
"7693,2883",2022-05-02,23.137884249084244
"7698,2883",2022-05-02,23.428869030178728
"7703,2883",2022-05-02,22.50056280228637
"7708,2883",2022-05-02,21.14551633221035
"7713,2883",2022-05-02,21.710319460726847
"7718,2883",2022-05-02,20.679542857142856
"7723,2883",2022-05-02,21.272340612633737
"7703,2888",2022-05-02,22.17854972771568
"7708,2888",2022-05-02,22.80421444954129
"7713,2888",2022-05-02,21.38009463722398
"7718,2888",2022-05-02,21.637166189111742
"7723,2888",2022-05-02,21.796503797105604
"7713,2843",2022-05-04,20.25397818701948
"7718,2843",2022-05-04,18.616145251396652
"7723,2843",2022-05-04,14.398822551139185
"7708,2848",2022-05-04,19.95086166007906
"7713,2848",2022-05-04,19.94592489568845
"7688,2853",2022-05-04,24.871925999339282
"7693,2853",2022-05-04,22.336211281382457
"7698,2853",2022-05-04,19.447446254071664
"7703,2853",2022-05-04,18.66604470938898
"7708,2853",2022-05-04,19.40641375222287
"7713,2853",2022-05-04,19.51384822028207
"7728,2853",2022-05-04,19.672850189291513
"7733,2853",2022-05-04,20.32187174139729
"7683,2858",2022-05-04,23.0248087954111
"7688,2858",2022-05-04,22.83143811693241
"7693,2858",2022-05-04,20.152617012617014
"7698,2858",2022-05-04,19.24063197026022
"7713,2858",2022-05-04,15.020000000000039
"7728,2858",2022-05-04,19.960743034055728
"7733,2858",2022-05-04,22.111117774446104
"7688,2863",2022-05-04,22.46320708498211
"7693,2863",2022-05-04,20.602804258804262
"7698,2863",2022-05-04,19.848711111111097
"7723,2863",2022-05-04,16.875091193329858
"7728,2863",2022-05-04,21.24928412462908
"7733,2863",2022-05-04,23.92234447609055
"7693,2868",2022-05-04,22.808226927939316
"7698,2868",2022-05-04,20.081510829371364
"7703,2868",2022-05-04,17.295534246575343
"7723,2868",2022-05-04,17.982739454094293
"7728,2868",2022-05-04,21.948031570639298
"7733,2868",2022-05-04,20.99580489486384
"7693,2873",2022-05-04,28.168904795991406
"7698,2873",2022-05-04,23.03938434163701
"7703,2873",2022-05-04,17.554445893089962
"7708,2873",2022-05-04,17.01456066945607
"7713,2873",2022-05-04,14.772086330935256
"7718,2873",2022-05-04,13.307604770017033
"7723,2873",2022-05-04,15.931545301610184
"7728,2873",2022-05-04,21.26266844365468
"7733,2873",2022-05-04,22.55479883381926
"7693,2878",2022-05-04,26.561373313343346
"7698,2878",2022-05-04,25.87490597261921
"7703,2878",2022-05-04,23.975284313725496
"7708,2878",2022-05-04,20.45931717309663
"7713,2878",2022-05-04,19.189070239545266
"7718,2878",2022-05-04,20.91908045977011
"7723,2878",2022-05-04,22.07948585286983
"7728,2878",2022-05-04,23.66714306633475
"7693,2883",2022-05-04,19.949706994328906
"7698,2883",2022-05-04,21.111629064366287
"7703,2883",2022-05-04,22.31344909771877
"7708,2883",2022-05-04,22.96846478560319
"7713,2883",2022-05-04,23.623146120894813
"7718,2883",2022-05-04,24.072825071568488
"7723,2883",2022-05-04,24.485161952220434
"7703,2888",2022-05-04,21.448265460030168
"7708,2888",2022-05-04,23.340100698392064
"7713,2888",2022-05-04,23.447406194163197
"7718,2888",2022-05-04,24.167208655332306
"7723,2888",2022-05-04,25.933552084825898
"7713,2843",2022-05-05,5.5618588640275215
"7733,2848",2022-05-05,5.618869475847899
"7688,2853",2022-05-05,8.924677142857135
"7693,2853",2022-05-05,7.639943942696985
"7698,2853",2022-05-05,6.671487405037992
"7703,2853",2022-05-05,4.717124010554071
"7708,2853",2022-05-05,4.1715714285714345
"7713,2853",2022-05-05,3.52583647798741
"7728,2853",2022-05-05,2.676589564281864
"7733,2853",2022-05-05,4.967188739095953
"7683,2858",2022-05-05,7.04108740134464
"7688,2858",2022-05-05,8.004839181286547
"7693,2858",2022-05-05,8.440769479469772
"7698,2858",2022-05-05,6.585176758837942
"7703,2858",2022-05-05,5.226345523329122
"7708,2858",2022-05-05,2.93085304659499
"7713,2858",2022-05-05,2.5782812499999848
"7728,2858",2022-05-05,3.32506524317912
"7733,2858",2022-05-05,4.098849642004759
"7688,2863",2022-05-05,7.293490735206206
"7693,2863",2022-05-05,7.066346709470308
"7698,2863",2022-05-05,5.013227226549274
"7703,2863",2022-05-05,3.020080828492043
"7708,2863",2022-05-05,2.52047961630695
"7693,2868",2022-05-05,5.490074420582604
"7698,2868",2022-05-05,5.975306510607175
"7703,2868",2022-05-05,4.992572552877524
"7708,2868",2022-05-05,3.7406035141329315
"7693,2873",2022-05-05,4.735214368482029
"7698,2873",2022-05-05,6.530750185689537
"7703,2873",2022-05-05,6.147445742904837
"7693,2878",2022-05-05,7.183732632369515
"7693,2883",2022-05-05,7.456721124620056
"7698,2883",2022-05-05,6.507020648967572
"7703,2883",2022-05-05,5.940289193302872
"7703,2888",2022-05-05,6.299279503105586
"7713,2843",2022-05-06,12.72349079491936
"7718,2843",2022-05-06,12.690702054794516
"7723,2843",2022-05-06,12.830346796061075
"7708,2848",2022-05-06,12.518778504225802
"7713,2848",2022-05-06,12.624304277996787
"7718,2848",2022-05-06,12.822166423357677
"7723,2848",2022-05-06,13.47779821871805
"7728,2848",2022-05-06,13.943858624214986
"7733,2848",2022-05-06,13.38431200701139
"7703,2853",2022-05-06,13.173793103448302
"7708,2853",2022-05-06,14.833438906484412
"7713,2853",2022-05-06,14.639988568162336
"7718,2853",2022-05-06,12.55455636519504
"7723,2853",2022-05-06,12.292294285714283
"7728,2853",2022-05-06,11.775002143163313
"7733,2853",2022-05-06,8.832277881441074
"7683,2858",2022-05-06,18.827016274864366
"7708,2858",2022-05-06,14.720464193612386
"7713,2858",2022-05-06,14.593071303331385
"7718,2858",2022-05-06,12.956258950752586
"7723,2858",2022-05-06,11.832617273125816
"7728,2858",2022-05-06,10.361741926055826
"7733,2858",2022-05-06,11.503083451202262
"7708,2863",2022-05-06,12.21968358913814
"7713,2863",2022-05-06,12.024611643541702
"7718,2863",2022-05-06,10.240898169336395
"7723,2863",2022-05-06,10.44455091533181
"7728,2863",2022-05-06,11.415077231121286
"7733,2863",2022-05-06,12.374849871318279
"7708,2868",2022-05-06,10.582082874954168
"7713,2868",2022-05-06,9.687332845647413
"7718,2868",2022-05-06,9.628729880011711
"7723,2868",2022-05-06,10.647891733723483
"7728,2868",2022-05-06,12.348999414862494
"7733,2868",2022-05-06,11.755490855888805
"7708,2873",2022-05-06,10.29690210656753
"7713,2873",2022-05-06,9.705993131081856
"7718,2873",2022-05-06,10.495953062392665
"7723,2873",2022-05-06,10.338548733361957
"7728,2873",2022-05-06,12.336588437321124
"7733,2873",2022-05-06,11.883165426445336
"7708,2878",2022-05-06,12.139729957805926
"7713,2878",2022-05-06,13.017754982415003
"7718,2878",2022-05-06,12.278389458272326
"7723,2878",2022-05-06,13.015871156661781
"7728,2878",2022-05-06,13.426724264167513
"7693,2883",2022-05-06,17.545355521936454
"7708,2883",2022-05-06,12.39445214979198
"7713,2883",2022-05-06,12.935319336367645
"7718,2883",2022-05-06,12.726356043956045
"7723,2883",2022-05-06,13.695365674923059
"7708,2888",2022-05-06,12.461818181818195
"7713,2888",2022-05-06,12.161662216288377
"7718,2888",2022-05-06,11.402638968481362
"7723,2888",2022-05-06,11.794047857859287
"7713,2843",2022-05-07,15.317237048665616
"7718,2843",2022-05-07,16.42439212328766
"7723,2843",2022-05-07,15.827406878835447
"7708,2848",2022-05-07,12.377715454279867
"7713,2848",2022-05-07,14.06145714702877
"7718,2848",2022-05-07,14.169532846715335
"7723,2848",2022-05-07,14.597363118703454
"7728,2848",2022-05-07,15.481504308456268
"7733,2848",2022-05-07,15.951191936897466
"7688,2853",2022-05-07,19.382691428571416
"7693,2853",2022-05-07,14.435197941975133
"7698,2853",2022-05-07,14.469870516445903
"7703,2853",2022-05-07,13.179068837475004
"7708,2853",2022-05-07,13.538885395827384
"7713,2853",2022-05-07,13.148062303515298
"7718,2853",2022-05-07,11.765940848692662
"7723,2853",2022-05-07,11.99616857142857
"7728,2853",2022-05-07,13.438205457922557
"7733,2853",2022-05-07,15.408098299757102
"7683,2858",2022-05-07,19.1414118678749
"7688,2858",2022-05-07,21.348073099415203
"7693,2858",2022-05-07,18.439871363835692
"7698,2858",2022-05-07,16.929173840809554
"7703,2858",2022-05-07,13.3538108463675
"7708,2858",2022-05-07,11.637506941399971
"7713,2858",2022-05-07,12.334675628287556
"7718,2858",2022-05-07,10.798810463247117
"7723,2858",2022-05-07,10.753438550343414
"7728,2858",2022-05-07,11.362662574894056
"7733,2858",2022-05-07,13.99690980850752
"7688,2863",2022-05-07,18.574054904203603
"7693,2863",2022-05-07,17.083491065046463
"7698,2863",2022-05-07,13.408428428428428
"7703,2863",2022-05-07,10.366222551928786
"7708,2863",2022-05-07,9.339928510151557
"7713,2863",2022-05-07,10.976403947933065
"7718,2863",2022-05-07,11.382394164759722
"7723,2863",2022-05-07,11.181298627002292
"7728,2863",2022-05-07,13.841719107551498
"7733,2863",2022-05-07,13.14349442379183
"7693,2868",2022-05-07,13.781123464014039
"7698,2868",2022-05-07,14.04920263350402
"7703,2868",2022-05-07,12.622044756472143
"7708,2868",2022-05-07,11.47075482738444
"7713,2868",2022-05-07,11.440757863935625
"7718,2868",2022-05-07,11.343143107989466
"7723,2868",2022-05-07,12.811803950256035
"7728,2868",2022-05-07,15.112630193095365
"7733,2868",2022-05-07,13.680064374542786
"7693,2873",2022-05-07,12.980309411259125
"7698,2873",2022-05-07,13.840956790123467
"7703,2873",2022-05-07,12.287630707187091
"7708,2873",2022-05-07,12.074547796222099
"7713,2873",2022-05-07,12.340403548941046
"7718,2873",2022-05-07,13.589069834001139
"7723,2873",2022-05-07,14.473193072849583
"7728,2873",2022-05-07,14.300022896393815
"7733,2873",2022-05-07,14.281611333714949
"7693,2878",2022-05-07,12.082705764745086
"7698,2878",2022-05-07,12.725203213610586
"7703,2878",2022-05-07,14.344803433476393
"7708,2878",2022-05-07,15.151233157586415
"7713,2878",2022-05-07,17.660858105139845
"7718,2878",2022-05-07,17.963484626647137
"7723,2878",2022-05-07,19.28219912152269
"7728,2878",2022-05-07,18.242363449992673
"7693,2883",2022-05-07,14.081538840937112
"7698,2883",2022-05-07,13.691478342749521
"7703,2883",2022-05-07,14.881054026203449
"7708,2883",2022-05-07,15.430628387285783
"7713,2883",2022-05-07,18.278478898007045
"7718,2883",2022-05-07,19.97449963369964
"7723,2883",2022-05-07,21.838241242855048
"7703,2888",2022-05-07,16.487540842648333
"7708,2888",2022-05-07,17.652287844036692
"7713,2888",2022-05-07,18.12663034126756
"7718,2888",2022-05-07,19.999515759312313
"7723,2888",2022-05-07,19.967462387161493
"7713,2843",2022-05-08,16.403918938204644
"7718,2843",2022-05-08,17.209648972602736
"7723,2843",2022-05-08,16.672404738119027
"7708,2848",2022-05-08,16.647049371896
"7713,2848",2022-05-08,15.62619944517448
"7718,2848",2022-05-08,15.68878248175182
"7723,2848",2022-05-08,16.239953277850773
"7728,2848",2022-05-08,17.765590769680152
"7733,2848",2022-05-08,17.987855682150172
"7688,2853",2022-05-08,24.44941999999999
"7693,2853",2022-05-08,23.469164405084985
"7698,2853",2022-05-08,21.41940008570205
"7703,2853",2022-05-08,18.96191088260497
"7708,2853",2022-05-08,18.83482137753644
"7713,2853",2022-05-08,17.055638753929692
"7718,2853",2022-05-08,15.198414059151313
"7723,2853",2022-05-08,15.721951428571428
"7728,2853",2022-05-08,17.302203171881697
"7733,2853",2022-05-08,17.241377339619948
"7683,2858",2022-05-08,22.37861151710027
"7688,2858",2022-05-08,24.454345029239764
"7693,2858",2022-05-08,23.860254274441044
"7698,2858",2022-05-08,21.77844197603039
"7703,2858",2022-05-08,18.698368659552695
"7708,2858",2022-05-08,17.43723220809587
"7713,2858",2022-05-08,16.320943892460548
"7718,2858",2022-05-08,15.323416630132987
"7723,2858",2022-05-08,15.492541283062977
"7728,2858",2022-05-08,15.506055823469234
"7733,2858",2022-05-08,16.963587194854554
"7688,2863",2022-05-08,23.42115813554476
"7693,2863",2022-05-08,21.799419585418168
"7698,2863",2022-05-08,20.107850707850705
"7703,2863",2022-05-08,17.287379556826306
"7708,2863",2022-05-08,15.36624535315986
"7713,2863",2022-05-08,16.146385352596194
"7718,2863",2022-05-08,15.967173913043487
"7723,2863",2022-05-08,15.57536041189931
"7728,2863",2022-05-08,16.228795766590398
"7733,2863",2022-05-08,16.721687160423226
"7693,2868",2022-05-08,19.523774136922164
"7698,2868",2022-05-08,19.282247256766645
"7703,2868",2022-05-08,17.49326020184291
"7708,2868",2022-05-08,15.608464014043294
"7713,2868",2022-05-08,14.905594732991952
"7718,2868",2022-05-08,15.318463564530292
"7723,2868",2022-05-08,15.387499634235548
"7728,2868",2022-05-08,16.27105032182563
"7733,2868",2022-05-08,16.466007315288955
"7693,2873",2022-05-08,21.102590525261203
"7698,2873",2022-05-08,20.767957050823192
"7703,2873",2022-05-08,17.494378130814372
"7708,2873",2022-05-08,15.860532341156272
"7713,2873",2022-05-08,14.957541499713797
"7718,2873",2022-05-08,15.388729250143102
"7723,2873",2022-05-08,15.174378130814361
"7728,2873",2022-05-08,16.625838580423583
"7733,2873",2022-05-08,16.98936748712078
"7693,2878",2022-05-08,21.236746705710104
"7698,2878",2022-05-08,20.14303704788403
"7703,2878",2022-05-08,18.718418740849195
"7708,2878",2022-05-08,17.53352665495019
"7713,2878",2022-05-08,18.41866159027676
"7718,2878",2022-05-08,17.567490483162516
"7723,2878",2022-05-08,17.760770131771586
"7728,2878",2022-05-08,18.133624249524082
"7693,2883",2022-05-08,20.340313553113567
"7698,2883",2022-05-08,19.989542924113685
"7703,2883",2022-05-08,19.412692364062735
"7708,2883",2022-05-08,18.12731800205069
"7713,2883",2022-05-08,18.572168815943726
"7718,2883",2022-05-08,18.809280586080586
"7723,2883",2022-05-08,19.145129708339436
"7703,2888",2022-05-08,20.008300372599596
"7708,2888",2022-05-08,19.62019208715596
"7713,2888",2022-05-08,18.105308287926583
"7718,2888",2022-05-08,18.557186246418336
"7723,2888",2022-05-08,18.98227253188136
"7713,2843",2022-05-09,16.36975310403881
"7718,2843",2022-05-09,15.906152968036526
"7723,2843",2022-05-09,14.78837448266019
"7708,2848",2022-05-09,14.833347940403147
"7713,2848",2022-05-09,15.149312308366188
"7718,2848",2022-05-09,14.879725547445258
"7723,2848",2022-05-09,15.02946123521683
"7728,2848",2022-05-09,15.63507521542281
"7733,2848",2022-05-09,16.422871749926962
"7688,2853",2022-05-09,20.205814285714272
"7693,2853",2022-05-09,18.352658191686906
"7698,2853",2022-05-09,17.53485787744608
"7703,2853",2022-05-09,15.80358754641531
"7708,2853",2022-05-09,15.983626750500134
"7713,2853",2022-05-09,14.950551586167478
"7718,2853",2022-05-09,12.698491213030431
"7723,2853",2022-05-09,13.259402857142858
"7728,2853",2022-05-09,15.046218031147301
"7733,2853",2022-05-09,15.002797542506075
"7683,2858",2022-05-09,19.318655363928684
"7688,2858",2022-05-09,20.61332748538011
"7693,2858",2022-05-09,20.35953344208809
"7698,2858",2022-05-09,18.33581629116117
"7703,2858",2022-05-09,15.45201578716563
"7708,2858",2022-05-09,14.867824053777582
"7713,2858",2022-05-09,14.617957334891873
"7718,2858",2022-05-09,12.7722811632325
"7723,2858",2022-05-09,13.222373228116325
"7728,2858",2022-05-09,13.07301768230308
"7733,2858",2022-05-09,15.048680017541296
"7688,2863",2022-05-09,19.230935087217624
"7693,2863",2022-05-09,18.284511794138673
"7698,2863",2022-05-09,16.277989417989424
"7703,2863",2022-05-09,14.133804145818457
"7708,2863",2022-05-09,13.938575922219048
"7713,2863",2022-05-09,14.283770562151341
"7718,2863",2022-05-09,13.595426201373005
"7723,2863",2022-05-09,13.216504576659037
"7728,2863",2022-05-09,13.652108123569793
"7733,2863",2022-05-09,14.706402630826425
"7693,2868",2022-05-09,16.098660035108253
"7698,2868",2022-05-09,15.859505486466716
"7703,2868",2022-05-09,14.965095802252451
"7708,2868",2022-05-09,14.581609128145109
"7713,2868",2022-05-09,13.448842721287495
"7718,2868",2022-05-09,13.693432835820895
"7723,2868",2022-05-09,13.224275054864664
"7728,2868",2022-05-09,15.382717963721472
"7733,2868",2022-05-09,14.63144696415508
"7693,2873",2022-05-09,17.340664090453696
"7698,2873",2022-05-09,17.66161775232641
"7703,2873",2022-05-09,14.763669672248463
"7708,2873",2022-05-09,14.181654264453366
"7713,2873",2022-05-09,13.423302804808245
"7718,2873",2022-05-09,13.696296508299953
"7723,2873",2022-05-09,12.6421239444683
"7728,2873",2022-05-09,14.785254722381222
"7733,2873",2022-05-09,14.983649112764743
"7693,2878",2022-05-09,17.75446266471449
"7698,2878",2022-05-09,18.007271928540053
"7703,2878",2022-05-09,16.530152269399714
"7708,2878",2022-05-09,14.947439953134152
"7713,2878",2022-05-09,16.132077903060473
"7718,2878",2022-05-09,15.582049780380663
"7723,2878",2022-05-09,15.35215519765739
"7728,2878",2022-05-09,16.137613120515446
"7693,2883",2022-05-09,17.476090842490848
"7698,2883",2022-05-09,17.80881629065339
"7703,2883",2022-05-09,16.931059651179833
"7708,2883",2022-05-09,15.903679507836541
"7713,2883",2022-05-09,16.41621043376319
"7718,2883",2022-05-09,16.12023443223443
"7723,2883",2022-05-09,16.6471727978895
"7703,2888",2022-05-09,17.335729435368297
"7708,2888",2022-05-09,17.29350917431193
"7713,2888",2022-05-09,16.473011184399187
"7718,2888",2022-05-09,16.792361031518624
"7723,2888",2022-05-09,17.225376128385154
"7713,2843",2022-05-10,3.3643555252852115
"7718,2843",2022-05-10,3.902368421052635
"7708,2848",2022-05-10,2.322901073397156
"7713,2848",2022-05-10,2.658292873923258
"7718,2848",2022-05-10,3.1107943925233776
"7688,2853",2022-05-10,3.8600000000000136
"7693,2853",2022-05-10,3.4729377880184424
"7698,2853",2022-05-10,4.3110539336961855
"7703,2853",2022-05-10,3.024642045454544
"7708,2853",2022-05-10,2.6916088328075887
"7713,2853",2022-05-10,2.340000000000032
"7718,2853",2022-05-10,2.340000000000032
"7698,2858",2022-05-10,1.761589403973507
"7703,2858",2022-05-10,1.78395948434623
"7708,2858",2022-05-10,1.317958762886583
"7713,2858",2022-05-10,1.3037357630979343
"7698,2863",2022-05-10,1.5225925925925827
"7703,2863",2022-05-10,0.947843546284226
"7708,2863",2022-05-10,0.13152173913045664
"7713,2863",2022-05-10,1.1780219780219843
"7718,2863",2022-05-10,1.735468177274245
"7723,2863",2022-05-10,1.0785466237942185
"7728,2863",2022-05-10,1.240000000000009
"7703,2868",2022-05-10,1.1715789473684555
"7708,2868",2022-05-10,0.13999999999998636
"7718,2868",2022-05-10,-0.17000000000001592
"7723,2868",2022-05-10,0.7036233951497661
"7703,2873",2022-05-10,1.7473787772312261
"7708,2873",2022-05-10,1.5657261410788599
"7713,2873",2022-05-10,0.03677419354842057
"7713,2843",2022-05-11,15.651320108462956
"7718,2843",2022-05-11,14.26722888127854
"7723,2843",2022-05-11,12.97661481375767
"7708,2848",2022-05-11,14.799182004089976
"7713,2848",2022-05-11,13.9819856913418
"7718,2848",2022-05-11,13.645816058394162
"7723,2848",2022-05-11,12.526015476711933
"7728,2848",2022-05-11,13.479903607419306
"7733,2848",2022-05-11,14.531127665790233
"7688,2853",2022-05-11,20.36826285714285
"7693,2853",2022-05-11,18.37473503785174
"7698,2853",2022-05-11,17.750227110412794
"7703,2853",2022-05-11,16.124438731790914
"7708,2853",2022-05-11,15.796378965418683
"7713,2853",2022-05-11,14.518213775364389
"7718,2853",2022-05-11,12.172207458208309
"7723,2853",2022-05-11,11.723299999999998
"7728,2853",2022-05-11,13.375779397056714
"7733,2853",2022-05-11,13.750412916130868
"7683,2858",2022-05-11,19.336217480268928
"7688,2858",2022-05-11,20.975315789473683
"7693,2858",2022-05-11,20.244290515855614
"7698,2858",2022-05-11,18.670903244665308
"7703,2858",2022-05-11,15.809837743020026
"7708,2858",2022-05-11,15.35609235715329
"7713,2858",2022-05-11,14.90406487434248
"7718,2858",2022-05-11,12.28982025427445
"7723,2858",2022-05-11,11.701242145257924
"7728,2858",2022-05-11,10.922966535145399
"7733,2858",2022-05-11,13.479041075866098
"7688,2863",2022-05-11,20.35137832427796
"7693,2863",2022-05-11,19.046061472480353
"7698,2863",2022-05-11,17.560809380809385
"7703,2863",2022-05-11,14.799539671193715
"7708,2863",2022-05-11,13.974323706033745
"7713,2863",2022-05-11,13.914733228436567
"7718,2863",2022-05-11,12.28483981693364
"7723,2863",2022-05-11,11.594691075514879
"7728,2863",2022-05-11,12.355446224256298
"7733,2863",2022-05-11,13.271549899914222
"7693,2868",2022-05-11,16.937284961966057
"7698,2868",2022-05-11,16.460479882955372
"7703,2868",2022-05-11,15.122855053385988
"7708,2868",2022-05-11,14.34753657109421
"7713,2868",2022-05-11,12.492804681784936
"7718,2868",2022-05-11,12.134413227977747
"7723,2868",2022-05-11,11.64903584491588
"7728,2868",2022-05-11,13.903973083674662
"7733,2868",2022-05-11,12.823839063643009
"7693,2873",2022-05-11,18.429222842421645
"7698,2873",2022-05-11,18.201746599856843
"7703,2873",2022-05-11,14.870802919708032
"7708,2873",2022-05-11,13.689896966227819
"7713,2873",2022-05-11,11.850062965083005
"7718,2873",2022-05-11,12.109187178019463
"7723,2873",2022-05-11,11.39159009589237
"7728,2873",2022-05-11,13.537510017172291
"7733,2873",2022-05-11,13.223245563823706
"7693,2878",2022-05-11,18.13779795021962
"7698,2878",2022-05-11,18.10031922682677
"7703,2878",2022-05-11,16.310292825768666
"7708,2878",2022-05-11,14.37947275922671
"7713,2878",2022-05-11,14.780644311026508
"7718,2878",2022-05-11,14.162163982430457
"7723,2878",2022-05-11,14.133985358711556
"7728,2878",2022-05-11,13.909907746375747
"7693,2883",2022-05-11,17.232630036630038
"7698,2883",2022-05-11,17.19301201289189
"7703,2883",2022-05-11,16.384807269529542
"7708,2883",2022-05-11,14.673850886187203
"7713,2883",2022-05-11,14.907813599062129
"7718,2883",2022-05-11,14.681095970695976
"7723,2883",2022-05-11,15.484605012457871
"7703,2888",2022-05-11,16.13399254800803
"7708,2888",2022-05-11,16.072259174311924
"7713,2888",2022-05-11,15.113937482076276
"7718,2888",2022-05-11,15.408203438395407
"7723,2888",2022-05-11,15.195701389883942
"7713,2843",2022-05-12,9.856103896103889
"7718,2843",2022-05-12,9.189917237442929
"7723,2843",2022-05-12,7.4394919366347905
"7708,2848",2022-05-12,8.855448437043531
"7713,2848",2022-05-12,8.6223653088042
"7718,2848",2022-05-12,8.442578102189787
"7723,2848",2022-05-12,7.982426631625063
"7728,2848",2022-05-12,6.625506061048646
"7733,2848",2022-05-12,7.536880348296051
"7688,2853",2022-05-12,11.919428571428577
"7693,2853",2022-05-12,11.418097414655051
"7698,2853",2022-05-12,10.337037566061992
"7703,2853",2022-05-12,9.919245929734354
"7708,2853",2022-05-12,10.092797942269216
"7713,2853",2022-05-12,8.805835953129469
"7718,2853",2022-05-12,7.1615316473781965
"7723,2853",2022-05-12,6.731402857142859
"7728,2853",2022-05-12,7.001537362480356
"7733,2853",2022-05-12,7.877985426489502
"7683,2858",2022-05-12,12.01679333528208
"7688,2858",2022-05-12,13.016002923976611
"7693,2858",2022-05-12,12.3337401335762
"7698,2858",2022-05-12,10.571759317751102
"7703,2858",2022-05-12,9.139614091507086
"7708,2858",2022-05-12,8.738354522870099
"7713,2858",2022-05-12,7.802080654587966
"7718,2858",2022-05-12,6.314224755224315
"7723,2858",2022-05-12,5.781341516878563
"7728,2858",2022-05-12,6.4910244045009495
"7733,2858",2022-05-12,7.527788335038737
"7688,2863",2022-05-12,11.666903059765517
"7693,2863",2022-05-12,10.81536240171552
"7698,2863",2022-05-12,8.872318032318042
"7703,2863",2022-05-12,7.3903559685489615
"7708,2863",2022-05-12,6.916800114383764
"7713,2863",2022-05-12,6.818432270061514
"7718,2863",2022-05-12,6.878126430205955
"7723,2863",2022-05-12,5.7806664759725495
"7728,2863",2022-05-12,6.989270594965676
"7733,2863",2022-05-12,7.617829568201314
"7693,2868",2022-05-12,8.890020479812753
"7698,2868",2022-05-12,9.527198244330652
"7703,2868",2022-05-12,9.212133976890456
"7708,2868",2022-05-12,7.36568753657109
"7713,2868",2022-05-12,5.710563277249448
"7718,2868",2022-05-12,5.214073748902542
"7723,2868",2022-05-12,5.797940014630577
"7728,2868",2022-05-12,6.915523698069048
"7733,2868",2022-05-12,7.381015362106797
"7693,2873",2022-05-12,10.19511664519823
"7698,2873",2022-05-12,10.419604867573366
"7703,2873",2022-05-12,8.58579647917561
"7708,2873",2022-05-12,6.921599885518041
"7713,2873",2022-05-12,5.550151688609055
"7718,2873",2022-05-12,5.0624470520893
"7723,2873",2022-05-12,6.019052719665271
"7728,2873",2022-05-12,7.036169784172666
"7733,2873",2022-05-12,7.8665283342873495
"7693,2878",2022-05-12,11.14555197657394
"7698,2878",2022-05-12,11.122515741689849
"7703,2878",2022-05-12,9.44903660322109
"7708,2878",2022-05-12,7.90038078500293
"7713,2878",2022-05-12,8.04792502562601
"7718,2878",2022-05-12,7.267121522693996
"7723,2878",2022-05-12,9.092301360057261
"7728,2878",2022-05-12,8.505057841558052
"7693,2883",2022-05-12,10.006253479853482
"7698,2883",2022-05-12,10.640002929973635
"7703,2883",2022-05-12,9.950109922321559
"7708,2883",2022-05-12,7.921464772227912
"7713,2883",2022-05-12,7.987114508783342
"7718,2883",2022-05-12,8.177423707035015
"7723,2883",2022-05-12,9.658982852117843
"7703,2888",2022-05-12,9.960280882774429
"7708,2888",2022-05-12,9.309945527522947
"7713,2888",2022-05-12,8.399077543960791
"7718,2888",2022-05-12,9.676754218124891
"7723,2888",2022-05-12,10.029894179894178
"7713,2843",2022-05-13,19.62005708577138
"7718,2843",2022-05-13,19.36356164383562
"7723,2843",2022-05-13,18.228100470957614
"7708,2848",2022-05-13,17.279769208296816
"7713,2848",2022-05-13,17.73399036355673
"7718,2848",2022-05-13,17.762978102189784
"7723,2848",2022-05-13,17.868462549277258
"7728,2848",2022-05-13,18.42316635022639
"7733,2848",2022-05-13,17.990806310254158
"7688,2853",2022-05-13,26.07506285714285
"7693,2853",2022-05-13,24.207290387087554
"7698,2853",2022-05-13,22.837846021996857
"7703,2853",2022-05-13,19.55538988860325
"7708,2853",2022-05-13,19.72495570162903
"7713,2853",2022-05-13,18.454749928551028
"7718,2853",2022-05-13,15.461214459208465
"7723,2853",2022-05-13,15.678002857142861
"7728,2853",2022-05-13,17.049964280611512
"7733,2853",2022-05-13,16.63783111873124
"7683,2858",2022-05-13,23.927699503069285
"7688,2858",2022-05-13,26.579918128654974
"7693,2858",2022-05-13,26.425173169662436
"7698,2858",2022-05-13,23.916495176848866
"7703,2858",2022-05-13,19.841584563660277
"7708,2858",2022-05-13,19.07758877685226
"7713,2858",2022-05-13,18.387121566335484
"7718,2858",2022-05-13,15.607312582200793
"7723,2858",2022-05-13,15.314245214087387
"7728,2858",2022-05-13,13.785862925617417
"7733,2858",2022-05-13,15.964613360619795
"7688,2863",2022-05-13,25.490460394623973
"7693,2863",2022-05-13,24.8744817726948
"7698,2863",2022-05-13,21.86689260689261
"7703,2863",2022-05-13,17.673515368120086
"7708,2863",2022-05-13,16.784878467257656
"7713,2863",2022-05-13,17.10857101988272
"7718,2863",2022-05-13,16.177986270022892
"7723,2863",2022-05-13,15.457725972540041
"7728,2863",2022-05-13,15.122442791762008
"7733,2863",2022-05-13,16.115976551329716
"7693,2868",2022-05-13,21.5391047396138
"7698,2868",2022-05-13,21.028684711046083
"7703,2868",2022-05-13,19.343369899078542
"7708,2868",2022-05-13,17.58425980105325
"7713,2868",2022-05-13,16.016298463789322
"7718,2868",2022-05-13,15.664957565115596
"7723,2868",2022-05-13,15.27077103145574
"7728,2868",2022-05-13,16.383499122293735
"7733,2868",2022-05-13,15.952544257498174
"7693,2873",2022-05-13,23.986380420781447
"7698,2873",2022-05-13,23.71707372942017
"7703,2873",2022-05-13,19.55654501216546
"7708,2873",2022-05-13,17.433958214081283
"7713,2873",2022-05-13,16.17150257584431
"7718,2873",2022-05-13,15.644427590154558
"7723,2873",2022-05-13,14.952085301273803
"7728,2873",2022-05-13,16.76155981682885
"7733,2873",2022-05-13,16.76758156840297
"7693,2878",2022-05-13,25.136907759882867
"7698,2878",2022-05-13,25.212394201200755
"7703,2878",2022-05-13,22.1408345534407
"7708,2878",2022-05-13,19.20733450497949
"7713,2878",2022-05-13,20.140524234880655
"7718,2878",2022-05-13,18.159335285505115
"7723,2878",2022-05-13,18.22341434846265
"7728,2878",2022-05-13,17.960878605945222
"7693,2883",2022-05-13,23.390370695970685
"7698,2883",2022-05-13,24.07652798124818
"7703,2883",2022-05-13,22.694366114612347
"7708,2883",2022-05-13,19.89986231141058
"7713,2883",2022-05-13,19.648048065650645
"7718,2883",2022-05-13,19.023806593406587
"7723,2883",2022-05-13,19.6496702330353
"7703,2888",2022-05-13,22.408747492118096
"7708,2888",2022-05-13,21.969678899082574
"7713,2888",2022-05-13,19.440381416690563
"7718,2888",2022-05-13,20.29924641833811
"7723,2888",2022-05-13,19.793916033815727
"7713,2843",2022-05-14,19.754439845868415
"7718,2843",2022-05-14,19.28126426940639
"7723,2843",2022-05-14,16.630323961752538
"7708,2848",2022-05-14,17.494981010809234
"7713,2848",2022-05-14,17.99855161337421
"7718,2848",2022-05-14,18.70990656934307
"7723,2848",2022-05-14,18.32328515111695
"7728,2848",2022-05-14,18.105357090696664
"7733,2848",2022-05-14,17.990794624598305
"7688,2853",2022-05-14,26.789268571428554
"7693,2853",2022-05-14,23.728658763033856
"7698,2853",2022-05-14,22.866353378088842
"7703,2853",2022-05-14,19.998271922307918
"7708,2853",2022-05-14,19.054329808516716
"7713,2853",2022-05-14,17.57050871677623
"7718,2853",2022-05-14,16.47725675096443
"7723,2853",2022-05-14,16.428848571428574
"7728,2853",2022-05-14,17.40836405200743
"7733,2853",2022-05-14,18.29296756679526
"7683,2858",2022-05-14,25.791815258696307
"7688,2858",2022-05-14,26.48945321637426
"7693,2858",2022-05-14,26.180838813385943
"7698,2858",2022-05-14,24.395723472668806
"7703,2858",2022-05-14,20.41644204063734
"7708,2858",2022-05-14,17.75780213356715
"7713,2858",2022-05-14,18.095952659263595
"7718,2858",2022-05-14,16.74304837059769
"7723,2858",2022-05-14,16.058135320765746
"7728,2858",2022-05-14,14.441803302645027
"7733,2858",2022-05-14,16.39721970472153
"7688,2863",2022-05-14,25.882427795253086
"7693,2863",2022-05-14,24.53406147248036
"7698,2863",2022-05-14,20.832332332332328
"7703,2863",2022-05-14,17.06093781272338
"7708,2863",2022-05-14,15.668421504146417
"7713,2863",2022-05-14,15.88351880989845
"7718,2863",2022-05-14,16.650820938215116
"7723,2863",2022-05-14,15.196516018306651
"7728,2863",2022-05-14,16.617156750572082
"7733,2863",2022-05-14,16.761424077780962
"7693,2868",2022-05-14,21.00610298420129
"7698,2868",2022-05-14,21.066226773957574
"7703,2868",2022-05-14,19.258938130759113
"7708,2868",2022-05-14,16.148604447045056
"7713,2868",2022-05-14,14.555792245793707
"7718,2868",2022-05-14,14.449678080187292
"7723,2868",2022-05-14,15.333381126554483
"7728,2868",2022-05-14,16.370579286132244
"7733,2868",2022-05-14,16.517580102414044
"7693,2873",2022-05-14,23.319536281665947
"7698,2873",2022-05-14,23.39732569792414
"7703,2873",2022-05-14,19.58222699298698
"7708,2873",2022-05-14,16.781030337721813
"7713,2873",2022-05-14,15.486471093302814
"7718,2873",2022-05-14,15.408365769891246
"7723,2873",2022-05-14,16.12831258050666
"7728,2873",2022-05-14,16.872793360045794
"7733,2873",2022-05-14,17.20545506582714
"7693,2878",2022-05-14,23.776957540263528
"7698,2878",2022-05-14,23.672426416752078
"7703,2878",2022-05-14,21.857622254758418
"7708,2878",2022-05-14,18.112217340363202
"7713,2878",2022-05-14,19.59552203836579
"7718,2878",2022-05-14,18.513326500732063
"7723,2878",2022-05-14,19.086263543191794
"7728,2878",2022-05-14,17.661437985063692
"7693,2883",2022-05-14,21.21201465201467
"7698,2883",2022-05-14,22.23596249633754
"7703,2883",2022-05-14,21.852982558991638
"7708,2883",2022-05-14,19.480694302036042
"7713,2883",2022-05-14,20.252760844079713
"7718,2883",2022-05-14,19.608679853479867
"7723,2883",2022-05-14,20.76516195222043
"7703,2888",2022-05-14,23.649888220120392
"7708,2888",2022-05-14,23.03097763761468
"7713,2888",2022-05-14,20.368058503011188
"7718,2888",2022-05-14,21.91680515759311
"7723,2888",2022-05-14,21.745963605101014
"7713,2843",2022-05-15,24.50082840236684
"7718,2843",2022-05-15,22.601419446415903
"7723,2843",2022-05-15,20.73752906190862
"7713,2843",2022-05-16,14.664385964912292
"7718,2843",2022-05-16,15.557068062827232
"7723,2843",2022-05-16,20.456384704519113
"7708,2848",2022-05-16,16.21477611940298
"7713,2848",2022-05-16,14.235622119815675
"7718,2848",2022-05-16,15.46621997471555
"7723,2848",2022-05-16,14.81082191780825
"7733,2848",2022-05-16,17.097676609105207
"7688,2853",2022-05-16,19.85816857142857
"7693,2853",2022-05-16,17.729412941008427
"7698,2853",2022-05-16,17.048627338951572
"7703,2853",2022-05-16,15.601471008283346
"7708,2853",2022-05-16,15.408471403812815
"7713,2853",2022-05-16,14.358668533208894
"7718,2853",2022-05-16,14.02160952840818
"7723,2853",2022-05-16,12.934492207569795
"7728,2853",2022-05-16,14.145456301303716
"7733,2853",2022-05-16,15.91302182058629
"7683,2858",2022-05-16,18.92347559193218
"7688,2858",2022-05-16,20.785885964912293
"7693,2858",2022-05-16,20.074847289200637
"7698,2858",2022-05-16,18.72179771996491
"7703,2858",2022-05-16,15.671317058909516
"7708,2858",2022-05-16,14.146654682725151
"7713,2858",2022-05-16,13.583238958097382
"7718,2858",2022-05-16,12.163988831272434
"7723,2858",2022-05-16,13.171581265599759
"7728,2858",2022-05-16,11.74304862023653
"7733,2858",2022-05-16,14.182979964987359
"7688,2863",2022-05-16,22.678704723752304
"7693,2863",2022-05-16,18.730298651252415
"7698,2863",2022-05-16,16.090148514851492
"7703,2863",2022-05-16,13.065164319248838
"7708,2863",2022-05-16,12.186979742173113
"7713,2863",2022-05-16,10.417733507511421
"7718,2863",2022-05-16,9.850586797066006
"7723,2863",2022-05-16,11.276347517730505
"7728,2863",2022-05-16,10.44092402464067
"7733,2863",2022-05-16,12.568538102643855
"7693,2868",2022-05-16,20.037369555843036
"7698,2868",2022-05-16,15.397592389315767
"7703,2868",2022-05-16,13.010449275362307
"7708,2868",2022-05-16,11.66423065431729
"7713,2868",2022-05-16,12.322225755166935
"7718,2868",2022-05-16,12.285577954503408
"7723,2868",2022-05-16,10.942910229645097
"7728,2868",2022-05-16,12.887380796864798
"7733,2868",2022-05-16,11.59397911120214
"7693,2873",2022-05-16,20.111126559714798
"7698,2873",2022-05-16,19.822079153747946
"7703,2873",2022-05-16,15.191416623105068
"7708,2873",2022-05-16,14.226129557291658
"7713,2873",2022-05-16,13.494902024820375
"7718,2873",2022-05-16,13.891675369237653
"7723,2873",2022-05-16,14.632749391727504
"7728,2873",2022-05-16,15.807328579264945
"7733,2873",2022-05-16,14.911801276713833
"7693,2878",2022-05-16,20.223789165446558
"7698,2878",2022-05-16,20.017698052423484
"7703,2878",2022-05-16,18.31759882869693
"7708,2878",2022-05-16,16.59619214997071
"7713,2878",2022-05-16,17.182088153463173
"7718,2878",2022-05-16,16.49563982430454
"7723,2878",2022-05-16,16.59893997071742
"7728,2878",2022-05-16,16.10263268365817
"7693,2883",2022-05-16,18.228940659340658
"7698,2883",2022-05-16,19.3169469674773
"7703,2883",2022-05-16,18.810476330060087
"7708,2883",2022-05-16,17.305873736633945
"7713,2883",2022-05-16,17.266840562719814
"7718,2883",2022-05-16,17.27590036630037
"7723,2883",2022-05-16,18.093539498754218
"7703,2888",2022-05-16,19.124740613356263
"7708,2888",2022-05-16,19.120384174311923
"7713,2888",2022-05-16,17.695873243475763
"7718,2888",2022-05-16,18.801584527220623
"7723,2888",2022-05-16,18.947479581601943
"7723,2843",2022-05-17,12.732242090784046
"7718,2848",2022-05-17,13.839999999999975
"7693,2883",2022-05-17,18.05137973137971
"7713,2843",2022-05-18,13.763370914799482
"7718,2843",2022-05-18,12.803336187214605
"7723,2843",2022-05-18,11.429532766084483
"7708,2848",2022-05-18,8.162144842242938
"7713,2848",2022-05-18,10.155307114449853
"7718,2848",2022-05-18,10.038367883211679
"7723,2848",2022-05-18,10.944570821959356
"7728,2848",2022-05-18,11.929902146925661
"7733,2848",2022-05-18,11.083787878787865
"7688,2853",2022-05-18,18.454508571428555
"7693,2853",2022-05-18,16.13345236394801
"7698,2853",2022-05-18,14.47831178707224
"7703,2853",2022-05-18,11.24955616773799
"7708,2853",2022-05-18,8.926725995316156
"7713,2853",2022-05-18,7.8362914979757035
"7718,2853",2022-05-18,7.654764649375604
"7723,2853",2022-05-18,8.743721335268503
"7728,2853",2022-05-18,7.9475138481590175
"7733,2853",2022-05-18,9.085079365079348
"7683,2858",2022-05-18,16.505051154633144
"7688,2858",2022-05-18,18.54632163742691
"7693,2858",2022-05-18,16.95340164570718
"7698,2858",2022-05-18,16.892239382239374
"7703,2858",2022-05-18,11.57241210425049
"7708,2858",2022-05-18,8.927035398230087
"7713,2858",2022-05-18,8.92689267405325
"7718,2858",2022-05-18,7.809495835160016
"7723,2858",2022-05-18,8.68498096632504
"7728,2858",2022-05-18,5.717793446702606
"7688,2863",2022-05-18,17.335604804117825
"7693,2863",2022-05-18,17.137055039313797
"7698,2863",2022-05-18,14.566729586729593
"7703,2863",2022-05-18,11.569955682630452
"7708,2863",2022-05-18,10.32894766943094
"7713,2863",2022-05-18,10.15591426459719
"7718,2863",2022-05-18,11.05301376077424
"7723,2863",2022-05-18,7.6067377049180305
"7728,2863",2022-05-18,4.600000000000023
"7693,2868",2022-05-18,14.479391456992388
"7698,2868",2022-05-18,14.49666422823701
"7703,2868",2022-05-18,13.131581102822878
"7708,2868",2022-05-18,11.863683440608538
"7713,2868",2022-05-18,10.37906071689832
"7718,2868",2022-05-18,7.213302711512818
"7723,2868",2022-05-18,5.6330296127562685
"7693,2873",2022-05-18,15.860283383426353
"7698,2873",2022-05-18,16.378811739441666
"7703,2873",2022-05-18,13.555906683841428
"7708,2873",2022-05-18,12.287258156840302
"7713,2873",2022-05-18,11.354919862621646
"7718,2873",2022-05-18,9.785177447052089
"7723,2873",2022-05-18,7.6791308666501115
"7693,2878",2022-05-18,18.384600292825777
"7698,2878",2022-05-18,17.841367696588083
"7703,2878",2022-05-18,16.585212298682286
"7708,2878",2022-05-18,14.677858816637373
"7713,2878",2022-05-18,15.304103089764237
"7718,2878",2022-05-18,13.098380673499268
"7723,2878",2022-05-18,12.702402535657672
"7728,2878",2022-05-18,10.716080853453123
"7693,2883",2022-05-18,17.3282901098901
"7698,2883",2022-05-18,17.496727219455032
"7703,2883",2022-05-18,17.075271874541993
"7708,2883",2022-05-18,15.71555002197159
"7713,2883",2022-05-18,15.502340820807287
"7718,2883",2022-05-18,14.240121511296756
"7723,2883",2022-05-18,13.775906767532208
"7703,2888",2022-05-18,17.654333619948407
"7708,2888",2022-05-18,18.257485665137608
"7713,2888",2022-05-18,16.041691599539703
"7723,2888",2022-05-18,12.966907706945765
"7708,2848",2022-05-19,3.0600000000000023
"7718,2848",2022-05-19,5.339999999999975
"7688,2853",2022-05-19,7.779999999999973
"7693,2853",2022-05-19,6.7787871581450725
"7698,2853",2022-05-19,6.980000000000018
"7718,2853",2022-05-19,5.244089775561101
"7723,2853",2022-05-19,4.842424242424253
"7683,2858",2022-05-19,10.740000000000009
"7703,2858",2022-05-19,6.203455497382207
"7693,2863",2022-05-19,10.319999999999993
"7698,2863",2022-05-19,8.431428571428576
"7703,2863",2022-05-19,7.254139744552991
"7708,2863",2022-05-19,5.839999999999975
"7693,2868",2022-05-19,8.500936170212768
"7698,2868",2022-05-19,9.091444759206803
"7703,2868",2022-05-19,8.295004149377581
"7693,2873",2022-05-19,9.112807017543846
"7703,2873",2022-05-19,7.690310262529836
"7708,2873",2022-05-19,7.12249999999997
"7713,2873",2022-05-19,3.9599999999999795
"7703,2878",2022-05-19,8.909999999999997
"7693,2883",2022-05-19,9.815331695331693
"7698,2883",2022-05-19,9.680000000000007
"7713,2843",2022-05-22,26.883072776280322
"7718,2843",2022-05-22,25.64570416297608
"7723,2843",2022-05-22,24.601014686248327
"7688,2853",2022-05-22,31.966430707876377
"7693,2853",2022-05-22,29.26901785714286
"7698,2853",2022-05-22,28.873142751752116
"7703,2853",2022-05-22,24.639999999999986
"7688,2858",2022-05-22,32.477142857142866
"7693,2858",2022-05-22,31.278991433651203
"7698,2858",2022-05-22,27.80896809232858
"7703,2858",2022-05-22,23.91637426900584
"7688,2863",2022-05-22,33.66762760310332
"7693,2863",2022-05-22,30.358090107737528
"7698,2863",2022-05-22,26.238259303721488
"7703,2863",2022-05-22,23.426943722943733
"7693,2868",2022-05-22,29.16276429809357
"7698,2868",2022-05-22,27.08359973136334
"7703,2868",2022-05-22,25.383981644899393
"7693,2873",2022-05-22,28.840000000000032
"7713,2843",2022-05-24,6.996582914572865
"7718,2843",2022-05-24,7.439999999999998
"7723,2843",2022-05-24,6.675916666666646
"7708,2848",2022-05-24,7.333757425742571
"7713,2848",2022-05-24,7.206033613445364
"7718,2848",2022-05-24,7.391442006269595
"7723,2848",2022-05-24,7.3630950226244405
"7728,2848",2022-05-24,8.812478813559327
"7733,2848",2022-05-24,7.81661408233936
"7688,2853",2022-05-24,5.279999999999973
"7693,2853",2022-05-24,4.397602040816319
"7698,2853",2022-05-24,4.71897435897436
"7703,2853",2022-05-24,8.206497305619708
"7708,2853",2022-05-24,9.639728813559316
"7713,2853",2022-05-24,8.370518518518525
"7718,2853",2022-05-24,6.974206021251478
"7723,2853",2022-05-24,7.179469001148111
"7728,2853",2022-05-24,7.8291022964509365
"7733,2853",2022-05-24,8.430936012691696
"7698,2858",2022-05-24,7.4599999999999795
"7703,2858",2022-05-24,7.776368582114925
"7708,2858",2022-05-24,8.853324088748018
"7713,2858",2022-05-24,8.218090283604637
"7718,2858",2022-05-24,6.9682343001971185
"7723,2858",2022-05-24,7.306789064059064
"7728,2858",2022-05-24,7.24728273809523
"7733,2858",2022-05-24,8.39058137597867
"7698,2863",2022-05-24,7.461726844583983
"7703,2863",2022-05-24,7.594774855104775
"7708,2863",2022-05-24,7.432082060235704
"7713,2863",2022-05-24,7.408195893638505
"7718,2863",2022-05-24,7.560106200753684
"7723,2863",2022-05-24,8.150418458010895
"7728,2863",2022-05-24,8.276332951945085
"7733,2863",2022-05-24,8.240451815842153
"7693,2868",2022-05-24,8.925821305841918
"7698,2868",2022-05-24,8.797529411764692
"7703,2868",2022-05-24,8.390341515474915
"7708,2868",2022-05-24,7.799970743124633
"7713,2868",2022-05-24,7.40262793497893
"7718,2868",2022-05-24,7.584817091015512
"7723,2868",2022-05-24,7.697925384052661
"7728,2868",2022-05-24,7.7869031851151105
"7733,2868",2022-05-24,7.707243013564307
"7693,2873",2022-05-24,8.125820895522379
"7698,2873",2022-05-24,8.420000000000016
"7703,2873",2022-05-24,7.832194148936184
"7708,2873",2022-05-24,7.88294673967148
"7713,2873",2022-05-24,7.695699212364398
"7718,2873",2022-05-24,7.11877708518848
"7723,2873",2022-05-24,6.659647917561186
"7728,2873",2022-05-24,6.929054293539556
"7733,2873",2022-05-24,6.805739130434782
"7703,2878",2022-05-24,8.410355450236972
"7708,2878",2022-05-24,7.982756397340326
"7713,2878",2022-05-24,8.342462590850795
"7718,2878",2022-05-24,6.73623482587065
"7723,2878",2022-05-24,6.82428162564397
"7728,2878",2022-05-24,6.661389578163782
"7693,2883",2022-05-24,8.347002414625722
"7698,2883",2022-05-24,8.720288461538466
"7708,2883",2022-05-24,8.422820369334092
"7713,2883",2022-05-24,8.374518272425256
"7718,2883",2022-05-24,6.006598984771563
"7723,2883",2022-05-24,7.240000000000009
"7703,2888",2022-05-24,8.362227074235795
"7713,2843",2022-05-25,10.320362195812095
"7718,2843",2022-05-25,11.241626233004522
"7723,2843",2022-05-25,10.309851659995296
"7708,2848",2022-05-25,12.443668656716428
"7713,2848",2022-05-25,11.13425691772036
"7718,2848",2022-05-25,11.610473043478258
"7723,2848",2022-05-25,11.041676575505356
"7728,2848",2022-05-25,11.524798197859958
"7733,2848",2022-05-25,10.87333882934873
"7688,2853",2022-05-25,12.15293109603713
"7693,2853",2022-05-25,10.052347582340571
"7698,2853",2022-05-25,10.731780658025913
"7703,2853",2022-05-25,13.38907169380177
"7708,2853",2022-05-25,15.822707436118277
"7713,2853",2022-05-25,14.047897317565626
"7718,2853",2022-05-25,11.454846325167045
"7723,2853",2022-05-25,10.976936730604066
"7728,2853",2022-05-25,11.965257664709728
"7733,2853",2022-05-25,10.1780660208109
"7683,2858",2022-05-25,11.54825249907443
"7688,2858",2022-05-25,12.175007496251872
"7693,2858",2022-05-25,12.389122976564389
"7698,2858",2022-05-25,13.640750636132307
"7703,2858",2022-05-25,12.46515637155749
"7708,2858",2022-05-25,12.855988093269394
"7713,2858",2022-05-25,12.187468865111391
"7718,2858",2022-05-25,10.872837785520703
"7723,2858",2022-05-25,11.71765063676107
"7728,2858",2022-05-25,8.208584766584774
"7733,2858",2022-05-25,10.369738339021618
"7688,2863",2022-05-25,12.038687258687274
"7693,2863",2022-05-25,12.725754399101467
"7698,2863",2022-05-25,13.442267735233001
"7703,2863",2022-05-25,13.128052173913046
"7708,2863",2022-05-25,11.345648556045036
"7713,2863",2022-05-25,10.706658566221149
"7718,2863",2022-05-25,11.174161336176264
"7723,2863",2022-05-25,9.15048175995544
"7728,2863",2022-05-25,10.139196905507461
"7733,2863",2022-05-25,10.973622190726864
"7693,2868",2022-05-25,13.573124450951685
"7698,2868",2022-05-25,11.259050687285226
"7703,2868",2022-05-25,12.052833628766768
"7708,2868",2022-05-25,12.642719130817797
"7713,2868",2022-05-25,10.566254907882813
"7718,2868",2022-05-25,10.331711786755518
"7723,2868",2022-05-25,10.304777241009125
"7728,2868",2022-05-25,11.449880840388836
"7733,2868",2022-05-25,11.081986837981814
"7693,2873",2022-05-25,14.855288586251621
"7698,2873",2022-05-25,14.747196384861615
"7703,2873",2022-05-25,11.488803556992721
"7708,2873",2022-05-25,12.688787834902254
"7713,2873",2022-05-25,10.873813732154993
"7718,2873",2022-05-25,10.06251593425026
"7723,2873",2022-05-25,9.900718795531814
"7728,2873",2022-05-25,11.194796629866353
"7733,2873",2022-05-25,10.929924073246987
"7693,2878",2022-05-25,17.132219619326506
"7698,2878",2022-05-25,15.661286814680569
"7703,2878",2022-05-25,14.346812098991752
"7708,2878",2022-05-25,14.42589314624932
"7713,2878",2022-05-25,14.865464409008721
"7718,2878",2022-05-25,10.730611342990434
"7723,2878",2022-05-25,13.381852586051535
"7728,2878",2022-05-25,12.624102331214047
"7693,2883",2022-05-25,15.598150915750908
"7698,2883",2022-05-25,15.207316144154701
"7703,2883",2022-05-25,14.45024476036934
"7708,2883",2022-05-25,15.159770655689508
"7713,2883",2022-05-25,14.948484398216946
"7718,2883",2022-05-25,13.046827067669176
"7723,2883",2022-05-25,12.841302605210434
"7703,2888",2022-05-25,15.615341416719854
"7708,2888",2022-05-25,15.383941105975
"7713,2888",2022-05-25,15.975460244143845
"7718,2888",2022-05-25,13.889958448753466
"7723,2888",2022-05-25,14.324408923239062
"7708,2848",2022-05-26,8.781721068249245
"7713,2848",2022-05-26,7.341579731743656
"7718,2848",2022-05-26,7.5347514450867115
"7688,2853",2022-05-26,7.939999999999998
"7693,2853",2022-05-26,7.906739130434779
"7708,2853",2022-05-26,7.836772823779202
"7713,2853",2022-05-26,7.293398876404501
"7718,2853",2022-05-26,7.434674986999486
"7693,2868",2022-05-26,10.388881239242679
"7698,2868",2022-05-26,9.851268656716407
"7693,2873",2022-05-26,12.70774941995359
"7698,2873",2022-05-26,10.139999999999986
"7693,2878",2022-05-26,12.564699140401162
"7693,2883",2022-05-26,13.692177713037143
"7698,2883",2022-05-26,15.879151700420307
"7703,2883",2022-05-26,15.125536912751672
"7703,2888",2022-05-26,16.841188369152995
"7713,2843",2022-05-27,15.758578564292836
"7718,2843",2022-05-27,15.132933789954341
"7723,2843",2022-05-27,14.61340944769516
"7708,2848",2022-05-27,16.327835232252404
"7713,2848",2022-05-27,15.278785224120305
"7718,2848",2022-05-27,15.536493430656932
"7723,2848",2022-05-27,15.779024675135059
"7728,2848",2022-05-27,16.709025850737543
"7733,2848",2022-05-27,17.055527315220562
"7688,2853",2022-05-27,17.058261670761677
"7693,2853",2022-05-27,16.029566581682683
"7698,2853",2022-05-27,16.47656620482788
"7703,2853",2022-05-27,16.51052270779777
"7708,2853",2022-05-27,17.3634038296656
"7713,2853",2022-05-27,16.82118605315805
"7718,2853",2022-05-27,15.450792970424349
"7723,2853",2022-05-27,16.239191428571434
"7728,2853",2022-05-27,17.458282611801682
"7733,2853",2022-05-27,17.04669238462637
"7683,2858",2022-05-27,19.291180637544272
"7688,2858",2022-05-27,19.44860939724727
"7693,2858",2022-05-27,19.67753717117803
"7698,2858",2022-05-27,19.223455480552865
"7703,2858",2022-05-27,16.977938897821954
"7708,2858",2022-05-27,17.934026011983043
"7713,2858",2022-05-27,17.69726475745179
"7718,2858",2022-05-27,16.52990501242145
"7723,2858",2022-05-27,16.74932631886599
"7728,2858",2022-05-27,15.57651322519361
"7733,2858",2022-05-27,17.83212395848561
"7688,2863",2022-05-27,20.466235581964355
"7693,2863",2022-05-27,21.749421487603318
"7698,2863",2022-05-27,19.08811598746082
"7703,2863",2022-05-27,16.977864188706224
"7708,2863",2022-05-27,17.381103803259943
"7713,2863",2022-05-27,18.10768130453441
"7718,2863",2022-05-27,17.63981979405035
"7723,2863",2022-05-27,17.5979204805492
"7728,2863",2022-05-27,17.956996567505723
"7733,2863",2022-05-27,19.09769516728624
"7693,2868",2022-05-27,20.047624768946395
"7698,2868",2022-05-27,18.595352154531945
"7703,2868",2022-05-27,17.64977329237971
"7708,2868",2022-05-27,18.27138677589232
"7713,2868",2022-05-27,18.084076079005122
"7718,2868",2022-05-27,18.442929470295578
"7723,2868",2022-05-27,17.782340892465253
"7728,2868",2022-05-27,20.033159742539503
"7733,2868",2022-05-27,20.039862472567656
"7693,2873",2022-05-27,19.89748420102318
"7698,2873",2022-05-27,20.061320228839662
"7703,2873",2022-05-27,17.943400601116362
"7708,2873",2022-05-27,17.767698912421302
"7713,2873",2022-05-27,18.173451631368064
"7718,2873",2022-05-27,18.61002003434459
"7723,2873",2022-05-27,17.564519822527554
"7728,2873",2022-05-27,20.23687464224386
"7733,2873",2022-05-27,19.572387344199427
"7693,2878",2022-05-27,21.412863878326984
"7698,2878",2022-05-27,21.188892915980233
"7703,2878",2022-05-27,20.29729680365296
"7708,2878",2022-05-27,19.068676039835967
"7713,2878",2022-05-27,20.11912432274125
"7718,2878",2022-05-27,19.538556368960464
"7723,2878",2022-05-27,19.16947877013177
"7728,2878",2022-05-27,19.188480683506675
"7693,2883",2022-05-27,20.179273260073263
"7698,2883",2022-05-27,21.351746264283623
"7703,2883",2022-05-27,20.5901216473692
"7708,2883",2022-05-27,20.18833455397686
"7713,2883",2022-05-27,20.22767878077374
"7718,2883",2022-05-27,20.067141391941394
"7723,2883",2022-05-27,19.94108456690605
"7703,2888",2022-05-27,22.21743864346274
"7708,2888",2022-05-27,22.12425172018348
"7713,2888",2022-05-27,21.850728419845133
"7718,2888",2022-05-27,21.34680805614891
"7723,2888",2022-05-27,21.10429517502365
"7693,2853",2022-05-28,13.099999999999966
"7698,2853",2022-05-28,13.099999999999966
"7683,2858",2022-05-28,10.251715210355993
"7688,2858",2022-05-28,9.606819338422403
"7693,2858",2022-05-28,7.864121883656506
"7698,2858",2022-05-28,10.83403374233128
"7688,2863",2022-05-28,10.365647798742152
"7693,2863",2022-05-28,8.441596224866638
"7698,2863",2022-05-28,7.149516001057926
"7703,2863",2022-05-28,5.122462006079015
"7693,2868",2022-05-28,8.493296673082204
"7698,2868",2022-05-28,7.910194011976055
"7703,2868",2022-05-28,8.433646702046975
"7693,2873",2022-05-28,7.127315161232856
"7698,2873",2022-05-28,7.891934240945288
"7703,2873",2022-05-28,12.715000000000003
"7693,2878",2022-05-28,10.787075314801612
"7698,2878",2022-05-28,7.6407142857142825
"7693,2883",2022-05-28,13.37882762046696
"7698,2883",2022-05-28,11.212760150119413
"7703,2883",2022-05-28,13.757434554973816
"7708,2883",2022-05-28,14.699999999999989
"7703,2888",2022-05-28,13.460268681780017
"7708,2888",2022-05-28,13.89114470842332
"7718,2843",2022-05-29,22.650054945054958
"7723,2843",2022-05-29,22.63332000000001
"7713,2843",2022-05-30,6.9341774071266125
"7718,2843",2022-05-30,7.187037598544574
"7723,2843",2022-05-30,6.941861527480365
"7708,2848",2022-05-30,7.776137890739122
"7713,2848",2022-05-30,7.750351876186309
"7718,2848",2022-05-30,8.29997664233576
"7723,2848",2022-05-30,8.80318002628121
"7728,2848",2022-05-30,9.898837447057105
"7733,2848",2022-05-30,11.232325445515627
"7688,2853",2022-05-30,13.654608571428568
"7693,2853",2022-05-30,10.103278863232676
"7698,2853",2022-05-30,10.328774251767182
"7703,2853",2022-05-30,9.193593339176157
"7708,2853",2022-05-30,9.920611603315223
"7713,2853",2022-05-30,8.530716671727905
"7718,2853",2022-05-30,8.053156598580337
"7723,2853",2022-05-30,8.651542857142863
"7728,2853",2022-05-30,10.656033719102725
"7733,2853",2022-05-30,11.686892413201885
"7683,2858",2022-05-30,13.731425371940507
"7688,2858",2022-05-30,15.180108515448373
"7693,2858",2022-05-30,15.122176524953789
"7698,2858",2022-05-30,13.554682036503351
"7703,2858",2022-05-30,10.238861078447837
"7708,2858",2022-05-30,9.341519801256757
"7713,2858",2022-05-30,8.112626171048653
"7718,2858",2022-05-30,8.473021411578115
"7723,2858",2022-05-30,9.057711530030685
"7728,2858",2022-05-30,9.324839982463834
"7733,2858",2022-05-30,10.803806461043703
"7688,2863",2022-05-30,16.490080068630256
"7693,2863",2022-05-30,15.592823546385814
"7698,2863",2022-05-30,10.731960784313722
"7703,2863",2022-05-30,6.679186735096721
"7708,2863",2022-05-30,8.584348958333349
"7713,2863",2022-05-30,9.873305678729798
"7718,2863",2022-05-30,9.412016590389026
"7723,2863",2022-05-30,9.449453661327233
"7728,2863",2022-05-30,11.140386155606414
"7733,2863",2022-05-30,11.398747497855306
"7693,2868",2022-05-30,13.24188888888889
"7698,2868",2022-05-30,12.19070665691295
"7703,2868",2022-05-30,10.296410616980147
"7708,2868",2022-05-30,8.585103821847728
"7713,2868",2022-05-30,8.486013167520113
"7718,2868",2022-05-30,9.31553702077846
"7723,2868",2022-05-30,9.393641550841258
"7728,2868",2022-05-30,11.333604447045058
"7733,2868",2022-05-30,11.238250182882227
"7693,2873",2022-05-30,14.580473778307512
"7698,2873",2022-05-30,13.879957659738267
"7703,2873",2022-05-30,8.816544585987275
"7708,2873",2022-05-30,8.558458068484716
"7713,2873",2022-05-30,8.247820767701489
"7718,2873",2022-05-30,9.387564396107615
"7723,2873",2022-05-30,9.341436954343786
"7728,2873",2022-05-30,10.793961076130518
"7733,2873",2022-05-30,10.441548368631949
"7693,2878",2022-05-30,13.97678304239401
"7703,2878",2022-05-30,9.007021276595736
"7708,2878",2022-05-30,9.021043393466586
"7713,2878",2022-05-30,10.132175771971498
"7718,2878",2022-05-30,10.046552267002511
"7723,2878",2022-05-30,9.548178264268953
"7728,2878",2022-05-30,10.217907650366328
"7693,2883",2022-05-30,10.479793372319685
"7698,2883",2022-05-30,9.72342144852783
"7703,2883",2022-05-30,8.681068150208628
"7708,2883",2022-05-30,7.456468050687511
"7713,2883",2022-05-30,8.149349726775952
"7718,2883",2022-05-30,8.890105649977022
"7723,2883",2022-05-30,8.754433190494735
"7703,2888",2022-05-30,7.434255686274505
"7708,2888",2022-05-30,7.968051216389237
"7713,2888",2022-05-30,8.113302752293585
"7718,2888",2022-05-30,7.755430680885961
"7723,2888",2022-05-30,7.454484750045112
"7713,2843",2022-05-31,1.2975879396985037
"7708,2848",2022-05-31,2.7144699910421055
"7713,2848",2022-05-31,1.6852307692307553
"7733,2848",2022-05-31,2.5730346232179064
"7688,2853",2022-05-31,12.433743515850136
"7693,2853",2022-05-31,11.265064990715608
"7698,2853",2022-05-31,10.224829176877615
"7703,2853",2022-05-31,8.13750436300175
"7708,2853",2022-05-31,5.649041095890401
"7713,2853",2022-05-31,2.562548895899065
"7718,2853",2022-05-31,2.214052016584987
"7683,2858",2022-05-31,12.174400932400934
"7688,2858",2022-05-31,14.112266577584768
"7693,2858",2022-05-31,14.755221615057678
"7698,2858",2022-05-31,13.165479548660082
"7703,2858",2022-05-31,9.434000637551812
"7708,2858",2022-05-31,4.976516078121913
"7713,2858",2022-05-31,2.059225352112661
"7718,2858",2022-05-31,2.281538461538446
"7688,2863",2022-05-31,15.983202255527535
"7693,2863",2022-05-31,15.88955968844382
"7698,2863",2022-05-31,12.988769716088333
"7703,2863",2022-05-31,8.712108588014349
"7708,2863",2022-05-31,4.842917680744449
"7713,2863",2022-05-31,2.0243574389682197
"7718,2863",2022-05-31,2.3046575342466062
"7693,2868",2022-05-31,13.529030480454626
"7698,2868",2022-05-31,11.392648932184336
"7703,2868",2022-05-31,8.16951798010712
"7708,2868",2022-05-31,6.804192510239912
"7713,2868",2022-05-31,2.813709677419357
"7718,2868",2022-05-31,0.8199999999999932
"7693,2873",2022-05-31,13.933502018006838
"7698,2873",2022-05-31,13.155513573000743
"7703,2873",2022-05-31,9.289057232820896
"7708,2873",2022-05-31,6.754255867200912
"7713,2873",2022-05-31,4.044174657029059
"7718,2873",2022-05-31,2.0664504504504824
"7693,2878",2022-05-31,10.921210646387836
"7698,2878",2022-05-31,10.054211585774993
"7703,2878",2022-05-31,9.360550512445098
"7708,2878",2022-05-31,7.342182190978335
"7713,2878",2022-05-31,7.347802020793677
"7718,2878",2022-05-31,4.420459275206309
"7693,2883",2022-05-31,8.935935531135534
"7698,2883",2022-05-31,8.55909463814826
"7703,2883",2022-05-31,8.320703502857981
"7708,2883",2022-05-31,7.656939773769496
"7713,2883",2022-05-31,7.29946784922395
"7718,2883",2022-05-31,5.862001579155151
"7723,2883",2022-05-31,5.166666666666689
"7703,2888",2022-05-31,7.683604826546005
"7708,2888",2022-05-31,7.49014292755052
"7713,2888",2022-05-31,7.194814814814815
"7718,2888",2022-05-31,6.791273969004459
"7723,2888",2022-05-31,6.181213307240712
"7713,2843",2022-06-01,15.944478362965453
"7718,2843",2022-06-01,16.10656758893281
"7723,2843",2022-06-01,14.859480874316933
"7708,2848",2022-06-01,18.28454685099847
"7713,2848",2022-06-01,16.109110185535794
"7718,2848",2022-06-01,18.40630841121498
"7723,2848",2022-06-01,15.84967636786961
"7728,2848",2022-06-01,15.819605926860019
"7733,2848",2022-06-01,14.690856415154412
"7688,2853",2022-06-01,28.02029212310903
"7693,2853",2022-06-01,28.43269908386188
"7698,2853",2022-06-01,22.971626157407417
"7703,2853",2022-06-01,18.471117792713127
"7708,2853",2022-06-01,17.639432914352515
"7713,2853",2022-06-01,18.009648655197466
"7718,2853",2022-06-01,16.45359459459459
"7723,2853",2022-06-01,15.346268547352999
"7728,2853",2022-06-01,15.097425346478065
"7733,2853",2022-06-01,13.717111015859409
"7683,2858",2022-06-01,26.716446402349483
"7693,2858",2022-06-01,22.587644479872456
"7698,2858",2022-06-01,20.91883075124233
"7703,2858",2022-06-01,15.517324946200956
"7708,2858",2022-06-01,14.475121644295305
"7713,2858",2022-06-01,15.04801051709028
"7718,2858",2022-06-01,16.249287564766835
"7723,2858",2022-06-01,17.08000000000004
"7728,2858",2022-06-01,15.046302640970742
"7733,2858",2022-06-01,15.774689513766846
"7693,2863",2022-06-01,23.538459167950716
"7698,2863",2022-06-01,20.441003584229406
"7703,2863",2022-06-01,17.66180357501506
"7708,2863",2022-06-01,17.15471261080927
"7713,2863",2022-06-01,16.551338129496415
"7718,2863",2022-06-01,15.128768831168838
"7733,2863",2022-06-01,16.459411466260775
"7703,2868",2022-06-01,19.21516853932584
"7708,2868",2022-06-01,20.008142054574634
"7713,2868",2022-06-01,16.367014028056126
"7718,2868",2022-06-01,15.348930624760452
"7723,2868",2022-06-01,10.751960556844546
"7693,2873",2022-06-01,22.24538288288288
"7698,2873",2022-06-01,22.315647577092527
"7708,2873",2022-06-01,21.399999999999977
"7713,2873",2022-06-01,15.86676125244617
"7718,2873",2022-06-01,18.152035928143732
"7723,2873",2022-06-01,10.4926218097448
"7693,2878",2022-06-01,22.347739195603296
"7698,2878",2022-06-01,22.620868902439035
"7708,2878",2022-06-01,18.981610805402703
"7713,2878",2022-06-01,18.721242685984954
"7718,2878",2022-06-01,17.421111111111088
"7693,2883",2022-06-01,20.905166812993844
"7698,2883",2022-06-01,20.254683729433278
"7703,2883",2022-06-01,20.659090909090917
"7708,2883",2022-06-01,20.74166241341599
"7713,2883",2022-06-01,18.255893202178115
"7718,2883",2022-06-01,18.177643120187486
"7723,2883",2022-06-01,18.51214659685862
"7703,2888",2022-06-01,21.228771551724144
"7708,2888",2022-06-01,20.02094696969697
"7713,2888",2022-06-01,17.69362935553499
"7718,2888",2022-06-01,18.078304832713755
"7723,2888",2022-06-01,18.07296385542169
"7713,2843",2022-06-02,8.163971137098788
"7718,2843",2022-06-02,10.21999999999997
"7723,2843",2022-06-02,10.078536585365852
"7708,2848",2022-06-02,7.356524561144714
"7713,2848",2022-06-02,7.102110843373493
"7718,2848",2022-06-02,9.764957264957275
"7723,2848",2022-06-02,11.073459294248389
"7728,2848",2022-06-02,11.223002705139763
"7733,2848",2022-06-02,9.76565001460706
"7688,2853",2022-06-02,15.101819209039547
"7693,2853",2022-06-02,13.287614678899084
"7698,2853",2022-06-02,12.455141392426
"7703,2853",2022-06-02,11.528165745856352
"7708,2853",2022-06-02,10.049914215686266
"7713,2853",2022-06-02,8.93890909090911
"7718,2853",2022-06-02,8.422116291251944
"7723,2853",2022-06-02,9.865352630369854
"7728,2853",2022-06-02,10.277911130161455
"7733,2853",2022-06-02,10.764389198456922
"7683,2858",2022-06-02,15.659346613545816
"7688,2858",2022-06-02,16.728331206126356
"7693,2858",2022-06-02,16.525200860832133
"7698,2858",2022-06-02,14.71303280623082
"7703,2858",2022-06-02,11.500012836970477
"7708,2858",2022-06-02,8.79345609996712
"7713,2858",2022-06-02,8.974214498859052
"7718,2858",2022-06-02,8.750292435876485
"7723,2858",2022-06-02,9.883293870822714
"7728,2858",2022-06-02,9.733073213502848
"7733,2858",2022-06-02,10.345624908639088
"7688,2863",2022-06-02,17.474157849585367
"7693,2863",2022-06-02,16.110800800800806
"7698,2863",2022-06-02,12.964592068704214
"7703,2863",2022-06-02,9.805607964746207
"7708,2863",2022-06-02,8.380031455533313
"7713,2863",2022-06-02,9.83570018595337
"7718,2863",2022-06-02,11.044934210526318
"7723,2863",2022-06-02,10.523787185354692
"7728,2863",2022-06-02,11.678157894736852
"7733,2863",2022-06-02,10.534643980554762
"7693,2868",2022-06-02,13.854376564110106
"7698,2868",2022-06-02,13.82294338391255
"7703,2868",2022-06-02,12.869395462159275
"7708,2868",2022-06-02,9.340453481568172
"7713,2868",2022-06-02,8.641966349670804
"7718,2868",2022-06-02,8.973611354989755
"7723,2868",2022-06-02,10.06407315288954
"7728,2868",2022-06-02,11.104619660620244
"7733,2868",2022-06-02,10.707218727139724
"7693,2873",2022-06-02,16.19779162440226
"7698,2873",2022-06-02,16.715101498766845
"7703,2873",2022-06-02,12.470306044376445
"7708,2873",2022-06-02,10.436282198053812
"7713,2873",2022-06-02,9.451305094447632
"7718,2873",2022-06-02,9.79513451631368
"7723,2873",2022-06-02,11.32080435093746
"7728,2873",2022-06-02,11.874364625071557
"7733,2873",2022-06-02,11.849064109902692
"7693,2878",2022-06-02,17.46193994468589
"7698,2878",2022-06-02,17.7890588235294
"7703,2878",2022-06-02,14.248278301886788
"7708,2878",2022-06-02,12.335902167545404
"7713,2878",2022-06-02,13.576333284521892
"7718,2878",2022-06-02,12.919109809663253
"7723,2878",2022-06-02,14.077256222547586
"7728,2878",2022-06-02,14.26614145555718
"7693,2883",2022-06-02,15.072286360211013
"7698,2883",2022-06-02,15.140164228127805
"7703,2883",2022-06-02,14.693340384276397
"7708,2883",2022-06-02,13.268346774193548
"7713,2883",2022-06-02,13.67233587338805
"7718,2883",2022-06-02,14.18592820512822
"7723,2883",2022-06-02,14.45554448189945
"7703,2888",2022-06-02,14.770003016591254
"7708,2888",2022-06-02,15.019378048780492
"7713,2888",2022-06-02,14.395830226555773
"7718,2888",2022-06-02,16.056595988538675
"7723,2888",2022-06-02,15.1148187419401
"7713,2843",2022-06-03,20.61983159697445
"7718,2843",2022-06-03,20.571723744292235
"7723,2843",2022-06-03,17.82044812330527
"7708,2848",2022-06-03,20.394814490213264
"7713,2848",2022-06-03,19.82608848007009
"7718,2848",2022-06-03,19.861582481751825
"7723,2848",2022-06-03,18.33973134764199
"7728,2848",2022-06-03,18.640324229589606
"7733,2848",2022-06-03,19.29731814198072
"7688,2853",2022-06-03,29.849342857142844
"7693,2853",2022-06-03,25.833503785173555
"7698,2853",2022-06-03,25.581776889015845
"7703,2853",2022-06-03,23.37523279063124
"7708,2853",2022-06-03,22.88304086881965
"7713,2853",2022-06-03,21.889928551014577
"7718,2853",2022-06-03,19.51256179454208
"7723,2853",2022-06-03,19.006611428571443
"7728,2853",2022-06-03,19.664909272753235
"7733,2853",2022-06-03,19.32901271610229
"7683,2858",2022-06-03,29.04985969014909
"7688,2858",2022-06-03,31.04966959064328
"7693,2858",2022-06-03,30.62850796434312
"7698,2858",2022-06-03,29.38986553639287
"7703,2858",2022-06-03,24.17859084929104
"7708,2858",2022-06-03,22.367286277948267
"7713,2858",2022-06-03,22.10154003506722
"7718,2858",2022-06-03,20.20543621218764
"7723,2858",2022-06-03,19.380049685810317
"7728,2858",2022-06-03,16.26986117200058
"7733,2858",2022-06-03,19.10344101739512
"7688,2863",2022-06-03,30.22158993422935
"7693,2863",2022-06-03,30.136234453180855
"7698,2863",2022-06-03,27.076971256971266
"7703,2863",2022-06-03,21.896108649035025
"7708,2863",2022-06-03,20.562190448956258
"7713,2863",2022-06-03,21.005747389500787
"7718,2863",2022-06-03,21.104625286041195
"7723,2863",2022-06-03,19.219322082379872
"7728,2863",2022-06-03,18.692757437070934
"7733,2863",2022-06-03,18.78571346868745
"7693,2868",2022-06-03,26.696003510825033
"7698,2868",2022-06-03,26.180652523774697
"7703,2868",2022-06-03,23.507749012724876
"7708,2868",2022-06-03,21.5283440608543
"7713,2868",2022-06-03,19.647373811265542
"7718,2868",2022-06-03,19.462853380158027
"7723,2868",2022-06-03,18.01924213606438
"7728,2868",2022-06-03,20.002322995904045
"7733,2868",2022-06-03,19.054738844184342
"7693,2873",2022-06-03,27.27618147989123
"7698,2873",2022-06-03,28.214468146027198
"7703,2873",2022-06-03,23.91935594675828
"7708,2873",2022-06-03,21.29326273611906
"7713,2873",2022-06-03,19.9540326273612
"7718,2873",2022-06-03,18.959479107040647
"7723,2873",2022-06-03,18.017647058823528
"7728,2873",2022-06-03,20.34313680595306
"7733,2873",2022-06-03,19.720526617057804
"7693,2878",2022-06-03,28.0182196193265
"7698,2878",2022-06-03,28.225087128422906
"7703,2878",2022-06-03,26.05071156661786
"7708,2878",2022-06-03,23.209461042765078
"7713,2878",2022-06-03,24.822070581344278
"7718,2878",2022-06-03,21.775431918008785
"7723,2878",2022-06-03,21.434125915080525
"7728,2878",2022-06-03,21.5181578562015
"7693,2883",2022-06-03,25.293761172161176
"7698,2883",2022-06-03,25.433413419279237
"7703,2883",2022-06-03,25.274553715374463
"7708,2883",2022-06-03,24.15513695620332
"7713,2883",2022-06-03,24.029988276670576
"7718,2883",2022-06-03,22.843091575091588
"7723,2883",2022-06-03,21.717282720211063
"7703,2888",2022-06-03,24.37133562625394
"7708,2888",2022-06-03,24.46871846330276
"7713,2888",2022-06-03,23.990335531975923
"7718,2888",2022-06-03,24.365280802292254
"7723,2888",2022-06-03,23.01180111763863
"7713,2843",2022-06-04,9.478407306978731
"7718,2843",2022-06-04,9.644928652968037
"7723,2843",2022-06-04,7.66522620236906
"7708,2848",2022-06-04,8.341580484954719
"7713,2848",2022-06-04,8.423311432325887
"7718,2848",2022-06-04,9.916510948905113
"7723,2848",2022-06-04,9.124494086727989
"7728,2848",2022-06-04,8.139772162991099
"7733,2848",2022-06-04,8.050201577563538
"7688,2853",2022-06-04,17.442614285714278
"7693,2853",2022-06-04,14.454616793893127
"7698,2853",2022-06-04,14.325333333333337
"7703,2853",2022-06-04,11.208814624393034
"7708,2853",2022-06-04,10.259385538725343
"7713,2853",2022-06-04,8.78114032580737
"7718,2853",2022-06-04,8.012876125160739
"7723,2853",2022-06-04,7.786094285714287
"7728,2853",2022-06-04,6.410901557365339
"7733,2853",2022-06-04,7.020728051391851
"7683,2858",2022-06-04,18.550887787291572
"7688,2858",2022-06-04,19.966216374268996
"7693,2858",2022-06-04,18.707946806956006
"7698,2858",2022-06-04,16.766460099386144
"7703,2858",2022-06-04,12.720801052477707
"7708,2858",2022-06-04,10.009665351454041
"7713,2858",2022-06-04,8.987592051431905
"7718,2858",2022-06-04,7.349706269180189
"7723,2858",2022-06-04,6.922966535145396
"7728,2858",2022-06-04,6.509130498319453
"7733,2858",2022-06-04,6.7030583058305915
"7688,2863",2022-06-04,20.37279382327711
"7693,2863",2022-06-04,18.79829878484632
"7698,2863",2022-06-04,14.788585728585733
"7703,2863",2022-06-04,10.995977126518945
"7708,2863",2022-06-04,8.473380040034321
"7713,2863",2022-06-04,8.16207981690745
"7718,2863",2022-06-04,8.597697368421057
"7723,2863",2022-06-04,7.060569221967967
"7728,2863",2022-06-04,7.77026270207852
"7733,2863",2022-06-04,6.803957678009721
"7693,2868",2022-06-04,14.979587478057343
"7698,2868",2022-06-04,14.535487929773225
"7703,2868",2022-06-04,13.083624396665192
"7708,2868",2022-06-04,9.936070801638385
"7713,2868",2022-06-04,8.211602048280913
"7718,2868",2022-06-04,7.519165935030726
"7723,2868",2022-06-04,7.714241404535485
"7728,2868",2022-06-04,7.860409330323549
"7733,2868",2022-06-04,6.987207022677392
"7693,2873",2022-06-04,14.556184342350075
"7698,2873",2022-06-04,15.153909785271651
"7703,2873",2022-06-04,13.265970464135023
"7708,2873",2022-06-04,10.424195764167148
"7713,2873",2022-06-04,8.665666857469946
"7718,2873",2022-06-04,7.554192902117918
"7723,2873",2022-06-04,9.318789179905528
"7728,2873",2022-06-04,8.903574699484833
"7733,2873",2022-06-04,8.501076130509437
"7693,2878",2022-06-04,17.547121522693992
"7698,2878",2022-06-04,17.287468150534483
"7703,2878",2022-06-04,15.98793850658858
"7708,2878",2022-06-04,13.04474516695958
"7713,2878",2022-06-04,13.341815785620144
"7718,2878",2022-06-04,11.30497218155198
"7723,2878",2022-06-04,12.76983016105416
"7728,2878",2022-06-04,11.241042612388336
"7693,2883",2022-06-04,15.42555311355312
"7698,2883",2022-06-04,15.201479636683274
"7703,2883",2022-06-04,15.25471493477943
"7708,2883",2022-06-04,12.72478394609638
"7713,2883",2022-06-04,12.520533411488861
"7718,2883",2022-06-04,11.959575091575093
"7723,2883",2022-06-04,12.582506228931562
"7703,2888",2022-06-04,14.982519346517629
"7708,2888",2022-06-04,13.859905389908256
"7713,2888",2022-06-04,11.996254660166334
"7718,2888",2022-06-04,13.83051575931231
"7723,2888",2022-06-04,13.248287720303777
"7713,2843",2022-06-05,21.85420853906478
"7708,2848",2022-06-05,23.163870873502773
"7713,2848",2022-06-05,23.24035156950674
"7718,2848",2022-06-05,25.248564554931832
"7723,2848",2022-06-05,24.781107359891973
"7728,2848",2022-06-05,25.672550681901964
"7733,2848",2022-06-05,26.075391868002352
"7688,2853",2022-06-05,31.01704770477047
"7693,2853",2022-06-05,28.920924855491325
"7698,2853",2022-06-05,28.31820710506425
"7703,2853",2022-06-05,24.23931914893616
"7708,2853",2022-06-05,25.328139468419533
"7713,2853",2022-06-05,23.259871835950005
"7718,2853",2022-06-05,22.232092398603267
"7723,2853",2022-06-05,23.270694077706526
"7728,2853",2022-06-05,25.680669623694357
"7733,2853",2022-06-05,25.231802476245317
"7683,2858",2022-06-05,28.80952353113126
"7688,2858",2022-06-05,31.128903508771934
"7693,2858",2022-06-05,30.752415607189832
"7698,2858",2022-06-05,28.739569184741963
"7703,2858",2022-06-05,23.727399267399274
"7708,2858",2022-06-05,25.105655414291984
"7713,2858",2022-06-05,25.45521332554062
"7718,2858",2022-06-05,22.80010229431535
"7723,2858",2022-06-05,23.388393979248864
"7728,2858",2022-06-05,21.379923831844145
"7733,2858",2022-06-05,24.05748869131181
"7688,2863",2022-06-05,32.04782098941952
"7693,2863",2022-06-05,31.38905503931383
"7698,2863",2022-06-05,27.518364078364083
"7703,2863",2022-06-05,22.714733380986416
"7708,2863",2022-06-05,22.27821275378896
"7713,2863",2022-06-05,23.314532970962677
"7718,2863",2022-06-05,21.7177257227576
"7723,2863",2022-06-05,20.59146048109966
"7728,2863",2022-06-05,22.42822654462243
"7733,2863",2022-06-05,22.686105233056917
"7693,2868",2022-06-05,27.480611468695123
"7698,2868",2022-06-05,27.618232626188735
"7703,2868",2022-06-05,25.740172590317393
"7708,2868",2022-06-05,24.243469865418373
"7713,2868",2022-06-05,21.93484711046087
"7718,2868",2022-06-05,21.388279192273917
"7723,2868",2022-06-05,19.390689100219458
"7728,2868",2022-06-05,23.030977179637215
"7733,2868",2022-06-05,22.574861741038767
"7693,2873",2022-06-05,30.451784743094322
"7698,2873",2022-06-05,30.14434931997136
"7703,2873",2022-06-05,25.80725347073136
"7708,2873",2022-06-05,23.153838008013736
"7713,2873",2022-06-05,21.884293073840873
"7718,2873",2022-06-05,21.183070978820837
"7723,2873",2022-06-05,20.709660798626025
"7728,2873",2022-06-05,23.876090440755583
"7733,2873",2022-06-05,22.427120778477406
"7693,2878",2022-06-05,30.480032210834548
"7698,2878",2022-06-05,30.21011568311611
"7703,2878",2022-06-05,27.684846266471443
"7708,2878",2022-06-05,25.946792618629168
"7713,2878",2022-06-05,27.44025479572412
"7718,2878",2022-06-05,25.088521229868224
"7723,2878",2022-06-05,23.958863836017557
"7728,2878",2022-06-05,25.751770390979647
"7693,2883",2022-06-05,28.48214505494506
"7698,2883",2022-06-05,28.135868737181376
"7703,2883",2022-06-05,27.598270555474137
"7708,2883",2022-06-05,25.531252380254877
"7713,2883",2022-06-05,26.298338218053935
"7718,2883",2022-06-05,25.34207179487179
"7723,2883",2022-06-05,24.798549025355424
"7703,2888",2022-06-05,27.88515620521639
"7708,2888",2022-06-05,26.663231077981653
"7713,2888",2022-06-05,25.308789790650987
"7718,2888",2022-06-05,26.959131805157597
"7723,2888",2022-06-05,25.69496776042412
"7713,2843",2022-06-06,13.063964606821745
"7718,2843",2022-06-06,13.810766725873293
"7723,2843",2022-06-06,13.364520547945203
"7708,2848",2022-06-06,13.10994082840237
"7713,2848",2022-06-06,14.630150386917803
"7718,2848",2022-06-06,15.96384260682447
"7723,2848",2022-06-06,15.575348234531905
"7728,2848",2022-06-06,16.100545544718145
"7733,2848",2022-06-06,15.903086751849361
"7688,2853",2022-06-06,21.22316402748729
"7693,2853",2022-06-06,20.540665619197267
"7698,2853",2022-06-06,19.47969147264677
"7703,2853",2022-06-06,16.40157097972008
"7708,2853",2022-06-06,16.642343526721902
"7713,2853",2022-06-06,16.536028473973
"7718,2853",2022-06-06,14.923433634236035
"7723,2853",2022-06-06,15.794452700771648
"7728,2853",2022-06-06,14.455425775875241
"7733,2853",2022-06-06,16.77872698015376
"7683,2858",2022-06-06,22.9794009690207
"7688,2858",2022-06-06,26.153763157894726
"7693,2858",2022-06-06,25.206453309951765
"7698,2858",2022-06-06,21.28027371695179
"7703,2858",2022-06-06,16.192261356155356
"7708,2858",2022-06-06,17.285406985240392
"7713,2858",2022-06-06,16.81281833358628
"7718,2858",2022-06-06,15.158979266347682
"7723,2858",2022-06-06,15.556945784012864
"7728,2858",2022-06-06,13.216640286695538
"7733,2858",2022-06-06,15.527199765670757
"7688,2863",2022-06-06,26.99611381183873
"7693,2863",2022-06-06,25.203789503789523
"7698,2863",2022-06-06,20.39387731919728
"7703,2863",2022-06-06,17.495986213379297
"7708,2863",2022-06-06,15.64645696311125
"7713,2863",2022-06-06,15.551200693541398
"7718,2863",2022-06-06,17.963497053045185
"7723,2863",2022-06-06,16.64219376735575
"7728,2863",2022-06-06,18.26901690857399
"7733,2863",2022-06-06,16.85603371501273
"7693,2868",2022-06-06,22.359956076134697
"7698,2868",2022-06-06,21.90750634641671
"7703,2868",2022-06-06,19.938274312421356
"7708,2868",2022-06-06,17.659708251025673
"7713,2868",2022-06-06,15.98775968379446
"7718,2868",2022-06-06,16.146166315448202
"7723,2868",2022-06-06,19.673207909387596
"7728,2868",2022-06-06,17.898516676418957
"7733,2868",2022-06-06,17.91712154602474
"7693,2873",2022-06-06,25.075482619722518
"7698,2873",2022-06-06,25.86015694302286
"7703,2873",2022-06-06,20.781580118694368
"7708,2873",2022-06-06,17.26260717410324
"7713,2873",2022-06-06,16.49127283528888
"7718,2873",2022-06-06,17.53964895013123
"7723,2873",2022-06-06,20.28376963350785
"7728,2873",2022-06-06,19.00052317415731
"7733,2873",2022-06-06,19.47218088986142
"7693,2878",2022-06-06,25.344095190877535
"7698,2878",2022-06-06,25.446881538026574
"7703,2878",2022-06-06,20.811550170860514
"7708,2878",2022-06-06,18.46579761904761
"7713,2878",2022-06-06,20.77325942350333
"7718,2878",2022-06-06,21.56375
"7723,2878",2022-06-06,22.372831625183004
"7728,2878",2022-06-06,19.429992992291513
"7693,2883",2022-06-06,22.024364540182265
"7698,2883",2022-06-06,23.031200733272218
"7703,2883",2022-06-06,22.00893705566153
"7708,2883",2022-06-06,19.224057324840768
"7713,2883",2022-06-06,18.570900707039662
"7718,2883",2022-06-06,22.35142857142856
"7723,2883",2022-06-06,21.298588064046605
"7703,2888",2022-06-06,22.736015311004795
"7708,2888",2022-06-06,21.340252085264122
"7713,2888",2022-06-06,19.184074324324317
"7718,2888",2022-06-06,23.315285556780594
"7723,2888",2022-06-06,21.711386623164763
"7713,2843",2022-06-07,14.194388468674186
"7718,2843",2022-06-07,14.277003424657531
"7723,2843",2022-06-07,14.450343941772514
"7708,2848",2022-06-07,14.682243645924624
"7713,2848",2022-06-07,14.338350124105718
"7718,2848",2022-06-07,14.290899270072982
"7723,2848",2022-06-07,14.766654986129355
"7728,2848",2022-06-07,15.395428654885352
"7733,2848",2022-06-07,15.853420975752256
"7688,2853",2022-06-07,20.81858802502233
"7693,2853",2022-06-07,20.30359522313011
"7698,2853",2022-06-07,19.135520639908577
"7703,2853",2022-06-07,17.42896029705797
"7708,2853",2022-06-07,17.32425835953129
"7713,2853",2022-06-07,16.284849957130607
"7718,2853",2022-06-07,14.833087583940571
"7723,2853",2022-06-07,15.098200000000002
"7728,2853",2022-06-07,15.875641722707108
"7733,2853",2022-06-07,16.084543622228622
"7683,2858",2022-06-07,22.40436237947971
"7688,2858",2022-06-07,23.7530157525147
"7693,2858",2022-06-07,22.78406668651384
"7698,2858",2022-06-07,20.983607110021463
"7703,2858",2022-06-07,18.564013128449957
"7708,2858",2022-06-07,18.223551074090317
"7713,2858",2022-06-07,17.383214448322967
"7718,2858",2022-06-07,16.152599736957466
"7723,2858",2022-06-07,16.023895952067804
"7728,2858",2022-06-07,14.89843271375465
"7733,2858",2022-06-07,17.438040979510248
"7688,2863",2022-06-07,22.795806353084913
"7693,2863",2022-06-07,21.729277970955216
"7698,2863",2022-06-07,20.163033913840508
"7703,2863",2022-06-07,18.21563402430308
"7708,2863",2022-06-07,17.33459250786389
"7713,2863",2022-06-07,17.420577885853238
"7718,2863",2022-06-07,16.86362986270023
"7723,2863",2022-06-07,16.831046910755152
"7728,2863",2022-06-07,17.451753432494282
"7733,2863",2022-06-07,18.45811552759509
"7693,2868",2022-06-07,19.62238675696012
"7698,2868",2022-06-07,19.666521739130438
"7703,2868",2022-06-07,18.74393746205222
"7708,2868",2022-06-07,18.364651843183154
"7713,2868",2022-06-07,17.34108851499634
"7718,2868",2022-06-07,16.980313140181433
"7723,2868",2022-06-07,16.822495976591078
"7728,2868",2022-06-07,18.619028671737855
"7733,2868",2022-06-07,18.524102414045355
"7693,2873",2022-06-07,21.832457420924563
"7698,2873",2022-06-07,22.225254086181284
"7703,2873",2022-06-07,19.65314441104909
"7708,2873",2022-06-07,18.601634230108765
"7713,2873",2022-06-07,17.684158557527194
"7718,2873",2022-06-07,17.04765598168289
"7723,2873",2022-06-07,16.862129669386004
"7728,2873",2022-06-07,18.966794504865486
"7733,2873",2022-06-07,18.321396680022897
"7693,2878",2022-06-07,23.98712445095169
"7698,2878",2022-06-07,23.567942597744924
"7703,2878",2022-06-07,21.71031039531479
"7708,2878",2022-06-07,20.08611306385472
"7713,2878",2022-06-07,20.31104700541807
"7718,2878",2022-06-07,19.331162518301603
"7723,2878",2022-06-07,18.80368374816983
"7728,2878",2022-06-07,20.02158734807438
"7693,2883",2022-06-07,23.186206593406595
"7698,2883",2022-06-07,22.6054468209786
"7703,2883",2022-06-07,22.06032537007182
"7708,2883",2022-06-07,21.001242126849284
"7713,2883",2022-06-07,20.176872801875735
"7718,2883",2022-06-07,19.923035897435902
"7723,2883",2022-06-07,20.801830583058315
"7703,2888",2022-06-07,23.362773722627743
"7708,2888",2022-06-07,22.692403299725015
"7713,2888",2022-06-07,21.25118439919701
"7718,2888",2022-06-07,20.891364678899084
"7723,2888",2022-06-07,18.739578947368393
"7713,2843",2022-06-08,16.270146995861282
"7718,2843",2022-06-08,16.596452625570773
"7723,2843",2022-06-08,13.632578849721705
"7708,2848",2022-06-08,14.06517966695881
"7713,2848",2022-06-08,13.510874580230697
"7718,2848",2022-06-08,14.814277372262772
"7723,2848",2022-06-08,14.692013432617891
"7728,2848",2022-06-08,14.395691543741787
"7733,2848",2022-06-08,13.934688869412795
"7688,2853",2022-06-08,21.661691428571427
"7693,2853",2022-06-08,19.31726324810741
"7698,2853",2022-06-08,18.659400085702043
"7703,2853",2022-06-08,15.89170237075121
"7708,2853",2022-06-08,15.830840240068587
"7713,2853",2022-06-08,14.329011146041724
"7718,2853",2022-06-08,12.357176739534218
"7723,2853",2022-06-08,12.766348571428567
"7728,2853",2022-06-08,13.168118302614653
"7733,2853",2022-06-08,14.004805511698002
"7683,2858",2022-06-08,21.294010523238832
"7688,2858",2022-06-08,22.505178362573094
"7693,2858",2022-06-08,21.758424667543462
"7698,2858",2022-06-08,20.797491961414792
"7703,2858",2022-06-08,17.202306680309892
"7708,2858",2022-06-08,15.413497004237916
"7713,2858",2022-06-08,15.303436586791351
"7718,2858",2022-06-08,13.50865409907935
"7723,2858",2022-06-08,13.440251351746303
"7728,2858",2022-06-08,11.670849042817478
"7733,2858",2022-06-08,14.074637749489229
"7688,2863",2022-06-08,23.60488132685159
"7693,2863",2022-06-08,23.18169549678343
"7698,2863",2022-06-08,20.276656656656662
"7703,2863",2022-06-08,16.666167262330234
"7708,2863",2022-06-08,15.194646840148701
"7713,2863",2022-06-08,14.927935917608355
"7718,2863",2022-06-08,14.849942791762013
"7723,2863",2022-06-08,13.363913043478272
"7728,2863",2022-06-08,14.38641876430207
"7733,2863",2022-06-08,13.736128109808417
"7693,2868",2022-06-08,20.338414277355163
"7698,2868",2022-06-08,20.056596927578642
"7703,2868",2022-06-08,18.071902881380726
"7708,2868",2022-06-08,15.867837916910474
"7713,2868",2022-06-08,13.58901243599122
"7718,2868",2022-06-08,12.732388059701487
"7723,2868",2022-06-08,12.007648866130207
"7728,2868",2022-06-08,13.800354008191915
"7733,2868",2022-06-08,12.544687637161664
"7693,2873",2022-06-08,20.457469586374692
"7698,2873",2022-06-08,20.720953471725124
"7703,2873",2022-06-08,17.896427651352518
"7708,2873",2022-06-08,15.420609616485404
"7713,2873",2022-06-08,13.284553520320552
"7718,2873",2022-06-08,12.64646536920436
"7723,2873",2022-06-08,12.519848289680832
"7728,2873",2022-06-08,13.764066971951923
"7733,2873",2022-06-08,12.793548941041792
"7693,2878",2022-06-08,20.36146998535871
"7698,2878",2022-06-08,20.63584712256554
"7703,2878",2022-06-08,19.44422547584188
"7708,2878",2022-06-08,16.456039835969545
"7713,2878",2022-06-08,17.36487626299605
"7718,2878",2022-06-08,15.256111273792094
"7723,2878",2022-06-08,15.391183016105408
"7728,2878",2022-06-08,15.600205008053877
"7693,2883",2022-06-08,19.14897582417582
"7698,2883",2022-06-08,19.100292997363034
"7703,2883",2022-06-08,18.937892422687966
"7708,2883",2022-06-08,16.625574923099464
"7713,2883",2022-06-08,16.689088511137168
"7718,2883",2022-06-08,16.216316483516486
"7723,2883",2022-06-08,16.92665103326984
"7703,2888",2022-06-08,19.099931212381772
"7708,2888",2022-06-08,18.695831422018347
"7713,2888",2022-06-08,16.810659592773153
"7718,2888",2022-06-08,17.13297994269341
"7723,2888",2022-06-08,17.192248173090704
"7713,2843",2022-06-09,11.378087649402405
"7718,2843",2022-06-09,13.498129050436747
"7723,2843",2022-06-09,12.5473840445269
"7708,2848",2022-06-09,11.684025708442881
"7713,2848",2022-06-09,11.333845696447153
"7718,2848",2022-06-09,12.401672044587855
"7723,2848",2022-06-09,13.295546240503008
"7728,2848",2022-06-09,13.242147651006713
"7733,2848",2022-06-09,12.777982854261227
"7688,2853",2022-06-09,22.57676106900679
"7693,2853",2022-06-09,21.933300198807153
"7698,2853",2022-06-09,18.70782676754501
"7703,2853",2022-06-09,16.297887323943673
"7708,2853",2022-06-09,14.42942054745822
"7713,2853",2022-06-09,12.95914824211671
"7718,2853",2022-06-09,11.600190023752972
"7723,2853",2022-06-09,10.993085473361445
"7728,2853",2022-06-09,11.14872751063135
"7733,2853",2022-06-09,11.201325343672895
"7683,2858",2022-06-09,17.736435733819494
"7688,2858",2022-06-09,23.745659163987145
"7693,2858",2022-06-09,22.07647138047139
"7698,2858",2022-06-09,18.94596701649173
"7708,2858",2022-06-09,13.938339438339431
"7713,2858",2022-06-09,12.900089362433416
"7718,2858",2022-06-09,11.621219898605837
"7723,2858",2022-06-09,9.690990546650234
"7728,2858",2022-06-09,7.68842584781509
"7733,2858",2022-06-09,9.055274797460031
"7688,2863",2022-06-09,21.387412935323383
"7693,2863",2022-06-09,18.680207612456748
"7698,2863",2022-06-09,14.558861209964405
"7703,2863",2022-06-09,12.31873864783048
"7708,2863",2022-06-09,10.232070671378086
"7713,2863",2022-06-09,10.604015544041456
"7718,2863",2022-06-09,11.283969252271142
"7723,2863",2022-06-09,8.72256188333045
"7728,2863",2022-06-09,9.065331868821596
"7733,2863",2022-06-09,8.183736519965022
"7693,2868",2022-06-09,15.294844706415773
"7698,2868",2022-06-09,15.571385014596189
"7703,2868",2022-06-09,12.665392022008252
"7708,2868",2022-06-09,9.035136417556336
"7713,2868",2022-06-09,8.06999491353001
"7718,2868",2022-06-09,8.129848747830398
"7723,2868",2022-06-09,8.98841225626741
"7728,2868",2022-06-09,8.619683018867924
"7733,2868",2022-06-09,7.86412310286679
"7693,2873",2022-06-09,15.229696534386777
"7698,2873",2022-06-09,15.295137085137108
"7703,2873",2022-06-09,10.84546762589928
"7708,2873",2022-06-09,9.830101114856106
"7713,2873",2022-06-09,7.778235793044949
"7718,2873",2022-06-09,8.132042448979595
"7723,2873",2022-06-09,9.751327868852455
"7728,2873",2022-06-09,9.26026448581869
"7733,2873",2022-06-09,8.691796008869183
"7693,2878",2022-06-09,15.647901960784319
"7698,2878",2022-06-09,14.879563636363672
"7703,2878",2022-06-09,13.2945982999726
"7708,2878",2022-06-09,11.377611510791368
"7718,2878",2022-06-09,9.549170370370362
"7723,2878",2022-06-09,9.34164502164501
"7728,2878",2022-06-09,13.108945095619982
"7693,2883",2022-06-09,13.11200731930467
"7698,2883",2022-06-09,13.317216861350941
"7703,2883",2022-06-09,13.187277506571533
"7708,2883",2022-06-09,12.204599303135899
"7703,2888",2022-06-09,14.354710743801654
"7708,2888",2022-06-09,13.922486602357985
"7713,2843",2022-06-10,14.94748109033822
"7718,2843",2022-06-10,15.03691210045662
"7723,2843",2022-06-10,13.788622805765668
"7708,2848",2022-06-10,14.357309377738824
"7713,2848",2022-06-10,13.117062344867863
"7718,2848",2022-06-10,13.804081751824814
"7723,2848",2022-06-10,14.535929332749305
"7728,2848",2022-06-10,14.770839783846943
"7733,2848",2022-06-10,14.975620800467421
"7688,2853",2022-06-10,22.050819999999987
"7693,2853",2022-06-10,19.19222682473933
"7698,2853",2022-06-10,18.663359520068564
"7703,2853",2022-06-10,16.313541845187085
"7708,2853",2022-06-10,16.088816804801375
"7713,2853",2022-06-10,15.229739925693055
"7718,2853",2022-06-10,12.651578796970991
"7723,2853",2022-06-10,12.521014285714285
"7728,2853",2022-06-10,13.530931463728715
"7733,2853",2022-06-10,14.342582401834326
"7683,2858",2022-06-10,21.67491084478222
"7688,2858",2022-06-10,22.615722222222217
"7693,2858",2022-06-10,21.796738272687406
"7698,2858",2022-06-10,20.68343174510377
"7703,2858",2022-06-10,17.282476246162844
"7708,2858",2022-06-10,15.69744264211603
"7713,2858",2022-06-10,15.24603156049094
"7718,2858",2022-06-10,13.274055238930291
"7723,2858",2022-06-10,12.59923133128745
"7728,2858",2022-06-10,11.314729749523957
"7733,2858",2022-06-10,13.632423876997283
"7688,2863",2022-06-10,22.6708350014298
"7693,2863",2022-06-10,21.531370979270925
"7698,2863",2022-06-10,19.521455741455743
"7703,2863",2022-06-10,15.911062187276634
"7708,2863",2022-06-10,14.247723763225626
"7713,2863",2022-06-10,13.985286797310822
"7718,2863",2022-06-10,14.177402745995431
"7723,2863",2022-06-10,12.86633009153318
"7728,2863",2022-06-10,13.625446224256297
"7733,2863",2022-06-10,13.940800686302548
"7693,2868",2022-06-10,19.393999414862485
"7698,2868",2022-06-10,19.32770153621068
"7703,2868",2022-06-10,17.825271317829458
"7708,2868",2022-06-10,15.321304856641321
"7713,2868",2022-06-10,13.43250914411119
"7718,2868",2022-06-10,13.103505999414692
"7723,2868",2022-06-10,13.225138258961225
"7728,2868",2022-06-10,15.183341135166767
"7733,2868",2022-06-10,14.390495976591074
"7693,2873",2022-06-10,20.677664233576657
"7698,2873",2022-06-10,20.854115962777385
"7703,2873",2022-06-10,18.00847001574353
"7708,2873",2022-06-10,15.535572409845448
"7713,2873",2022-06-10,14.183929593589019
"7718,2873",2022-06-10,14.126233543216944
"7723,2873",2022-06-10,13.942484614283675
"7728,2873",2022-06-10,15.72070692615913
"7733,2873",2022-06-10,15.128105323411576
"7693,2878",2022-06-10,21.506289897510975
"7698,2878",2022-06-10,21.21565675794406
"7703,2878",2022-06-10,19.598998535871154
"7708,2878",2022-06-10,17.287565905096663
"7713,2878",2022-06-10,18.11555132523062
"7718,2878",2022-06-10,16.74124450951684
"7723,2878",2022-06-10,16.33668228404099
"7728,2878",2022-06-10,16.146451896324493
"7693,2883",2022-06-10,20.0378695970696
"7698,2883",2022-06-10,19.69255493700556
"7703,2883",2022-06-10,19.343570277004243
"7708,2883",2022-06-10,17.665592500366202
"7713,2883",2022-06-10,18.130433763188755
"7718,2883",2022-06-10,17.423973626373634
"7723,2883",2022-06-10,16.882792040103304
"7703,2888",2022-06-10,19.560946006247203
"7708,2888",2022-06-10,19.63525963398304
"7713,2888",2022-06-10,18.23164611413822
"7718,2888",2022-06-10,18.49169151201703
"7723,2888",2022-06-10,16.3945416100287
"7713,2843",2022-06-11,5.860525189096629
"7718,2843",2022-06-11,7.06047374429223
"7723,2843",2022-06-11,6.037025831311553
"7708,2848",2022-06-11,4.490803201766495
"7713,2848",2022-06-11,4.760584026865235
"7718,2848",2022-06-11,5.753813138686129
"7723,2848",2022-06-11,6.511646948941472
"7728,2848",2022-06-11,5.7543792255685355
"7733,2848",2022-06-11,4.308276101283384
"7703,2853",2022-06-11,8.46019607843137
"7708,2853",2022-06-11,6.784484038604304
"7713,2853",2022-06-11,5.270438778535425
"7718,2853",2022-06-11,4.430095727961131
"7723,2853",2022-06-11,4.488317142857135
"7728,2853",2022-06-11,4.384956359994278
"7733,2853",2022-06-11,5.2525542377784245
"7703,2858",2022-06-11,6.700291193181812
"7708,2858",2022-06-11,5.731724911231537
"7713,2858",2022-06-11,4.453104277615533
"7718,2858",2022-06-11,3.8750401870524653
"7723,2858",2022-06-11,3.257291385767797
"7728,2858",2022-06-11,3.411561977186313
"7733,2858",2022-06-11,3.7123254139668793
"7698,2863",2022-06-11,8.155106382978735
"7703,2863",2022-06-11,5.606437747035566
"7708,2863",2022-06-11,3.477922705314008
"7713,2863",2022-06-11,3.528828493777711
"7718,2863",2022-06-11,4.475758009153312
"7723,2863",2022-06-11,3.500199364345566
"7728,2863",2022-06-11,4.391067005398541
"7733,2863",2022-06-11,2.8815528045239276
"7698,2868",2022-06-11,7.788171557562059
"7703,2868",2022-06-11,7.388482984829845
"7708,2868",2022-06-11,4.782831182991092
"7713,2868",2022-06-11,3.8893401609363574
"7718,2868",2022-06-11,2.8177758267486124
"7723,2868",2022-06-11,3.436512070226769
"7728,2868",2022-06-11,4.072063205417613
"7733,2868",2022-06-11,3.271078011543474
"7703,2873",2022-06-11,7.474541871921195
"7708,2873",2022-06-11,5.766632341110211
"7713,2873",2022-06-11,4.638142267386469
"7718,2873",2022-06-11,3.8810274756725827
"7723,2873",2022-06-11,4.19369696969697
"7728,2873",2022-06-11,3.858342564102567
"7733,2873",2022-06-11,4.029753650980966
"7693,2878",2022-06-11,8.619940298507448
"7698,2878",2022-06-11,8.579999999999984
"7708,2878",2022-06-11,7.920000000000016
"7713,2878",2022-06-11,5.060000000000002
"7718,2878",2022-06-11,5.097746010638303
"7723,2878",2022-06-11,7.084529702970297
"7728,2878",2022-06-11,4.5573773987207025
"7693,2883",2022-06-11,8.652458410351175
"7698,2883",2022-06-11,8.724702702702695
"7703,2883",2022-06-11,9.300000000000011
"7708,2883",2022-06-11,6.285088697415114
"7713,2883",2022-06-11,6.277219317133193
"7708,2888",2022-06-11,5.466745562130193
"7713,2888",2022-06-11,5.6281115879828185
"7693,2853",2022-06-12,25.979393939393947
"7698,2853",2022-06-12,24.884036458333355
"7703,2853",2022-06-12,22.981149425287363
"7693,2858",2022-06-12,26.49983545543584
"7698,2858",2022-06-12,24.863924857430398
"7703,2858",2022-06-12,23.44865284974094
"7703,2878",2022-06-12,23.99108538350216
"7708,2878",2022-06-12,23.710604316546764
"7693,2883",2022-06-12,27.340000000000032
"7698,2883",2022-06-12,25.95501988375651
"7703,2883",2022-06-12,24.330151040182393
"7708,2883",2022-06-12,24.058401630988786
"7703,2888",2022-06-12,22.394140357932827
"7708,2888",2022-06-12,23.026614431486873
"7713,2888",2022-06-12,23.339999999999975
"7723,2888",2022-06-12,19.316632996632983
"7713,2843",2022-06-13,2.8028843710292226
"7718,2843",2022-06-13,3.293662776260248
"7723,2843",2022-06-13,2.724751590166759
"7708,2848",2022-06-13,1.7671600803750775
"7713,2848",2022-06-13,2.40517447802599
"7718,2848",2022-06-13,2.991223357664231
"7723,2848",2022-06-13,3.246004273504269
"7728,2848",2022-06-13,2.7104315886134076
"7733,2848",2022-06-13,2.7029338196977575
"7698,2853",2022-06-13,6.235268817204297
"7703,2853",2022-06-13,5.085698478561548
"7708,2853",2022-06-13,5.57829391442999
"7713,2853",2022-06-13,3.9633152089482757
"7718,2853",2022-06-13,2.0689615082482327
"7723,2853",2022-06-13,1.2221124780316341
"7728,2853",2022-06-13,1.5468420110932275
"7733,2853",2022-06-13,2.905530264710841
"7683,2858",2022-06-13,10.140807871569132
"7688,2858",2022-06-13,9.262274881516579
"7698,2858",2022-06-13,11.179047619047596
"7703,2858",2022-06-13,7.444526357510901
"7708,2858",2022-06-13,6.809285475792987
"7713,2858",2022-06-13,4.543856410256407
"7718,2858",2022-06-13,2.297471869063282
"7723,2858",2022-06-13,1.4793265007320726
"7728,2858",2022-06-13,1.4960541115671162
"7733,2858",2022-06-13,2.1538973105134493
"7693,2863",2022-06-13,9.350919999999967
"7698,2863",2022-06-13,8.626567441860457
"7703,2863",2022-06-13,7.070069621327908
"7708,2863",2022-06-13,5.090746354017737
"7713,2863",2022-06-13,3.87295951938206
"7718,2863",2022-06-13,2.980300044124137
"7723,2863",2022-06-13,2.08604166666667
"7728,2863",2022-06-13,2.327448621553886
"7733,2863",2022-06-13,1.4253123241418268
"7693,2868",2022-06-13,8.273097976993268
"7698,2868",2022-06-13,7.8173245901639365
"7703,2868",2022-06-13,7.097952475247528
"7708,2868",2022-06-13,4.527165041531244
"7713,2868",2022-06-13,3.6790431602048237
"7718,2868",2022-06-13,2.841937371963714
"7723,2868",2022-06-13,2.3651158018176472
"7728,2868",2022-06-13,2.4137240537240516
"7733,2868",2022-06-13,1.7274533106961008
"7693,2873",2022-06-13,8.753772228528188
"7698,2873",2022-06-13,8.623171428571421
"7703,2873",2022-06-13,7.182427745664751
"7708,2873",2022-06-13,5.214859308937167
"7713,2873",2022-06-13,4.431359223300975
"7718,2873",2022-06-13,3.716693423896269
"7723,2873",2022-06-13,3.2787103141964224
"7728,2873",2022-06-13,4.015910755910753
"7733,2873",2022-06-13,3.042665245202564
"7703,2878",2022-06-13,7.778447971781308
"7708,2878",2022-06-13,6.280576449912121
"7713,2878",2022-06-13,6.146739130434776
"7718,2878",2022-06-13,4.95068359374999
"7723,2878",2022-06-13,5.789389400921647
"7728,2878",2022-06-13,5.529016532429001
"7703,2883",2022-06-13,7.300000000000011
"7708,2883",2022-06-13,6.669696969696977
"7713,2883",2022-06-13,8.18112284602555
"7718,2883",2022-06-13,8.763749999999968
"7723,2883",2022-06-13,5.859475065616818
"7713,2888",2022-06-13,8.13261712439419
"7718,2888",2022-06-13,8.250136986301364
"7723,2888",2022-06-13,5.627863924050653
"7733,2863",2022-06-14,16.656589341692786
"7733,2868",2022-06-14,16.01557508789552
"7713,2843",2022-06-15,15.20208608785073
"7718,2843",2022-06-15,14.916270256793812
"7708,2848",2022-06-15,15.962994449313468
"7713,2848",2022-06-15,15.497250790480955
"7718,2848",2022-06-15,17.220000000000027
"7688,2853",2022-06-15,22.309925318494642
"7693,2853",2022-06-15,19.984590399540096
"7698,2853",2022-06-15,20.099548635909144
"7703,2853",2022-06-15,17.628765377204687
"7708,2853",2022-06-15,16.387839382680763
"7713,2853",2022-06-15,16.141253650864975
"7718,2853",2022-06-15,15.28000000000003
"7683,2858",2022-06-15,21.125097920145755
"7688,2858",2022-06-15,21.63545614035087
"7693,2858",2022-06-15,20.993628525500505
"7698,2858",2022-06-15,20.582978661210163
"7703,2858",2022-06-15,17.10296447887735
"7708,2858",2022-06-15,15.207970479704793
"7713,2858",2022-06-15,16.540435897435913
"7688,2863",2022-06-15,21.38549899914213
"7693,2863",2022-06-15,21.644022873481067
"7698,2863",2022-06-15,18.627399817017384
"7703,2863",2022-06-15,15.778530734632687
"7708,2863",2022-06-15,17.75367965367966
"7693,2868",2022-06-15,17.80339379754242
"7698,2868",2022-06-15,17.44963796477496
"7693,2873",2022-06-15,19.25122420262664
"7698,2873",2022-06-15,20.5666387434555
"7703,2873",2022-06-15,21.96833333333333
"7693,2878",2022-06-15,21.23060559006211
"7698,2878",2022-06-15,22.426002673796763
"7703,2878",2022-06-15,22.147999999999993
"7693,2883",2022-06-15,19.65056315366049
"7698,2883",2022-06-15,20.151415662650596
"7718,2843",2022-06-16,17.218629173989495
"7723,2843",2022-06-16,17.900966767371617
"7708,2848",2022-06-16,10.639999999999967
"7723,2848",2022-06-21,15.032772585669813
"7728,2848",2022-06-21,14.94751131221723
"7723,2853",2022-06-21,15.80194384449245
"7728,2853",2022-06-21,14.469893594825786
"7733,2853",2022-06-21,10.609473684210524
"7723,2858",2022-06-21,15.05555555555555
"7728,2858",2022-06-21,14.433566746602706
"7733,2858",2022-06-21,13.822330613019544
"7708,2863",2022-06-21,14.119999999999948
"7713,2863",2022-06-21,16.924999999999944
"7718,2863",2022-06-21,18.360000000000014
"7723,2863",2022-06-21,15.641130495464058
"7728,2863",2022-06-21,14.143476654350009
"7733,2863",2022-06-21,13.993883089770371
"7708,2868",2022-06-21,15.949473684210497
"7713,2868",2022-06-21,16.07939004815409
"7723,2868",2022-06-21,14.635178117048332
"7728,2868",2022-06-21,13.912623762376203
"7733,2868",2022-06-21,16.69017618793379
"7708,2873",2022-06-21,22.800945945945944
"7713,2873",2022-06-21,19.22560311284046
"7733,2873",2022-06-21,15.409374999999992
"7713,2843",2022-06-22,6.551171903881699
"7718,2843",2022-06-22,7.765294490183674
"7723,2843",2022-06-22,7.5752155434122725
"7708,2848",2022-06-22,6.065787348586807
"7713,2848",2022-06-22,7.321886373723924
"7718,2848",2022-06-22,7.517554332077656
"7723,2848",2022-06-22,7.586870300751887
"7708,2853",2022-06-22,11.012962073931826
"7713,2853",2022-06-22,7.470732401042901
"7718,2853",2022-06-22,5.9533822501746885
"7723,2853",2022-06-22,5.810200562324278
"7728,2853",2022-06-22,4.805506121230215
"7733,2853",2022-06-22,4.561885671863401
"7708,2858",2022-06-22,10.11843283582089
"7713,2858",2022-06-22,8.418563535911606
"7718,2858",2022-06-22,5.3987215787215765
"7723,2858",2022-06-22,4.990874600638981
"7728,2858",2022-06-22,4.295661096452651
"7733,2858",2022-06-22,4.888979857050032
"7718,2863",2022-06-22,5.8856676433654265
"7723,2863",2022-06-22,5.098893066626562
"7728,2863",2022-06-22,5.411353887399475
"7733,2863",2022-06-22,4.771139556665625
"7718,2868",2022-06-22,5.0205633802816525
"7723,2868",2022-06-22,5.725538644000779
"7728,2868",2022-06-22,6.46121359223298
"7713,2843",2022-06-23,15.71567289853004
"7718,2843",2022-06-23,17.62788242009131
"7723,2843",2022-06-23,18.062209219352077
"7708,2848",2022-06-23,14.445132924335377
"7713,2848",2022-06-23,13.562587239013002
"7718,2848",2022-06-23,15.748589781021897
"7723,2848",2022-06-23,17.434676595123374
"7728,2848",2022-06-23,20.30022491602162
"7733,2848",2022-06-23,15.62489921121823
"7688,2853",2022-06-23,19.327700590482802
"7693,2853",2022-06-23,17.53781670315921
"7698,2853",2022-06-23,19.113756306375176
"7703,2853",2022-06-23,17.436888823787896
"7708,2853",2022-06-23,15.858068019434134
"7713,2853",2022-06-23,14.424829951414697
"7718,2853",2022-06-23,13.691363774733633
"7723,2853",2022-06-23,15.699464627151055
"7728,2853",2022-06-23,16.426223746249452
"7733,2853",2022-06-23,15.67141305900843
"7683,2858",2022-06-23,20.34102349244351
"7688,2858",2022-06-23,21.81052507175417
"7693,2858",2022-06-23,22.22373252858958
"7698,2858",2022-06-23,20.620660625548084
"7703,2858",2022-06-23,18.034144130975
"7708,2858",2022-06-23,16.51238345754786
"7713,2858",2022-06-23,17.054418468731736
"7718,2858",2022-06-23,15.223598766551783
"7723,2858",2022-06-23,19.713151308304894
"7728,2858",2022-06-23,15.890274934191291
"7733,2858",2022-06-23,17.00230960385908
"7688,2863",2022-06-23,21.889431687715284
"7693,2863",2022-06-23,21.186593280914963
"7698,2863",2022-06-23,18.83031317031318
"7703,2863",2022-06-23,14.93114224446033
"7708,2863",2022-06-23,14.79330569059194
"7713,2863",2022-06-23,16.598535589264873
"7718,2863",2022-06-23,15.876525265127876
"7723,2863",2022-06-23,16.576945587562854
"7728,2863",2022-06-23,15.311294481691599
"7733,2863",2022-06-23,16.204138528138525
"7693,2868",2022-06-23,17.94064657694559
"7698,2868",2022-06-23,17.683414776883687
"7703,2868",2022-06-23,17.155995319584616
"7708,2868",2022-06-23,15.139236395552958
"7713,2868",2022-06-23,14.391976591075345
"7718,2868",2022-06-23,15.530870779385632
"7728,2868",2022-06-23,19.891549100968188
"7733,2868",2022-06-23,17.284972288202688
"7693,2873",2022-06-23,18.567141016463847
"7698,2873",2022-06-23,19.051415891195425
"7703,2873",2022-06-23,18.308670387863188
"7708,2873",2022-06-23,16.600168860904407
"7713,2873",2022-06-23,15.088022323983976
"7718,2873",2022-06-23,15.031824020552344
"7723,2873",2022-06-23,12.35512971698113
"7728,2873",2022-06-23,20.01222042139383
"7733,2873",2022-06-23,16.32753705815278
"7693,2878",2022-06-23,21.789558734023117
"7698,2878",2022-06-23,22.693987406648116
"7703,2878",2022-06-23,21.657062957540266
"7708,2878",2022-06-23,18.09501171646163
"7713,2878",2022-06-23,18.567447649729097
"7718,2878",2022-06-23,17.16958418740849
"7723,2878",2022-06-23,14.101382089552231
"7728,2878",2022-06-23,11.810081168831154
"7693,2883",2022-06-23,20.503885714285712
"7698,2883",2022-06-23,21.547779079988274
"7703,2883",2022-06-23,21.562673757564646
"7708,2883",2022-06-23,19.63438113373372
"7713,2883",2022-06-23,18.765245025245026
"7718,2883",2022-06-23,19.615347384855585
"7723,2883",2022-06-23,16.547114172651334
"7703,2888",2022-06-23,21.931126632250223
"7708,2888",2022-06-23,23.58032684450853
"7713,2888",2022-06-23,18.55222750179985
"7718,2888",2022-06-23,18.89652148997135
"7723,2888",2022-06-23,16.684393179538617
"7713,2843",2022-06-24,20.018949621806758
"7718,2843",2022-06-24,20.837505707762556
"7723,2843",2022-06-24,19.611165976880258
"7708,2848",2022-06-24,18.02130002921413
"7713,2848",2022-06-24,18.90904365600818
"7718,2848",2022-06-24,19.977287591240888
"7723,2848",2022-06-24,20.302228062490872
"7728,2848",2022-06-24,20.258729370527245
"7733,2848",2022-06-24,19.463873794916736
"7688,2853",2022-06-24,25.394979999999993
"7693,2853",2022-06-24,22.24561634052279
"7698,2853",2022-06-24,22.943879445793463
"7703,2853",2022-06-24,20.743870322764916
"7708,2853",2022-06-24,20.710080022863668
"7713,2853",2022-06-24,19.617490711631884
"7718,2853",2022-06-24,17.884272038862697
"7723,2853",2022-06-24,17.846631428571435
"7728,2853",2022-06-24,18.68749249892841
"7733,2853",2022-06-24,17.82058008286898
"7683,2858",2022-06-24,25.02116632563578
"7688,2858",2022-06-24,26.775482456140345
"7693,2858",2022-06-24,27.04399824638318
"7698,2858",2022-06-24,25.593914060216314
"7703,2858",2022-06-24,21.018318959216494
"7708,2858",2022-06-24,20.18549758877685
"7713,2858",2022-06-24,19.627688486265335
"7718,2858",2022-06-24,17.71050124214526
"7723,2858",2022-06-24,17.663957328657023
"7728,2858",2022-06-24,15.339427151833986
"7733,2858",2022-06-24,17.30974418944599
"7688,2863",2022-06-24,26.67790677723764
"7693,2863",2022-06-24,26.43740385989993
"7698,2863",2022-06-24,24.254408694408706
"7703,2863",2022-06-24,19.369263759828453
"7708,2863",2022-06-24,17.787106090935087
"7713,2863",2022-06-24,18.703598912888
"7718,2863",2022-06-24,18.890883867276884
"7723,2863",2022-06-24,17.432005148741425
"7728,2863",2022-06-24,17.81729405034325
"7733,2863",2022-06-24,17.847432084643987
"7693,2868",2022-06-24,22.85602691632533
"7698,2868",2022-06-24,22.900869056327732
"7703,2868",2022-06-24,21.459871288576856
"7708,2868",2022-06-24,19.07594792276185
"7713,2868",2022-06-24,17.74720409656182
"7718,2868",2022-06-24,18.051849575651154
"7723,2868",2022-06-24,18.162674469641555
"7728,2868",2022-06-24,19.47058806319484
"7733,2868",2022-06-24,18.147865398683244
"7693,2873",2022-06-24,23.050193215972527
"7698,2873",2022-06-24,23.524240515390122
"7703,2873",2022-06-24,21.53593530842995
"7708,2873",2022-06-24,19.437615912993707
"7713,2873",2022-06-24,18.373523182598735
"7718,2873",2022-06-24,18.505480824270172
"7723,2873",2022-06-24,18.198500071561476
"7728,2873",2022-06-24,19.432710360618202
"7733,2873",2022-06-24,16.73356897538638
"7693,2878",2022-06-24,25.046875549048313
"7698,2878",2022-06-24,26.247892810074685
"7703,2878",2022-06-24,23.997317715959003
"7708,2878",2022-06-24,20.518640890451078
"7713,2878",2022-06-24,21.901965148630836
"7718,2878",2022-06-24,19.977683748169827
"7723,2878",2022-06-24,18.394421669106872
"7728,2878",2022-06-24,17.989319080392434
"7693,2883",2022-06-24,24.21204688644689
"7698,2883",2022-06-24,24.11055962496339
"7703,2883",2022-06-24,22.346439982412424
"7708,2883",2022-06-24,21.63421414969973
"7713,2883",2022-06-24,22.4045838218054
"7718,2883",2022-06-24,21.086883516483514
"7723,2883",2022-06-24,18.993844349992674
"7703,2888",2022-06-24,24.774840928632845
"7708,2888",2022-06-24,24.742201834862374
"7713,2888",2022-06-24,22.001950100372813
"7718,2888",2022-06-24,20.75656160458452
"7723,2888",2022-06-24,19.39180398337872
"7713,2843",2022-06-25,13.181198801198796
"7718,2843",2022-06-25,14.49204908675799
"7723,2843",2022-06-25,13.913712002283425
"7708,2848",2022-06-25,12.1391557113643
"7713,2848",2022-06-25,12.622806249087455
"7718,2848",2022-06-25,13.534940145985404
"7723,2848",2022-06-25,14.03459483136224
"7728,2848",2022-06-25,15.538939681612392
"7733,2848",2022-06-25,15.755799006719258
"7688,2853",2022-06-25,16.797503536067882
"7693,2853",2022-06-25,14.814679156908664
"7698,2853",2022-06-25,15.597358310842987
"7703,2853",2022-06-25,14.79001428163382
"7708,2853",2022-06-25,15.132414975707343
"7713,2853",2022-06-25,13.712917976564736
"7718,2853",2022-06-25,12.50377196742392
"7723,2853",2022-06-25,12.653645714285716
"7728,2853",2022-06-25,13.890081440205742
"7733,2853",2022-06-25,14.248515502214607
"7683,2858",2022-06-25,18.999604922279794
"7688,2858",2022-06-25,19.453766233766224
"7693,2858",2022-06-25,19.15955378761674
"7698,2858",2022-06-25,17.424932791497334
"7703,2858",2022-06-25,14.403727525215615
"7708,2858",2022-06-25,14.186105509279558
"7713,2858",2022-06-25,13.584810052600822
"7718,2858",2022-06-25,12.330916264796143
"7723,2858",2022-06-25,12.457410492474056
"7728,2858",2022-06-25,12.716250182668418
"7733,2858",2022-06-25,14.028799883058026
"7688,2863",2022-06-25,20.401462658816243
"7693,2863",2022-06-25,19.028489855072454
"7698,2863",2022-06-25,16.032126412126416
"7703,2863",2022-06-25,13.269240886347387
"7708,2863",2022-06-25,12.13352587932514
"7713,2863",2022-06-25,12.844726076383925
"7718,2863",2022-06-25,13.029187643020595
"7723,2863",2022-06-25,13.134385011441653
"7728,2863",2022-06-25,14.112963386727694
"7733,2863",2022-06-25,14.352716614240776
"7693,2868",2022-06-25,16.395787009947323
"7698,2868",2022-06-25,16.23166934893928
"7703,2868",2022-06-25,14.73930963873043
"7708,2868",2022-06-25,12.17358981860737
"7713,2868",2022-06-25,11.745638624725677
"7718,2868",2022-06-25,12.247433421129637
"7723,2868",2022-06-25,14.126929041697146
"7728,2868",2022-06-25,15.003525453481572
"7733,2868",2022-06-25,14.783959034381853
"7693,2873",2022-06-25,17.257807767281452
"7698,2873",2022-06-25,17.383226914817467
"7703,2873",2022-06-25,15.484963503649634
"7708,2873",2022-06-25,13.783563251287932
"7713,2873",2022-06-25,13.163022323983975
"7718,2873",2022-06-25,13.575993131081843
"7723,2873",2022-06-25,15.099888364104766
"7728,2873",2022-06-25,15.618105323411557
"7733,2873",2022-06-25,14.462693188322845
"7693,2878",2022-06-25,18.540688140556373
"7698,2878",2022-06-25,19.085002196514868
"7703,2878",2022-06-25,17.456805270863825
"7708,2878",2022-06-25,16.33664909197423
"7713,2878",2022-06-25,17.85210718992532
"7718,2878",2022-06-25,17.00070863836018
"7723,2878",2022-06-25,16.4787437774524
"7728,2878",2022-06-25,15.886346463611074
"7693,2883",2022-06-25,17.987624908424902
"7698,2883",2022-06-25,18.599396425432168
"7703,2883",2022-06-25,18.254647515755526
"7708,2883",2022-06-25,17.790458473707343
"7713,2883",2022-06-25,19.239780187573274
"7718,2883",2022-06-25,18.52201904761905
"7723,2883",2022-06-25,17.19775172211637
"7703,2888",2022-06-25,20.806233877901967
"7708,2888",2022-06-25,20.241966743119267
"7713,2888",2022-06-25,18.999093776885573
"7718,2888",2022-06-25,18.869392550143257
"7723,2888",2022-06-25,17.09130821034532
"7713,2843",2022-06-26,13.077631084186342
"7718,2843",2022-06-26,12.753081015351876
"7723,2843",2022-06-26,12.126428359537226
"7708,2848",2022-06-26,12.278510078878169
"7713,2848",2022-06-26,13.004643013578624
"7718,2848",2022-06-26,12.937308332073188
"7723,2848",2022-06-26,11.511825972313765
"7728,2848",2022-06-26,11.345696053736354
"7733,2848",2022-06-26,12.125201031709908
"7688,2853",2022-06-26,19.36158466819221
"7693,2853",2022-06-26,16.2573974170345
"7698,2853",2022-06-26,16.0545861896004
"7703,2853",2022-06-26,15.296955155669801
"7708,2853",2022-06-26,14.409099807207477
"7713,2853",2022-06-26,14.331969134038294
"7718,2853",2022-06-26,10.853860727937509
"7723,2853",2022-06-26,10.483948797517455
"7728,2853",2022-06-26,11.74546110414053
"7733,2853",2022-06-26,11.132657644687583
"7683,2858",2022-06-26,19.04163904235727
"7688,2858",2022-06-26,19.46087319824525
"7693,2858",2022-06-26,18.504761215629518
"7698,2858",2022-06-26,18.71884189783235
"7703,2858",2022-06-26,15.206147540983602
"7708,2858",2022-06-26,15.607046616980858
"7713,2858",2022-06-26,13.93973407364115
"7718,2858",2022-06-26,11.035396755808852
"7723,2858",2022-06-26,11.528373520385797
"7728,2858",2022-06-26,9.780710780669141
"7733,2858",2022-06-26,10.853440351470093
"7688,2863",2022-06-26,18.769233374384232
"7693,2863",2022-06-26,18.95564468983437
"7698,2863",2022-06-26,17.71820963820964
"7703,2863",2022-06-26,15.211042172980704
"7708,2863",2022-06-26,13.936651415499004
"7713,2863",2022-06-26,13.802846516950366
"7718,2863",2022-06-26,12.876330091533184
"7723,2863",2022-06-26,10.21984881209503
"7728,2863",2022-06-26,9.447278617710587
"7733,2863",2022-06-26,10.839275856952076
"7693,2868",2022-06-26,16.40965026111726
"7698,2868",2022-06-26,16.066077652094155
"7703,2868",2022-06-26,14.969593782079478
"7708,2868",2022-06-26,15.874011117612634
"7713,2868",2022-06-26,14.111446964155085
"7718,2868",2022-06-26,12.619026815305816
"7723,2868",2022-06-26,11.253559262510976
"7728,2868",2022-06-26,12.996831152451522
"7733,2868",2022-06-26,12.311771871539312
"7693,2873",2022-06-26,17.764652765810794
"7698,2873",2022-06-26,16.797901013714974
"7703,2873",2022-06-26,16.0451753256047
"7708,2873",2022-06-26,14.5732884945621
"7713,2873",2022-06-26,13.874562106468234
"7718,2873",2022-06-26,11.995566757885644
"7723,2873",2022-06-26,9.687172790768296
"7728,2873",2022-06-26,11.572771348138883
"7733,2873",2022-06-26,11.296631448104407
"7693,2878",2022-06-26,18.460585521081946
"7698,2878",2022-06-26,19.64444515204585
"7703,2878",2022-06-26,17.61671280276816
"7708,2878",2022-06-26,15.39546280023432
"7713,2878",2022-06-26,15.68996957712199
"7718,2878",2022-06-26,14.422149341142013
"7723,2878",2022-06-26,11.17711273792093
"7728,2878",2022-06-26,11.853214233416315
"7693,2883",2022-06-26,16.948158398351243
"7698,2883",2022-06-26,17.553394553514877
"7703,2883",2022-06-26,15.696731642972292
"7708,2883",2022-06-26,15.693696689761369
"7713,2883",2022-06-26,15.47815648445873
"7718,2883",2022-06-26,14.97714155666819
"7723,2883",2022-06-26,13.417200935420043
"7703,2888",2022-06-26,15.924858986175117
"7708,2888",2022-06-26,16.67040217044366
"7713,2888",2022-06-26,16.416935103244843
"7718,2888",2022-06-26,14.09345558739254
"7723,2888",2022-06-26,11.912566270239294
"7713,2843",2023-04-01,11.850590702551552
"7718,2843",2023-04-01,11.866942711287589
"7723,2843",2023-04-01,11.949636856368558
"7708,2848",2023-04-01,11.09994919559696
"7713,2848",2023-04-01,8.776079163554892
"7718,2848",2023-04-01,12.603611007809597
"7723,2848",2023-04-01,11.877226247987112
"7728,2848",2023-04-01,13.061694716242659
"7733,2848",2023-04-01,14.936263157894732
"7688,2853",2023-04-01,12.705047478370963
"7693,2853",2023-04-01,13.855878538668351
"7698,2853",2023-04-01,15.139218655360391
"7703,2853",2023-04-01,15.026365384615378
"7708,2853",2023-04-01,13.509014084507085
"7713,2853",2023-04-01,10.883495024875629
"7718,2853",2023-04-01,12.359162303664913
"7723,2853",2023-04-01,12.41712089447938
"7728,2853",2023-04-01,14.047974276527333
"7733,2853",2023-04-01,14.966718102586082
"7683,2858",2023-04-01,12.217380513164512
"7688,2858",2023-04-01,14.133860268172196
"7693,2858",2023-04-01,13.638000812677781
"7698,2858",2023-04-01,14.296138256087978
"7703,2858",2023-04-01,12.939839063643014
"7708,2858",2023-04-01,7.445000000000022
"7713,2858",2023-04-01,9.865816161148413
"7718,2858",2023-04-01,11.782549686660705
"7723,2858",2023-04-01,11.91555788370875
"7728,2858",2023-04-01,13.093952944614937
"7733,2858",2023-04-01,14.38007308872971
"7693,2863",2023-04-01,12.444233055885844
"7698,2863",2023-04-01,13.555070028011215
"7703,2863",2023-04-01,13.770689136322599
"7708,2863",2023-04-01,13.273382113821151
"7718,2863",2023-04-01,12.63518377693284
"7723,2863",2023-04-01,13.55521022639767
"7728,2863",2023-04-01,13.67380436396022
"7733,2863",2023-04-01,14.55629241209131
"7693,2868",2023-04-01,13.411204580488878
"7698,2868",2023-04-01,14.11746007212777
"7703,2868",2023-04-01,14.442641056422563
"7708,2868",2023-04-01,14.372984293193733
"7713,2868",2023-04-01,10.176923076923071
"7718,2868",2023-04-01,12.50975702114232
"7723,2868",2023-04-01,12.027253000164388
"7728,2868",2023-04-01,14.045093423019427
"7733,2868",2023-04-01,15.035091058244458
"7693,2873",2023-04-01,13.269514897808419
"7698,2873",2023-04-01,12.532071524966264
"7703,2873",2023-04-01,9.918238941711445
"7708,2873",2023-04-01,12.568066258552392
"7713,2873",2023-04-01,11.127465401344402
"7718,2873",2023-04-01,11.849982743744613
"7723,2873",2023-04-01,12.006670528602466
"7728,2873",2023-04-01,13.857770270270276
"7733,2873",2023-04-01,13.864752163650678
"7693,2878",2023-04-01,11.603589743589707
"7698,2878",2023-04-01,13.24939130434782
"7703,2878",2023-04-01,13.336502463054176
"7708,2878",2023-04-01,12.913860182370804
"7713,2878",2023-04-01,13.572338461538482
"7718,2878",2023-04-01,13.32331940874036
"7723,2878",2023-04-01,13.72699203876774
"7728,2878",2023-04-01,14.939935007385513
"7693,2883",2023-04-01,11.70962499999997
"7713,2883",2023-04-01,10.595652173913027
"7718,2883",2023-04-01,12.795165306998713
"7723,2883",2023-04-01,13.289728700618749
"7718,2888",2023-04-01,13.008996088657112
"7723,2888",2023-04-01,14.020327868852457
"7688,2853",2023-04-02,9.89143530891369
"7693,2853",2023-04-02,11.20415512465374
"7698,2853",2023-04-02,9.602142363510708
"7703,2853",2023-04-02,6.787088068181802
"7708,2853",2023-04-02,5.3414012738853724
"7713,2853",2023-04-02,5.509012658227831
"7718,2853",2023-04-02,10.596118881118912
"7723,2853",2023-04-02,8.846476669460733
"7728,2853",2023-04-02,9.214687065368567
"7733,2853",2023-04-02,6.673983926521244
"7683,2858",2023-04-02,12.87756211634025
"7688,2858",2023-04-02,13.529146198830409
"7693,2858",2023-04-02,12.13252082419991
"7698,2858",2023-04-02,10.616122644522514
"7703,2858",2023-04-02,8.84295891318753
"7708,2858",2023-04-02,7.15796945193169
"7713,2858",2023-04-02,7.813484515971709
"7718,2858",2023-04-02,9.625062320230118
"7723,2858",2023-04-02,9.773121243219471
"7728,2858",2023-04-02,6.5329779619514134
"7733,2858",2023-04-02,10.800598073998996
"7688,2863",2023-04-02,13.667466884709734
"7693,2863",2023-04-02,12.90280895231917
"7698,2863",2023-04-02,11.430728363324768
"7703,2863",2023-04-02,10.798608237728036
"7708,2863",2023-04-02,9.683683628318581
"7713,2863",2023-04-02,8.444703359542535
"7718,2863",2023-04-02,12.344481733962594
"7723,2863",2023-04-02,12.384856711915539
"7728,2863",2023-04-02,11.687524716221162
"7733,2863",2023-04-02,14.46671552298469
"7693,2868",2023-04-02,13.12261400829151
"7698,2868",2023-04-02,13.467157278712511
"7703,2868",2023-04-02,13.662692105723789
"7708,2868",2023-04-02,11.940085812356978
"7713,2868",2023-04-02,13.041307044749674
"7718,2868",2023-04-02,14.508742424242426
"7723,2868",2023-04-02,12.69395629238884
"7728,2868",2023-04-02,17.54511299435027
"7693,2873",2023-04-02,12.582019249656263
"7698,2873",2023-04-02,12.704992119214788
"7703,2873",2023-04-02,12.76422467771639
"7708,2873",2023-04-02,12.502329329481519
"7713,2873",2023-04-02,11.512500000000005
"7718,2873",2023-04-02,12.251804654711941
"7723,2873",2023-04-02,12.395245458059534
"7728,2873",2023-04-02,8.519999999999982
"7693,2878",2023-04-02,12.878178752107926
"7698,2878",2023-04-02,13.15616634178038
"7703,2878",2023-04-02,13.836934749620646
"7708,2878",2023-04-02,13.26509635974303
"7718,2878",2023-04-02,7.7539718565592395
"7723,2878",2023-04-02,9.499960218796629
"7728,2878",2023-04-02,9.305941931127643
"7713,2843",2023-04-04,15.048537177108608
"7718,2843",2023-04-04,16.21966894977169
"7723,2843",2023-04-04,15.187874982160702
"7708,2848",2023-04-04,14.94602103418055
"7713,2848",2023-04-04,14.50917506205286
"7718,2848",2023-04-04,15.675270072992689
"7723,2848",2023-04-04,14.708941451306755
"7728,2848",2023-04-04,14.807331678107207
"7733,2848",2023-04-04,14.507998831434412
"7688,2853",2023-04-04,17.408917142857145
"7693,2853",2023-04-04,15.65848593058135
"7698,2853",2023-04-04,15.796889015854877
"7703,2853",2023-04-04,16.554667237932016
"7708,2853",2023-04-04,17.457416404687052
"7713,2853",2023-04-04,15.933049442697921
"7718,2853",2023-04-04,14.594342048864126
"7723,2853",2023-04-04,14.863111428571434
"7728,2853",2023-04-04,15.240128589798541
"7733,2853",2023-04-04,14.26984140591513
"7683,2858",2023-04-04,17.576121017246425
"7688,2858",2023-04-04,19.186514619883035
"7693,2858",2023-04-04,17.402560280578697
"7698,2858",2023-04-04,17.765451622332655
"7703,2858",2023-04-04,16.742566876187688
"7708,2858",2023-04-04,17.027350577232202
"7713,2858",2023-04-04,15.933381063705445
"7718,2858",2023-04-04,14.680824199912315
"7723,2858",2023-04-04,14.645138097325729
"7728,2858",2023-04-04,12.560581616250179
"7733,2858",2023-04-04,13.545177605613212
"7688,2863",2023-04-04,19.065173005433238
"7693,2863",2023-04-04,18.417258041458187
"7698,2863",2023-04-04,18.25379951379951
"7703,2863",2023-04-04,16.465329521086495
"7708,2863",2023-04-04,15.445184443808973
"7713,2863",2023-04-04,15.07979974252611
"7718,2863",2023-04-04,14.825632151029748
"7723,2863",2023-04-04,14.752362700228835
"7728,2863",2023-04-04,14.187208237986276
"7733,2863",2023-04-04,14.410483271375469
"7693,2868",2023-04-04,18.866413107080163
"7698,2868",2023-04-04,18.48359912216533
"7703,2868",2023-04-04,18.76108234605821
"7708,2868",2023-04-04,16.59152428320656
"7713,2868",2023-04-04,15.726548646671551
"7718,2868",2023-04-04,15.577647058823525
"7723,2868",2023-04-04,14.635663496708116
"7728,2868",2023-04-04,15.645725570509075
"7733,2868",2023-04-04,15.238847110460872
"7693,2873",2023-04-04,18.219547731501358
"7698,2873",2023-04-04,17.87827344309235
"7703,2873",2023-04-04,17.96251323887219
"7708,2873",2023-04-04,17.475472238122503
"7713,2873",2023-04-04,16.48915283342873
"7718,2873",2023-04-04,15.577418431597017
"7723,2873",2023-04-04,15.083394876198657
"7728,2873",2023-04-04,16.821720091585576
"7733,2873",2023-04-04,15.583903835145964
"7693,2878",2023-04-04,18.760781844802345
"7698,2878",2023-04-04,17.884501391126072
"7703,2878",2023-04-04,18.967970717423132
"7708,2878",2023-04-04,17.080374926772116
"7713,2878",2023-04-04,18.108408258895878
"7718,2878",2023-04-04,16.156603221083454
"7723,2878",2023-04-04,16.651789165446555
"7728,2878",2023-04-04,17.356111447607514
"7693,2883",2023-04-04,18.456512820512827
"7698,2883",2023-04-04,18.094813946674474
"7703,2883",2023-04-04,17.97676095559138
"7708,2883",2023-04-04,17.928615790244617
"7713,2883",2023-04-04,17.881011137162954
"7718,2883",2023-04-04,17.18070319634703
"7723,2883",2023-04-04,18.07443646489814
"7703,2888",2023-04-04,17.48549441100602
"7708,2888",2023-04-04,18.380963302752292
"7713,2888",2023-04-04,17.57666762259822
"7718,2888",2023-04-04,18.08924068767907
"7723,2888",2023-04-04,17.114684567633894
"7713,2843",2023-04-06,18.446696160981872
"7718,2843",2023-04-06,20.389589041095885
"7723,2843",2023-04-06,18.52922220636506
"7708,2848",2023-04-06,18.149903593339175
"7713,2848",2023-04-06,17.30016936779093
"7718,2848",2023-04-06,18.68898102189781
"7723,2848",2023-04-06,18.115339465615428
"7728,2848",2023-04-06,18.56276617496714
"7733,2848",2023-04-06,18.145021910604743
"7688,2853",2023-04-06,21.904142857142848
"7693,2853",2023-04-06,20.282882445364947
"7698,2853",2023-04-06,20.755397800314242
"7703,2853",2023-04-06,20.268209083119103
"7708,2853",2023-04-06,19.96553015147184
"7713,2853",2023-04-06,18.554129751357536
"7718,2853",2023-04-06,17.09245892270325
"7723,2853",2023-04-06,17.875914285714288
"7728,2853",2023-04-06,18.638465495070722
"7733,2853",2023-04-06,17.91581368766966
"7683,2858",2023-04-06,22.260119847997668
"7688,2858",2023-04-06,24.559222222222207
"7693,2858",2023-04-06,23.1901972818939
"7698,2858",2023-04-06,22.287071031862027
"7703,2858",2023-04-06,19.495936266627677
"7708,2858",2023-04-06,19.520435481513957
"7713,2858",2023-04-06,18.741770894213907
"7718,2858",2023-04-06,17.279029665351455
"7723,2858",2023-04-06,18.054151687856205
"7728,2858",2023-04-06,15.913520385795705
"7733,2858",2023-04-06,17.546940505774018
"7688,2863",2023-04-06,23.7633714612525
"7693,2863",2023-04-06,23.003416726233027
"7698,2863",2023-04-06,22.07002431002431
"7703,2863",2023-04-06,19.26221586847749
"7708,2863",2023-04-06,18.348641692879617
"7713,2863",2023-04-06,18.204399942783592
"7718,2863",2023-04-06,17.795466247139597
"7723,2863",2023-04-06,18.243126430205947
"7728,2863",2023-04-06,18.406636155606414
"7733,2863",2023-04-06,18.606182442093225
"7693,2868",2023-04-06,22.66255997659449
"7698,2868",2023-04-06,21.611959034381858
"7703,2868",2023-04-06,21.830086295158697
"7708,2868",2023-04-06,19.7010561732007
"7713,2868",2023-04-06,18.692099487929777
"7718,2868",2023-04-06,18.933014340064386
"7723,2868",2023-04-06,17.72010241404536
"7728,2868",2023-04-06,19.84100643651258
"7733,2868",2023-04-06,19.155329919531816
"7693,2873",2023-04-06,21.88501789036783
"7698,2873",2023-04-06,21.311599141016462
"7703,2873",2023-04-06,21.02433662516101
"7708,2873",2023-04-06,20.184344590726973
"7713,2873",2023-04-06,19.375666857469955
"7718,2873",2023-04-06,18.71213222667431
"7723,2873",2023-04-06,17.52284814655789
"7728,2873",2023-04-06,20.602498568975392
"7733,2873",2023-04-06,19.73800801373784
"7693,2878",2023-04-06,22.739765739385064
"7698,2878",2023-04-06,21.69046419680773
"7703,2878",2023-04-06,22.88460614934113
"7708,2878",2023-04-06,20.534291154071465
"7713,2878",2023-04-06,21.898023136623216
"7718,2878",2023-04-06,19.273762811127373
"7723,2878",2023-04-06,19.53875256222547
"7728,2878",2023-04-06,20.643578854883582
"7693,2883",2023-04-06,22.41618168498168
"7698,2883",2023-04-06,21.94341341927922
"7703,2883",2023-04-06,21.525756998387813
"7708,2883",2023-04-06,21.82208290610811
"7713,2883",2023-04-06,21.059103165298943
"7718,2883",2023-04-06,20.524855677655687
"7723,2883",2023-04-06,21.29778103473546
"7703,2888",2023-04-06,21.283164230438523
"7708,2888",2023-04-06,21.866473623853217
"7713,2888",2023-04-06,21.350906223114425
"7718,2888",2023-04-06,21.19509455587392
"7723,2888",2023-04-06,22.074351626307486
"7713,2843",2023-04-07,17.14922581683567
"7718,2843",2023-04-07,20.159999999999968
"7708,2848",2023-04-07,15.755828220858888
"7713,2848",2023-04-07,16.436653421633558
"7688,2853",2023-04-07,21.22194857142856
"7693,2853",2023-04-07,19.96580202828167
"7698,2853",2023-04-07,19.955769175832014
"7703,2853",2023-04-07,18.680862610682656
"7708,2853",2023-04-07,17.760580165761635
"7713,2853",2023-04-07,17.738537722108937
"7683,2858",2023-04-07,21.605971938029814
"7688,2858",2023-04-07,22.939687134502925
"7693,2858",2023-04-07,22.18479321934824
"7698,2858",2023-04-07,21.589023677287344
"7703,2858",2023-04-07,18.605279929834815
"7708,2858",2023-04-07,15.967292123337717
"7713,2858",2023-04-07,17.194562184624516
"7688,2863",2023-04-07,22.3033857592222
"7693,2863",2023-04-07,22.067462473195146
"7698,2863",2023-04-07,19.70993564993564
"7703,2863",2023-04-07,17.270979270907795
"7708,2863",2023-04-07,15.104014869888475
"7713,2863",2023-04-07,15.53389642416768
"7693,2868",2023-04-07,19.90304564072557
"7698,2868",2023-04-07,19.62082066869302
"7703,2868",2023-04-07,20.27750475354687
"7708,2868",2023-04-07,16.0327572501104
"7713,2868",2023-04-07,15.726276595744666
"7693,2873",2023-04-07,20.640349219979957
"7698,2873",2023-04-07,20.62428346456693
"7703,2873",2023-04-07,20.130144554172038
"7708,2873",2023-04-07,17.332684226102398
"7713,2873",2023-04-07,15.876734693877559
"7693,2878",2023-04-07,21.72462371888726
"7698,2878",2023-04-07,21.149740811246158
"7703,2878",2023-04-07,21.468983894582724
"7708,2878",2023-04-07,17.865442712793264
"7693,2883",2023-04-07,20.66065355521937
"7698,2883",2023-04-07,20.20542587680519
"7703,2883",2023-04-07,20.66686501538913
"7708,2883",2023-04-07,19.558246336996344
"7703,2888",2023-04-07,19.86627687016336
"7708,2888",2023-04-07,19.906635096027365
"7713,2843",2023-04-08,21.117040102754387
"7718,2843",2023-04-08,22.92656107305935
"7723,2843",2023-04-08,20.81670329670329
"7708,2848",2023-04-08,19.630628104002334
"7713,2848",2023-04-08,18.877307636151272
"7718,2848",2023-04-08,20.835351824817515
"7723,2848",2023-04-08,20.058697620090523
"7728,2848",2023-04-08,20.056372133781224
"7733,2848",2023-04-08,19.593514460999128
"7688,2853",2023-04-08,25.77682571428571
"7693,2853",2023-04-08,24.446019140122846
"7698,2853",2023-04-08,24.126173953633113
"7703,2853",2023-04-08,22.961696658097683
"7708,2853",2023-04-08,22.88569305515862
"7713,2853",2023-04-08,21.16280080022864
"7718,2853",2023-04-08,18.640308615516496
"7723,2853",2023-04-08,18.927845714285713
"7728,2853",2023-04-08,19.833893413344757
"7733,2853",2023-04-08,19.610941563080438
"7683,2858",2023-04-08,25.451400175387313
"7688,2858",2023-04-08,28.38095906432746
"7693,2858",2023-04-08,28.03502822982397
"7698,2858",2023-04-08,26.85807981492192
"7703,2858",2023-04-08,23.05646662763467
"7708,2858",2023-04-08,22.695057723220813
"7713,2858",2023-04-08,21.150938047925198
"7718,2858",2023-04-08,18.768125091334205
"7723,2858",2023-04-08,19.006292561741926
"7728,2858",2023-04-08,17.195703638754928
"7733,2858",2023-04-08,19.228633240754277
"7688,2863",2023-04-08,27.45737203317131
"7693,2863",2023-04-08,27.13653441061896
"7698,2863",2023-04-08,25.53969683969685
"7703,2863",2023-04-08,21.339002144388854
"7708,2863",2023-04-08,19.447249070631973
"7713,2863",2023-04-08,19.843052496066385
"7718,2863",2023-04-08,19.610643592677345
"7723,2863",2023-04-08,19.633935926773457
"7728,2863",2023-04-08,19.766967963386733
"7733,2863",2023-04-08,20.20529024878469
"7693,2868",2023-04-08,26.27442889390518
"7698,2868",2023-04-08,25.296280907095824
"7703,2868",2023-04-08,24.495141143776507
"7708,2868",2023-04-08,21.5445611468695
"7713,2868",2023-04-08,19.697512801755675
"7718,2868",2023-04-08,19.945291191103312
"7723,2868",2023-04-08,18.71423555230432
"7728,2868",2023-04-08,21.12504681100059
"7733,2868",2023-04-08,20.495824433065106
"7693,2873",2023-04-08,25.96418491484185
"7698,2873",2023-04-08,25.350387974230497
"7703,2873",2023-04-08,24.188636038356957
"7708,2873",2023-04-08,22.598732112192337
"7713,2873",2023-04-08,20.886107613050957
"7718,2873",2023-04-08,20.25581282198054
"7723,2873",2023-04-08,18.959896951481326
"7728,2873",2023-04-08,22.18271608471666
"7733,2873",2023-04-08,21.639032627361196
"7693,2878",2023-04-08,26.87234846266472
"7698,2878",2023-04-08,25.903777923784496
"7703,2878",2023-04-08,26.5706713677097
"7708,2878",2023-04-08,24.339062683069702
"7713,2878",2023-04-08,24.73605798799239
"7718,2878",2023-04-08,21.55304538799414
"7723,2878",2023-04-08,21.936790629575395
"7728,2878",2023-04-08,23.926630546200027
"7693,2883",2023-04-08,26.53517948717948
"7698,2883",2023-04-08,26.19046586580721
"7703,2883",2023-04-08,25.088418584200507
"7708,2883",2023-04-08,25.108671451589302
"7713,2883",2023-04-08,24.401570926143027
"7718,2883",2023-04-08,23.41014505494506
"7723,2883",2023-04-08,24.60588304264987
"7703,2888",2023-04-08,25.216807108053874
"7708,2888",2023-04-08,25.352835435779824
"7713,2888",2023-04-08,24.43588758244909
"7718,2888",2023-04-08,23.923919770773626
"7723,2888",2023-04-08,25.53994555093853
"7713,2843",2023-04-09,20.060450977593828
"7718,2843",2023-04-09,21.041298515981726
"7723,2843",2023-04-09,18.77481090338234
"7708,2848",2023-04-09,18.639868536371605
"7713,2848",2023-04-09,18.78518323842897
"7718,2848",2023-04-09,19.895302189781017
"7723,2848",2023-04-09,19.664491166593656
"7728,2848",2023-04-09,19.41397692420038
"7733,2848",2023-04-09,17.56550978673678
"7688,2853",2023-04-09,23.806551428571428
"7693,2853",2023-04-09,22.506619054420806
"7698,2853",2023-04-09,22.63198971575488
"7703,2853",2023-04-09,21.142170808340463
"7708,2853",2023-04-09,20.931037439268355
"7713,2853",2023-04-09,19.615598742497856
"7718,2853",2023-04-09,18.034519217031004
"7723,2853",2023-04-09,18.120260000000002
"7728,2853",2023-04-09,18.018985569367054
"7733,2853",2023-04-09,17.60506072296042
"7683,2858",2023-04-09,23.831090324466533
"7688,2858",2023-04-09,26.284766081871346
"7693,2858",2023-04-09,25.186891714160453
"7698,2858",2023-04-09,23.90138848289973
"7703,2858",2023-04-09,20.96109340739658
"7708,2858",2023-04-09,19.749150957182533
"7713,2858",2023-04-09,18.552080654587957
"7718,2858",2023-04-09,17.216095279848012
"7723,2858",2023-04-09,16.894905743095133
"7728,2858",2023-04-09,15.59760046763115
"7733,2858",2023-04-09,16.372308142084485
"7688,2863",2023-04-09,24.75250786388333
"7693,2863",2023-04-09,24.32781701215155
"7698,2863",2023-04-09,22.285348205348214
"7703,2863",2023-04-09,19.14448606147249
"7708,2863",2023-04-09,17.372396339719767
"7713,2863",2023-04-09,17.438618223430133
"7718,2863",2023-04-09,18.256215675057213
"7723,2863",2023-04-09,16.53926773455377
"7728,2863",2023-04-09,17.37550915331808
"7733,2863",2023-04-09,16.711424077780965
"7693,2868",2023-04-09,23.095895260386193
"7698,2868",2023-04-09,22.523543525969277
"7703,2868",2023-04-09,22.254515138218512
"7708,2868",2023-04-09,18.620251609128143
"7713,2868",2023-04-09,17.213337234820777
"7718,2868",2023-04-09,16.488966930055604
"7723,2868",2023-04-09,16.578057059253833
"7728,2868",2023-04-09,17.145702165008775
"7733,2868",2023-04-09,17.129910753474757
"7693,2873",2023-04-09,23.13600686990124
"7698,2873",2023-04-09,22.943115246957767
"7703,2873",2023-04-09,21.676353227422357
"7708,2873",2023-04-09,19.404358900973104
"7713,2873",2023-04-09,18.272146536920452
"7718,2873",2023-04-09,17.2465540927304
"7723,2873",2023-04-09,17.411043366251622
"7728,2873",2023-04-09,18.229218660560967
"7733,2873",2023-04-09,18.171422438465953
"7693,2878",2023-04-09,24.14898389458272
"7698,2878",2023-04-09,23.08455703616929
"7703,2878",2023-04-09,23.419953147877013
"7708,2878",2023-04-09,20.864551845342707
"7713,2878",2023-04-09,22.141774784009367
"7718,2878",2023-04-09,19.29107174231331
"7723,2878",2023-04-09,20.36071449487554
"7728,2878",2023-04-09,19.83556011129009
"7693,2883",2023-04-09,23.639897435897442
"7698,2883",2023-04-09,23.04950190448287
"7703,2883",2023-04-09,22.745915286530856
"7708,2883",2023-04-09,21.55534495385969
"7713,2883",2023-04-09,20.79666471277844
"7718,2883",2023-04-09,20.70868571428571
"7723,2883",2023-04-09,21.8825179539792
"7703,2888",2023-04-09,21.947429062768705
"7708,2888",2023-04-09,21.839615825688067
"7713,2888",2023-04-09,20.124244336105534
"7718,2888",2023-04-09,21.035406876790834
"7723,2888",2023-04-09,22.20346181401347
"7713,2843",2023-04-10,18.49228485799914
"7718,2843",2023-04-10,19.831201484018255
"7723,2843",2023-04-10,19.284024546881678
"7708,2848",2023-04-10,19.10665205959685
"7713,2848",2023-04-10,18.855733683749452
"7718,2848",2023-04-10,20.291594160583944
"7723,2848",2023-04-10,19.578904949627677
"7728,2848",2023-04-10,19.065488535124867
"7733,2848",2023-04-10,18.10870873502775
"7688,2853",2023-04-10,16.172538192527146
"7693,2853",2023-04-10,16.208416684865686
"7698,2853",2023-04-10,23.25200399942866
"7703,2853",2023-04-10,22.178246215367032
"7708,2853",2023-04-10,21.65527865104315
"7713,2853",2023-04-10,19.860948842526433
"7718,2853",2023-04-10,15.737473924846407
"7723,2853",2023-04-10,15.118800458058978
"7728,2853",2023-04-10,18.030658837009447
"7733,2853",2023-04-10,17.96422917559651
"7688,2858",2023-04-10,17.02266666666667
"7693,2858",2023-04-10,20.095975083852416
"7698,2858",2023-04-10,24.9002455422391
"7703,2858",2023-04-10,21.292287677240164
"7708,2858",2023-04-10,20.551746310097915
"7713,2858",2023-04-10,18.689722384570427
"7718,2858",2023-04-10,14.485292266931609
"7723,2858",2023-04-10,8.524377035830618
"7728,2858",2023-04-10,10.51197353279631
"7733,2858",2023-04-10,17.26265084944346
"7688,2863",2023-04-10,17.474521410579328
"7693,2863",2023-04-10,20.558283662477567
"7698,2863",2023-04-10,20.925333905333904
"7703,2863",2023-04-10,14.288231797919774
"7708,2863",2023-04-10,12.74215613382899
"7713,2863",2023-04-10,12.992587101556696
"7718,2863",2023-04-10,13.091257285595342
"7723,2863",2023-04-10,8.58427184466016
"7728,2863",2023-04-10,6.30974212034383
"7733,2863",2023-04-10,14.051631037212983
"7693,2868",2023-04-10,21.479129890453834
"7698,2868",2023-04-10,21.224081931236288
"7703,2868",2023-04-10,18.296684898207236
"7708,2868",2023-04-10,13.51045829514207
"7693,2873",2023-04-10,21.775397121083824
"7698,2873",2023-04-10,23.645811046511643
"7703,2873",2023-04-10,21.79843709746672
"7708,2873",2023-04-10,13.972928660826037
"7713,2873",2023-04-10,12.99974381625441
"7718,2873",2023-04-10,9.769322381930193
"7723,2873",2023-04-10,7.179809674861221
"7728,2873",2023-04-10,15.08819801980196
"7733,2873",2023-04-10,13.937641618497128
"7693,2878",2023-04-10,19.498271245634456
"7698,2878",2023-04-10,19.918301643570736
"7703,2878",2023-04-10,24.433021961932663
"7708,2878",2023-04-10,21.590225541886348
"7713,2878",2023-04-10,20.138622910596528
"7718,2878",2023-04-10,15.612442609413701
"7723,2878",2023-04-10,14.613251777153245
"7728,2878",2023-04-10,14.436502271252428
"7693,2883",2023-04-10,26.062523076923082
"7698,2883",2023-04-10,26.868028127746843
"7703,2883",2023-04-10,24.107108310127526
"7708,2883",2023-04-10,23.73544748791564
"7713,2883",2023-04-10,22.81266998827667
"7718,2883",2023-04-10,21.93977435897436
"7723,2883",2023-04-10,21.026127235414826
"7703,2888",2023-04-10,25.78284227525569
"7708,2888",2023-04-10,25.36822247706422
"7713,2888",2023-04-10,23.522555205047322
"7718,2888",2023-04-10,22.9200028653295
"7723,2888",2023-04-10,24.412400057314805
"7713,2843",2023-04-11,20.75213822894169
"7708,2848",2023-04-11,19.76635527246992
"7713,2848",2023-04-11,18.977717065868266
"7718,2848",2023-04-11,18.723184079602028
"7688,2853",2023-04-11,29.869110275689227
"7693,2853",2023-04-11,24.95365079365077
"7698,2853",2023-04-11,23.619441797140908
"7703,2853",2023-04-11,19.488223645893992
"7708,2853",2023-04-11,20.641593188268693
"7713,2853",2023-04-11,19.67689458196295
"7718,2853",2023-04-11,18.36905852417305
"7723,2853",2023-04-11,17.388541666666676
"7728,2853",2023-04-11,12.694285714285698
"7733,2853",2023-04-11,16.774188034188036
"7683,2858",2023-04-11,31.019188034188012
"7688,2858",2023-04-11,32.54511410788381
"7693,2858",2023-04-11,29.665882352941182
"7698,2858",2023-04-11,27.24031029619181
"7703,2858",2023-04-11,24.222538787023968
"7708,2858",2023-04-11,22.921991373112867
"7713,2858",2023-04-11,19.879433698903284
"7718,2858",2023-04-11,17.247611895464104
"7723,2858",2023-04-11,18.11983584131326
"7728,2858",2023-04-11,17.814376528117357
"7733,2858",2023-04-11,18.03494067067927
"7703,2863",2023-04-11,25.165238095238085
"7708,2863",2023-04-11,23.97999999999996
"7718,2863",2023-04-11,19.454598393574315
"7723,2863",2023-04-11,19.239911012235808
"7728,2863",2023-04-11,19.081690245718537
"7733,2863",2023-04-11,17.96909922790964
"7708,2868",2023-04-11,19.04000000000002
"7713,2868",2023-04-11,18.01296060991106
"7718,2868",2023-04-11,17.509732458354367
"7723,2868",2023-04-11,18.17853694220922
"7728,2868",2023-04-11,18.585055588063195
"7733,2868",2023-04-11,17.847329919531823
"7708,2873",2023-04-11,22.79502631578948
"7713,2873",2023-04-11,18.359911725761368
"7718,2873",2023-04-11,18.474456210646824
"7723,2873",2023-04-11,17.807491054816087
"7728,2873",2023-04-11,19.565706926159123
"7733,2873",2023-04-11,19.108434459072704
"7708,2878",2023-04-11,19.77074074074076
"7713,2878",2023-04-11,20.991582649472456
"7718,2878",2023-04-11,18.128720414201187
"7723,2878",2023-04-11,20.877850637522773
"7728,2878",2023-04-11,20.241073993131437
"7723,2883",2023-04-11,23.235485436893203
"7713,2843",2023-04-13,30.357400935269524
"7718,2843",2023-04-13,29.03256810529538
"7723,2843",2023-04-13,27.710601336302876
"7708,2848",2023-04-13,22.58457640232108
"7713,2848",2023-04-13,22.12932866316403
"7718,2848",2023-04-13,21.946080770995874
"7723,2848",2023-04-13,21.42580525883319
"7728,2848",2023-04-13,21.457225170583783
"7733,2848",2023-04-13,21.34308310055866
"7688,2853",2023-04-13,31.240143431869864
"7693,2853",2023-04-13,28.323947001394693
"7698,2853",2023-04-13,27.066515892420536
"7703,2853",2023-04-13,24.04887449392713
"7708,2853",2023-04-13,24.52485634847081
"7713,2853",2023-04-13,23.10477749790092
"7718,2853",2023-04-13,20.365342669845052
"7723,2853",2023-04-13,19.924371428571444
"7728,2853",2023-04-13,20.575056436633794
"7733,2853",2023-04-13,20.568992713244754
"7683,2858",2023-04-13,27.627625366455796
"7688,2858",2023-04-13,30.159815789473676
"7693,2858",2023-04-13,28.998237615081095
"7698,2858",2023-04-13,28.582624150548877
"7703,2858",2023-04-13,24.079771331780652
"7708,2858",2023-04-13,24.088520222046004
"7713,2858",2023-04-13,22.936992986557563
"7718,2858",2023-04-13,19.85307552870091
"7723,2858",2023-04-13,19.487312582200786
"7728,2858",2023-04-13,17.579403770276198
"7733,2858",2023-04-13,19.70291477854115
"7688,2863",2023-04-13,28.871579894973745
"7693,2863",2023-04-13,28.01432165832739
"7698,2863",2023-04-13,25.6258487058487
"7703,2863",2023-04-13,20.94605861329521
"7708,2863",2023-04-13,19.350857878181305
"7713,2863",2023-04-13,20.07083679015879
"7718,2863",2023-04-13,20.044636727688793
"7723,2863",2023-04-13,19.451235697940504
"7728,2863",2023-04-13,20.186427345537766
"7733,2863",2023-04-13,21.175630540463256
"7693,2868",2023-04-13,26.728019309537736
"7698,2868",2023-04-13,24.761714703730803
"7703,2868",2023-04-13,23.064235775925106
"7708,2868",2023-04-13,20.373086600351083
"7713,2868",2023-04-13,19.20512070226774
"7718,2868",2023-04-13,19.356599356160377
"7723,2868",2023-04-13,18.300857351865396
"7728,2868",2023-04-13,20.43287595084846
"7733,2868",2023-04-13,20.212020482809066
"7693,2873",2023-04-13,25.16092457420925
"7698,2873",2023-04-13,25.04747888332141
"7703,2873",2023-04-13,22.984805528768895
"7708,2873",2023-04-13,21.472180196801975
"7713,2873",2023-04-13,20.131894298434585
"7718,2873",2023-04-13,19.138194046937606
"7723,2873",2023-04-13,18.57446400457994
"7728,2873",2023-04-13,21.319885518030908
"7733,2873",2023-04-13,21.93576130509444
"7693,2878",2023-04-13,26.453997071742307
"7698,2878",2023-04-13,25.190470054180704
"7703,2878",2023-04-13,25.761241581259164
"7708,2878",2023-04-13,22.96071763327475
"7713,2878",2023-04-13,23.89718553228876
"7718,2878",2023-04-13,20.527780380673498
"7723,2878",2023-04-13,20.565115666178624
"7728,2878",2023-04-13,22.71202225801727
"7693,2883",2023-04-13,25.527006593406593
"7698,2883",2023-04-13,25.26840316437153
"7703,2883",2023-04-13,23.80160340026381
"7708,2883",2023-04-13,23.187810165519274
"7713,2883",2023-04-13,22.570061547479487
"7718,2883",2023-04-13,21.600005860805858
"7723,2883",2023-04-13,23.205824417411698
"7703,2888",2023-04-13,23.932728575523072
"7708,2888",2023-04-13,23.974673165137606
"7713,2888",2023-04-13,22.570286779466574
"7718,2888",2023-04-13,22.587742120343833
"7723,2888",2023-04-13,24.251096145579595
"7708,2848",2023-04-14,11.60384150030248
"7713,2843",2023-04-15,23.44650555967382
"7718,2843",2023-04-15,25.429567999999993
"7723,2843",2023-04-15,23.658935350363922
"7708,2848",2023-04-15,21.23289219982471
"7713,2848",2023-04-15,21.41486056358593
"7718,2848",2023-04-15,22.641261313868622
"7723,2848",2023-04-15,22.234806048652196
"7728,2848",2023-04-15,22.91158755659413
"7733,2848",2023-04-15,21.916791767554475
"7688,2853",2023-04-15,27.669068802746388
"7693,2853",2023-04-15,28.73683872849228
"7698,2853",2023-04-15,26.457634557634552
"7703,2853",2023-04-15,22.931467143140758
"7708,2853",2023-04-15,23.064495570162897
"7713,2853",2023-04-15,22.923284799068142
"7718,2853",2023-04-15,21.169493670886073
"7723,2853",2023-04-15,21.531197752019676
"7728,2853",2023-04-15,26.394753086419755
"7733,2853",2023-04-15,24.923100088573968
"7683,2858",2023-04-15,27.23986845951476
"7688,2858",2023-04-15,30.228374269005837
"7693,2858",2023-04-15,29.55986847873738
"7698,2858",2023-04-15,27.251757824849822
"7703,2858",2023-04-15,21.94030805225189
"7708,2858",2023-04-15,24.630323151837096
"7713,2858",2023-04-15,26.410034924330603
"7718,2858",2023-04-15,21.149327472527457
"7723,2858",2023-04-15,22.005795564127293
"7728,2858",2023-04-15,20.559978421147285
"7733,2858",2023-04-15,23.189852738150023
"7688,2863",2023-04-15,28.48768086931657
"7693,2863",2023-04-15,27.91543159130947
"7698,2863",2023-04-15,23.177095828635863
"7703,2863",2023-04-15,19.835696016463334
"7708,2863",2023-04-15,19.50352977192714
"7713,2863",2023-04-15,27.985667166416796
"7718,2863",2023-04-15,24.921689768976908
"7723,2863",2023-04-15,21.27819921568627
"7728,2863",2023-04-15,21.483584096109837
"7733,2863",2023-04-15,21.77874622356495
"7693,2868",2023-04-15,26.109201075779136
"7698,2868",2023-04-15,24.580371410062618
"7703,2868",2023-04-15,22.44519126965501
"7708,2868",2023-04-15,20.151309067688366
"7713,2868",2023-04-15,20.730955870887257
"7718,2868",2023-04-15,20.62510782501541
"7723,2868",2023-04-15,19.23188002926116
"7728,2868",2023-04-15,22.263206553540083
"7733,2868",2023-04-15,24.908421360643757
"7693,2873",2023-04-15,26.200409331615862
"7698,2873",2023-04-15,26.066212229700707
"7703,2873",2023-04-15,23.35082432432433
"7708,2873",2023-04-15,21.129821558102417
"7713,2873",2023-04-15,19.846794504865493
"7718,2873",2023-04-15,19.475148826559828
"7723,2873",2023-04-15,19.38016316015457
"7728,2873",2023-04-15,22.921682618092007
"7733,2873",2023-04-15,24.603463889517766
"7693,2878",2023-04-15,28.083244509516827
"7698,2878",2023-04-15,26.802477668765565
"7703,2878",2023-04-15,26.4664411027569
"7708,2878",2023-04-15,23.13699805068226
"7713,2878",2023-04-15,23.107374432566985
"7718,2878",2023-04-15,21.291447368421043
"7723,2878",2023-04-15,22.075721815519763
"7728,2878",2023-04-15,22.983420705813437
"7693,2883",2023-04-15,27.51855238095238
"7698,2883",2023-04-15,26.996876648110167
"7703,2883",2023-04-15,25.259962578669846
"7708,2883",2023-04-15,23.664261734535295
"7713,2883",2023-04-15,23.62056858147714
"7718,2883",2023-04-15,23.9509421683183
"7723,2883",2023-04-15,25.4934955298256
"7703,2888",2023-04-15,26.253970712001358
"7708,2888",2023-04-15,25.422351375332745
"7713,2888",2023-04-15,24.717181705809637
"7718,2888",2023-04-15,25.246330202197093
"7723,2888",2023-04-15,26.30505314437555
"7713,2843",2023-04-16,14.958444412730115
"7718,2843",2023-04-16,14.56239726027397
"7723,2843",2023-04-16,11.710155558726992
"7708,2848",2023-04-16,13.258957055214724
"7713,2848",2023-04-16,13.584076507519352
"7718,2848",2023-04-16,13.611351824817513
"7723,2848",2023-04-16,12.434621112571184
"7728,2848",2023-04-16,11.713080181101205
"7733,2848",2023-04-16,11.20736488460415
"7688,2853",2023-04-16,20.303377803841066
"7693,2853",2023-04-16,18.6386144836452
"7698,2853",2023-04-16,17.934020854163695
"7703,2853",2023-04-16,16.436749500142813
"7708,2853",2023-04-16,16.202526436124607
"7713,2853",2023-04-16,14.828873963989711
"7718,2853",2023-04-16,12.56295470781541
"7723,2853",2023-04-16,11.348125714285713
"7728,2853",2023-04-16,10.261423060437206
"7733,2853",2023-04-16,10.520381799913876
"7683,2858",2023-04-16,20.736810874013443
"7688,2858",2023-04-16,21.96733625730994
"7693,2858",2023-04-16,21.05190121291831
"7698,2858",2023-04-16,19.930874013446367
"7703,2858",2023-04-16,16.796366028358428
"7708,2858",2023-04-16,15.144898436358327
"7713,2858",2023-04-16,14.393454120397433
"7718,2858",2023-04-16,12.786374397194209
"7723,2858",2023-04-16,11.554137074382579
"7728,2858",2023-04-16,10.20947829899168
"7733,2858",2023-04-16,10.981677243880336
"7688,2863",2023-04-16,20.95624535315985
"7693,2863",2023-04-16,20.414647605432453
"7698,2863",2023-04-16,17.111774631774637
"7703,2863",2023-04-16,13.893609721229451
"7708,2863",2023-04-16,12.079476694309408
"7713,2863",2023-04-16,12.741410384780439
"7718,2863",2023-04-16,13.633378146453099
"7723,2863",2023-04-16,11.457193935926782
"7728,2863",2023-04-16,12.796001144164762
"7733,2863",2023-04-16,12.27823563054046
"7693,2868",2023-04-16,17.495049736688124
"7698,2868",2023-04-16,17.408620336503283
"7703,2868",2023-04-16,15.672917946467752
"7708,2868",2023-04-16,11.368507899356342
"7713,2868",2023-04-16,11.607675201170446
"7718,2868",2023-04-16,10.449060579455654
"7723,2868",2023-04-16,10.081855157278708
"7728,2868",2023-04-16,12.309057928613234
"7733,2868",2023-04-16,12.983441111923913
"7693,2873",2023-04-16,17.372674729071782
"7698,2873",2023-04-16,18.416355046528277
"7703,2873",2023-04-16,16.48443681122084
"7708,2873",2023-04-16,13.283013737836296
"7713,2873",2023-04-16,12.293591871780194
"7718,2873",2023-04-16,11.178231253577568
"7723,2873",2023-04-16,11.349314441104914
"7728,2873",2023-04-16,11.25167716084716
"7733,2873",2023-04-16,13.56125071551231
"7693,2878",2023-04-16,18.981440322830966
"7698,2878",2023-04-16,19.29118398768283
"7703,2878",2023-04-16,17.364598882006348
"7708,2878",2023-04-16,14.873467943994104
"7713,2878",2023-04-16,15.604946551471663
"7718,2878",2023-04-16,12.463282576866765
"7723,2878",2023-04-16,13.230468521229861
"7728,2878",2023-04-16,12.3663757504759
"7693,2883",2023-04-16,18.685928200283435
"7698,2883",2023-04-16,19.641880663361253
"7703,2883",2023-04-16,18.284672431481756
"7708,2883",2023-04-16,15.902003808407802
"7713,2883",2023-04-16,15.833452520515841
"7718,2883",2023-04-16,15.389254212454208
"7723,2883",2023-04-16,16.499633592261475
"7703,2888",2023-04-16,18.017915895265794
"7708,2888",2023-04-16,16.511864081397572
"7713,2888",2023-04-16,14.117966733581866
"7718,2888",2023-04-16,16.07392263610315
"7723,2888",2023-04-16,17.692150737928063
"7713,2843",2023-04-17,20.1522946973252
"7718,2843",2023-04-17,22.05485950698155
"7723,2843",2023-04-17,21.002360210071057
"7708,2848",2023-04-17,18.96700555068653
"7713,2848",2023-04-17,19.24637545653762
"7718,2848",2023-04-17,20.5170253929867
"7723,2848",2023-04-17,20.648014234875443
"7728,2848",2023-04-17,21.04215568862276
"7733,2848",2023-04-17,21.056311384809725
"7688,2853",2023-04-17,27.609202053196444
"7693,2853",2023-04-17,26.051655765920835
"7698,2853",2023-04-17,24.505584988962493
"7703,2853",2023-04-17,21.40925455804292
"7708,2853",2023-04-17,21.2019183538002
"7713,2853",2023-04-17,20.755635895970286
"7718,2853",2023-04-17,18.7748421203029
"7723,2853",2023-04-17,19.033997142857153
"7728,2853",2023-04-17,20.07533647663952
"7733,2853",2023-04-17,20.679511358765534
"7683,2858",2023-04-17,27.546090637450195
"7688,2858",2023-04-17,29.939645176619678
"7693,2858",2023-04-17,29.203226654975886
"7698,2858",2023-04-17,26.58394050529748
"7703,2858",2023-04-17,22.17353853274705
"7708,2858",2023-04-17,22.148145550197285
"7713,2858",2023-04-17,20.637229690239625
"7718,2858",2023-04-17,19.32033903258804
"7723,2858",2023-04-17,18.99332456524916
"7728,2858",2023-04-17,17.480654683618297
"7733,2858",2023-04-17,19.918938751644493
"7688,2863",2023-04-17,28.77719596541787
"7693,2863",2023-04-17,27.964639779386427
"7698,2863",2023-04-17,23.450040232454207
"7703,2863",2023-04-17,20.68997356554191
"7708,2863",2023-04-17,19.52933371461252
"7713,2863",2023-04-17,19.702649120297526
"7718,2863",2023-04-17,19.120252301397898
"7723,2863",2023-04-17,18.678653734800225
"7728,2863",2023-04-17,19.111633295194512
"7733,2863",2023-04-17,19.893321834123917
"7693,2868",2023-04-17,24.147045498176222
"7698,2868",2023-04-17,23.326059662775624
"7703,2868",2023-04-17,21.425303933253875
"7708,2868",2023-04-17,20.28749404052444
"7713,2868",2023-04-17,21.49325589581132
"7718,2868",2023-04-17,20.694448998178515
"7723,2868",2023-04-17,18.68651436993368
"7728,2868",2023-04-17,20.274397163120565
"7733,2868",2023-04-17,20.74267154352596
"7693,2873",2023-04-17,22.09689215686274
"7698,2873",2023-04-17,25.503425183118235
"7703,2873",2023-04-17,24.174922118380064
"7708,2873",2023-04-17,21.55824267782428
"7713,2873",2023-04-17,24.262365376944558
"7718,2873",2023-04-17,22.327398823936363
"7723,2873",2023-04-17,20.59012711864408
"7728,2873",2023-04-17,22.048057216054644
"7733,2873",2023-04-17,20.487148530579827
"7713,2878",2023-04-17,25.2321979204016
"7718,2878",2023-04-17,23.325361628410583
"7723,2878",2023-04-17,21.916826196473558
"7713,2843",2023-04-18,17.0710508162796
"7718,2843",2023-04-18,16.275450913242004
"7723,2843",2023-04-18,16.70964178678464
"7708,2848",2023-04-18,14.684261712439417
"7713,2848",2023-04-18,15.804263721552884
"7718,2848",2023-04-18,16.17658529188779
"7723,2848",2023-04-18,18.131502409110816
"7728,2848",2023-04-18,17.7880268730831
"7733,2848",2023-04-18,16.718945369558867
"7688,2853",2023-04-18,25.12929539295393
"7693,2853",2023-04-18,24.44866962962963
"7698,2853",2023-04-18,21.012572231139643
"7703,2853",2023-04-18,17.50308977930147
"7708,2853",2023-04-18,17.361146711635744
"7713,2853",2023-04-18,16.42061607572598
"7718,2853",2023-04-18,15.948589798542644
"7723,2853",2023-04-18,14.725638344226581
"7728,2853",2023-04-18,13.723674901330206
"7733,2853",2023-04-18,15.302898417089287
"7683,2858",2023-04-18,28.130311359244143
"7688,2858",2023-04-18,25.81960834836383
"7693,2858",2023-04-18,28.907785288270368
"7698,2858",2023-04-18,24.598116677235254
"7703,2858",2023-04-18,18.14157611940298
"7708,2858",2023-04-18,17.24991706539075
"7713,2858",2023-04-18,16.522834599649325
"7718,2858",2023-04-18,14.143811193920794
"7723,2858",2023-04-18,13.707072921233376
"7728,2858",2023-04-18,11.888189390618157
"7733,2858",2023-04-18,14.066823563806464
"7688,2863",2023-04-18,27.7441121495327
"7693,2863",2023-04-18,27.10569912609239
"7698,2863",2023-04-18,22.679838833461247
"7703,2863",2023-04-18,16.62160369437448
"7708,2863",2023-04-18,13.250603270062035
"7713,2863",2023-04-18,13.23205463182898
"7718,2863",2023-04-18,13.951541762013738
"7723,2863",2023-04-18,12.677139588100692
"7728,2863",2023-04-18,13.828586855908686
"7733,2863",2023-04-18,13.53051472690878
"7693,2868",2023-04-18,20.48150583657587
"7698,2868",2023-04-18,20.160966010733453
"7703,2868",2023-04-18,19.1023131955485
"7708,2868",2023-04-18,15.883810642941075
"7713,2868",2023-04-18,13.380207754206292
"7718,2868",2023-04-18,12.669566059666796
"7723,2868",2023-04-18,12.454035912065788
"7728,2868",2023-04-18,13.981614793116067
"7733,2868",2023-04-18,13.80279815100154
"7693,2873",2023-04-18,19.300090909090898
"7698,2873",2023-04-18,23.682204104582528
"7703,2873",2023-04-18,16.409656203288495
"7708,2873",2023-04-18,13.714814159292038
"7713,2873",2023-04-18,13.087051963642603
"7718,2873",2023-04-18,12.316045673076921
"7723,2873",2023-04-18,13.912535514421016
"7728,2873",2023-04-18,15.264067013287118
"7733,2873",2023-04-18,15.257704636519751
"7693,2878",2023-04-18,28.672289780077634
"7698,2878",2023-04-18,23.610686070686057
"7703,2878",2023-04-18,19.642849958088856
"7708,2878",2023-04-18,16.194368147720724
"7713,2878",2023-04-18,17.590916761317537
"7718,2878",2023-04-18,14.750234404536863
"7723,2878",2023-04-18,15.93056476455919
"7728,2878",2023-04-18,16.664520801751717
"7693,2883",2023-04-18,22.809253634894993
"7698,2883",2023-04-18,20.501242155377618
"7703,2883",2023-04-18,19.87697421981004
"7708,2883",2023-04-18,17.987848605577692
"7713,2883",2023-04-18,19.077309495896827
"7718,2883",2023-04-18,17.80856678006213
"7723,2883",2023-04-18,16.71183727468166
"7703,2888",2023-04-18,22.77195804195804
"7708,2888",2023-04-18,21.671664936990364
"7713,2888",2023-04-18,17.458078882258764
"7718,2888",2023-04-18,18.604794961921495
"7723,2888",2023-04-18,19.58021475580187
"7728,2848",2023-04-19,12.697984693877576
"7733,2848",2023-04-19,10.634536585365867
"7728,2853",2023-04-19,14.288187134502909
"7733,2853",2023-04-19,12.605584492453387
"7693,2858",2023-04-19,32.85424083769632
"7728,2858",2023-04-19,17.28000000000003
"7733,2858",2023-04-19,15.087455497382209
"7688,2863",2023-04-19,31.64596491228073
"7693,2863",2023-04-19,31.91925925925926
"7713,2843",2023-04-20,18.679361811631495
"7718,2843",2023-04-20,19.308662857142856
"7723,2843",2023-04-20,17.984894706886738
"7708,2848",2023-04-20,18.30772982456141
"7713,2848",2023-04-20,13.653895216400917
"7718,2848",2023-04-20,15.220000000000027
"7723,2848",2023-04-20,19.6997396449704
"7728,2848",2023-04-20,16.76097193702943
"7688,2853",2023-04-20,27.230949802429386
"7693,2853",2023-04-20,24.399407407407406
"7698,2853",2023-04-20,25.43487485101311
"7703,2853",2023-04-20,23.998974789915966
"7708,2853",2023-04-20,18.11828775267541
"7713,2853",2023-04-20,16.293579335793375
"7683,2858",2023-04-20,21.320817641228942
"7688,2858",2023-04-20,27.079801140517617
"7693,2858",2023-04-20,26.561530293566523
"7698,2858",2023-04-20,24.636690157958686
"7703,2858",2023-04-20,16.394968354430347
"7708,2858",2023-04-20,22.105614224137945
"7713,2858",2023-04-20,20.85591836734697
"7688,2863",2023-04-20,20.85006976744185
"7693,2863",2023-04-20,19.390758407687034
"7698,2863",2023-04-20,20.104717470191805
"7703,2863",2023-04-20,15.05300604766986
"7708,2863",2023-04-20,14.519999999999982
"7693,2868",2023-04-20,19.171379724055182
"7698,2868",2023-04-20,16.84659927797834
"7703,2868",2023-04-20,15.139999999999986
"7708,2868",2023-04-20,14.853455838767056
"7713,2868",2023-04-20,17.577003012048195
"7718,2868",2023-04-20,14.859567901234563
"7693,2873",2023-04-20,24.320562520090018
"7698,2873",2023-04-20,21.131097521725138
"7703,2873",2023-04-20,18.005132743362836
"7708,2873",2023-04-20,18.5
"7713,2873",2023-04-20,15.520368474923238
"7718,2873",2023-04-20,16.33426816786081
"7723,2873",2023-04-20,16.908471737613404
"7693,2878",2023-04-20,29.165920937042458
"7698,2878",2023-04-20,27.337771269585584
"7703,2878",2023-04-20,21.66435724743778
"7708,2878",2023-04-20,16.38614084507042
"7713,2878",2023-04-20,18.8987906976744
"7718,2878",2023-04-20,15.51045871559631
"7693,2883",2023-04-20,28.98367472527472
"7698,2883",2023-04-20,28.464872546147078
"7703,2883",2023-04-20,24.866297951009095
"7708,2883",2023-04-20,21.363903162055344
"7718,2883",2023-04-20,17.586858237547876
"7723,2883",2023-04-20,15.59433884297517
"7703,2888",2023-04-20,26.929696188019495
"7708,2888",2023-04-20,26.975090832277143
"7708,2848",2023-04-21,8.323595890410974
"7688,2853",2023-04-21,11.420000000000016
"7693,2853",2023-04-21,11.150844233055897
"7703,2858",2023-04-21,9.896946564885477
"7688,2863",2023-04-21,13.159999999999968
"7693,2863",2023-04-21,13.211572912934425
"7698,2863",2023-04-21,12.015111633372502
"7703,2863",2023-04-21,9.036984984984981
"7693,2868",2023-04-21,10.993576233183864
"7698,2868",2023-04-21,11.699999999999989
"7693,2873",2023-04-21,10.27000000000001
"7693,2878",2023-04-21,13.580000000000041
"7698,2878",2023-04-21,13.580000000000041
"7713,2843",2023-04-22,22.27678729037952
"7718,2843",2023-04-22,22.768774011299445
"7723,2843",2023-04-22,15.92543478260869
"7708,2848",2023-04-22,26.216952089704378
"7713,2848",2023-04-22,23.32964566929134
"7723,2848",2023-04-22,21.94026490066222
"7728,2848",2023-04-22,17.252316076294253
"7733,2848",2023-04-22,20.30344827586207
"7708,2853",2023-04-22,35.56
"7713,2853",2023-04-22,23.74000000000003
"7718,2853",2023-04-22,18.09304546941447
"7723,2853",2023-04-22,19.44117261709794
"7728,2853",2023-04-22,21.203751997443263
"7733,2853",2023-04-22,24.17409307875896
"7703,2858",2023-04-22,27.47849056603774
"7708,2858",2023-04-22,27.252524937655863
"7713,2858",2023-04-22,23.14604774535809
"7718,2858",2023-04-22,17.525185185185194
"7723,2858",2023-04-22,16.14634874559401
"7728,2858",2023-04-22,18.003564322469977
"7733,2858",2023-04-22,26.407338563669278
"7708,2863",2023-04-22,24.454721189591048
"7713,2863",2023-04-22,24.556605187319878
"7718,2863",2023-04-22,21.686344160331725
"7723,2863",2023-04-22,25.74138211382112
"7713,2868",2023-04-22,26.142931937172758
"7718,2868",2023-04-22,23.016152730787805
"7723,2868",2023-04-22,24.705079928952035
"7713,2843",2023-04-24,15.49322150962012
"7718,2843",2023-04-24,18.081590535655593
"7723,2843",2023-04-24,17.02473252635688
"7708,2848",2023-04-24,14.30112517099864
"7713,2848",2023-04-24,13.65307975460124
"7718,2848",2023-04-24,17.89824761904763
"7723,2848",2023-04-24,17.34594941790447
"7728,2848",2023-04-24,18.03500868558194
"7733,2848",2023-04-24,18.673859596263938
"7688,2853",2023-04-24,25.463937142857137
"7693,2853",2023-04-24,23.306750072737852
"7698,2853",2023-04-24,20.53816026281959
"7703,2853",2023-04-24,17.467300536108485
"7708,2853",2023-04-24,17.62889570552147
"7713,2853",2023-04-24,15.788604269293906
"7718,2853",2023-04-24,13.558249868212958
"7723,2853",2023-04-24,15.29010600706714
"7728,2853",2023-04-24,15.54118421052634
"7683,2858",2023-04-24,24.216281788950603
"7688,2858",2023-04-24,26.476526315789478
"7693,2858",2023-04-24,25.182425836621345
"7698,2858",2023-04-24,21.244957614732527
"7703,2858",2023-04-24,16.881876774085825
"7708,2858",2023-04-24,15.211398016119041
"7713,2858",2023-04-24,15.81120509554139
"7718,2858",2023-04-24,14.609698708751798
"7723,2858",2023-04-24,15.343563175549756
"7728,2858",2023-04-24,14.799835375191423
"7733,2858",2023-04-24,18.08034214618973
"7688,2863",2023-04-24,24.371267432950198
"7693,2863",2023-04-24,20.768041237113408
"7698,2863",2023-04-24,19.25016174183515
"7703,2863",2023-04-24,14.452669116057917
"7708,2863",2023-04-24,13.33243928516878
"7713,2863",2023-04-24,14.013378967019293
"7718,2863",2023-04-24,14.673016154016386
"7723,2863",2023-04-24,13.556523957004917
"7728,2863",2023-04-24,15.525840961098412
"7733,2863",2023-04-24,16.682688402688406
"7693,2868",2023-04-24,18.9626418918919
"7698,2868",2023-04-24,18.895639517788887
"7703,2868",2023-04-24,15.693613575009644
"7708,2868",2023-04-24,12.929618181818197
"7713,2868",2023-04-24,13.001004852983154
"7718,2868",2023-04-24,11.522517951172807
"7723,2868",2023-04-24,10.617691958200805
"7728,2868",2023-04-24,14.644376098418281
"7733,2868",2023-04-24,14.866836581709144
"7693,2873",2023-04-24,21.111240791564345
"7698,2873",2023-04-24,21.061898353614886
"7703,2873",2023-04-24,17.24664695652173
"7708,2873",2023-04-24,17.029105242412296
"7713,2873",2023-04-24,15.995555555555569
"7693,2878",2023-04-24,25.938931185944355
"7698,2878",2023-04-24,21.934925422605232
"7703,2878",2023-04-24,20.706450442277156
"7708,2878",2023-04-24,19.539616285881664
"7713,2878",2023-04-24,16.53861024844721
"7693,2883",2023-04-24,25.53585347985348
"7698,2883",2023-04-24,21.484165446559302
"7703,2883",2023-04-24,19.302699597932214
"7708,2883",2023-04-24,19.955270270270272
"7713,2883",2023-04-24,18.095647530040058
"7703,2888",2023-04-24,19.242752179327518
"7713,2843",2023-04-25,17.465147627144837
"7718,2843",2023-04-25,17.54443150475022
"7723,2843",2023-04-25,15.476617668046247
"7708,2848",2023-04-25,12.295053151669416
"7713,2848",2023-04-25,13.979845683973641
"7718,2848",2023-04-25,16.3689229852525
"7723,2848",2023-04-25,16.703536282669
"7728,2848",2023-04-25,16.864077698262008
"7733,2848",2023-04-25,16.65022202746129
"7688,2853",2023-04-25,20.00017543859651
"7693,2853",2023-04-25,19.81452800503461
"7698,2853",2023-04-25,21.167664188351917
"7703,2853",2023-04-25,16.70551164215686
"7708,2853",2023-04-25,17.868288082309224
"7713,2853",2023-04-25,16.198450985996
"7718,2853",2023-04-25,14.050214910330519
"7723,2853",2023-04-25,13.069065447270653
"7728,2853",2023-04-25,11.97723294477355
"7733,2853",2023-04-25,12.542235944101387
"7683,2858",2023-04-25,22.166655524605382
"7688,2858",2023-04-25,24.170251537171612
"7693,2858",2023-04-25,25.14378245506222
"7698,2858",2023-04-25,25.314980010429345
"7703,2858",2023-04-25,20.10811186601359
"7708,2858",2023-04-25,18.724974426421163
"7713,2858",2023-04-25,17.587162478082988
"7718,2858",2023-04-25,14.26849627356423
"7723,2858",2023-04-25,14.653967558088556
"7728,2858",2023-04-25,11.523327881040892
"7733,2858",2023-04-25,11.143035149092125
"7688,2863",2023-04-25,25.182083758937704
"7693,2863",2023-04-25,24.47443028624193
"7698,2863",2023-04-25,22.78070367751063
"7703,2863",2023-04-25,19.050991293722316
"7708,2863",2023-04-25,18.017263368601654
"7713,2863",2023-04-25,17.680936022691455
"7718,2863",2023-04-25,16.56739479286066
"7723,2863",2023-04-25,15.506379694225918
"7728,2863",2023-04-25,16.49816238681907
"7733,2863",2023-04-25,15.593677437803834
"7693,2868",2023-04-25,14.143204320432046
"7698,2868",2023-04-25,14.923815161351921
"7703,2868",2023-04-25,17.279172434547096
"7708,2868",2023-04-25,17.459961966062032
"7713,2868",2023-04-25,17.445641550841266
"7718,2868",2023-04-25,17.034135206321338
"7723,2868",2023-04-25,16.149934162399415
"7728,2868",2023-04-25,17.02594792276185
"7733,2868",2023-04-25,17.194460863204085
"7693,2873",2023-04-25,16.44551186680836
"7698,2873",2023-04-25,16.227363636363627
"7703,2873",2023-04-25,16.285959933222042
"7708,2873",2023-04-25,17.40819977103606
"7713,2873",2023-04-25,17.14523468803664
"7718,2873",2023-04-25,16.912564396107616
"7723,2873",2023-04-25,17.01935308429941
"7728,2873",2023-04-25,18.015787063537488
"7733,2873",2023-04-25,18.9320062965083
"7693,2878",2023-04-25,20.803543191800873
"7698,2878",2023-04-25,20.40573729682238
"7703,2878",2023-04-25,18.261380853444145
"7708,2878",2023-04-25,19.498532513181022
"7713,2878",2023-04-25,20.99361546346463
"7718,2878",2023-04-25,19.28967203513909
"7723,2878",2023-04-25,19.805628111273776
"7728,2878",2023-04-25,19.859247327573584
"7693,2883",2023-04-25,17.9706615532119
"7698,2883",2023-04-25,19.050426376661495
"7703,2883",2023-04-25,19.430889637989157
"7708,2883",2023-04-25,19.395426981104443
"7713,2883",2023-04-25,19.693030480656514
"7718,2883",2023-04-25,19.532782417582414
"7723,2883",2023-04-25,21.323288875861056
"7703,2888",2023-04-25,15.94434567901236
"7708,2888",2023-04-25,17.15530374838432
"7713,2888",2023-04-25,16.792563808431318
"7718,2888",2023-04-25,19.428816618911174
"7723,2888",2023-04-25,22.034265654105166
"7733,2858",2023-04-27,23.63619482496197
"7733,2863",2023-04-27,22.968664868509787
"7693,2878",2023-04-27,29.937758620689653
"7693,2883",2023-04-27,34.552203389830495
"7713,2843",2023-05-04,13.49554563644759
"7718,2843",2023-05-04,14.252970112970106
"7723,2843",2023-05-04,12.516056295399515
"7708,2848",2023-05-04,14.58317557697926
"7713,2848",2023-05-04,12.73782157979268
"7718,2848",2023-05-04,14.549328467153286
"7723,2848",2023-05-04,12.889540078843625
"7728,2848",2023-05-04,13.40606396962174
"7733,2848",2023-05-04,14.591647677475901
"7688,2853",2023-05-04,15.746008571428572
"7693,2853",2023-05-04,14.051221254106558
"7698,2853",2023-05-04,13.669684330809876
"7703,2853",2023-05-04,14.356835189945727
"7708,2853",2023-05-04,15.645470134324093
"7713,2853",2023-05-04,14.755995998856827
"7718,2853",2023-05-04,13.277076725246461
"7723,2853",2023-05-04,14.083388571428571
"7728,2853",2023-05-04,14.349667095299322
"7733,2853",2023-05-04,14.141260180025714
"7683,2858",2023-05-04,14.95299035369775
"7688,2858",2023-05-04,15.354128654970756
"7693,2858",2023-05-04,14.492801402893468
"7698,2858",2023-05-04,14.497261034785154
"7703,2858",2023-05-04,14.393951176728542
"7708,2858",2023-05-04,15.68910419406692
"7713,2858",2023-05-04,14.883477498538861
"7718,2858",2023-05-04,14.19389449072044
"7723,2858",2023-05-04,14.62059915241853
"7728,2858",2023-05-04,12.749525062107264
"7733,2858",2023-05-04,15.00528577693319
"7688,2863",2023-05-04,18.184195385076414
"7693,2863",2023-05-04,16.910456116102292
"7698,2863",2023-05-04,15.675895895895898
"7703,2863",2023-05-04,14.567316654753402
"7708,2863",2023-05-04,14.450474692593659
"7713,2863",2023-05-04,14.433171220140197
"7718,2863",2023-05-04,14.24523081490278
"7723,2863",2023-05-04,15.177437070938215
"7728,2863",2023-05-04,14.593801487414188
"7733,2863",2023-05-04,15.119679725478978
"7693,2868",2023-05-04,16.61734693877551
"7698,2868",2023-05-04,15.60741726373252
"7703,2868",2023-05-04,16.280301455301455
"7708,2868",2023-05-04,15.59635459332943
"7713,2868",2023-05-04,15.385828665568358
"7718,2868",2023-05-04,15.800316282071982
"7723,2868",2023-05-04,14.378086320409661
"7728,2868",2023-05-04,14.876316559391455
"7733,2868",2023-05-04,15.383136795903434
"7693,2873",2023-05-04,15.665198225275505
"7698,2873",2023-05-04,15.42942293204762
"7703,2873",2023-05-04,16.827358625626353
"7708,2873",2023-05-04,17.442174411933447
"7713,2873",2023-05-04,16.92435564435565
"7718,2873",2023-05-04,17.03230324909748
"7723,2873",2023-05-04,14.512317436661712
"7728,2873",2023-05-04,14.82543367717565
"7733,2873",2023-05-04,14.580490892250696
"7693,2878",2023-05-04,16.98042459736456
"7698,2878",2023-05-04,18.19580509745127
"7703,2878",2023-05-04,20.47469079939668
"7708,2878",2023-05-04,21.088571428571424
"7713,2878",2023-05-04,20.294421768707483
"7718,2878",2023-05-04,18.18886637112097
"7723,2878",2023-05-04,16.626293643688456
"7728,2878",2023-05-04,16.130805882352938
"7693,2883",2023-05-04,17.730183150183144
"7698,2883",2023-05-04,18.916079695282743
"7703,2883",2023-05-04,19.74072986748216
"7708,2883",2023-05-04,19.794423631123905
"7713,2883",2023-05-04,19.390637813211843
"7718,2883",2023-05-04,17.999273849772162
"7723,2883",2023-05-04,17.123409495548966
"7703,2888",2023-05-04,16.952501281394156
"7708,2888",2023-05-04,17.715396877033175
"7713,2888",2023-05-04,18.191198738170353
"7718,2888",2023-05-04,17.08922063037248
"7723,2888",2023-05-04,17.339266862170096
"7713,2843",2023-05-06,10.867377862595426
"7718,2843",2023-05-06,7.899245727754856
"7723,2843",2023-05-06,9.895915492957739
"7708,2848",2023-05-06,9.867948011027972
"7713,2848",2023-05-06,11.28670628435597
"7718,2848",2023-05-06,10.728698379508623
"7723,2848",2023-05-06,9.631406482307467
"7728,2848",2023-05-06,10.438484007594562
"7733,2848",2023-05-06,10.716073619631898
"7688,2853",2023-05-06,15.677304160968943
"7693,2853",2023-05-06,10.809270772238504
"7698,2853",2023-05-06,10.510632318501175
"7703,2853",2023-05-06,4.500164383561626
"7708,2853",2023-05-06,11.796963788300838
"7713,2853",2023-05-06,13.209597027722207
"7718,2853",2023-05-06,10.589784254893553
"7723,2853",2023-05-06,11.231934285714296
"7728,2853",2023-05-06,12.186998142591795
"7733,2853",2023-05-06,11.439297042434635
"7683,2858",2023-05-06,15.503706744868037
"7688,2858",2023-05-06,15.845469301340872
"7693,2858",2023-05-06,9.332946372239757
"7698,2858",2023-05-06,11.411602532878714
"7703,2858",2023-05-06,8.426412159773776
"7708,2858",2023-05-06,13.607324272979689
"7713,2858",2023-05-06,14.174289888953837
"7718,2858",2023-05-06,11.646903404939351
"7723,2858",2023-05-06,11.603194729136161
"7728,2858",2023-05-06,10.691356862745097
"7733,2858",2023-05-06,12.307741549506437
"7688,2863",2023-05-06,22.436790269949586
"7693,2863",2023-05-06,18.655460526315803
"7698,2863",2023-05-06,16.082896366984773
"7703,2863",2023-05-06,12.960993520518365
"7708,2863",2023-05-06,13.14333381523782
"7713,2863",2023-05-06,11.997013302817919
"7718,2863",2023-05-06,11.214557670772681
"7723,2863",2023-05-06,10.186176317162223
"7728,2863",2023-05-06,11.367821229050259
"7733,2863",2023-05-06,11.583145939806915
"7693,2868",2023-05-06,16.204736688121702
"7698,2868",2023-05-06,14.716977322604247
"7703,2868",2023-05-06,15.05928934010152
"7708,2868",2023-05-06,11.111047619047616
"7713,2868",2023-05-06,7.152377393741245
"7718,2868",2023-05-06,5.331154381084823
"7693,2873",2023-05-06,12.561150708458568
"7698,2873",2023-05-06,12.731371989860587
"7703,2873",2023-05-06,11.434464075382804
"7708,2873",2023-05-06,5.233848842289217
"7713,2873",2023-05-06,3.982577720207257
"7693,2878",2023-05-06,12.439059829059824
"7698,2878",2023-05-06,10.637288135593225
"7693,2883",2023-05-06,12.250382581648516
"7698,2883",2023-05-06,10.710987124463527
"7713,2843",2023-05-07,14.589761666904517
"7718,2843",2023-05-07,13.994783105022831
"7723,2843",2023-05-07,12.28200941915228
"7708,2848",2023-05-07,13.961884312007008
"7713,2848",2023-05-07,13.881801722879251
"7718,2848",2023-05-07,13.189182481751823
"7723,2848",2023-05-07,12.925510293473495
"7728,2848",2023-05-07,13.549966408646126
"7733,2848",2023-05-07,14.46804265264388
"7688,2853",2023-05-07,19.452376613515593
"7698,2853",2023-05-07,16.463007518797003
"7703,2853",2023-05-07,15.732465431009116
"7708,2853",2023-05-07,16.29277507859388
"7713,2853",2023-05-07,15.110220062875113
"7718,2853",2023-05-07,13.469775682240314
"7723,2853",2023-05-07,13.630674285714285
"7728,2853",2023-05-07,14.09025575082154
"7733,2853",2023-05-07,13.810861551650236
"7683,2858",2023-05-07,18.07326220403391
"7688,2858",2023-05-07,19.65981917577796
"7693,2858",2023-05-07,20.592994350282467
"7703,2858",2023-05-07,16.342186978297157
"7708,2858",2023-05-07,15.510778898144094
"7713,2858",2023-05-07,15.580481152313826
"7718,2858",2023-05-07,14.223220809586435
"7723,2858",2023-05-07,13.617711530030688
"7728,2858",2023-05-07,12.574064007014464
"7733,2858",2023-05-07,14.06107294255226
"7688,2863",2023-05-07,22.261061656329808
"7693,2863",2023-05-07,21.81436631069918
"7698,2863",2023-05-07,20.907321111768177
"7703,2863",2023-05-07,16.769718202589488
"7708,2863",2023-05-07,16.670381788000956
"7713,2863",2023-05-07,18.756971701580305
"7718,2863",2023-05-07,17.157297168689027
"7723,2863",2023-05-07,13.989279176201375
"7728,2863",2023-05-07,14.40874427917621
"7733,2863",2023-05-07,14.658192736631406
"7693,2868",2023-05-07,22.204501766784446
"7698,2868",2023-05-07,19.91232432432432
"7703,2868",2023-05-07,21.799227088700768
"7708,2868",2023-05-07,19.47706131078226
"7713,2868",2023-05-07,17.53600000000001
"7718,2868",2023-05-07,15.818096479791398
"7723,2868",2023-05-07,14.880936374549835
"7728,2868",2023-05-07,15.906172006745354
"7733,2868",2023-05-07,16.280482809070957
"7693,2873",2023-05-07,21.44155528554069
"7698,2873",2023-05-07,18.875170278637736
"7708,2873",2023-05-07,19.2257152850647
"7713,2873",2023-05-07,18.163505552873012
"7718,2873",2023-05-07,18.36827615417197
"7728,2873",2023-05-07,18.10833636694577
"7733,2873",2023-05-07,18.999159663865537
"7708,2878",2023-05-07,17.439865884325222
"7713,2878",2023-05-07,16.502304409672842
"7718,2878",2023-05-07,15.550108063175408
"7723,2878",2023-05-07,18.858626155878458
"7728,2878",2023-05-07,17.242760448521924
"7713,2883",2023-05-07,22.948725868725887
"7718,2883",2023-05-07,19.662056847545227
"7703,2888",2023-05-07,18.245587044534382
"7708,2888",2023-05-07,17.024705882352958
"7713,2888",2023-05-07,16.847883361921102
"7718,2888",2023-05-07,18.39426146010185
"7713,2843",2023-05-08,18.70993863279578
"7718,2843",2023-05-08,18.77700627853881
"7723,2843",2023-05-08,16.253811902383337
"7708,2848",2023-05-08,15.671711948583118
"7713,2848",2023-05-08,15.189452474813853
"7718,2848",2023-05-08,15.979129927007293
"7723,2848",2023-05-08,15.7935640239451
"7728,2848",2023-05-08,16.39302176135534
"7733,2848",2023-05-08,17.316094069529647
"7688,2853",2023-05-08,24.01796857142856
"7693,2853",2023-05-08,20.573969432938156
"7698,2853",2023-05-08,20.24297386087702
"7703,2853",2023-05-08,17.866500999714376
"7708,2853",2023-05-08,17.38495284366961
"7713,2853",2023-05-08,15.248965418691055
"7718,2853",2023-05-08,14.323946278039724
"7723,2853",2023-05-08,15.037725714285715
"7728,2853",2023-05-08,16.05717959708529
"7733,2853",2023-05-08,15.779325617945426
"7683,2858",2023-05-08,22.179473838059053
"7688,2858",2023-05-08,23.009073099415197
"7693,2858",2023-05-08,21.931721311475414
"7698,2858",2023-05-08,20.301768488745974
"7703,2858",2023-05-08,16.74449641865225
"7708,2858",2023-05-08,16.400593307029084
"7713,2858",2023-05-08,15.161718293395674
"7718,2858",2023-05-08,14.136612596814254
"7723,2858",2023-05-08,14.961440888499192
"7728,2858",2023-05-08,13.634023089288325
"7733,2858",2023-05-08,16.09118549919602
"7688,2863",2023-05-08,22.47987417786675
"7693,2863",2023-05-08,20.103862759113664
"7698,2863",2023-05-08,17.83204919204919
"7703,2863",2023-05-08,15.153789849892794
"7708,2863",2023-05-08,14.250260223048336
"7713,2863",2023-05-08,14.663990845372629
"7718,2863",2023-05-08,14.967585812356985
"7723,2863",2023-05-08,15.540188787185366
"7728,2863",2023-05-08,15.924825514874142
"7733,2863",2023-05-08,16.761344009150697
"7693,2868",2023-05-08,18.884318314803977
"7698,2868",2023-05-08,17.590946598390634
"7703,2868",2023-05-08,16.97292964750622
"7708,2868",2023-05-08,14.89586892919836
"7713,2868",2023-05-08,13.894899780541337
"7718,2868",2023-05-08,14.226063798653788
"7723,2868",2023-05-08,14.009448427212874
"7728,2868",2023-05-08,16.90376243417203
"7733,2868",2023-05-08,17.247871250914418
"7693,2873",2023-05-08,20.457509660798635
"7698,2873",2023-05-08,17.836231925554767
"7703,2873",2023-05-08,15.561499928438526
"7708,2873",2023-05-08,14.714768174012594
"7713,2873",2023-05-08,13.917713222667434
"7718,2873",2023-05-08,13.984132799084158
"7723,2873",2023-05-08,13.830041505653355
"7728,2873",2023-05-08,16.23041499713796
"7733,2873",2023-05-08,16.593194046937604
"7693,2878",2023-05-08,20.13331185944363
"7698,2878",2023-05-08,18.024923121979793
"7703,2878",2023-05-08,16.269118594436307
"7708,2878",2023-05-08,14.131007615700057
"7713,2878",2023-05-08,15.156500219651488
"7718,2878",2023-05-08,13.935686676427524
"7723,2878",2023-05-08,14.3685710102489
"7728,2878",2023-05-08,15.543687216283493
"7693,2883",2023-05-08,19.259827106227107
"7698,2883",2023-05-08,17.930691473776744
"7703,2883",2023-05-08,16.15715081342518
"7708,2883",2023-05-08,15.332386113959277
"7713,2883",2023-05-08,15.194630715123104
"7718,2883",2023-05-08,14.823812454212458
"7723,2883",2023-05-08,15.611487615418444
"7703,2888",2023-05-08,17.88519633132702
"7708,2888",2023-05-08,17.406080848623855
"7713,2888",2023-05-08,17.267143676512756
"7718,2888",2023-05-08,17.426828080229228
"7723,2888",2023-05-08,18.437478148731916
"7713,2843",2023-05-09,21.37638647067218
"7718,2843",2023-05-09,21.95002853881278
"7723,2843",2023-05-09,18.307683744826605
"7708,2848",2023-05-09,18.587674554484373
"7713,2848",2023-05-09,18.85274054606512
"7718,2848",2023-05-09,19.380221897810213
"7723,2848",2023-05-09,19.075129215943917
"7728,2848",2023-05-09,19.19781802249161
"7733,2848",2023-05-09,18.31144025708442
"7688,2853",2023-05-09,26.989774285714276
"7693,2853",2023-05-09,23.113120982716758
"7698,2853",2023-05-09,23.259485787744605
"7703,2853",2023-05-09,20.481053984575833
"7708,2853",2023-05-09,20.17591597599313
"7713,2853",2023-05-09,18.859036867676487
"7718,2853",2023-05-09,17.320854407772543
"7723,2853",2023-05-09,17.97320285714286
"7728,2853",2023-05-09,17.917805400771528
"7733,2853",2023-05-09,18.158945563651947
"7683,2858",2023-05-09,26.050140309850924
"7688,2858",2023-05-09,27.23857017543859
"7693,2858",2023-05-09,25.140330264503866
"7698,2858",2023-05-09,23.879462145571466
"7703,2858",2023-05-09,19.264011109486916
"7708,2858",2023-05-09,18.762110185591112
"7713,2858",2023-05-09,18.976066627703098
"7718,2858",2023-05-09,17.265813239807102
"7723,2858",2023-05-09,16.736215110331727
"7728,2858",2023-05-09,15.259207949729655
"7733,2858",2023-05-09,17.86167519368513
"7688,2863",2023-05-09,27.620689162138987
"7693,2863",2023-05-09,25.27996854896354
"7698,2863",2023-05-09,21.988130988131
"7703,2863",2023-05-09,18.446347390993576
"7708,2863",2023-05-09,17.82103803259937
"7713,2863",2023-05-09,18.64389929909886
"7718,2863",2023-05-09,18.883761441647607
"7723,2863",2023-05-09,17.443378146453092
"7728,2863",2023-05-09,18.945695080091543
"7733,2863",2023-05-09,19.016185301687173
"7693,2868",2023-05-09,22.78428613224107
"7698,2868",2023-05-09,21.23971324067301
"7703,2868",2023-05-09,21.499052215884156
"7708,2868",2023-05-09,18.608022235225278
"7713,2868",2023-05-09,18.17703877103145
"7718,2868",2023-05-09,18.661305238513307
"7723,2868",2023-05-09,17.601799561082665
"7728,2868",2023-05-09,20.220722644821542
"7733,2868",2023-05-09,20.024219458668618
"7693,2873",2023-05-09,24.663131529984263
"7698,2873",2023-05-09,21.875825340014316
"7703,2873",2023-05-09,19.36866466294547
"7708,2873",2023-05-09,18.360400686891822
"7713,2873",2023-05-09,18.290675443617626
"7718,2873",2023-05-09,18.41914138523183
"7723,2873",2023-05-09,18.35044797481036
"7728,2873",2023-05-09,20.59725529479107
"7733,2873",2023-05-09,20.9592959358901
"7693,2878",2023-05-09,25.55255051244509
"7698,2878",2023-05-09,22.90105725582076
"7703,2878",2023-05-09,21.3856896046852
"7708,2878",2023-05-09,18.12556239015817
"7713,2878",2023-05-09,20.37666422609458
"7718,2878",2023-05-09,18.63917130307467
"7723,2878",2023-05-09,20.42593557833088
"7728,2878",2023-05-09,20.563206911700096
"7693,2883",2023-05-09,23.050487912087917
"7698,2883",2023-05-09,22.28790213888075
"7703,2883",2023-05-09,21.582113439835855
"7708,2883",2023-05-09,19.91142815292222
"7713,2883",2023-05-09,19.35531652989449
"7718,2883",2023-05-09,19.51273846153846
"7723,2883",2023-05-09,21.474357320826623
"7703,2888",2023-05-09,22.518681570650614
"7708,2888",2023-05-09,22.459185779816515
"7713,2888",2023-05-09,21.33472325781474
"7718,2888",2023-05-09,23.007893982808017
"7723,2888",2023-05-09,23.549448345035103
"7713,2843",2023-05-10,18.410329670329666
"7718,2843",2023-05-10,18.99136700913242
"7723,2843",2023-05-10,16.479403453689162
"7708,2848",2023-05-10,15.5748524685948
"7713,2848",2023-05-10,15.91714994889765
"7718,2848",2023-05-10,16.603381021897807
"7723,2848",2023-05-10,16.716857935465026
"7728,2848",2023-05-10,16.29199941580254
"7733,2848",2023-05-10,16.15416593631318
"7688,2853",2023-05-10,25.47816857142857
"7693,2853",2023-05-10,23.105027640384073
"7698,2853",2023-05-10,21.91355103280681
"7703,2853",2023-05-10,18.814832018697043
"7708,2853",2023-05-10,18.570757359245505
"7713,2853",2023-05-10,16.39395255787368
"7718,2853",2023-05-10,14.341571653093299
"7723,2853",2023-05-10,14.701257142857145
"7728,2853",2023-05-10,15.008146878125439
"7733,2853",2023-05-10,15.749121303043285
"7683,2858",2023-05-10,24.8393481438176
"7688,2858",2023-05-10,26.20776829815895
"7693,2858",2023-05-10,24.42956066238594
"7698,2858",2023-05-10,21.47458814166335
"7703,2858",2023-05-10,17.80442332992253
"7708,2858",2023-05-10,16.827648692094115
"7713,2858",2023-05-10,16.148132670952656
"7718,2858",2023-05-10,14.40710214818063
"7723,2858",2023-05-10,13.990431097471863
"7728,2858",2023-05-10,12.983238345754787
"7733,2858",2023-05-10,15.040915070896068
"7688,2863",2023-05-10,26.744046963328028
"7693,2863",2023-05-10,24.265575411007866
"7698,2863",2023-05-10,19.94713765477058
"7703,2863",2023-05-10,15.934347390993576
"7708,2863",2023-05-10,14.351647126108107
"7713,2863",2023-05-10,15.688319267629812
"7718,2863",2023-05-10,16.418901601830672
"7723,2863",2023-05-10,14.576802059496575
"7728,2863",2023-05-10,15.993012013729984
"7733,2863",2023-05-10,15.823588790391767
"7693,2868",2023-05-10,21.366413107080167
"7698,2868",2023-05-10,20.531572911823957
"7703,2868",2023-05-10,19.165900248647073
"7708,2868",2023-05-10,15.411916325336463
"7713,2868",2023-05-10,14.732535479151434
"7718,2868",2023-05-10,14.3042522680714
"7723,2868",2023-05-10,13.95240673006584
"7728,2868",2023-05-10,15.957135751901703
"7733,2868",2023-05-10,16.13382004389173
"7693,2873",2023-05-10,23.33284385286962
"7698,2873",2023-05-10,21.336704366499642
"7703,2873",2023-05-10,18.034901960784314
"7708,2873",2023-05-10,15.625981682884957
"7713,2873",2023-05-10,15.11430738408701
"7718,2873",2023-05-10,14.609310246136241
"7723,2873",2023-05-10,15.669291541434095
"7728,2873",2023-05-10,16.536788780767036
"7733,2873",2023-05-10,18.047072123640532
"7693,2878",2023-05-10,24.71931185944363
"7698,2878",2023-05-10,23.036022843754584
"7703,2878",2023-05-10,20.835247437774523
"7708,2878",2023-05-10,17.148596953719974
"7713,2878",2023-05-10,18.210467125494215
"7718,2878",2023-05-10,16.578840409956072
"7723,2878",2023-05-10,18.296468521229865
"7728,2878",2023-05-10,18.442905256992233
"7693,2883",2023-05-10,23.00135677655677
"7698,2883",2023-05-10,22.502112510987402
"7703,2883",2023-05-10,21.398590063022137
"7708,2883",2023-05-10,18.751135198476646
"7713,2883",2023-05-10,18.337690504103165
"7718,2883",2023-05-10,18.400026373626375
"7723,2883",2023-05-10,20.221963945478542
"7703,2888",2023-05-10,22.38449699054171
"7708,2888",2023-05-10,21.68504300458715
"7713,2888",2023-05-10,19.95526240321192
"7718,2888",2023-05-10,21.315267387944356
"7723,2888",2023-05-10,22.61180971485886
"7713,2843",2023-05-11,23.725814185814187
"7718,2843",2023-05-11,23.606312785388123
"7723,2843",2023-05-11,19.51402597402597
"7708,2848",2023-05-11,20.516240140227865
"7713,2848",2023-05-11,20.82290553365455
"7718,2848",2023-05-11,21.171883211678832
"7723,2848",2023-05-11,20.957818659658344
"7728,2848",2023-05-11,20.671093909741494
"7733,2848",2023-05-11,20.575360794624597
"7688,2853",2023-05-11,29.294248571428568
"7693,2853",2023-05-11,25.128133123839454
"7698,2853",2023-05-11,24.81200399942865
"7703,2853",2023-05-11,22.478714652956285
"7708,2853",2023-05-11,22.518373821091732
"7713,2853",2023-05-11,20.42126607602172
"7718,2853",2023-05-11,18.0260322903272
"7723,2853",2023-05-11,18.82809714285715
"7728,2853",2023-05-11,19.540122874696383
"7733,2853",2023-05-11,19.636202314616366
"7683,2858",2023-05-11,27.84089155217773
"7688,2858",2023-05-11,29.73023976608186
"7693,2858",2023-05-11,28.409589361391202
"7698,2858",2023-05-11,27.10477930429699
"7703,2858",2023-05-11,22.949223797690397
"7708,2858",2023-05-11,22.51410784743534
"7713,2858",2023-05-11,20.937299824663928
"7718,2858",2023-05-11,18.605728481660098
"7723,2858",2023-05-11,17.862209557211745
"7728,2858",2023-05-11,15.29415461055093
"7733,2858",2023-05-11,18.7085455342786
"7688,2863",2023-05-11,31.380188733199905
"7693,2863",2023-05-11,29.649729807005013
"7698,2863",2023-05-11,26.728968968968964
"7703,2863",2023-05-11,21.404343102215872
"7708,2863",2023-05-11,19.88053760366028
"7713,2863",2023-05-11,19.76993563152624
"7718,2863",2023-05-11,19.514382151029753
"7723,2863",2023-05-11,18.416876430205956
"7728,2863",2023-05-11,19.456807780320364
"7733,2863",2023-05-11,20.633228481555637
"7693,2868",2023-05-11,27.25674956114686
"7698,2868",2023-05-11,25.421697147037293
"7703,2868",2023-05-11,22.944715518502257
"7708,2868",2023-05-11,20.310614394382682
"7713,2868",2023-05-11,18.88221214337966
"7718,2868",2023-05-11,18.55716417910448
"7723,2868",2023-05-11,17.37637161667886
"7728,2868",2023-05-11,20.290409596255113
"7733,2868",2023-05-11,20.559798098024874
"7693,2873",2023-05-11,28.43861456991555
"7698,2873",2023-05-11,25.706439513242675
"7703,2873",2023-05-11,20.87428939458996
"7708,2873",2023-05-11,18.941659988551798
"7713,2873",2023-05-11,18.192936462507163
"7718,2873",2023-05-11,17.50251574127076
"7723,2873",2023-05-11,16.863927293545153
"7728,2873",2023-05-11,20.193800801373783
"7733,2873",2023-05-11,21.47914138523183
"7693,2878",2023-05-11,28.660658857979502
"7698,2878",2023-05-11,26.707942597744907
"7703,2878",2023-05-11,23.989276720351395
"7708,2878",2023-05-11,18.94912712360867
"7713,2878",2023-05-11,20.17301801142187
"7718,2878",2023-05-11,18.001877013177157
"7723,2878",2023-05-11,19.11749633967788
"7728,2878",2023-05-11,19.543242055937906
"7693,2883",2023-05-11,26.67614065934065
"7698,2883",2023-05-11,26.38997656021096
"7703,2883",2023-05-11,24.75227905613367
"7708,2883",2023-05-11,21.2411220155266
"7713,2883",2023-05-11,20.241096131301287
"7718,2883",2023-05-11,20.127926739926735
"7723,2883",2023-05-11,21.02410083540964
"7703,2888",2023-05-11,25.38848667239897
"7708,2888",2023-05-11,24.56779816513762
"7713,2888",2023-05-11,21.897722971035275
"7718,2888",2023-05-11,23.33923209169055
"7723,2888",2023-05-11,23.186674308640203
"7713,2843",2023-05-12,12.958961038961037
"7718,2843",2023-05-12,12.822337328767116
"7723,2843",2023-05-12,11.36056800342514
"7708,2848",2023-05-12,10.94030674846625
"7713,2848",2023-05-12,11.765288363264721
"7718,2848",2023-05-12,12.406116788321164
"7723,2848",2023-05-12,12.464729670329655
"7728,2848",2023-05-12,12.124793388429758
"7688,2853",2023-05-12,19.65660571428571
"7693,2853",2023-05-12,17.407153263819456
"7698,2853",2023-05-12,15.942996714755036
"7703,2853",2023-05-12,13.284767209368754
"7708,2853",2023-05-12,12.380440125750209
"7713,2853",2023-05-12,10.950371534724212
"7718,2853",2023-05-12,10.672396056579506
"7723,2853",2023-05-12,10.351843960990248
"7728,2853",2023-05-12,8.876803652968027
"7683,2858",2023-05-12,19.175328851213088
"7688,2858",2023-05-12,19.834304093567244
"7693,2858",2023-05-12,18.291009791027317
"7698,2858",2023-05-12,16.09545162233265
"7703,2858",2023-05-12,13.09592164888174
"7708,2858",2023-05-12,11.186929709191872
"7713,2858",2023-05-12,11.004962010520162
"7718,2858",2023-05-12,10.158185006576065
"7723,2858",2023-05-12,9.757020803557252
"7728,2858",2023-05-12,9.10391304347827
"7688,2863",2023-05-12,19.913076923076925
"7693,2863",2023-05-12,17.770836311651188
"7698,2863",2023-05-12,14.451800371800374
"7703,2863",2023-05-12,11.210741958541819
"7708,2863",2023-05-12,9.871501286817272
"7713,2863",2023-05-12,10.770256043484476
"7718,2863",2023-05-12,11.467265446224255
"7723,2863",2023-05-12,9.770126635711282
"7693,2868",2023-05-12,15.353069046225864
"7698,2868",2023-05-12,14.980134601316761
"7703,2868",2023-05-12,13.376916776363911
"7708,2868",2023-05-12,9.99810708016384
"7713,2868",2023-05-12,9.528842721287491
"7718,2868",2023-05-12,8.7630553116769
"7723,2868",2023-05-12,8.480529045643154
"7693,2873",2023-05-12,17.209686560755685
"7698,2873",2023-05-12,16.095309949892624
"7703,2873",2023-05-12,13.336728209531996
"7708,2873",2023-05-12,10.293488838008024
"7713,2873",2023-05-12,9.989656554092734
"7718,2873",2023-05-12,9.208091013165427
"7723,2873",2023-05-12,9.971857476635508
"7693,2878",2023-05-12,18.540210834553434
"7698,2878",2023-05-12,17.151126079953137
"7703,2878",2023-05-12,15.13678184480235
"7708,2878",2023-05-12,12.515805506736966
"7713,2878",2023-05-12,12.812839361546345
"7718,2878",2023-05-12,11.67656515373353
"7723,2878",2023-05-12,12.676999477260855
"7693,2883",2023-05-12,17.356873260073257
"7698,2883",2023-05-12,16.80832112510988
"7703,2883",2023-05-12,15.615937270995168
"7708,2883",2023-05-12,12.887892192764033
"7713,2883",2023-05-12,13.054677608440802
"7718,2883",2023-05-12,13.355109349772492
"7723,2883",2023-05-12,13.769084967320277
"7703,2888",2023-05-12,15.977225566064773
"7708,2888",2023-05-12,15.279211582568804
"7713,2888",2023-05-12,13.889816461141388
"7718,2888",2023-05-12,15.418138554216865
"7723,2888",2023-05-12,15.796158940397332
"7713,2843",2023-05-13,25.84771514200085
"7718,2843",2023-05-13,24.546697445367812
"7723,2843",2023-05-13,21.967001569858702
"7708,2848",2023-05-13,24.11021034180544
"7713,2848",2023-05-13,24.6662899693386
"7718,2848",2023-05-13,23.966974271012006
"7723,2848",2023-05-13,22.774261936049065
"7728,2848",2023-05-13,19.542827515700303
"7733,2848",2023-05-13,22.703692667250948
"7688,2853",2023-05-13,33.19493142857141
"7693,2853",2023-05-13,30.45113555206399
"7698,2853",2023-05-13,29.450022586959793
"7703,2853",2023-05-13,26.012071811803555
"7708,2853",2023-05-13,25.97741852117732
"7713,2853",2023-05-13,24.651328951128892
"7718,2853",2023-05-13,21.93065866552365
"7723,2853",2023-05-13,21.977414285714296
"7728,2853",2023-05-13,22.851313044720662
"7733,2853",2023-05-13,22.868275467923997
"7683,2858",2023-05-13,31.570412160187075
"7688,2858",2023-05-13,33.261336257309935
"7693,2858",2023-05-13,31.855215548735924
"7698,2858",2023-05-13,30.17669687225957
"7703,2858",2023-05-13,26.529384592895777
"7708,2858",2023-05-13,26.072520824199916
"7713,2858",2023-05-13,24.759067796610168
"7718,2858",2023-05-13,21.59253836036826
"7723,2858",2023-05-13,20.941791611866147
"7728,2858",2023-05-13,19.89064153149204
"7733,2858",2023-05-13,22.67951176728548
"7688,2863",2023-05-13,33.340720617672304
"7693,2863",2023-05-13,31.611954253037894
"7698,2863",2023-05-13,28.651773174673153
"7703,2863",2023-05-13,24.655283754512652
"7708,2863",2023-05-13,24.174066342579362
"7713,2863",2023-05-13,23.884654555857544
"7718,2863",2023-05-13,22.705397597254002
"7723,2863",2023-05-13,19.126733409610985
"7728,2863",2023-05-13,21.71867276887871
"7733,2863",2023-05-13,23.172516442665145
"7693,2868",2023-05-13,29.020983031012285
"7698,2868",2023-05-13,27.882851285286225
"7703,2868",2023-05-13,25.874225673823666
"7708,2868",2023-05-13,24.074935634874198
"7713,2868",2023-05-13,22.883446964155087
"7718,2868",2023-05-13,22.514872695346792
"7723,2868",2023-05-13,19.386984637893203
"7728,2868",2023-05-13,22.847767700409598
"7733,2868",2023-05-13,22.756002926115585
"7693,2873",2023-05-13,30.547098897953347
"7698,2873",2023-05-13,29.01013886900501
"7703,2873",2023-05-13,24.8246486331759
"7708,2873",2023-05-13,22.873694905552377
"7713,2873",2023-05-13,22.360020034344593
"7718,2873",2023-05-13,21.753634802518615
"7723,2873",2023-05-13,20.845521683125806
"7728,2873",2023-05-13,23.038351459645117
"7733,2873",2023-05-13,24.572532913566114
"7693,2878",2023-05-13,31.81289604685213
"7698,2878",2023-05-13,30.03278078781667
"7703,2878",2023-05-13,27.78477972594666
"7708,2878",2023-05-13,23.69422978412001
"7713,2878",2023-05-13,23.944118081180818
"7718,2878",2023-05-13,22.357375533428154
"7723,2878",2023-05-13,21.323558005512403
"7728,2878",2023-05-13,23.834204096974254
"7693,2883",2023-05-13,30.121119413919406
"7698,2883",2023-05-13,29.458066217404042
"7703,2883",2023-05-13,28.56643099273608
"7708,2883",2023-05-13,26.060488632507635
"7713,2883",2023-05-13,24.99257752923234
"7703,2888",2023-05-13,28.964902433676833
"7708,2888",2023-05-13,28.47322730284958
"7713,2888",2023-05-13,26.849944873208397
"7713,2843",2023-05-14,9.866283171778164
"7718,2843",2023-05-14,7.904662911759687
"7723,2843",2023-05-14,6.930473547267993
"7708,2848",2023-05-14,8.68229850746269
"7713,2848",2023-05-14,9.162032339415525
"7718,2848",2023-05-14,9.244764963503654
"7723,2848",2023-05-14,8.770699372171121
"7728,2848",2023-05-14,8.608976193953557
"7733,2848",2023-05-14,9.239497516798135
"7693,2853",2023-05-14,13.063497382198952
"7698,2853",2023-05-14,13.233587041987741
"7703,2853",2023-05-14,11.100623445531419
"7708,2853",2023-05-14,10.648313669064757
"7713,2853",2023-05-14,9.49262932266361
"7718,2853",2023-05-14,8.256245177882567
"7723,2853",2023-05-14,9.197871428571435
"7728,2853",2023-05-14,8.729807115302183
"7733,2853",2023-05-14,8.796965695421273
"7683,2858",2023-05-14,13.770000000000008
"7693,2858",2023-05-14,12.603277819833469
"7698,2858",2023-05-14,13.404587155963295
"7703,2858",2023-05-14,10.867495980119863
"7708,2858",2023-05-14,10.0577962881777
"7713,2858",2023-05-14,9.746823495032135
"7718,2858",2023-05-14,8.628487505480047
"7723,2858",2023-05-14,9.33280140289346
"7728,2858",2023-05-14,9.935563349408154
"7733,2858",2023-05-14,9.08981926764105
"7688,2863",2023-05-14,15.269363501797422
"7693,2863",2023-05-14,13.557636658849004
"7698,2863",2023-05-14,12.337184438040357
"7703,2863",2023-05-14,10.470253037884198
"7708,2863",2023-05-14,8.756139548184153
"7713,2863",2023-05-14,9.693031039908462
"7718,2863",2023-05-14,9.928635891346298
"7723,2863",2023-05-14,8.91405034324943
"7728,2863",2023-05-14,10.904396453089252
"7733,2863",2023-05-14,9.64933085501859
"7693,2868",2023-05-14,12.5421789193977
"7698,2868",2023-05-14,11.776915230390442
"7703,2868",2023-05-14,12.572885768611961
"7708,2868",2023-05-14,9.45225282167042
"7713,2868",2023-05-14,8.50973226042429
"7718,2868",2023-05-14,8.678712320749195
"7723,2868",2023-05-14,7.795005120702268
"7728,2868",2023-05-14,10.830778232884722
"7733,2868",2023-05-14,9.890270665691286
"7693,2873",2023-05-14,11.87186060484679
"7698,2873",2023-05-14,9.198548387096777
"7703,2873",2023-05-14,10.390791613179282
"7708,2873",2023-05-14,7.924872433105158
"7713,2873",2023-05-14,6.606550091074676
"7718,2873",2023-05-14,6.372116675271047
"7723,2873",2023-05-14,7.2688600922468645
"7728,2873",2023-05-14,8.557542845343786
"7733,2873",2023-05-14,10.223668591913956
"7693,2878",2023-05-14,13.493078351281108
"7698,2878",2023-05-14,11.539999999999983
"7703,2878",2023-05-14,10.998587035688267
"7708,2878",2023-05-14,11.116574476491499
"7713,2878",2023-05-14,12.255159999999991
"7718,2878",2023-05-14,9.310568756707038
"7723,2878",2023-05-14,8.842670516059178
"7728,2878",2023-05-14,8.650894454382819
"7693,2883",2023-05-14,13.340801414260458
"7698,2883",2023-05-14,11.488251140560505
"7703,2883",2023-05-14,11.781109763493042
"7708,2883",2023-05-14,8.765732255166228
"7713,2883",2023-05-14,9.356460863697713
"7718,2883",2023-05-14,10.629215729837824
"7723,2883",2023-05-14,13.6411497923986
"7703,2888",2023-05-14,11.932219343696035
"7708,2888",2023-05-14,10.893464117208836
"7713,2888",2023-05-14,8.610546677880585
"7718,2888",2023-05-14,11.732728184553658
"7723,2888",2023-05-14,13.55704828772031
"7713,2843",2023-05-16,16.942032253460816
"7718,2843",2023-05-16,16.32573344748858
"7723,2843",2023-05-16,13.385505922648782
"7708,2848",2023-05-16,15.568004674262347
"7713,2848",2023-05-16,15.188859687545637
"7718,2848",2023-05-16,14.460566423357665
"7723,2848",2023-05-16,14.2137859541539
"7728,2848",2023-05-16,12.753129837885211
"7733,2848",2023-05-16,10.03184049079755
"7688,2853",2023-05-16,22.551062857142842
"7693,2853",2023-05-16,20.339308670189972
"7698,2853",2023-05-16,19.701776889015854
"7703,2853",2023-05-16,16.39357612110825
"7708,2853",2023-05-16,14.863792512146311
"7713,2853",2023-05-16,12.851889111174616
"7718,2853",2023-05-16,9.687555365052152
"7723,2853",2023-05-16,10.039602857142865
"7728,2853",2023-05-16,8.937676348547715
"7733,2853",2023-05-16,6.617989071038239
"7683,2858",2023-05-16,19.381575562700966
"7688,2858",2023-05-16,20.425605263157887
"7693,2858",2023-05-16,19.318044717229277
"7698,2858",2023-05-16,17.178471207249345
"7703,2858",2023-05-16,13.76936997514983
"7708,2858",2023-05-16,12.52015782551513
"7713,2858",2023-05-16,11.531221507890121
"7718,2858",2023-05-16,8.849463685518048
"7723,2858",2023-05-16,8.084261288908365
"7728,2858",2023-05-16,5.225681358043921
"7733,2858",2023-05-16,5.163670007710098
"7688,2863",2023-05-16,19.15629110666286
"7693,2863",2023-05-16,17.572832022873484
"7698,2863",2023-05-16,13.979210639210635
"7703,2863",2023-05-16,9.902255897069338
"7708,2863",2023-05-16,8.941023734629685
"7713,2863",2023-05-16,9.228628236303814
"7718,2863",2023-05-16,9.167625858123568
"7723,2863",2023-05-16,7.402831807780323
"7728,2863",2023-05-16,7.421391430646334
"7733,2863",2023-05-16,6.380291284942439
"7693,2868",2023-05-16,14.315772381509651
"7698,2868",2023-05-16,13.646744696415514
"7703,2868",2023-05-16,11.985917800204765
"7708,2868",2023-05-16,8.776907548273838
"7713,2868",2023-05-16,7.283449890270659
"7718,2868",2023-05-16,6.927667544629793
"7723,2868",2023-05-16,6.41479736649597
"7728,2868",2023-05-16,7.826837331772963
"7733,2868",2023-05-16,7.206422823701535
"7693,2873",2023-05-16,14.68021468441391
"7698,2873",2023-05-16,14.234324982104507
"7703,2873",2023-05-16,11.330905968226697
"7708,2873",2023-05-16,8.130289066971951
"7713,2873",2023-05-16,6.788417286777335
"7718,2873",2023-05-16,6.359261591299365
"7723,2873",2023-05-16,6.370757120366396
"7728,2873",2023-05-16,7.030993131081859
"7733,2873",2023-05-16,7.689085952073461
"7693,2878",2023-05-16,15.489982430453876
"7698,2878",2023-05-16,14.284410601845066
"7703,2878",2023-05-16,12.943197657393851
"7708,2878",2023-05-16,8.854062683069712
"7713,2878",2023-05-16,9.579223898081702
"7718,2878",2023-05-16,8.361490483162518
"7723,2878",2023-05-16,8.639099798230628
"7728,2878",2023-05-16,7.904336779911367
"7693,2883",2023-05-16,14.124527472527479
"7698,2883",2023-05-16,13.687902138880752
"7703,2883",2023-05-16,13.086140993697791
"7708,2883",2023-05-16,10.525700893511056
"7713,2883",2023-05-16,9.370310668229777
"7718,2883",2023-05-16,9.99715457875457
"7723,2883",2023-05-16,10.33664626682987
"7703,2888",2023-05-16,11.303330467182573
"7708,2888",2023-05-16,10.8380002962524
"7713,2888",2023-05-16,9.702527422990231
"7718,2888",2023-05-16,10.948924535180462
"7723,2888",2023-05-16,10.913862275449103
"7713,2843",2023-05-18,16.29827886399314
"7718,2843",2023-05-18,16.314286529680363
"7723,2843",2023-05-18,12.90446981589838
"7708,2848",2023-05-18,14.568831434414257
"7713,2848",2023-05-18,13.673832676303109
"7718,2848",2023-05-18,14.08203211678831
"7723,2848",2023-05-18,13.586395094174325
"7728,2848",2023-05-18,12.181641594859068
"7733,2848",2023-05-18,12.768878177037694
"7688,2853",2023-05-18,21.613045714285704
"7693,2853",2023-05-18,20.941982573918015
"7698,2853",2023-05-18,20.268987287530347
"7703,2853",2023-05-18,17.49510711225364
"7708,2853",2023-05-18,17.194984281223203
"7713,2853",2023-05-18,15.430437267790795
"7718,2853",2023-05-18,11.970070010001432
"7723,2853",2023-05-18,12.321531428571433
"7728,2853",2023-05-18,12.941280182883263
"7733,2853",2023-05-18,12.319087125017948
"7683,2858",2023-05-18,20.76589009061679
"7688,2858",2023-05-18,22.401236842105252
"7693,2858",2023-05-18,21.4725558965366
"7698,2858",2023-05-18,20.081075708857064
"7703,2858",2023-05-18,17.406341178190317
"7708,2858",2023-05-18,16.443945637878116
"7713,2858",2023-05-18,15.512881355932207
"7718,2858",2023-05-18,12.532973841882212
"7723,2858",2023-05-18,12.177027619465141
"7728,2858",2023-05-18,10.539106957424718
"7733,2858",2023-05-18,12.711304347826083
"7688,2863",2023-05-18,23.56739776951674
"7693,2863",2023-05-18,22.30408577555398
"7698,2863",2023-05-18,18.57990275990276
"7703,2863",2023-05-18,14.995062187276629
"7708,2863",2023-05-18,14.60345152988276
"7713,2863",2023-05-18,13.913016735803177
"7718,2863",2023-05-18,13.326636155606419
"7723,2863",2023-05-18,13.046473112128151
"7728,2863",2023-05-18,13.342259725400456
"7733,2863",2023-05-18,13.374749785530465
"7693,2868",2023-05-18,20.510400819192505
"7698,2868",2023-05-18,19.73046378931968
"7703,2868",2023-05-18,18.103407927453567
"7708,2868",2023-05-18,15.280500292568755
"7713,2868",2023-05-18,13.219186539868323
"7718,2868",2023-05-18,13.478902546093057
"7723,2868",2023-05-18,12.625948792977319
"7728,2868",2023-05-18,15.58063487419544
"7733,2868",2023-05-18,14.538785662033652
"7693,2873",2023-05-18,21.064116215829404
"7698,2873",2023-05-18,22.00999284180386
"7703,2873",2023-05-18,18.95025046514957
"7708,2873",2023-05-18,15.984524899828283
"7713,2873",2023-05-18,14.602882083571835
"7718,2873",2023-05-18,13.26466514024041
"7723,2873",2023-05-18,12.536639473307572
"7728,2873",2023-05-18,14.581665712650256
"7733,2873",2023-05-18,14.2868803663423
"7693,2878",2023-05-18,20.849033674963398
"7698,2878",2023-05-18,21.39866451896325
"7703,2878",2023-05-18,20.41831918008784
"7708,2878",2023-05-18,16.6841827768014
"7713,2878",2023-05-18,17.50765265778297
"7718,2878",2023-05-18,15.463174231332362
"7723,2878",2023-05-18,16.3289663250366
"7728,2878",2023-05-18,15.273495387318782
"7693,2883",2023-05-18,17.746068864468864
"7698,2883",2023-05-18,18.600606504541467
"7703,2883",2023-05-18,19.054260589183652
"7708,2883",2023-05-18,17.070215321517505
"7713,2883",2023-05-18,15.000647713950757
"7718,2883",2023-05-18,16.25242783882784
"7723,2883",2023-05-18,15.020058625238175
"7703,2888",2023-05-18,14.889615935798224
"7708,2888",2023-05-18,14.095596330275228
"7713,2888",2023-05-18,13.418930312589623
"7718,2888",2023-05-18,11.911826893353936
"7723,2888",2023-05-18,12.42955681142177
"7713,2843",2023-05-19,8.657927786499211
"7718,2843",2023-05-19,8.956949200913247
"7723,2843",2023-05-19,7.614331382902815
"7708,2848",2023-05-19,6.91281040023371
"7713,2848",2023-05-19,7.335870930062781
"7718,2848",2023-05-19,7.725430656934301
"7723,2848",2023-05-19,8.048240619068478
"7728,2848",2023-05-19,7.629855411128957
"7733,2848",2023-05-19,6.724931346771833
"7688,2853",2023-05-19,14.550519999999986
"7693,2853",2023-05-19,13.045094559208616
"7698,2853",2023-05-19,11.818994429367224
"7703,2853",2023-05-19,9.748811768066268
"7708,2853",2023-05-19,8.77151186053158
"7713,2853",2023-05-19,7.563946841954839
"7718,2853",2023-05-19,6.515399342763253
"7723,2853",2023-05-19,6.041351428571438
"7728,2853",2023-05-19,5.763023289041292
"7733,2853",2023-05-19,6.843034304578724
"7683,2858",2023-05-19,13.74367144109909
"7688,2858",2023-05-19,14.48906432748538
"7693,2858",2023-05-19,13.953686979395
"7698,2858",2023-05-19,12.748365974861146
"7703,2858",2023-05-19,10.106996053208595
"7708,2858",2023-05-19,7.661794534560857
"7713,2858",2023-05-19,7.2716861484512005
"7718,2858",2023-05-19,5.988922986994006
"7723,2858",2023-05-19,4.9405640800818365
"7728,2858",2023-05-19,4.714686540990791
"7733,2858",2023-05-19,5.085956309916701
"7688,2863",2023-05-19,15.001607091792973
"7693,2863",2023-05-19,13.981941386704792
"7698,2863",2023-05-19,11.048502788502795
"7703,2863",2023-05-19,7.879290922087207
"7708,2863",2023-05-19,5.9569144981412725
"7713,2863",2023-05-19,5.830868259190388
"7718,2863",2023-05-19,7.009296338672775
"7723,2863",2023-05-19,5.136839244851264
"7728,2863",2023-05-19,6.676450228832956
"7733,2863",2023-05-19,5.483623105519019
"7693,2868",2023-05-19,11.492167934464595
"7698,2868",2023-05-19,11.381337234820782
"7703,2868",2023-05-19,10.526128418897182
"7708,2868",2023-05-19,6.597773551784681
"7713,2868",2023-05-19,5.608716898317477
"7718,2868",2023-05-19,5.128179689786361
"7723,2868",2023-05-19,5.7459517190929015
"7728,2868",2023-05-19,6.4135049736688154
"7733,2868",2023-05-19,5.635145574250187
"7693,2873",2023-05-19,13.446506368970951
"7698,2873",2023-05-19,13.813199713672157
"7703,2873",2023-05-19,11.348212394446833
"7708,2873",2023-05-19,7.853620492272469
"7713,2873",2023-05-19,6.820835718374347
"7718,2873",2023-05-19,5.898420148826558
"7723,2873",2023-05-19,7.1201431229426095
"7728,2873",2023-05-19,7.003551803091017
"7733,2873",2023-05-19,7.473376381116379
"7693,2878",2023-05-19,15.482556368960466
"7698,2878",2023-05-19,14.984975838336506
"7703,2878",2023-05-19,13.46772181551977
"7708,2878",2023-05-19,9.789622144112482
"7713,2878",2023-05-19,10.099718846097513
"7718,2878",2023-05-19,8.783672035139086
"7723,2878",2023-05-19,10.397446559297206
"7728,2878",2023-05-19,9.37901010396838
"7693,2883",2023-05-19,13.398681318681316
"7698,2883",2023-05-19,13.39121593905655
"7703,2883",2023-05-19,12.88945918217792
"7708,2883",2023-05-19,10.072658561593673
"7713,2883",2023-05-19,9.677432590855808
"7718,2883",2023-05-19,10.565233699633703
"7723,2883",2023-05-19,10.987278323318185
"7703,2888",2023-05-19,11.008306104901113
"7708,2888",2023-05-19,10.433632454128434
"7713,2888",2023-05-19,7.919285096569613
"7718,2888",2023-05-19,8.936791014841559
"7723,2888",2023-05-19,9.608639705882352
"7713,2843",2023-05-20,24.298715570144125
"7718,2843",2023-05-20,24.49939497716894
"7723,2843",2023-05-20,21.636506350792068
"7708,2848",2023-05-20,22.02532573765703
"7713,2848",2023-05-20,22.23879106438896
"7718,2848",2023-05-20,22.68224525547446
"7723,2848",2023-05-20,23.277605489852522
"7728,2848",2023-05-20,22.335219171848937
"7733,2848",2023-05-20,22.489053461875546
"7688,2853",2023-05-20,31.293942857142852
"7693,2853",2023-05-20,28.866610484216547
"7698,2853",2023-05-20,26.95598057420368
"7703,2853",2023-05-20,24.863684661525284
"7708,2853",2023-05-20,24.150543012289212
"7713,2853",2023-05-20,22.544647042012013
"7718,2853",2023-05-20,19.7030888030888
"7723,2853",2023-05-20,20.8373091941782
"7728,2853",2023-05-20,22.182725803555385
"7733,2853",2023-05-20,21.515250750107164
"7683,2858",2023-05-20,29.968348436129794
"7688,2858",2023-05-20,31.250222222222224
"7693,2858",2023-05-20,30.107449948852835
"7698,2858",2023-05-20,28.56943291435253
"7703,2858",2023-05-20,24.734980266042978
"7708,2858",2023-05-20,23.190539237176683
"7713,2858",2023-05-20,22.410546464056093
"7718,2858",2023-05-20,19.908510887037842
"7723,2858",2023-05-20,19.551392664036236
"7728,2858",2023-05-20,17.088507964343123
"7733,2858",2023-05-20,20.76784388247332
"7688,2863",2023-05-20,31.798847583643138
"7693,2863",2023-05-20,30.383942816297356
"7698,2863",2023-05-20,27.10746174746176
"7703,2863",2023-05-20,21.92003716940672
"7708,2863",2023-05-20,20.71443808979126
"7713,2863",2023-05-20,20.769206122157065
"7718,2863",2023-05-20,20.642354118993143
"7723,2863",2023-05-20,19.46853832951945
"7728,2863",2023-05-20,19.905231693363838
"7733,2863",2023-05-20,20.976897340577647
"7693,2868",2023-05-20,28.207223522527787
"7698,2868",2023-05-20,26.554873445501094
"7703,2868",2023-05-20,23.86855053385988
"7708,2868",2023-05-20,21.819590403744876
"7713,2868",2023-05-20,19.78570007315289
"7718,2868",2023-05-20,20.21502780216563
"7723,2868",2023-05-20,18.775517190929044
"7728,2868",2023-05-20,21.870848449385605
"7733,2868",2023-05-20,21.50475493782005
"7693,2873",2023-05-20,28.915013596679543
"7698,2873",2023-05-20,28.483693629205437
"7703,2873",2023-05-20,24.575929583512238
"7708,2873",2023-05-20,21.47793932455638
"7713,2873",2023-05-20,20.265789925586724
"7718,2873",2023-05-20,19.64631081854609
"7723,2873",2023-05-20,18.90570488049234
"7728,2873",2023-05-20,21.67083285632513
"7733,2873",2023-05-20,21.702698912421305
"7693,2878",2023-05-20,29.769994143484613
"7698,2878",2023-05-20,29.634687362717823
"7703,2878",2023-05-20,27.547390922401167
"7708,2878",2023-05-20,23.35091681312244
"7713,2878",2023-05-20,23.823675501537565
"7718,2878",2023-05-20,22.495341142020493
"7723,2878",2023-05-20,22.05524158125915
"7728,2878",2023-05-20,22.83239712988724
"7693,2883",2023-05-20,27.19608498168498
"7698,2883",2023-05-20,27.07443012012892
"7703,2883",2023-05-20,27.032097317895357
"7708,2883",2023-05-20,24.12873297202286
"7713,2883",2023-05-20,23.156638335287216
"7718,2883",2023-05-20,24.066467399267406
"7723,2883",2023-05-20,23.79767550930675
"7703,2888",2023-05-20,24.440988822012038
"7708,2888",2023-05-20,23.569558486238527
"7713,2888",2023-05-20,22.645342701462567
"7718,2888",2023-05-20,21.214157593123197
"7723,2888",2023-05-20,21.47346897836365
"7713,2843",2023-05-21,17.11828742685885
"7718,2843",2023-05-21,16.343515981735155
"7723,2843",2023-05-21,13.736434993577843
"7708,2848",2023-05-21,15.292626351153961
"7713,2848",2023-05-21,15.605799386771793
"7718,2848",2023-05-21,15.713424817518254
"7723,2848",2023-05-21,15.310465761425025
"7728,2848",2023-05-21,15.84224623922886
"7733,2848",2023-05-21,15.05659363131756
"7688,2853",2023-05-21,23.530205714285703
"7693,2853",2023-05-21,21.735374946436224
"7698,2853",2023-05-21,20.29481788315955
"7703,2853",2023-05-21,17.37268780348472
"7708,2853",2023-05-21,16.970865961703332
"7713,2853",2023-05-21,16.100277222063447
"7718,2853",2023-05-21,14.78506929561366
"7723,2853",2023-05-21,14.9716942857143
"7728,2853",2023-05-21,14.40872410344335
"7733,2853",2023-05-21,14.079665666523786
"7683,2858",2023-05-21,23.48885121309558
"7688,2858",2023-05-21,24.637315789473675
"7693,2858",2023-05-21,23.27065906766039
"7698,2858",2023-05-21,21.956717334112827
"7703,2858",2023-05-21,18.074857476977048
"7708,2858",2023-05-21,16.531836913634383
"7713,2858",2023-05-21,16.404538281706603
"7718,2858",2023-05-21,15.236396317404646
"7723,2858",2023-05-21,14.672827707145979
"7728,2858",2023-05-21,12.670434020166594
"7733,2858",2023-05-21,13.134255225844166
"7688,2863",2023-05-21,24.822467829568204
"7693,2863",2023-05-21,23.509126518942097
"7698,2863",2023-05-21,20.061879021879026
"7703,2863",2023-05-21,16.86443745532523
"7708,2863",2023-05-21,15.456534172147562
"7713,2863",2023-05-21,16.133560291803754
"7718,2863",2023-05-21,16.52451086956522
"7723,2863",2023-05-21,14.49272883295195
"7728,2863",2023-05-21,15.438549771167049
"7733,2863",2023-05-21,14.455704889905636
"7693,2868",2023-05-21,20.81328554710356
"7698,2868",2023-05-21,20.416482809070956
"7703,2868",2023-05-21,18.34451075032909
"7708,2868",2023-05-21,15.405839672322992
"7713,2868",2023-05-21,14.690779809802489
"7718,2868",2023-05-21,14.438232367573892
"7723,2868",2023-05-21,14.03553182150695
"7728,2868",2023-05-21,15.433695143358687
"7733,2868",2023-05-21,15.257618141916605
"7693,2873",2023-05-21,21.86311721768999
"7698,2873",2023-05-21,21.504154617036512
"7703,2873",2023-05-21,17.908510090167454
"7708,2873",2023-05-21,15.005721236405275
"7713,2873",2023-05-21,14.138065254722388
"7718,2873",2023-05-21,13.629401831711508
"7723,2873",2023-05-21,14.488089308716185
"7728,2873",2023-05-21,15.407698912421287
"7733,2873",2023-05-21,15.870374928448774
"7693,2878",2023-05-21,22.951452415812593
"7698,2878",2023-05-21,22.414599502123295
"7703,2878",2023-05-21,20.588043923865303
"7708,2878",2023-05-21,17.013131224370245
"7713,2878",2023-05-21,17.6814379850637
"7718,2878",2023-05-21,15.780310395314785
"7723,2878",2023-05-21,16.818313323572468
"7728,2878",2023-05-21,16.12520427588226
"7693,2883",2023-05-21,21.24388571428571
"7698,2883",2023-05-21,20.71649575153823
"7703,2883",2023-05-21,20.158994577165455
"7708,2883",2023-05-21,16.939976563644365
"7713,2883",2023-05-21,16.873300117233292
"7718,2883",2023-05-21,17.17382271062271
"7723,2883",2023-05-21,17.586267037959832
"7703,2888",2023-05-21,19.469117225566066
"7708,2888",2023-05-21,18.718830275229365
"7713,2888",2023-05-21,16.445807284198445
"7718,2888",2023-05-21,16.640550143266466
"7723,2888",2023-05-21,16.562587763289873
"7713,2843",2023-05-22,20.19244184387041
"7718,2843",2023-05-22,20.344549086757986
"7723,2843",2023-05-22,18.995692878550027
"7708,2848",2023-05-22,18.678168273444353
"7713,2848",2023-05-22,18.674180172287926
"7718,2848",2023-05-22,18.056875912408756
"7723,2848",2023-05-22,19.315675281062926
"7728,2848",2023-05-22,19.171570030670367
"7733,2848",2023-05-22,19.625290680689456
"7688,2853",2023-05-22,25.743974285714273
"7693,2853",2023-05-22,24.27930581345522
"7698,2853",2023-05-22,23.069741465504926
"7703,2853",2023-05-22,20.615724078834617
"7708,2853",2023-05-22,19.826693340954552
"7713,2853",2023-05-22,18.734126893398113
"7718,2853",2023-05-22,16.627886840977283
"7723,2853",2023-05-22,17.688557142857146
"7728,2853",2023-05-22,18.85792541791683
"7733,2853",2023-05-22,18.923989141305896
"7683,2858",2023-05-22,23.548190587547506
"7688,2858",2023-05-22,24.967991228070172
"7693,2858",2023-05-22,23.98374981733159
"7698,2858",2023-05-22,22.082335574393447
"7703,2858",2023-05-22,19.819704721531945
"7708,2858",2023-05-22,19.932295776706123
"7713,2858",2023-05-22,19.28491233196961
"7718,2858",2023-05-22,17.481113546690043
"7723,2858",2023-05-22,17.726517609235714
"7728,2858",2023-05-22,16.487292123337724
"7733,2858",2023-05-22,19.600771816985823
"7688,2863",2023-05-22,24.005930797826725
"7693,2863",2023-05-22,23.3533123659757
"7698,2863",2023-05-22,22.012000572000574
"7703,2863",2023-05-22,19.87729807005004
"7708,2863",2023-05-22,18.63953960537604
"7713,2863",2023-05-22,18.93333428694036
"7718,2863",2023-05-22,19.30882437070939
"7723,2863",2023-05-22,19.012168192219693
"7728,2863",2023-05-22,19.78255720823799
"7733,2863",2023-05-22,20.965559050614818
"7693,2868",2023-05-22,22.182755997659452
"7698,2868",2023-05-22,21.53655596196049
"7703,2868",2023-05-22,21.377431622056463
"7708,2868",2023-05-22,20.114005266237562
"7713,2868",2023-05-22,19.341673738112664
"7718,2868",2023-05-22,19.280040971612532
"7723,2868",2023-05-22,19.14534016093636
"7728,2868",2023-05-22,21.68112346401404
"7733,2868",2023-05-22,22.360509144111195
"7693,2873",2023-05-22,24.598474309431797
"7698,2873",2023-05-22,24.801649248389413
"7703,2873",2023-05-22,22.98849291541436
"7708,2873",2023-05-22,21.79934172867773
"7713,2873",2023-05-22,21.0562707498569
"7718,2873",2023-05-22,20.139748139668
"7723,2873",2023-05-22,20.00582224130528
"7728,2873",2023-05-22,23.509587864911285
"7733,2873",2023-05-22,24.69455065827132
"7693,2878",2023-05-22,27.2378448023426
"7698,2878",2023-05-22,27.937536974666866
"7703,2878",2023-05-22,27.013285505124454
"7708,2878",2023-05-22,24.32100761570005
"7713,2878",2023-05-22,24.56194464782544
"7718,2878",2023-05-22,23.663021961932643
"7723,2878",2023-05-22,24.398887262079047
"7728,2878",2023-05-22,25.950107142857153
"7693,2883",2023-05-22,26.685359706959698
"7698,2883",2023-05-22,26.820418986229118
"7703,2883",2023-05-22,26.717874835116522
"7708,2883",2023-05-22,24.60032224989015
"7713,2883",2023-05-22,24.2453898007034
"7718,2883",2023-05-22,24.848492380529663
"7723,2883",2023-05-22,26.079122621564494
"7703,2888",2023-05-22,26.380877042132404
"7708,2888",2023-05-22,26.1317001146789
"7713,2888",2023-05-22,25.379796386578718
"7718,2888",2023-05-22,24.901017001545597
"7723,2888",2023-05-22,25.76862320958784
"7708,2848",2023-05-23,23.97531290461804
"7713,2848",2023-05-23,23.35426433915211
"7688,2853",2023-05-23,31.592000000000024
"7693,2853",2023-05-23,30.72362036455059
"7698,2853",2023-05-23,28.61104316546763
"7703,2853",2023-05-23,24.522217630853994
"7708,2853",2023-05-23,23.46103034580098
"7713,2853",2023-05-23,23.41251461988304
"7688,2858",2023-05-23,33.397851485148514
"7693,2858",2023-05-23,31.69641293532338
"7698,2858",2023-05-23,28.97420841683368
"7688,2863",2023-05-23,34.620000000000005
"7713,2843",2023-05-27,12.701809045226122
"7708,2848",2023-05-27,13.655519292359314
"7713,2848",2023-05-27,12.942300575143783
"7718,2848",2023-05-27,13.841572784810117
"7723,2848",2023-05-27,13.688462006079034
"7728,2848",2023-05-27,13.45999999999998
"7693,2853",2023-05-27,10.644594127806556
"7698,2853",2023-05-27,12.12294372294372
"7703,2853",2023-05-27,13.102649842271296
"7708,2853",2023-05-27,15.54543362527906
"7713,2853",2023-05-27,14.350376631079474
"7718,2853",2023-05-27,13.066952421774536
"7723,2853",2023-05-27,13.652531428571418
"7728,2853",2023-05-27,14.038569944598333
"7733,2853",2023-05-27,12.53214957090314
"7698,2858",2023-05-27,13.546357615894054
"7703,2858",2023-05-27,13.072337278106515
"7708,2858",2023-05-27,15.124066403162054
"7713,2858",2023-05-27,15.092977790765632
"7718,2858",2023-05-27,13.783480929416926
"7723,2858",2023-05-27,14.19729943007453
"7728,2858",2023-05-27,12.209790334572483
"7733,2858",2023-05-27,14.712990171580872
"7698,2863",2023-05-27,13.655008933889215
"7703,2863",2023-05-27,13.492780557541098
"7708,2863",2023-05-27,13.849539605376041
"7713,2863",2023-05-27,14.49859840660963
"7718,2863",2023-05-27,13.928143945050026
"7723,2863",2023-05-27,14.106793478260876
"7728,2863",2023-05-27,13.852843249427925
"7733,2863",2023-05-27,14.402891049470984
"7693,2868",2023-05-27,15.862528735632178
"7698,2868",2023-05-27,14.55151538169388
"7703,2868",2023-05-27,15.015715043309173
"7708,2868",2023-05-27,14.400287962000885
"7713,2868",2023-05-27,14.540471104608635
"7718,2868",2023-05-27,15.02665643701089
"7723,2868",2023-05-27,14.016710853355429
"7728,2868",2023-05-27,14.964424778761055
"7733,2868",2023-05-27,14.71061594732992
"7693,2873",2023-05-27,15.932830188679239
"7698,2873",2023-05-27,15.171962616822444
"7703,2873",2023-05-27,13.623482498892336
"7708,2873",2023-05-27,14.634677113010447
"7713,2873",2023-05-27,14.751285239265579
"7718,2873",2023-05-27,14.761654264453352
"7723,2873",2023-05-27,13.374897584836441
"7728,2873",2023-05-27,14.22164248403946
"7733,2873",2023-05-27,13.841090413448432
"7703,2878",2023-05-27,16.422005012531322
"7708,2878",2023-05-27,15.702779503105583
"7713,2878",2023-05-27,15.090649681528662
"7718,2878",2023-05-27,14.006961802154748
"7723,2878",2023-05-27,12.212893711741797
"7728,2878",2023-05-27,14.555289023598196
"7693,2883",2023-05-27,14.840000000000032
"7698,2883",2023-05-27,14.840000000000032
"7708,2883",2023-05-27,16.0925287356322
"7713,2883",2023-05-27,14.514000000000031
"7718,2883",2023-05-27,13.480027739251053
"7723,2883",2023-05-27,13.522352294586442
"7708,2888",2023-05-27,15.084071428571452
"7713,2888",2023-05-27,14.351433292028098
"7718,2888",2023-05-27,12.755257793764992
"7723,2888",2023-05-27,13.733747392071905
"7733,2848",2023-05-30,14.659999999999968
"7708,2858",2023-05-30,16.177393794749406
"7713,2858",2023-05-30,16.43674220963173
"7703,2863",2023-05-30,22.819999999999993
"7708,2863",2023-05-30,20.489134860050893
"7713,2863",2023-05-30,18.128270799347465
"7688,2853",2023-05-31,9.778624203821655
"7693,2853",2023-05-31,8.599192708333327
"7683,2858",2023-05-31,10.224520925110124
"7688,2858",2023-05-31,10.354386459802523
"7693,2858",2023-05-31,9.618522088353384
"7698,2858",2023-05-31,9.200855491329479
"7703,2858",2023-05-31,8.533898305084746
"7693,2863",2023-05-31,9.531835294117654
"7698,2863",2023-05-31,8.922999999999998
"7703,2863",2023-05-31,8.5
"7693,2868",2023-05-31,11.266060727127444
"7698,2868",2023-05-31,10.693897324656533
"7693,2873",2023-05-31,11.259999999999971
"7713,2843",2023-06-01,17.870038532895677
"7718,2843",2023-06-01,16.673978310502278
"7723,2843",2023-06-01,14.288297416868847
"7708,2848",2023-06-01,16.94180537772087
"7713,2848",2023-06-01,16.385281166319547
"7718,2848",2023-06-01,16.63642728019721
"7723,2848",2023-06-01,15.156817053584462
"7728,2848",2023-06-01,14.461542281291077
"7733,2848",2023-06-01,15.308664913818287
"7688,2853",2023-06-01,15.74996308360477
"7693,2853",2023-06-01,14.769810677127747
"7698,2853",2023-06-01,14.07866592551418
"7703,2853",2023-06-01,15.817692007797268
"7708,2853",2023-06-01,17.10313782564401
"7713,2853",2023-06-01,16.142803085431524
"7718,2853",2023-06-01,14.488321188741251
"7723,2853",2023-06-01,15.528662857142855
"7728,2853",2023-06-01,16.227521074439196
"7733,2853",2023-06-01,15.58881840262894
"7683,2858",2023-06-01,13.469999999999999
"7688,2858",2023-06-01,15.799999999999955
"7693,2858",2023-06-01,14.65997723823975
"7698,2858",2023-06-01,14.84374500665778
"7703,2858",2023-06-01,14.932914653784213
"7708,2858",2023-06-01,16.31237468946368
"7713,2858",2023-06-01,15.900654587960256
"7718,2858",2023-06-01,15.289393540844658
"7723,2858",2023-06-01,16.276258950752595
"7728,2858",2023-06-01,14.230922110185588
"7733,2858",2023-06-01,16.493822540564235
"7688,2863",2023-06-01,14.049552238805967
"7693,2863",2023-06-01,15.330116999311768
"7698,2863",2023-06-01,16.30366080366081
"7703,2863",2023-06-01,15.80089201877934
"7708,2863",2023-06-01,15.604152130397498
"7713,2863",2023-06-01,15.75354312687742
"7718,2863",2023-06-01,15.33223398169337
"7723,2863",2023-06-01,16.025409038901607
"7728,2863",2023-06-01,16.241936498855843
"7733,2863",2023-06-01,17.095041464112104
"7693,2868",2023-06-01,16.84583091436864
"7698,2868",2023-06-01,16.815241730279904
"7703,2868",2023-06-01,17.88355419043439
"7708,2868",2023-06-01,16.92626682270334
"7713,2868",2023-06-01,16.092517922457937
"7718,2868",2023-06-01,16.204155692127603
"7723,2868",2023-06-01,14.418820775420627
"7728,2868",2023-06-01,17.295359859566993
"7733,2868",2023-06-01,17.460579370885146
"7693,2873",2023-06-01,16.234102564102564
"7698,2873",2023-06-01,15.619464566929121
"7703,2873",2023-06-01,16.619417706476533
"7708,2873",2023-06-01,17.18607613050945
"7713,2873",2023-06-01,16.317332570120207
"7718,2873",2023-06-01,15.485872925014315
"7723,2873",2023-06-01,13.769666523543728
"7728,2873",2023-06-01,16.697727532913564
"7733,2873",2023-06-01,16.21759874069834
"7693,2878",2023-06-01,16.204071353620147
"7698,2878",2023-06-01,15.897847415434175
"7703,2878",2023-06-01,16.772377745241585
"7708,2878",2023-06-01,16.147190978324556
"7713,2878",2023-06-01,17.141692780787814
"7718,2878",2023-06-01,15.060134699853583
"7723,2878",2023-06-01,15.419537335285504
"7728,2878",2023-06-01,17.352297554546784
"7693,2883",2023-06-01,16.392290109890116
"7698,2883",2023-06-01,16.452191620275414
"7703,2883",2023-06-01,15.998507987688706
"7708,2883",2023-06-01,17.33021239197305
"7713,2883",2023-06-01,16.929777256740916
"7718,2883",2023-06-01,16.19754725274725
"7723,2883",2023-06-01,16.326692070936538
"7703,2888",2023-06-01,16.889447817288232
"7708,2888",2023-06-01,19.416313073394498
"7713,2888",2023-06-01,17.8585947806137
"7718,2888",2023-06-01,17.576724928366758
"7723,2888",2023-06-01,18.859724888952574
"7713,2843",2023-06-02,6.031822930987085
"7718,2843",2023-06-02,6.004432895139107
"7723,2843",2023-06-02,4.834484641638223
"7708,2848",2023-06-02,4.804470938897148
"7713,2848",2023-06-02,4.922134595162981
"7718,2848",2023-06-02,5.063226102941186
"7723,2848",2023-06-02,6.748060109289608
"7728,2848",2023-06-02,6.116457432533178
"7733,2848",2023-06-02,4.655997226715976
"7723,2853",2023-06-02,5.611468315301386
"7728,2853",2023-06-02,5.35882581997902
"7733,2853",2023-06-02,5.797471792728805
"7723,2858",2023-06-02,3.256420722134977
"7728,2858",2023-06-02,3.613363719234265
"7733,2858",2023-06-02,5.084052920296873
"7713,2868",2023-06-02,4.248829648894695
"7718,2868",2023-06-02,3.510990000000016
"7723,2868",2023-06-02,2.547081741787599
"7708,2873",2023-06-02,4.062036363636359
"7713,2873",2023-06-02,4.287742114001095
"7718,2873",2023-06-02,4.252263116679723
"7723,2873",2023-06-02,4.807567944250891
"7723,2858",2023-06-03,22.469716485824286
"7728,2858",2023-06-03,19.56694167221113
"7733,2858",2023-06-03,21.933274043433297
"7708,2863",2023-06-03,21.691965811965787
"7713,2863",2023-06-03,23.777808219178098
"7718,2863",2023-06-03,22.04823878984333
"7723,2863",2023-06-03,21.06079764175481
"7728,2863",2023-06-03,20.3841561784897
"7733,2863",2023-06-03,20.271987417786672
"7708,2868",2023-06-03,22.312013983297714
"7713,2868",2023-06-03,20.64666276517922
"7718,2868",2023-06-03,20.454811237928013
"7723,2868",2023-06-03,18.4447607900512
"7728,2868",2023-06-03,20.938970157987118
"7733,2868",2023-06-03,20.56223555230433
"7708,2873",2023-06-03,21.775978835978854
"7713,2873",2023-06-03,19.49713967310549
"7718,2873",2023-06-03,21.673431474186195
"7723,2873",2023-06-03,20.14164154103853
"7728,2873",2023-06-03,21.65952626158599
"7733,2873",2023-06-03,22.023040446304044
"7723,2878",2023-06-03,19.996294642857126
"7728,2878",2023-06-03,22.190316205533584
"7713,2843",2023-06-05,19.45599290780139
"7708,2848",2023-06-05,19.345297959183686
"7713,2848",2023-06-05,18.667810894141837
"7688,2853",2023-06-05,25.903899371069166
"7693,2853",2023-06-05,25.258117647058818
"7698,2853",2023-06-05,25.419837288135597
"7703,2853",2023-06-05,22.02109374999997
"7708,2853",2023-06-05,22.75427502338633
"7713,2853",2023-06-05,19.236084045255136
"7718,2853",2023-06-05,16.78851985559567
"7683,2858",2023-06-05,26.670814663951123
"7688,2858",2023-06-05,28.57636200716846
"7693,2858",2023-06-05,27.853599999999975
"7703,2858",2023-06-05,20.31263970588235
"7708,2858",2023-06-05,19.736983779044287
"7713,2858",2023-06-05,19.5415260115607
"7728,2858",2023-06-05,17.360000000000014
"7733,2858",2023-06-05,17.7873622047244
"7688,2863",2023-06-05,28.86637419354839
"7693,2863",2023-06-05,26.609984415584425
"7703,2863",2023-06-05,23.448872549019594
"7708,2863",2023-06-05,19.735462573591267
"7713,2863",2023-06-05,18.867548416153735
"7718,2863",2023-06-05,17.950973201692516
"7723,2863",2023-06-05,17.98885788113696
"7728,2863",2023-06-05,17.919959411466266
"7733,2863",2023-06-05,17.69555816686252
"7693,2868",2023-06-05,25.018565022421523
"7708,2868",2023-06-05,19.21999999999997
"7713,2868",2023-06-05,19.815408095554083
"7718,2868",2023-06-05,18.236230060660517
"7723,2868",2023-06-05,16.17374914324881
"7728,2868",2023-06-05,18.331376091538697
"7733,2868",2023-06-05,17.87442574981712
"7723,2873",2023-06-05,17.487719962157044
"7728,2873",2023-06-05,19.483463079564963
"7733,2873",2023-06-05,18.0864705882353
"7723,2878",2023-06-05,18.69641379310345
"7728,2878",2023-06-05,19.716010886469668
"7698,2883",2023-06-05,24.109046087888547
"7703,2883",2023-06-05,23.842258064516127
"7703,2888",2023-06-05,20.267206477732845
"7718,2888",2023-06-05,21.56093596059113
"7723,2888",2023-06-05,20.53543488265071
"7713,2843",2023-06-06,14.847929213643498
"7718,2843",2023-06-06,13.21463470319635
"7723,2843",2023-06-06,12.5927244184387
"7708,2848",2023-06-06,15.25006427110721
"7713,2848",2023-06-06,12.285185956560552
"7718,2848",2023-06-06,10.74279807029635
"7723,2848",2023-06-06,12.58487347424829
"7728,2848",2023-06-06,13.156883306557626
"7733,2848",2023-06-06,12.147941131846455
"7688,2853",2023-06-06,13.943714285714282
"7693,2853",2023-06-06,12.365043400179589
"7698,2853",2023-06-06,13.168575917726043
"7703,2853",2023-06-06,14.591365051133836
"7708,2853",2023-06-06,16.055581594741344
"7713,2853",2023-06-06,14.396606025323827
"7718,2853",2023-06-06,12.311781683097587
"7723,2853",2023-06-06,13.447402857142851
"7728,2853",2023-06-06,13.450838691241602
"7733,2853",2023-06-06,13.562780397199594
"7683,2858",2023-06-06,18.938137971353406
"7688,2858",2023-06-06,19.943157894736842
"7693,2858",2023-06-06,19.109548693586692
"7698,2858",2023-06-06,18.945936860567077
"7703,2858",2023-06-06,15.000195152659742
"7708,2858",2023-06-06,16.7373757513561
"7713,2858",2023-06-06,15.979132086499119
"7718,2858",2023-06-06,13.738138243460469
"7723,2858",2023-06-06,13.809834867748071
"7728,2858",2023-06-06,11.074864583333332
"7733,2858",2023-06-06,12.899330507235778
"7688,2863",2023-06-06,23.639562482127538
"7693,2863",2023-06-06,22.256620289855075
"7698,2863",2023-06-06,18.755589875589877
"7703,2863",2023-06-06,14.419964391691396
"7708,2863",2023-06-06,16.710400343151278
"7713,2863",2023-06-06,16.159367758546704
"7718,2863",2023-06-06,14.783841533180771
"7723,2863",2023-06-06,11.69649033418252
"7728,2863",2023-06-06,11.383672878595982
"7733,2863",2023-06-06,11.286714990746468
"7693,2868",2023-06-06,20.243674663545935
"7698,2868",2023-06-06,18.049419166057064
"7703,2868",2023-06-06,18.918300424162645
"7708,2868",2023-06-06,17.542197191339966
"7713,2868",2023-06-06,12.606189604685218
"7718,2868",2023-06-06,12.618847531537137
"7723,2868",2023-06-06,11.477194461167967
"7728,2868",2023-06-06,14.739534815681687
"7733,2868",2023-06-06,13.663136795903434
"7693,2873",2023-06-06,20.132797629423052
"7698,2873",2023-06-06,21.549829634931985
"7703,2873",2023-06-06,19.170914085151836
"7708,2873",2023-06-06,17.357420094596534
"7713,2873",2023-06-06,14.74711219232972
"7718,2873",2023-06-06,13.690669719519171
"7723,2873",2023-06-06,11.728159482124475
"7728,2873",2023-06-06,14.887970807097881
"7733,2873",2023-06-06,13.56975175778448
"7693,2878",2023-06-06,18.067147087857844
"7698,2878",2023-06-06,19.356660856091406
"7703,2878",2023-06-06,17.77916031886625
"7708,2878",2023-06-06,16.750746791131846
"7713,2878",2023-06-06,17.7071610619469
"7718,2878",2023-06-06,14.713845544554447
"7723,2878",2023-06-06,13.563251336898375
"7728,2878",2023-06-06,17.23651480637812
"7693,2883",2023-06-06,15.830514366796736
"7698,2883",2023-06-06,16.068413424866524
"7703,2883",2023-06-06,16.169130763416486
"7708,2883",2023-06-06,13.127988077496255
"7713,2883",2023-06-06,17.294576271186457
"7718,2883",2023-06-06,12.83429398986241
"7703,2888",2023-06-06,14.393333333333354
"7713,2843",2023-06-07,11.4718709861567
"7718,2843",2023-06-07,11.384238013698637
"7723,2843",2023-06-07,10.684107321250174
"7708,2848",2023-06-07,10.298586035641241
"7713,2848",2023-06-07,10.428407066725075
"7718,2848",2023-06-07,11.1096
"7723,2848",2023-06-07,11.741162213461829
"7728,2848",2023-06-07,12.37911494085001
"7733,2848",2023-06-07,11.937353198948285
"7688,2853",2023-06-07,13.426039999999993
"7693,2853",2023-06-07,11.299520068561627
"7698,2853",2023-06-07,12.326696186259108
"7703,2853",2023-06-07,13.08679234504427
"7708,2853",2023-06-07,13.051597599314082
"7713,2853",2023-06-07,11.925975993140902
"7718,2853",2023-06-07,11.294896413773396
"7723,2853",2023-06-07,10.997562857142869
"7728,2853",2023-06-07,10.909407058151166
"7733,2853",2023-06-07,12.093667666809544
"7683,2858",2023-06-07,16.422268932617772
"7688,2858",2023-06-07,17.339053571428565
"7693,2858",2023-06-07,17.274081543182813
"7698,2858",2023-06-07,15.386901490792166
"7703,2858",2023-06-07,12.485104516883506
"7708,2858",2023-06-07,11.868958059330701
"7713,2858",2023-06-07,11.647796610169488
"7718,2858",2023-06-07,11.187932193482393
"7723,2858",2023-06-07,11.044825368990217
"7728,2858",2023-06-07,10.082688879146561
"7733,2858",2023-06-07,11.620865370559853
"7688,2863",2023-06-07,19.972207606519877
"7693,2863",2023-06-07,18.980354538956405
"7698,2863",2023-06-07,16.00485056485057
"7703,2863",2023-06-07,12.237704074338815
"7708,2863",2023-06-07,11.12350014297971
"7713,2863",2023-06-07,12.4058046059219
"7718,2863",2023-06-07,13.244482265446226
"7723,2863",2023-06-07,11.892714530892452
"7728,2863",2023-06-07,12.746212814645316
"7733,2863",2023-06-07,11.996196740062913
"7693,2868",2023-06-07,17.81170275014629
"7698,2868",2023-06-07,18.01978054133138
"7703,2868",2023-06-07,16.517659792306556
"7708,2868",2023-06-07,12.455002925687536
"7713,2868",2023-06-07,12.070045354791514
"7718,2868",2023-06-07,11.617892888498679
"7723,2868",2023-06-07,11.846817849305044
"7728,2868",2023-06-07,12.952747220596828
"7733,2868",2023-06-07,12.38498610095099
"7693,2873",2023-06-07,19.15672534707314
"7698,2873",2023-06-07,19.696627057981384
"7703,2873",2023-06-07,16.906678116502086
"7708,2873",2023-06-07,13.662341156267896
"7713,2873",2023-06-07,12.847879221522621
"7718,2873",2023-06-07,12.043317115054382
"7723,2873",2023-06-07,12.312070988979524
"7728,2873",2023-06-07,13.116554092730397
"7733,2873",2023-06-07,13.597326846021753
"7693,2878",2023-06-07,19.23961639824304
"7698,2878",2023-06-07,20.565005125201353
"7703,2878",2023-06-07,19.286547584187424
"7708,2878",2023-06-07,16.26905096660809
"7713,2878",2023-06-07,16.652051544882124
"7718,2878",2023-06-07,15.18527672035139
"7723,2878",2023-06-07,16.315982430453875
"7728,2878",2023-06-07,15.775841265192563
"7693,2883",2023-06-07,19.115343589743592
"7698,2883",2023-06-07,20.09550835042484
"7703,2883",2023-06-07,19.77773120328301
"7708,2883",2023-06-07,17.416622235242432
"7713,2883",2023-06-07,16.90587631887456
"7718,2883",2023-06-07,16.944011721611727
"7723,2883",2023-06-07,18.231176901656166
"7703,2888",2023-06-07,20.559638865004295
"7708,2888",2023-06-07,19.375129013761462
"7713,2888",2023-06-07,16.74629480929166
"7718,2888",2023-06-07,18.109613180515762
"7723,2888",2023-06-07,17.433526293165208
"7718,2843",2023-06-08,17.276853932584263
"7723,2843",2023-06-08,17.30563698967044
"7718,2848",2023-06-08,19.45367834916475
"7723,2848",2023-06-08,19.10141042487954
"7728,2848",2023-06-08,18.684177011829995
"7733,2848",2023-06-08,19.87622261174409
"7688,2853",2023-06-08,26.91974546856924
"7713,2853",2023-06-08,27.46593591905564
"7718,2853",2023-06-08,21.595757381258032
"7723,2853",2023-06-08,19.05703428571429
"7728,2853",2023-06-08,19.303229032718953
"7733,2853",2023-06-08,19.02671238748393
"7683,2858",2023-06-08,27.580227531285566
"7688,2858",2023-06-08,27.572536082474265
"7713,2858",2023-06-08,23.0270447761194
"7718,2858",2023-06-08,19.058427526595743
"7723,2858",2023-06-08,18.260850504164836
"7728,2858",2023-06-08,15.733432704953968
"7733,2858",2023-06-08,18.386905423183748
"7708,2863",2023-06-08,22.08659715639812
"7713,2863",2023-06-08,20.462786052809754
"7718,2863",2023-06-08,18.94318015582764
"7723,2863",2023-06-08,17.744570938215116
"7728,2863",2023-06-08,18.802488558352408
"7733,2863",2023-06-08,19.014380897912503
"7698,2868",2023-06-08,23.452228796844174
"7703,2868",2023-06-08,22.273526425798753
"7708,2868",2023-06-08,21.482624183653275
"7713,2868",2023-06-08,18.856924652523777
"7718,2868",2023-06-08,18.958457711442772
"7723,2868",2023-06-08,17.563423555230425
"7728,2868",2023-06-08,19.907521942656523
"7733,2868",2023-06-08,18.882656912948057
"7693,2873",2023-06-08,24.26024237833744
"7698,2873",2023-06-08,24.056546872610493
"7703,2873",2023-06-08,21.88123658222413
"7708,2873",2023-06-08,20.37820549513452
"7713,2873",2023-06-08,19.08288208357184
"7718,2873",2023-06-08,18.48159988551803
"7723,2873",2023-06-08,17.056221554315165
"7728,2873",2023-06-08,20.068299942759023
"7733,2873",2023-06-08,19.537435603892376
"7693,2878",2023-06-08,22.722105417276723
"7698,2878",2023-06-08,24.979987735704423
"7703,2878",2023-06-08,23.706454802259884
"7708,2878",2023-06-08,21.61988209285187
"7713,2878",2023-06-08,21.956451944240644
"7718,2878",2023-06-08,19.611014799154333
"7723,2878",2023-06-08,18.69047730600292
"7728,2878",2023-06-08,20.834435495680182
"7693,2883",2023-06-08,22.866054288816517
"7698,2883",2023-06-08,27.408092629482063
"7703,2883",2023-06-08,24.90180811207037
"7708,2883",2023-06-08,22.35946389336458
"7713,2883",2023-06-08,21.877922347362173
"7718,2883",2023-06-08,20.423238095238098
"7723,2883",2023-06-08,21.084256192290788
"7703,2888",2023-06-08,24.36055788005579
"7708,2888",2023-06-08,23.949810779816513
"7713,2888",2023-06-08,21.924987094924017
"7718,2888",2023-06-08,22.01796275071633
"7723,2888",2023-06-08,21.603481874194
"7713,2843",2023-06-09,8.787159277504097
"7718,2843",2023-06-09,9.065432835820893
"7723,2843",2023-06-09,7.37987092391303
"7708,2848",2023-06-09,6.0914942528735425
"7713,2848",2023-06-09,7.069575523704491
"7718,2848",2023-06-09,7.633278236914559
"7693,2868",2023-06-09,11.479228828828834
"7698,2868",2023-06-09,11.73376678445229
"7703,2868",2023-06-09,11.840000000000032
"7693,2873",2023-06-09,13.25778693528694
"7698,2873",2023-06-09,13.159149232914935
"7703,2873",2023-06-09,14.177272727272715
"7693,2878",2023-06-09,14.027423269093497
"7713,2843",2023-06-11,7.953499857265201
"7718,2843",2023-06-11,7.331785608528276
"7723,2843",2023-06-11,6.444462311557786
"7708,2848",2023-06-11,8.225150452819168
"7713,2848",2023-06-11,7.274410862899693
"7718,2848",2023-06-11,6.736609552691431
"7723,2848",2023-06-11,6.586129361950644
"7728,2848",2023-06-11,6.766268438732295
"7733,2848",2023-06-11,7.22423180167377
"7688,2853",2023-06-11,12.15953142857143
"7693,2853",2023-06-11,10.594300261856276
"7698,2853",2023-06-11,9.709740625463173
"7703,2853",2023-06-11,8.994327335047128
"7708,2853",2023-06-11,8.995211858062579
"7713,2853",2023-06-11,7.691094475220842
"7718,2853",2023-06-11,5.587168823166977
"7723,2853",2023-06-11,5.734161188911121
"7728,2853",2023-06-11,6.092717126913712
"7733,2853",2023-06-11,6.939884825799022
"7683,2858",2023-06-11,12.58302072461607
"7688,2858",2023-06-11,12.541807651272673
"7693,2858",2023-06-11,11.753650458069062
"7698,2858",2023-06-11,10.895537276863843
"7703,2858",2023-06-11,8.969542464551958
"7708,2858",2023-06-11,8.41961875843455
"7713,2858",2023-06-11,7.6219264573991055
"7718,2858",2023-06-11,6.037234664070105
"7723,2858",2023-06-11,5.990433778657434
"7728,2858",2023-06-11,4.826834200743502
"7733,2858",2023-06-11,6.680213226719974
"7688,2863",2023-06-11,12.478735332464149
"7693,2863",2023-06-11,11.728428255182134
"7698,2863",2023-06-11,10.292815694032315
"7703,2863",2023-06-11,8.762498927805577
"7708,2863",2023-06-11,8.28718615956535
"7713,2863",2023-06-11,7.9929197657857305
"7718,2863",2023-06-11,7.440286780593205
"7723,2863",2023-06-11,6.693678502711211
"7728,2863",2023-06-11,7.101009725400468
"7733,2863",2023-06-11,8.057086073777523
"7693,2868",2023-06-11,10.62014824575852
"7698,2868",2023-06-11,10.830850036576441
"7703,2868",2023-06-11,10.421234459558283
"7708,2868",2023-06-11,8.98978057343475
"7713,2868",2023-06-11,8.261471836137526
"7718,2868",2023-06-11,8.146341820310223
"7723,2868",2023-06-11,7.42263350402341
"7728,2868",2023-06-11,8.606041544763023
"7733,2868",2023-06-11,9.064634967081194
"7693,2873",2023-06-11,11.563798865552664
"7698,2873",2023-06-11,12.101789247311833
"7703,2873",2023-06-11,10.80587949048233
"7708,2873",2023-06-11,9.310283342873495
"7713,2873",2023-06-11,8.333606182026337
"7718,2873",2023-06-11,7.78487120778478
"7723,2873",2023-06-11,7.1206011163589515
"7728,2873",2023-06-11,8.567693188322849
"7733,2873",2023-06-11,9.920601030337723
"7693,2878",2023-06-11,11.438699007717732
"7698,2878",2023-06-11,12.012500873209914
"7703,2878",2023-06-11,11.001229050279333
"7708,2878",2023-06-11,8.960205038078497
"7713,2878",2023-06-11,9.863370786516857
"7718,2878",2023-06-11,8.690859315589348
"7723,2878",2023-06-11,8.702581993569135
"7728,2878",2023-06-11,9.526612903225807
"7693,2883",2023-06-11,10.276888494528249
"7698,2883",2023-06-11,9.830042008401684
"7703,2883",2023-06-11,9.602882288228832
"7708,2883",2023-06-11,8.556974194636528
"7713,2883",2023-06-11,9.24281946072685
"7718,2883",2023-06-11,9.207594305005147
"7723,2883",2023-06-11,9.76574495179189
"7703,2888",2023-06-11,11.50759575449932
"7708,2888",2023-06-11,10.319104385423099
"7713,2888",2023-06-11,9.360077869490729
"7718,2888",2023-06-11,10.130088459991953
"7723,2888",2023-06-11,10.568493785548768
"7713,2843",2023-06-12,6.82127586699015
"7718,2843",2023-06-12,7.336837899543371
"7723,2843",2023-06-12,7.319160839160836
"7708,2848",2023-06-12,5.738895705521472
"7713,2848",2023-06-12,6.114615272302532
"7718,2848",2023-06-12,6.306575182481749
"7723,2848",2023-06-12,7.897847861001602
"7728,2848",2023-06-12,8.6821819775084
"7733,2848",2023-06-12,9.562261174408425
"7698,2853",2023-06-12,6.731938189845478
"7703,2853",2023-06-12,6.2392351274787625
"7708,2853",2023-06-12,6.895485445354726
"7713,2853",2023-06-12,6.8437382109174045
"7718,2853",2023-06-12,5.556119445635092
"7723,2853",2023-06-12,6.497482778415612
"7728,2853",2023-06-12,8.499505643663378
"7733,2853",2023-06-12,9.472773253321902
"7693,2858",2023-06-12,8.698801652892552
"7698,2858",2023-06-12,8.039973061381568
"7703,2858",2023-06-12,6.57390171904845
"7708,2858",2023-06-12,7.102811043384734
"7713,2858",2023-06-12,6.789976484420926
"7718,2858",2023-06-12,5.817007160602074
"7723,2858",2023-06-12,6.578834249803617
"7728,2858",2023-06-12,7.475504895513664
"7733,2858",2023-06-12,10.345797398041217
"7693,2863",2023-06-12,10.03070388349515
"7698,2863",2023-06-12,8.730432737535274
"7703,2863",2023-06-12,6.409867918990317
"7708,2863",2023-06-12,6.260168716042323
"7713,2863",2023-06-12,6.983535974824778
"7718,2863",2023-06-12,7.356930778032037
"7723,2863",2023-06-12,8.344771167048057
"7728,2863",2023-06-12,9.749774027459951
"7733,2863",2023-06-12,10.839036316843016
"7693,2868",2023-06-12,8.632386218630392
"7698,2868",2023-06-12,8.99613541142953
"7703,2868",2023-06-12,8.400396132252029
"7708,2868",2023-06-12,7.599145699239315
"7713,2868",2023-06-12,7.9359473299195304
"7718,2868",2023-06-12,8.495194615159495
"7723,2868",2023-06-12,9.039479151426477
"7728,2868",2023-06-12,11.570137507314225
"7733,2868",2023-06-12,12.096234089246517
"7693,2873",2023-06-12,9.631117222413197
"7698,2873",2023-06-12,10.692476742144983
"7703,2873",2023-06-12,9.024307601649967
"7708,2873",2023-06-12,9.064430452203773
"7713,2873",2023-06-12,9.512722412000596
"7718,2873",2023-06-12,10.2187607326846
"7723,2873",2023-06-12,10.22763704021755
"7728,2873",2023-06-12,12.603468803663429
"7733,2873",2023-06-12,12.525958786491126
"7698,2878",2023-06-12,9.740000000000009
"7703,2878",2023-06-12,10.666868091378046
"7708,2878",2023-06-12,11.300827824992126
"7713,2878",2023-06-12,11.834908799358578
"7718,2878",2023-06-12,11.759908997504763
"7723,2878",2023-06-12,11.796512445095162
"7728,2878",2023-06-12,13.932397129887239
"7708,2883",2023-06-12,12.218810559907173
"7713,2883",2023-06-12,13.204257213014117
"7718,2883",2023-06-12,12.685683926967972
"7723,2883",2023-06-12,13.25461272040302
"7708,2888",2023-06-12,13.57008968609868
"7713,2888",2023-06-12,14.190409987669545
"7718,2888",2023-06-12,13.43909758965314
"7723,2888",2023-06-12,12.513724531377338
"7713,2843",2023-06-13,13.398795490224058
"7718,2843",2023-06-13,13.587240296803659
"7723,2843",2023-06-13,13.182668759811625
"7708,2848",2023-06-13,13.558808063102544
"7713,2848",2023-06-13,13.603428237698948
"7718,2848",2023-06-13,13.084554744525546
"7723,2848",2023-06-13,14.24202073295371
"7728,2848",2023-06-13,13.339801372864025
"7733,2848",2023-06-13,14.003567046450483
"7688,2853",2023-06-13,16.448125714285723
"7693,2853",2023-06-13,15.567458934437928
"7698,2853",2023-06-13,15.498305956291958
"7703,2853",2023-06-13,14.742402170808331
"7708,2853",2023-06-13,15.03500428693912
"7713,2853",2023-06-13,14.32152329236925
"7718,2853",2023-06-13,11.619497071010146
"7723,2853",2023-06-13,11.693859999999997
"7728,2853",2023-06-13,13.026412344620661
"7733,2853",2023-06-13,13.017802543220453
"7683,2858",2023-06-13,15.693332358959374
"7688,2858",2023-06-13,16.856871345029237
"7693,2858",2023-06-13,16.571658629256167
"7698,2858",2023-06-13,16.14053134962805
"7703,2858",2023-06-13,14.630171027627531
"7708,2858",2023-06-13,15.262346923863799
"7713,2858",2023-06-13,14.644403857393327
"7718,2858",2023-06-13,12.306035364606167
"7723,2858",2023-06-13,12.180394563787814
"7728,2858",2023-06-13,10.347946806956012
"7733,2858",2023-06-13,13.013322613652972
"7688,2863",2023-06-13,17.094967114669725
"7693,2863",2023-06-13,17.59738384560401
"7698,2863",2023-06-13,17.485196625196632
"7703,2863",2023-06-13,15.366824874910662
"7708,2863",2023-06-13,15.727060337432091
"7713,2863",2023-06-13,15.379619510799614
"7718,2863",2023-06-13,14.853967391304348
"7723,2863",2023-06-13,13.872479977116706
"7728,2863",2023-06-13,14.150532036613276
"7733,2863",2023-06-13,14.475453245639123
"7693,2868",2023-06-13,17.786866588648333
"7698,2868",2023-06-13,18.484046817849308
"7703,2868",2023-06-13,18.595220125786167
"7708,2868",2023-06-13,17.108200702165007
"7713,2868",2023-06-13,15.472927578639357
"7718,2868",2023-06-13,15.877459760023411
"7723,2868",2023-06-13,14.56873445501097
"7728,2868",2023-06-13,15.835228203627844
"7733,2868",2023-06-13,15.144313094367233
"7693,2873",2023-06-13,19.351487047373695
"7698,2873",2023-06-13,20.87941875447388
"7703,2873",2023-06-13,18.37460426506369
"7708,2873",2023-06-13,16.747718946765875
"7713,2873",2023-06-13,15.81473382942187
"7718,2873",2023-06-13,14.856700057240985
"7723,2873",2023-06-13,13.622395878059256
"7728,2873",2023-06-13,16.0939181453921
"7733,2873",2023-06-13,15.31386662850602
"7693,2878",2023-06-13,20.976407027818432
"7698,2878",2023-06-13,20.613697466686187
"7703,2878",2023-06-13,18.46133821376282
"7708,2878",2023-06-13,16.50730228471002
"7713,2878",2023-06-13,16.855071020647237
"7718,2878",2023-06-13,15.308527086383599
"7723,2878",2023-06-13,14.3716711671167
"7728,2878",2023-06-13,16.40796454948301
"7693,2883",2023-06-13,18.936693586698336
"7698,2883",2023-06-13,17.780477585701725
"7703,2883",2023-06-13,17.189315550344425
"7708,2883",2023-06-13,16.31912406620771
"7713,2883",2023-06-13,16.61725967174678
"7718,2883",2023-06-13,15.139120879120876
"7723,2883",2023-06-13,15.454146118721464
"7703,2888",2023-06-13,17.015477214101466
"7708,2888",2023-06-13,17.00630733944954
"7713,2888",2023-06-13,16.384837969601374
"7718,2888",2023-06-13,14.792876790830938
"7723,2888",2023-06-13,13.627402206619857
"7713,2843",2023-06-14,7.980962589323241
"7718,2843",2023-06-14,8.84061358655952
"7723,2843",2023-06-14,6.131302940383055
"7708,2848",2023-06-14,5.113311148086528
"7713,2848",2023-06-14,4.073948562783671
"7718,2848",2023-06-14,4.520000000000039
"7723,2848",2023-06-14,8.186382978723405
"7728,2848",2023-06-14,8.091126678342082
"7733,2848",2023-06-14,4.960198019801964
"7713,2853",2023-06-14,4.509704142011854
"7718,2853",2023-06-14,4.660000000000025
"7723,2863",2023-06-14,5.945703422053246
"7728,2863",2023-06-14,5.2701210653753146
"7733,2863",2023-06-14,6.227540394973069
"7713,2868",2023-06-14,4.096608365018999
"7718,2868",2023-06-14,4.249555361813428
"7723,2868",2023-06-14,4.204998736416483
"7728,2868",2023-06-14,6.0766248175182485
"7733,2868",2023-06-14,5.501918081918089
"7713,2873",2023-06-14,4.023418803418776
"7718,2873",2023-06-14,4.099999999999966
"7723,2873",2023-06-14,3.7817914625612308
"7728,2873",2023-06-14,4.377040816326509
"7733,2873",2023-06-14,4.720000000000027
"7713,2843",2023-06-15,14.486697576396201
"7718,2843",2023-06-15,15.414435665914233
"7723,2843",2023-06-15,13.458988915923216
"7708,2848",2023-06-15,14.269409874379198
"7713,2848",2023-06-15,14.585177398160319
"7718,2848",2023-06-15,13.965694682675805
"7723,2848",2023-06-15,14.337196458684664
"7728,2848",2023-06-15,16.430311284046706
"7733,2848",2023-06-15,17.167768499856017
"7688,2853",2023-06-15,20.638125714285717
"7693,2853",2023-06-15,19.429990243902445
"7698,2853",2023-06-15,18.97533905228758
"7703,2853",2023-06-15,16.25089272539471
"7708,2853",2023-06-15,16.38945475471155
"7713,2853",2023-06-15,15.175680684248057
"7718,2853",2023-06-15,13.264108559498952
"7723,2853",2023-06-15,14.248490566037711
"7683,2858",2023-06-15,19.323569131832798
"7688,2858",2023-06-15,20.120353801169585
"7693,2858",2023-06-15,20.022203711822296
"7698,2858",2023-06-15,19.09574101140018
"7703,2858",2023-06-15,16.168773571115327
"7708,2858",2023-06-15,15.457858652974938
"7713,2858",2023-06-15,14.989336624498623
"7688,2863",2023-06-15,20.377054618244216
"7693,2863",2023-06-15,19.35195425303789
"7698,2863",2023-06-15,17.964376612209804
"7703,2863",2023-06-15,15.278347890451519
"7708,2863",2023-06-15,14.340053637277922
"7713,2863",2023-06-15,13.252737650933046
"7718,2863",2023-06-15,10.521483870967748
"7723,2863",2023-06-15,6.805714285714308
"7733,2863",2023-06-15,10.639999999999986
"7693,2868",2023-06-15,17.978842599606114
"7698,2868",2023-06-15,17.24712216532552
"7703,2868",2023-06-15,17.09199861567745
"7708,2868",2023-06-15,15.348114803625373
"7713,2868",2023-06-15,13.617761521580093
"7718,2868",2023-06-15,12.923506277416436
"7723,2868",2023-06-15,12.19491586538461
"7728,2868",2023-06-15,13.666232616940583
"7733,2868",2023-06-15,13.481526760563382
"7693,2873",2023-06-15,20.470753950338604
"7698,2873",2023-06-15,19.84810307802434
"7703,2873",2023-06-15,18.188347780404502
"7708,2873",2023-06-15,15.951390301797229
"7713,2873",2023-06-15,14.936837435603895
"7718,2873",2023-06-15,14.233660560961654
"7723,2873",2023-06-15,13.32026907113209
"7728,2873",2023-06-15,16.46168288494562
"7733,2873",2023-06-15,16.25670005724098
"7693,2878",2023-06-15,21.23416691068814
"7698,2878",2023-06-15,21.4657870844926
"7703,2878",2023-06-15,19.790790629575408
"7708,2878",2023-06-15,17.288383128295248
"7713,2878",2023-06-15,17.11262849611949
"7718,2878",2023-06-15,14.998073206442164
"7723,2878",2023-06-15,14.723633967789159
"7728,2878",2023-06-15,18.263145409283936
"7693,2883",2023-06-15,19.205057875457875
"7698,2883",2023-06-15,17.442056841488426
"7703,2883",2023-06-15,15.764440861791007
"7708,2883",2023-06-15,15.707540647429331
"7713,2883",2023-06-15,14.959460726846416
"7718,2883",2023-06-15,14.313662337662333
"7723,2883",2023-06-15,15.083676233473085
"7703,2888",2023-06-15,15.226119664100773
"7708,2888",2023-06-15,17.367639702390377
"7713,2888",2023-06-15,18.194288214702446
"7718,2888",2023-06-15,17.073825272414457
"7723,2888",2023-06-15,16.180910493827145
"7718,2843",2023-06-20,8.324369230769241
"7723,2843",2023-06-20,10.034635394456288
"7718,2848",2023-06-20,10.579999999999984
"7723,2848",2023-06-20,12.992583868665237
"7728,2848",2023-06-20,19.019999999999982
"7733,2848",2023-06-20,9.357777777777764
"7688,2853",2023-06-20,15.797562670637877
"7693,2853",2023-06-20,15.121847826086958
"7713,2853",2023-06-20,14.436891977258398
"7718,2853",2023-06-20,11.549972327044038
"7723,2853",2023-06-20,11.854294117647065
"7728,2853",2023-06-20,12.49079801871217
"7733,2853",2023-06-20,10.856438180653429
"7683,2858",2023-06-20,16.283749378418705
"7688,2858",2023-06-20,15.581673130193915
"7693,2858",2023-06-20,15.882457337883963
"7713,2858",2023-06-20,13.440728476821233
"7718,2858",2023-06-20,11.103796610169507
"7723,2858",2023-06-20,15.980000000000018
"7728,2858",2023-06-20,14.895637924307458
"7733,2858",2023-06-20,13.679899665551835
"7688,2863",2023-06-20,18.216818023052735
"7693,2863",2023-06-20,17.563110367892975
"7698,2863",2023-06-20,15.80695980577287
"7703,2863",2023-06-20,13.593815261044162
"7708,2863",2023-06-20,13.525999999999984
"7718,2863",2023-06-20,11.71999999999997
"7723,2863",2023-06-20,17.205068664169783
"7728,2863",2023-06-20,16.13139534883721
"7733,2863",2023-06-20,14.239433333333336
"7693,2868",2023-06-20,16.684689877121123
"7698,2868",2023-06-20,16.217334516415267
"7703,2868",2023-06-20,15.546451901566005
"7708,2868",2023-06-20,13.946124240378118
"7728,2868",2023-06-20,20.399999999999977
"7733,2868",2023-06-20,15.103569295626201
"7693,2873",2023-06-20,17.191204524610217
"7698,2873",2023-06-20,18.020077308518246
"7703,2873",2023-06-20,14.146210254069679
"7708,2873",2023-06-20,13.042613813397962
"7713,2873",2023-06-20,15.996187050359747
"7718,2873",2023-06-20,18.78000000000003
"7728,2873",2023-06-20,16.69999999999999
"7733,2873",2023-06-20,15.560292747837659
"7693,2878",2023-06-20,17.396342606149336
"7698,2878",2023-06-20,16.851363303558347
"7703,2878",2023-06-20,14.287006445810231
"7708,2878",2023-06-20,13.12229395308802
"7713,2878",2023-06-20,13.646902151847337
"7718,2878",2023-06-20,18.696778523489964
"7693,2883",2023-06-20,16.300066971080664
"7698,2883",2023-06-20,15.326501611485488
"7703,2883",2023-06-20,13.954647515755534
"7708,2883",2023-06-20,13.13791237113402
"7713,2883",2023-06-20,13.655946097697933
"7718,2883",2023-06-20,16.68410256410257
"7703,2888",2023-06-20,14.899016910289477
"7708,2888",2023-06-20,14.511895068807338
"7713,2888",2023-06-20,14.433763345195723
"7723,2843",2023-06-22,7.9431619537275076
"7723,2848",2023-06-22,10.5
"7728,2848",2023-06-22,12.129713114754123
"7733,2848",2023-06-22,14.200000000000045
"7723,2853",2023-06-22,9.694695153725881
"7728,2853",2023-06-22,12.109646173149304
"7733,2853",2023-06-22,11.794003599897145
"7728,2858",2023-06-22,8.935531011045036
"7733,2858",2023-06-22,13.080986283474855
"7733,2863",2023-06-22,19.29953842493459
"7733,2868",2023-06-22,21.480000000000018
"7733,2873",2023-06-22,13.801173708920201
"7728,2853",2023-06-27,3.72297198538368
"7733,2853",2023-06-27,4.936814760864295
"7728,2858",2023-06-27,-0.5446652267818572
"7733,2858",2023-06-27,5.862389289392401
"7688,2853",2024-04-01,16.32468982630273
"7683,2858",2024-04-01,15.762962612399443
"7688,2858",2024-04-01,19.21904347826086
"7693,2858",2024-04-01,16.953630573248407
"7698,2858",2024-04-01,17.92775510204081
"7688,2863",2024-04-01,16.178664323374335
"7693,2863",2024-04-01,21.28774457634056
"7698,2863",2024-04-01,17.663026315789466
"7708,2853",2024-04-02,22.419999999999987
"7723,2853",2024-04-02,17.699130434782603
"7728,2853",2024-04-02,17.266261031119367
"7703,2858",2024-04-02,25.45999999999998
"7708,2858",2024-04-02,23.428334975369456
"7713,2858",2024-04-02,23.67677852348994
"7723,2858",2024-04-02,15.733539615564942
"7728,2858",2024-04-02,13.620404964075773
"7703,2863",2024-04-02,19.279999999999973
"7708,2863",2024-04-02,19.42815461346633
"7713,2863",2024-04-02,16.329016949152557
"7718,2863",2024-04-02,18.779227642276442
"7723,2863",2024-04-02,16.3852091418715
"7728,2863",2024-04-02,16.95943925233644
"7733,2863",2024-04-02,16.70688888888886
"7708,2868",2024-04-02,17.47819397993313
"7713,2868",2024-04-02,16.287704469443607
"7718,2868",2024-04-02,16.737106184364066
"7723,2868",2024-04-02,17.965091863517074
"7728,2868",2024-04-02,14.129117881639809
"7733,2868",2024-04-02,13.12968824940047
"7728,2873",2024-04-02,11.983155603917297
"7733,2873",2024-04-02,12.160417266187055
"7728,2878",2024-04-02,14.079999999999984
"7728,2863",2024-04-05,19.230503597122286
"7733,2863",2024-04-05,19.968434782608686
"7723,2868",2024-04-05,17.660000000000025
"7728,2868",2024-04-05,19.270715314450307
"7733,2868",2024-04-05,19.129205741626805
"7718,2883",2024-04-05,17.21129066107033
"7723,2883",2024-04-05,16.615654038599025
"7718,2888",2024-04-05,16.856726457399123
"7723,2888",2024-04-05,19.86519516728625
"7713,2843",2024-04-06,21.847746539175112
"7718,2843",2024-04-06,22.99505707762557
"7723,2843",2024-04-06,20.94806621949479
"7708,2848",2024-04-06,19.45047911189016
"7713,2848",2024-04-06,20.944269236384876
"7718,2848",2024-04-06,20.917468613138684
"7723,2848",2024-04-06,21.364181632355095
"7728,2848",2024-04-06,20.90011099751717
"7733,2848",2024-04-06,19.55259713701432
"7688,2853",2024-04-06,25.38386857142856
"7693,2853",2024-04-06,25.410818454506497
"7698,2853",2024-04-06,25.5057763176689
"7703,2853",2024-04-06,22.875706940874032
"7708,2853",2024-04-06,22.70348956844812
"7713,2853",2024-04-06,21.386901971992003
"7718,2853",2024-04-06,18.35776825260752
"7723,2853",2024-04-06,18.242682857142864
"7728,2853",2024-04-06,18.955410772967557
"7733,2853",2024-04-06,19.439222746106584
"7683,2858",2024-04-06,24.961218941829877
"7688,2858",2024-04-06,28.236964912280715
"7693,2858",2024-04-06,28.67222855472745
"7698,2858",2024-04-06,26.91209295527623
"7703,2858",2024-04-06,22.470369828972373
"7708,2858",2024-04-06,20.45482683033757
"7713,2858",2024-04-06,21.181209818819404
"7718,2858",2024-04-06,18.16591845681718
"7723,2858",2024-04-06,17.760470553850645
"7728,2858",2024-04-06,15.726906327634074
"7733,2858",2024-04-06,17.650802514252298
"7688,2863",2024-04-06,26.004114955676297
"7693,2863",2024-04-06,26.07518513223732
"7698,2863",2024-04-06,23.065030745030754
"7703,2863",2024-04-06,19.97164832022875
"7708,2863",2024-04-06,18.239819845581927
"7713,2863",2024-04-06,18.98082677728508
"7718,2863",2024-04-06,19.59349828375287
"7723,2863",2024-04-06,17.413872997711675
"7728,2863",2024-04-06,18.520291762013734
"7733,2863",2024-04-06,17.949230769230777
"7693,2868",2024-04-06,23.890128730251593
"7698,2868",2024-04-06,22.931994147768833
"7703,2868",2024-04-06,23.024194822290475
"7708,2868",2024-04-06,19.554619660620236
"7713,2868",2024-04-06,18.24740307242136
"7718,2868",2024-04-06,18.207851916886153
"7723,2868",2024-04-06,17.4729041697147
"7728,2868",2024-04-06,19.377375658279703
"7733,2868",2024-04-06,18.5905076810534
"7693,2873",2024-04-06,25.061637326463437
"7698,2873",2024-04-06,24.936962061560497
"7703,2873",2024-04-06,22.498866466294558
"7708,2873",2024-04-06,20.991087578706363
"7713,2873",2024-04-06,19.37474527761877
"7718,2873",2024-04-06,18.585057240984543
"7723,2873",2024-04-06,17.562790897380854
"7728,2873",2024-04-06,20.334879793932465
"7733,2873",2024-04-06,20.175214653692052
"7693,2878",2024-04-06,25.14482284040995
"7698,2878",2024-04-06,24.60916971738175
"7703,2878",2024-04-06,25.21581259150805
"7708,2878",2024-04-06,22.727035735207977
"7713,2878",2024-04-06,23.597378825596714
"7718,2878",2024-04-06,20.164600292825764
"7723,2878",2024-04-06,20.469367496339675
"7728,2878",2024-04-06,22.718989603162978
"7693,2883",2024-04-06,25.078543589743592
"7698,2883",2024-04-06,24.440225607969527
"7703,2883",2024-04-06,23.272381650300453
"7708,2883",2024-04-06,23.82671744543724
"7713,2883",2024-04-06,23.519472450175858
"7718,2883",2024-04-06,21.459472527472528
"7723,2883",2024-04-06,21.909016561629784
"7703,2888",2024-04-06,23.2325566064775
"7708,2888",2024-04-06,24.48047018348624
"7713,2888",2024-04-06,23.21983366790938
"7718,2888",2024-04-06,21.622610315186236
"7723,2888",2024-04-06,23.29966470841095
"7713,2843",2024-04-07,20.638555729984294
"7718,2843",2024-04-07,21.762708333333325
"7723,2843",2024-04-07,20.736129584701004
"7708,2848",2024-04-07,17.085766871165642
"7713,2848",2024-04-07,18.241597313476426
"7718,2848",2024-04-07,19.879512408759126
"7723,2848",2024-04-07,20.61391151992991
"7728,2848",2024-04-07,19.643513947714332
"7733,2848",2024-04-07,17.220540461583404
"7688,2853",2024-04-07,25.691213240727052
"7693,2853",2024-04-07,25.405703137701185
"7698,2853",2024-04-07,24.085902013997995
"7703,2853",2024-04-07,20.679851471008273
"7708,2853",2024-04-07,20.262660760217205
"7713,2853",2024-04-07,18.662646470420132
"7718,2853",2024-04-07,17.16167452493214
"7723,2853",2024-04-07,16.69864571428572
"7728,2853",2024-04-07,16.940271467352474
"7733,2853",2024-04-07,18.334636376625234
"7683,2858",2024-04-07,25.20678365384617
"7688,2858",2024-04-07,27.69877078578416
"7693,2858",2024-04-07,27.141226974711202
"7698,2858",2024-04-07,24.552662964045602
"7703,2858",2024-04-07,19.94849583394241
"7708,2858",2024-04-07,17.42913342101417
"7713,2858",2024-04-07,17.79372296902396
"7718,2858",2024-04-07,16.337758293146276
"7723,2858",2024-04-07,15.411386818646788
"7728,2858",2024-04-07,15.014391348823615
"7733,2858",2024-04-07,15.478804268381802
"7688,2863",2024-04-07,25.7792936802974
"7693,2863",2024-04-07,25.112237312365984
"7698,2863",2024-04-07,20.88684398684399
"7703,2863",2024-04-07,16.91444460328807
"7708,2863",2024-04-07,14.496705747783812
"7713,2863",2024-04-07,16.044299814046642
"7718,2863",2024-04-07,17.607225400457676
"7723,2863",2024-04-07,15.421106979405042
"7728,2863",2024-04-07,16.95100114416476
"7733,2863",2024-04-07,15.32072633686017
"7693,2868",2024-04-07,22.693610298420122
"7698,2868",2024-04-07,21.99385223116313
"7703,2868",2024-04-07,20.018531519672372
"7708,2868",2024-04-07,15.99852252779403
"7713,2868",2024-04-07,15.228907095830287
"7718,2868",2024-04-07,14.56346210125841
"7723,2868",2024-04-07,15.059616678858818
"7728,2868",2024-04-07,15.797767700409594
"7733,2868",2024-04-07,15.584187271397216
"7693,2873",2024-04-07,23.881857735795048
"7698,2873",2024-04-07,23.60603006442377
"7703,2873",2024-04-07,21.61104336625161
"7708,2873",2024-04-07,18.22128792215226
"7713,2873",2024-04-07,16.637993703491706
"7718,2873",2024-04-07,15.340165998855182
"7723,2873",2024-04-07,16.692849577787324
"7728,2873",2024-04-07,16.845489410417862
"7733,2873",2024-04-07,17.805357756153413
"7693,2878",2024-04-07,24.116029282576868
"7698,2878",2024-04-07,24.09744325669938
"7703,2878",2024-04-07,24.752969253294296
"7708,2878",2024-04-07,21.474578207381374
"7713,2878",2024-04-07,21.438014350563765
"7718,2878",2024-04-07,18.299446559297213
"7723,2878",2024-04-07,21.237428989751084
"7728,2878",2024-04-07,20.106144384243667
"7693,2883",2024-04-07,24.778042490842495
"7698,2883",2024-04-07,23.52011133899796
"7703,2883",2024-04-07,23.46703795984172
"7708,2883",2024-04-07,22.115892778672922
"7713,2883",2024-04-07,21.2393610785463
"7718,2883",2024-04-07,20.601087179487184
"7723,2883",2024-04-07,22.161462699692226
"7703,2888",2024-04-07,23.522886213814843
"7708,2888",2024-04-07,23.904959862385315
"7713,2888",2024-04-07,21.020553484370524
"7718,2888",2024-04-07,22.075048710601717
"7723,2888",2024-04-07,22.856896403496197
"7713,2843",2024-04-08,25.457899243613518
"7718,2843",2024-04-08,26.416369863013706
"7723,2843",2024-04-08,24.10480947623805
"7708,2848",2024-04-08,21.689167397020157
"7713,2848",2024-04-08,23.506590743174193
"7718,2848",2024-04-08,24.04412262773723
"7723,2848",2024-04-08,24.38126733829757
"7728,2848",2024-04-08,23.82257631079304
"7733,2848",2024-04-08,22.241933976044397
"7688,2853",2024-04-08,29.70764857142855
"7693,2853",2024-04-08,29.339042993858023
"7698,2853",2024-04-08,28.5883988001714
"7703,2853",2024-04-08,25.514612967723505
"7708,2853",2024-04-08,24.755841669048287
"7713,2853",2024-04-08,23.757876536153194
"7718,2853",2024-04-08,20.880065723674807
"7723,2853",2024-04-08,20.79892141756549
"7728,2853",2024-04-08,22.069718531218733
"7733,2853",2024-04-08,22.17492498928417
"7683,2858",2024-04-08,29.76958491669103
"7688,2858",2024-04-08,33.04419005847953
"7693,2858",2024-04-08,32.85860879731111
"7698,2858",2024-04-08,30.183721134171286
"7703,2858",2024-04-08,25.242793193315972
"7708,2858",2024-04-08,23.59072336694433
"7713,2858",2024-04-08,24.09292226767972
"7718,2858",2024-04-08,21.051337132836473
"7723,2858",2024-04-08,20.601575332456527
"7728,2858",2024-04-08,18.44449802718107
"7733,2858",2024-04-08,20.39322028943137
"7688,2863",2024-04-08,30.81110380325994
"7693,2863",2024-04-08,30.41050464617586
"7698,2863",2024-04-08,26.7513913913914
"7703,2863",2024-04-08,22.438543511450387
"7708,2863",2024-04-08,20.807712324849874
"7713,2863",2024-04-08,21.876793019596622
"7718,2863",2024-04-08,21.946667620137305
"7723,2863",2024-04-08,20.447199656750577
"7728,2863",2024-04-08,20.459256292906186
"7733,2863",2024-04-08,20.734955676293975
"7693,2868",2024-04-08,28.447726740784084
"7698,2868",2024-04-08,26.771189465983912
"7703,2868",2024-04-08,25.92070299808004
"7708,2868",2024-04-08,21.798927814893275
"7713,2868",2024-04-08,20.577144111192386
"7718,2868",2024-04-08,20.462142230026334
"7723,2868",2024-04-08,19.47741623994147
"7728,2868",2024-04-08,21.472404915155064
"7733,2868",2024-04-08,20.98589319678127
"7693,2873",2024-04-08,29.11073708315444
"7698,2873",2024-04-08,28.608950608446673
"7703,2873",2024-04-08,25.616433376270226
"7708,2873",2024-04-08,23.679911276473955
"7713,2873",2024-04-08,21.67157412707498
"7718,2873",2024-04-08,20.67240984544934
"7723,2873",2024-04-08,19.734899098325467
"7728,2873",2024-04-08,22.62339439038352
"7733,2873",2024-04-08,22.603153978248436
"7693,2878",2024-04-08,29.35150805270864
"7698,2878",2024-04-08,28.55147166495827
"7703,2878",2024-04-08,28.598778916544646
"7708,2878",2024-04-08,26.52788810779144
"7713,2878",2024-04-08,26.6170859569483
"7718,2878",2024-04-08,22.937920937042463
"7723,2878",2024-04-08,22.761888726207896
"7728,2878",2024-04-08,25.471360374871868
"7693,2883",2024-04-08,29.82064175824176
"7698,2883",2024-04-08,28.817415763258133
"7703,2883",2024-04-08,26.592507694562528
"7708,2883",2024-04-08,27.067471089470484
"7713,2883",2024-04-08,26.92333821805392
"7718,2883",2024-04-08,24.40265787545788
"7723,2883",2024-04-08,25.041952220430908
"7703,2888",2024-04-08,27.62705646316996
"7708,2888",2024-04-08,27.8683256880734
"7713,2888",2024-04-08,27.171161456839677
"7718,2888",2024-04-08,24.650005730659018
"7723,2888",2024-04-08,26.654658260495783
"7713,2843",2024-04-09,19.587917796489226
"7718,2843",2024-04-09,18.912831592502503
"7723,2843",2024-04-09,14.896662054652355
"7708,2848",2024-04-09,17.03904177621969
"7713,2848",2024-04-09,17.819617462403276
"7718,2848",2024-04-09,16.894908029197072
"7723,2848",2024-04-09,11.862204288678813
"7688,2853",2024-04-09,26.40949714285713
"7693,2853",2024-04-09,26.67008141694043
"7698,2853",2024-04-09,24.908930152835307
"7703,2853",2024-04-09,20.971176806626662
"7708,2853",2024-04-09,19.553732494998567
"7713,2853",2024-04-09,14.0777414231258
"7718,2853",2024-04-09,14.557767295597477
"7723,2853",2024-04-09,10.736875000000024
"7733,2853",2024-04-09,10.259999999999991
"7683,2858",2024-04-09,25.41066647179187
"7688,2858",2024-04-09,28.858748538011678
"7693,2858",2024-04-09,29.131378050562613
"7698,2858",2024-04-09,26.313577901198475
"7703,2858",2024-04-09,20.18397602689665
"7708,2858",2024-04-09,15.29067075843928
"7713,2858",2024-04-09,12.842687149475736
"7718,2858",2024-04-09,11.779999999999973
"7728,2858",2024-04-09,10.64500338983051
"7733,2858",2024-04-09,12.708328173374609
"7688,2863",2024-04-09,25.872699456677168
"7693,2863",2024-04-09,25.65741243745533
"7698,2863",2024-04-09,20.52254540254541
"7703,2863",2024-04-09,13.638364779874209
"7708,2863",2024-04-09,9.591920838183947
"7713,2863",2024-04-09,10.309847769028872
"7718,2863",2024-04-09,12.358975206611571
"7723,2863",2024-04-09,11.327411366470695
"7728,2863",2024-04-09,14.367324154444777
"7733,2863",2024-04-09,14.225050042893905
"7693,2868",2024-04-09,23.488598595669977
"7698,2868",2024-04-09,20.509278712509143
"7703,2868",2024-04-09,15.412487084870845
"7708,2868",2024-04-09,9.00731958762888
"7713,2868",2024-04-09,10.194121405750797
"7718,2868",2024-04-09,10.933372874654001
"7723,2868",2024-04-09,13.3915698787492
"7728,2868",2024-04-09,13.420155061439441
"7733,2868",2024-04-09,10.971210084033613
"7693,2873",2024-04-09,22.455431549900368
"7698,2873",2024-04-09,18.457899977370456
"7703,2873",2024-04-09,15.039452054794529
"7708,2873",2024-04-09,8.560000000000002
"7713,2873",2024-04-09,10.334806934594175
"7718,2873",2024-04-09,10.220000000000027
"7723,2873",2024-04-09,7.002772277227698
"7728,2873",2024-04-09,9.859654934437538
"7733,2873",2024-04-09,11.614094564168548
"7713,2878",2024-04-09,13.657249070631941
"7718,2878",2024-04-09,10.599999999999966
"7723,2878",2024-04-09,17.860219478738014
"7728,2878",2024-04-09,13.514604810996563
"7708,2883",2024-04-09,14.139138533178107
"7713,2883",2024-04-09,13.817543035993722
"7718,2883",2024-04-09,15.580798122065753
"7723,2883",2024-04-09,17.717196023451443
"7708,2888",2024-04-09,18.65613688562242
"7713,2888",2024-04-09,15.56174068651375
"7718,2888",2024-04-09,15.414760508308904
"7723,2888",2024-04-09,14.60244846445099
"7713,2843",2024-04-10,24.20373025516402
"7718,2843",2024-04-10,24.688169681309212
"7723,2843",2024-04-10,24.99002692998204
"7708,2848",2024-04-10,22.511992119089307
"7713,2848",2024-04-10,22.156354430379764
"7688,2853",2024-04-10,33.69116609505145
"7693,2853",2024-04-10,37.72917235494881
"7698,2853",2024-04-10,33.42867492850334
"7703,2853",2024-04-10,29.611537467700256
"7708,2853",2024-04-10,27.200119402985074
"7713,2853",2024-04-10,26.559288537549403
"7683,2858",2024-04-10,34.64029194161168
"7688,2858",2024-04-10,39.03723809523811
"7693,2858",2024-04-10,35.2363169642857
"7698,2858",2024-04-10,29.146814419225628
"7703,2858",2024-04-10,22.43204252937885
"7708,2858",2024-04-10,23.928028673835122
"7713,2858",2024-04-10,23.878507240995173
"7688,2863",2024-04-10,31.44603791773781
"7693,2863",2024-04-10,30.709132856006356
"7698,2863",2024-04-10,26.676498829039797
"7703,2863",2024-04-10,21.50464761904761
"7708,2863",2024-04-10,20.312445879225216
"7713,2863",2024-04-10,20.36426702448843
"7718,2863",2024-04-10,20.236491228070175
"7693,2868",2024-04-10,29.985707317073132
"7703,2868",2024-04-10,22.408121739130465
"7708,2868",2024-04-10,20.882746781115884
"7713,2868",2024-04-10,19.661610461114947
"7718,2868",2024-04-10,20.020521415270036
"7693,2873",2024-04-10,28.48941574936494
"7698,2873",2024-04-10,27.574292672127537
"7703,2873",2024-04-10,21.325068675232608
"7708,2873",2024-04-10,21.701627236006917
"7713,2873",2024-04-10,19.43405350832913
"7718,2873",2024-04-10,20.333525179856117
"7728,2873",2024-04-10,25.80062500000001
"7733,2873",2024-04-10,27.107377358490552
"7693,2878",2024-04-10,29.157960339943337
"7698,2878",2024-04-10,28.27959435626102
"7718,2878",2024-04-10,24.423122065727696
"7723,2878",2024-04-10,25.91015319349516
"7728,2878",2024-04-10,27.078863317990812
"7693,2883",2024-04-10,29.20145043731778
"7698,2883",2024-04-10,28.259419252187747
"7718,2883",2024-04-10,25.79055555555555
"7723,2883",2024-04-10,26.240579757085026
"7723,2888",2024-04-10,27.612626427406184
"7708,2848",2024-04-11,18.860000000000014
"7688,2853",2024-04-11,30.74594736842104
"7698,2853",2024-04-11,20.944105263157898
"7703,2853",2024-04-11,19.550983320886232
"7708,2853",2024-04-11,21.02343132953048
"7713,2853",2024-04-11,18.58772585669782
"7683,2858",2024-04-11,35.836496350364975
"7688,2858",2024-04-11,35.60682151589243
"7693,2858",2024-04-11,30.14304545454543
"7698,2858",2024-04-11,29.75999999999999
"7703,2858",2024-04-11,20.735411764705887
"7708,2858",2024-04-11,18.36981248621222
"7713,2858",2024-04-11,17.146768023540954
"7688,2863",2024-04-11,29.20356890459363
"7693,2863",2024-04-11,26.6517893870835
"7698,2863",2024-04-11,26.37497087378642
"7703,2863",2024-04-11,18.747444519166113
"7708,2863",2024-04-11,16.47147841006577
"7713,2863",2024-04-11,16.23189148904457
"7718,2863",2024-04-11,15.14537379718727
"7723,2863",2024-04-11,11.588143289606457
"7728,2863",2024-04-11,12.642105263157879
"7733,2863",2024-04-11,13.070308857808854
"7693,2868",2024-04-11,22.429101276133586
"7698,2868",2024-04-11,21.27684065934066
"7703,2868",2024-04-11,19.883151898734177
"7708,2868",2024-04-11,17.034391456992388
"7713,2868",2024-04-11,15.32498902706657
"7718,2868",2024-04-11,14.912370500438982
"7723,2868",2024-04-11,14.506714736367735
"7728,2868",2024-04-11,16.17949875421369
"7733,2868",2024-04-11,14.931087051938556
"7693,2873",2024-04-11,27.415216826798233
"7698,2873",2024-04-11,24.375214693472323
"7703,2873",2024-04-11,19.89621598084041
"7708,2873",2024-04-11,17.605742278312846
"7713,2873",2024-04-11,16.17296508299943
"7718,2873",2024-04-11,15.627976531196335
"7723,2873",2024-04-11,15.660266208673253
"7728,2873",2024-04-11,16.101476817401267
"7733,2873",2024-04-11,15.00574910394266
"7693,2878",2024-04-11,23.26344579551293
"7698,2878",2024-04-11,22.677376884422102
"7703,2878",2024-04-11,21.429002208391896
"7708,2878",2024-04-11,18.721372579883514
"7713,2878",2024-04-11,18.10781080685312
"7718,2878",2024-04-11,15.537092240117131
"7723,2878",2024-04-11,16.391361639824293
"7728,2878",2024-04-11,16.61478986674476
"7693,2883",2024-04-11,21.807234424025104
"7698,2883",2024-04-11,21.09050051072523
"7703,2883",2024-04-11,19.39735752401281
"7708,2883",2024-04-11,16.464720423778697
"7713,2883",2024-04-11,17.636919466040773
"7718,2883",2024-04-11,16.402076103500757
"7723,2883",2024-04-11,17.3175700365408
"7703,2888",2024-04-11,18.151522248243566
"7708,2888",2024-04-11,19.438086500655306
"7713,2888",2024-04-11,17.6205291005291
"7718,2888",2024-04-11,17.824349570200578
"7723,2888",2024-04-11,18.960194870325264
"7713,2843",2024-04-12,20.03806186304309
"7718,2843",2024-04-12,21.391435185185163
"7723,2843",2024-04-12,23.130278677900208
"7713,2843",2024-04-16,16.82291993720565
"7718,2843",2024-04-16,17.822793949771686
"7723,2843",2024-04-16,15.777197088625657
"7708,2848",2024-04-16,16.123669295939234
"7713,2848",2024-04-16,15.087863528009539
"7718,2848",2024-04-16,14.321275192378156
"7723,2848",2024-04-16,15.92341947729595
"7728,2848",2024-04-16,14.420295019716661
"7733,2848",2024-04-16,12.461573455759595
"7688,2853",2024-04-16,22.36678285714284
"7693,2853",2024-04-16,20.944085130695616
"7698,2853",2024-04-16,18.4777403563736
"7703,2853",2024-04-16,17.250433842828475
"7708,2853",2024-04-16,17.99978851100314
"7713,2853",2024-04-16,16.20236353243784
"7718,2853",2024-04-16,11.663030392883622
"7723,2853",2024-04-16,13.920468571428568
"7728,2853",2024-04-16,15.324037719674237
"7733,2853",2024-04-16,16.861583083297617
"7683,2858",2024-04-16,22.435048231511256
"7688,2858",2024-04-16,24.85755263157894
"7693,2858",2024-04-16,24.77166155195089
"7698,2858",2024-04-16,23.178070739549828
"7703,2858",2024-04-16,18.54978511913464
"7708,2858",2024-04-16,16.082922694724544
"7713,2858",2024-04-16,15.632548217416717
"7718,2858",2024-04-16,13.77480052608506
"7723,2858",2024-04-16,13.800634224755234
"7728,2858",2024-04-16,12.429074967119684
"7733,2858",2024-04-16,13.492012863616425
"7688,2863",2024-04-16,22.206279668287117
"7693,2863",2024-04-16,20.06519513938528
"7698,2863",2024-04-16,19.327224367224368
"7703,2863",2024-04-16,17.496872051465335
"7708,2863",2024-04-16,15.776325421790103
"7713,2863",2024-04-16,15.820655128021754
"7718,2863",2024-04-16,15.427605835240287
"7723,2863",2024-04-16,14.905208810068656
"7728,2863",2024-04-16,16.62959096109841
"7733,2863",2024-04-16,16.295536173863315
"7693,2868",2024-04-16,19.918698069046208
"7698,2868",2024-04-16,20.085088514996347
"7703,2868",2024-04-16,19.826353663887666
"7708,2868",2024-04-16,16.878171445289638
"7713,2868",2024-04-16,15.512550109729325
"7718,2868",2024-04-16,15.132589991220371
"7723,2868",2024-04-16,14.884573518653985
"7728,2868",2024-04-16,17.369722059684022
"7733,2868",2024-04-16,15.71577468910022
"7693,2873",2024-04-16,21.734798912265635
"7698,2873",2024-04-16,22.226299212598427
"7703,2873",2024-04-16,19.84426792614857
"7708,2873",2024-04-16,17.53247281053234
"7713,2873",2024-04-16,16.26308815111621
"7718,2873",2024-04-16,16.163248425872926
"7723,2873",2024-04-16,16.01152712179762
"7728,2873",2024-04-16,18.19054378935318
"7733,2873",2024-04-16,18.44104178591872
"7693,2878",2024-04-16,23.00423426061494
"7698,2878",2024-04-16,22.36024308097819
"7703,2878",2024-04-16,22.591660322108346
"7708,2878",2024-04-16,18.502249560632684
"7713,2878",2024-04-16,20.11621906574901
"7718,2878",2024-04-16,17.710477306002925
"7723,2878",2024-04-16,18.585841874084917
"7728,2878",2024-04-16,19.426697905989162
"7693,2883",2024-04-16,22.242027838827838
"7698,2883",2024-04-16,21.88963082332259
"7703,2883",2024-04-16,20.775043236113145
"7708,2883",2024-04-16,20.10510326644207
"7713,2883",2024-04-16,19.336339390386872
"7718,2883",2024-04-16,17.743015384615376
"7723,2883",2024-04-16,19.624209292100264
"7703,2888",2024-04-16,21.27071080538836
"7708,2888",2024-04-16,20.91032683486238
"7713,2888",2024-04-16,19.505162030398623
"7718,2888",2024-04-16,18.752346704871055
"7723,2888",2024-04-16,20.972428714715573
"7713,2843",2024-04-17,13.63429483946883
"7718,2843",2024-04-17,13.364940411700989
"7723,2843",2024-04-17,11.814398563734274
"7708,2848",2024-04-17,11.5275576865448
"7713,2848",2024-04-17,12.345129115558432
"7718,2848",2024-04-17,11.709717741935492
"7723,2848",2024-04-17,12.643161169881767
"7728,2848",2024-04-17,13.302642758620694
"7733,2848",2024-04-17,13.17153846153845
"7688,2853",2024-04-17,21.80236603088103
"7693,2853",2024-04-17,20.4394583635047
"7698,2853",2024-04-17,19.686534536891674
"7703,2853",2024-04-17,14.0260553633218
"7708,2853",2024-04-17,11.690677404073893
"7713,2853",2024-04-17,12.95048327137549
"7718,2853",2024-04-17,12.45999999999998
"7723,2853",2024-04-17,11.507088989441932
"7728,2853",2024-04-17,12.304409124906517
"7733,2853",2024-04-17,14.106298042577517
"7683,2858",2024-04-17,23.163199214916588
"7688,2858",2024-04-17,23.09303440621531
"7693,2858",2024-04-17,22.962877211238286
"7698,2858",2024-04-17,21.63539238800942
"7703,2858",2024-04-17,20.110058009817052
"7708,2858",2024-04-17,12.171578947368433
"7713,2858",2024-04-17,11.1470153846154
"7718,2858",2024-04-17,11.033094373865723
"7723,2858",2024-04-17,11.411693023255824
"7728,2858",2024-04-17,10.627587315504899
"7733,2858",2024-04-17,13.1101271743897
"7688,2863",2024-04-17,23.19653338745687
"7693,2863",2024-04-17,21.78446529080676
"7698,2863",2024-04-17,21.20966565349545
"7703,2863",2024-04-17,13.11801587301587
"7708,2863",2024-04-17,12.143838524447537
"7713,2863",2024-04-17,12.035798687089727
"7718,2863",2024-04-17,11.76900521676561
"7723,2863",2024-04-17,11.08252265419469
"7728,2863",2024-04-17,12.703383867276884
"7733,2863",2024-04-17,12.492979696883044
"7693,2868",2024-04-17,21.78485689505636
"7698,2868",2024-04-17,20.599999999999966
"7703,2868",2024-04-17,13.765391304347833
"7708,2868",2024-04-17,13.435902422381446
"7713,2868",2024-04-17,12.17044330651061
"7718,2868",2024-04-17,11.203684518583545
"7723,2868",2024-04-17,10.783502235469452
"7728,2868",2024-04-17,12.525770308123244
"7733,2868",2024-04-17,12.330179956108273
"7693,2873",2024-04-17,22.531892280071812
"7698,2873",2024-04-17,21.279403537638828
"7703,2873",2024-04-17,20.946577009285953
"7708,2873",2024-04-17,13.919933949801846
"7713,2873",2024-04-17,13.185975276930492
"7718,2873",2024-04-17,12.523835145964505
"7723,2873",2024-04-17,11.876982968369829
"7728,2873",2024-04-17,13.833241685144127
"7733,2873",2024-04-17,13.813505091021296
"7693,2878",2024-04-17,22.664406995230514
"7698,2878",2024-04-17,22.003280128862205
"7703,2878",2024-04-17,21.628394149800553
"7708,2878",2024-04-17,21.226263008514657
"7713,2878",2024-04-17,17.147046632124365
"7718,2878",2024-04-17,14.355064102564103
"7723,2878",2024-04-17,16.076924956369982
"7728,2878",2024-04-17,18.9000097323601
"7693,2883",2024-04-17,22.817031572735317
"7698,2883",2024-04-17,21.674623753399807
"7703,2883",2024-04-17,20.73079043004239
"7708,2883",2024-04-17,21.273018970189693
"7713,2883",2024-04-17,18.620000000000005
"7718,2883",2024-04-17,16.347591353576952
"7723,2883",2024-04-17,18.196913381210614
"7703,2888",2024-04-17,20.769196855248957
"7708,2888",2024-04-17,20.389042675893887
"7713,2888",2024-04-17,20.251755319148934
"7718,2888",2024-04-17,16.944685867780922
"7723,2888",2024-04-17,19.21103023355782
"7713,2843",2024-04-18,18.649791190864597
"7718,2843",2024-04-18,19.889532293986665
"7708,2848",2024-04-18,18.652667250949467
"7713,2848",2024-04-18,19.10767703314352
"7718,2848",2024-04-18,18.186519158121964
"7723,2848",2024-04-18,17.600000000000023
"7688,2853",2024-04-18,25.47702422145328
"7693,2853",2024-04-18,23.706072051133063
"7698,2853",2024-04-18,23.1161291244108
"7703,2853",2024-04-18,20.26410168523278
"7708,2853",2024-04-18,20.252580737353522
"7713,2853",2024-04-18,19.291706201771945
"7718,2853",2024-04-18,16.649970188804236
"7723,2853",2024-04-18,16.340962250185058
"7728,2853",2024-04-18,16.98472727272727
"7733,2853",2024-04-18,17.77907032590051
"7683,2858",2024-04-18,24.945097924583454
"7688,2858",2024-04-18,27.27764035087719
"7693,2858",2024-04-18,26.46764869209412
"7698,2858",2024-04-18,24.475796550716165
"7703,2858",2024-04-18,19.71591580178336
"7708,2858",2024-04-18,18.563264650007305
"7713,2858",2024-04-18,18.50468731735827
"7718,2858",2024-04-18,16.82429343855034
"7723,2858",2024-04-18,16.83608943445857
"7728,2858",2024-04-18,14.649264942276778
"7733,2858",2024-04-18,17.05237830726502
"7688,2863",2024-04-18,25.662299113525894
"7693,2863",2024-04-18,24.312957827019307
"7698,2863",2024-04-18,21.707087087087086
"7703,2863",2024-04-18,17.77981415296641
"7708,2863",2024-04-18,16.85607949671147
"7713,2863",2024-04-18,17.806511228722645
"7718,2863",2024-04-18,18.51201945080092
"7723,2863",2024-04-18,16.901284324942793
"7728,2863",2024-04-18,17.277866132723116
"7733,2863",2024-04-18,17.73609379468116
"7693,2868",2024-04-18,22.93173765432099
"7698,2868",2024-04-18,22.317205559619598
"7703,2868",2024-04-18,20.668149773292384
"7708,2868",2024-04-18,18.396960210649496
"7713,2868",2024-04-18,17.03417117776152
"7718,2868",2024-04-18,17.468299678080186
"7723,2868",2024-04-18,16.7581126554499
"7728,2868",2024-04-18,18.67481568168521
"7733,2868",2024-04-18,17.706033650329182
"7693,2873",2024-04-18,23.854852345107126
"7698,2873",2024-04-18,23.307662133142443
"7703,2873",2024-04-18,20.726786889938467
"7708,2873",2024-04-18,19.096868918145397
"7713,2873",2024-04-18,18.04072982255295
"7718,2873",2024-04-18,17.90676874642244
"7723,2873",2024-04-18,17.023766995849435
"7728,2873",2024-04-18,19.003945137925722
"7733,2873",2024-04-18,19.500175330667496
"7693,2878",2024-04-18,24.401279648609066
"7698,2878",2024-04-18,24.508844633182026
"7703,2878",2024-04-18,23.922011713030752
"7708,2878",2024-04-18,21.04731400117165
"7713,2878",2024-04-18,22.21913603748719
"7718,2878",2024-04-18,19.124407027818446
"7723,2878",2024-04-18,19.041897510980956
"7728,2878",2024-04-18,21.855793991416316
"7693,2883",2024-04-18,23.84857435897436
"7698,2883",2024-04-18,24.284073502161835
"7703,2883",2024-04-18,23.438543162831603
"7708,2883",2024-04-18,22.584200966749677
"7713,2883",2024-04-18,21.6788108974359
"7718,2883",2024-04-18,20.05668458040513
"7723,2883",2024-04-18,21.43103038533357
"7703,2888",2024-04-18,23.475516949152546
"7708,2888",2024-04-18,23.017117010232827
"7713,2888",2024-04-18,21.77403351427897
"7718,2888",2024-04-18,20.836623941958898
"7723,2888",2024-04-18,21.817748834217713
"7713,2843",2024-04-19,13.350323961752522
"7718,2843",2024-04-19,13.939617579908685
"7723,2843",2024-04-19,12.727795062080776
"7708,2848",2024-04-19,11.811618463336252
"7713,2848",2024-04-19,12.569224704336397
"7718,2848",2024-04-19,12.937132846715327
"7723,2848",2024-04-19,13.07219740108045
"7728,2848",2024-04-19,12.456541551044255
"7733,2848",2024-04-19,11.79127696979383
"7688,2853",2024-04-19,20.03013142857142
"7693,2853",2024-04-19,18.89430652763891
"7698,2853",2024-04-19,17.24033995143551
"7703,2853",2024-04-19,14.841165381319628
"7708,2853",2024-04-19,14.016559016861954
"7713,2853",2024-04-19,12.646101743355246
"7718,2853",2024-04-19,11.02434062008859
"7723,2853",2024-04-19,10.856325714285715
"7728,2853",2024-04-19,11.635999428489777
"7733,2853",2024-04-19,13.033316188026864
"7683,2858",2024-04-19,21.061452791581402
"7688,2858",2024-04-19,23.02129239766081
"7693,2858",2024-04-19,20.99055385065029
"7698,2858",2024-04-19,17.597144109909383
"7703,2858",2024-04-19,14.324294693758217
"7708,2858",2024-04-19,12.775446441619179
"7713,2858",2024-04-19,12.045382010893569
"7718,2858",2024-04-19,10.576505840528187
"7723,2858",2024-04-19,10.486096741195384
"7728,2858",2024-04-19,11.217889814408883
"7733,2858",2024-04-19,11.993150124250835
"7688,2863",2024-04-19,22.519562482127547
"7693,2863",2024-04-19,20.92720228734811
"7698,2863",2024-04-19,16.497852530409986
"7703,2863",2024-04-19,12.140069577317798
"7708,2863",2024-04-19,10.678759577851688
"7713,2863",2024-04-19,10.953270386266098
"7718,2863",2024-04-19,11.910875433860394
"7723,2863",2024-04-19,10.811537800687287
"7728,2863",2024-04-19,12.45429919908467
"7733,2863",2024-04-19,11.81695739205033
"7693,2868",2024-04-19,18.021895845523694
"7698,2868",2024-04-19,17.509518653986824
"7703,2868",2024-04-19,16.320714604734263
"7708,2868",2024-04-19,11.090712991931495
"7713,2868",2024-04-19,10.228254572055597
"7718,2868",2024-04-19,10.036414983904015
"7723,2868",2024-04-19,10.988986100950992
"7728,2868",2024-04-19,11.925313048566414
"7733,2868",2024-04-19,13.032831016825163
"7693,2873",2024-04-19,18.89749945545633
"7698,2873",2024-04-19,18.705253929866977
"7703,2873",2024-04-19,14.917288359788362
"7708,2873",2024-04-19,11.839434265509485
"7713,2873",2024-04-19,11.506871641791049
"7718,2873",2024-04-19,11.017856265356269
"7723,2873",2024-04-19,12.616902819521975
"7728,2873",2024-04-19,13.534942759015458
"7733,2873",2024-04-19,15.33211505437894
"7693,2878",2024-04-19,20.246608695652185
"7698,2878",2024-04-19,20.204526863084954
"7703,2878",2024-04-19,16.661051306263772
"7708,2878",2024-04-19,14.787132987910196
"7713,2878",2024-04-19,14.97740917782026
"7718,2878",2024-04-19,14.793217162102788
"7723,2878",2024-04-19,16.6030541727672
"7728,2878",2024-04-19,16.354866012593348
"7693,2883",2024-04-19,19.46885169065951
"7698,2883",2024-04-19,19.37012784090907
"7703,2883",2024-04-19,16.900327868852443
"7708,2883",2024-04-19,14.803499999999978
"7713,2883",2024-04-19,14.868847583643085
"7718,2883",2024-04-19,15.983506800709634
"7723,2883",2024-04-19,17.694442228019028
"7718,2888",2024-04-19,18.60555555555556
"7723,2888",2024-04-19,18.27424929178469
"7713,2843",2024-04-20,17.960000000000036
"7708,2848",2024-04-20,19.353773072747007
"7713,2848",2024-04-20,18.039024600776848
"7718,2848",2024-04-20,13.829496475327298
"7723,2848",2024-04-20,15.494050464807442
"7728,2848",2024-04-20,17.639999999999986
"7698,2853",2024-04-20,27.053945409429275
"7703,2853",2024-04-20,28.95544086021506
"7718,2853",2024-04-20,14.051987480438173
"7723,2853",2024-04-20,16.102024407753056
"7728,2853",2024-04-20,17.879229149797567
"7733,2853",2024-04-20,13.479886731391582
"7723,2858",2024-04-20,14.67664864864867
"7728,2858",2024-04-20,11.564539372104985
"7733,2858",2024-04-20,16.80211904761904
"7728,2863",2024-04-20,14.545406976744156
"7733,2863",2024-04-20,19.071592920353968
"7693,2883",2024-04-20,20.73364084191671
"7698,2883",2024-04-20,21.54858760107816
"7703,2883",2024-04-20,21.736762295081963
"7708,2883",2024-04-20,19.44169014084506
"7703,2888",2024-04-20,20.64193373493975
"7708,2888",2024-04-20,21.22822312523088
"7718,2888",2024-04-20,19.080894919168593
"7723,2888",2024-04-20,23.01225221595488
"7713,2843",2024-04-21,14.39797387927992
"7718,2843",2024-04-21,13.579999999999984
"7708,2848",2024-04-21,11.729939831528277
"7713,2848",2024-04-21,14.38335045436587
"7718,2848",2024-04-21,12.819916083916048
"7688,2853",2024-04-21,24.18123249299721
"7708,2853",2024-04-21,12.183428823270164
"7713,2853",2024-04-21,11.357839898348168
"7733,2853",2024-04-21,7.899999999999977
"7683,2858",2024-04-21,25.865646935568343
"7688,2858",2024-04-21,26.565294117647063
"7733,2858",2024-04-21,8.11570520965691
"7733,2863",2024-04-21,15.120142095914726
"7713,2843",2024-04-22,22.395048496605252
"7718,2843",2024-04-22,22.643182192910167
"7708,2848",2024-04-22,19.270397700047933
"7713,2848",2024-04-22,17.072723750484325
"7728,2848",2024-04-22,20.31742555235349
"7733,2848",2024-04-22,20.518425556189374
"7688,2853",2024-04-22,32.89058177826564
"7693,2853",2024-04-22,31.154269861286238
"7698,2853",2024-04-22,28.111121892055788
"7703,2853",2024-04-22,25.212966282543757
"7708,2853",2024-04-22,27.27875792141951
"7713,2853",2024-04-22,23.585978584176075
"7718,2853",2024-04-22,20.780625000000008
"7723,2853",2024-04-22,19.301739130434775
"7728,2853",2024-04-22,20.752141442715693
"7733,2853",2024-04-22,20.993636233747672
"7683,2858",2024-04-22,27.84737892791128
"7688,2858",2024-04-22,31.544514973958332
"7693,2858",2024-04-22,32.603644054519805
"7698,2858",2024-04-22,28.866025889967624
"7703,2858",2024-04-22,23.054109934442753
"7708,2858",2024-04-22,22.523877949797086
"7713,2858",2024-04-22,22.91210387502537
"7718,2858",2024-04-22,20.412887828162287
"7723,2858",2024-04-22,19.376715275246077
"7728,2858",2024-04-22,17.968893760046765
"7733,2858",2024-04-22,20.615983043414698
"7688,2863",2024-04-22,29.823014012010294
"7693,2863",2024-04-22,28.78984984984986
"7698,2863",2024-04-22,26.69033583959902
"7703,2863",2024-04-22,20.703531786074674
"7708,2863",2024-04-22,19.686040205703613
"7713,2863",2024-04-22,19.676015812994173
"7718,2863",2024-04-22,19.79014535599901
"7723,2863",2024-04-22,19.497786041189936
"7728,2863",2024-04-22,19.55173340961099
"7733,2863",2024-04-22,20.434129253645985
"7693,2868",2024-04-22,25.376669941060896
"7698,2868",2024-04-22,25.970180227471577
"7703,2868",2024-04-22,25.268410999506013
"7708,2868",2024-04-22,21.61020617005267
"7713,2868",2024-04-22,19.60676593608835
"7718,2868",2024-04-22,19.20172935711074
"7723,2868",2024-04-22,17.928450621799563
"7728,2868",2024-04-22,20.594865418373317
"7733,2868",2024-04-22,20.41764167546638
"7693,2873",2024-04-22,30.591647345069422
"7698,2873",2024-04-22,30.101932712956344
"7703,2873",2024-04-22,26.00964362387292
"7708,2873",2024-04-22,23.625526617057815
"7713,2873",2024-04-22,20.970041791044785
"7718,2873",2024-04-22,20.801327028225202
"7723,2873",2024-04-22,20.001582939745237
"7728,2873",2024-04-22,22.753351459645103
"7733,2873",2024-04-22,23.372834673191193
"7693,2878",2024-04-22,27.917604685212293
"7698,2878",2024-04-22,27.86341777712695
"7703,2878",2024-04-22,27.8633616398243
"7708,2878",2024-04-22,25.369253956292386
"7713,2878",2024-04-22,24.979651162790717
"7718,2878",2024-04-22,24.33340281855551
"7723,2878",2024-04-22,25.29881405563689
"7728,2878",2024-04-22,26.844045734388747
"7693,2883",2024-04-22,26.160712087912092
"7698,2883",2024-04-22,26.565698798710827
"7703,2883",2024-04-22,25.94818994577166
"7708,2883",2024-04-22,24.486843415848824
"7713,2883",2024-04-22,23.162682168003926
"7718,2883",2024-04-22,23.72834974533107
"7723,2883",2024-04-22,26.38613873001906
"7703,2888",2024-04-22,27.482645457151058
"7708,2888",2024-04-22,28.157872706422026
"7713,2888",2024-04-22,25.83580754950493
"7718,2888",2024-04-22,24.049440494590414
"7723,2888",2024-04-22,24.3336036681473
"7713,2843",2024-04-23,22.973052661624084
"7718,2843",2024-04-23,23.156763698630122
"7723,2843",2024-04-23,20.378452975595827
"7708,2848",2024-04-23,21.39891615541922
"7713,2848",2024-04-23,22.604123229668577
"7718,2848",2024-04-23,22.46667737226276
"7723,2848",2024-04-23,22.18742006132282
"7728,2848",2024-04-23,20.93250766759164
"7733,2848",2024-04-23,18.68940111013731
"7688,2853",2024-04-23,29.162991415684555
"7693,2853",2024-04-23,27.027907441794028
"7698,2853",2024-04-23,25.706436223396654
"7703,2853",2024-04-23,22.574901456726643
"7708,2853",2024-04-23,22.647650757359244
"7713,2853",2024-04-23,21.87673621034582
"7718,2853",2024-04-23,19.015416488069725
"7723,2853",2024-04-23,19.548402857142854
"7728,2853",2024-04-23,19.538576939562788
"7733,2853",2024-04-23,19.208669809972843
"7683,2858",2024-04-23,27.38114001753873
"7688,2858",2024-04-23,29.655040935672506
"7693,2858",2024-04-23,28.363591991816453
"7698,2858",2024-04-23,26.09612394036831
"7703,2858",2024-04-23,21.351147493056562
"7708,2858",2024-04-23,20.538506502995755
"7713,2858",2024-04-23,19.847963179427236
"7718,2858",2024-04-23,18.375984217448487
"7723,2858",2024-04-23,17.399468069560132
"7728,2858",2024-04-23,15.519906473768817
"7733,2858",2024-04-23,18.288580616868877
"7688,2863",2024-04-23,26.870703460108682
"7693,2863",2024-04-23,25.325609721229455
"7698,2863",2024-04-23,22.445471185471188
"7703,2863",2024-04-23,19.187268048606153
"7708,2863",2024-04-23,18.323051186731483
"7713,2863",2024-04-23,18.13285652982408
"7718,2863",2024-04-23,17.53972254004577
"7723,2863",2024-04-23,14.485188787185363
"7728,2863",2024-04-23,16.192454233409613
"7733,2863",2024-04-23,17.51069774092079
"7693,2868",2024-04-23,20.545684610883555
"7698,2868",2024-04-23,20.213954645208478
"7703,2868",2024-04-23,17.990990200380285
"7708,2868",2024-04-23,16.86824458747806
"7713,2868",2024-04-23,13.289524506217992
"7718,2868",2024-04-23,10.862630962832881
"7723,2868",2024-04-23,11.023130943672271
"7728,2868",2024-04-23,13.969420713867754
"7733,2868",2024-04-23,14.695075347476214
"7693,2873",2024-04-23,22.64257048804923
"7698,2873",2024-04-23,22.208879026485324
"7703,2873",2024-04-23,18.637266351796193
"7708,2873",2024-04-23,15.5147796222095
"7713,2873",2024-04-23,12.468345735546658
"7718,2873",2024-04-23,11.6604722381225
"7723,2873",2024-04-23,11.854217833118648
"7728,2873",2024-04-23,14.24683171150543
"7733,2873",2024-04-23,15.633216943331426
"7693,2878",2024-04-23,22.08827232796486
"7698,2878",2024-04-23,21.394798652804216
"7703,2878",2024-04-23,20.720418740849194
"7708,2878",2024-04-23,18.09658758055067
"7713,2878",2024-04-23,18.013553961048473
"7718,2878",2024-04-23,16.02152269399706
"7723,2878",2024-04-23,16.54631918008785
"7728,2878",2024-04-23,17.300806215186153
"7693,2883",2024-04-23,22.267569230769237
"7698,2883",2024-04-23,21.333243480808672
"7703,2883",2024-04-23,20.765912355268938
"7708,2883",2024-04-23,18.993771788486892
"7713,2883",2024-04-23,18.78797479484174
"7718,2883",2024-04-23,17.861837362637363
"7723,2883",2024-04-23,19.21176608529973
"7703,2888",2024-04-23,22.207606764115788
"7708,2888",2024-04-23,21.795108944954134
"7713,2888",2024-04-23,19.451247490679666
"7718,2888",2024-04-23,18.83931805157592
"7723,2888",2024-04-23,19.163716864880353
"7713,2843",2024-04-24,19.404226626454108
"7718,2843",2024-04-24,21.046795736349793
"7723,2843",2024-04-24,17.3874945770065
"7708,2848",2024-04-24,17.46973566769654
"7713,2848",2024-04-24,16.85604029785371
"7718,2848",2024-04-24,17.07961034482758
"7723,2848",2024-04-24,17.396054782416616
"7728,2848",2024-04-24,16.603160807291662
"7733,2848",2024-04-24,14.16570163934426
"7688,2853",2024-04-24,27.830885341074026
"7693,2853",2024-04-24,27.873343770968457
"7698,2853",2024-04-24,24.2966503153469
"7703,2853",2024-04-24,21.129859521331944
"7708,2853",2024-04-24,18.946082764162316
"7713,2853",2024-04-24,16.118111602029124
"7718,2853",2024-04-24,13.63561156412157
"7723,2853",2024-04-24,13.825551428571437
"7728,2853",2024-04-24,13.66029147021002
"7733,2853",2024-04-24,13.857616802400344
"7683,2858",2024-04-24,27.69999999999999
"7688,2858",2024-04-24,28.83470494417863
"7693,2858",2024-04-24,27.322758749766027
"7698,2858",2024-04-24,23.93176253460473
"7703,2858",2024-04-24,17.997447741558254
"7708,2858",2024-04-24,16.191340055531207
"7713,2858",2024-04-24,14.955786090005839
"7718,2858",2024-04-24,13.49332456524916
"7723,2858",2024-04-24,13.331451117930726
"7728,2858",2024-04-24,12.590930878269765
"7733,2858",2024-04-24,14.09108025142523
"7688,2863",2024-04-24,27.34410076976907
"7693,2863",2024-04-24,24.937654790729862
"7698,2863",2024-04-24,20.176836027713637
"7703,2863",2024-04-24,15.679104254044338
"7708,2863",2024-04-24,13.393766881972988
"7713,2863",2024-04-24,16.1729568627451
"7718,2863",2024-04-24,16.046278902771796
"7723,2863",2024-04-24,13.708343821510304
"7728,2863",2024-04-24,15.085875286041196
"7733,2863",2024-04-24,14.639285101515592
"7693,2868",2024-04-24,20.728665543702043
"7698,2868",2024-04-24,20.353405108718594
"7703,2868",2024-04-24,19.582718232044197
"7708,2868",2024-04-24,15.395459332943245
"7713,2868",2024-04-24,14.52171058442514
"7718,2868",2024-04-24,14.19935908954776
"7723,2868",2024-04-24,15.151510989010982
"7728,2868",2024-04-24,16.773531304856636
"7733,2868",2024-04-24,16.299069495245057
"7693,2873",2024-04-24,23.16530211740403
"7698,2873",2024-04-24,22.73685539261185
"7703,2873",2024-04-24,21.18112307437469
"7708,2873",2024-04-24,17.9757908847185
"7713,2873",2024-04-24,16.681854607899265
"7718,2873",2024-04-24,15.758580423583286
"7723,2873",2024-04-24,16.14435093745528
"7728,2873",2024-04-24,17.417859187178017
"7733,2873",2024-04-24,18.289794809897412
"7693,2878",2024-04-24,25.736081546994455
"7698,2878",2024-04-24,25.45227998242788
"7703,2878",2024-04-24,25.383903367496345
"7708,2878",2024-04-24,22.116329818394846
"7713,2878",2024-04-24,22.501449699809633
"7718,2878",2024-04-24,20.071505124450937
"7723,2878",2024-04-24,22.139508052708614
"7728,2878",2024-04-24,21.884782545028557
"7693,2883",2024-04-24,26.25860187030509
"7698,2883",2024-04-24,25.453537999141265
"7703,2883",2024-04-24,24.928548088779284
"7708,2883",2024-04-24,22.874961183535962
"7713,2883",2024-04-24,22.450378956754335
"7718,2883",2024-04-24,22.294663736263736
"7723,2883",2024-04-24,24.020823684596227
"7703,2888",2024-04-24,26.300220693608477
"7708,2888",2024-04-24,25.96385359321529
"7713,2888",2024-04-24,22.87022990188901
"7718,2888",2024-04-24,23.805368649318446
"7723,2888",2024-04-24,24.688551368390886
"7713,2843",2024-04-25,24.626145283288142
"7718,2843",2024-04-25,24.77586757990867
"7723,2843",2024-04-25,22.410749250749248
"7708,2848",2024-04-25,21.344978089395266
"7713,2848",2024-04-25,23.00617608409987
"7718,2848",2024-04-25,23.660137226277378
"7723,2848",2024-04-25,24.358344283837063
"7728,2848",2024-04-25,23.032297356506493
"7733,2848",2024-04-25,21.370292141396433
"7688,2853",2024-04-25,31.277017142857126
"7693,2853",2024-04-25,29.30937292777858
"7698,2853",2024-04-25,28.576057706041993
"7703,2853",2024-04-25,24.555018566123977
"7708,2853",2024-04-25,24.09675907402114
"7713,2853",2024-04-25,23.295893112317803
"7718,2853",2024-04-25,21.07236462351765
"7723,2853",2024-04-25,20.969508571428573
"7728,2853",2024-04-25,21.05372196028003
"7733,2853",2024-04-25,20.247261037291043
"7683,2858",2024-04-25,29.835852090032148
"7688,2858",2024-04-25,32.244380116959064
"7693,2858",2024-04-25,31.46085977802094
"7698,2858",2024-04-25,29.648789827535797
"7703,2858",2024-04-25,24.471933927788324
"7708,2858",2024-04-25,23.42962151103318
"7713,2858",2024-04-25,23.05845996493278
"7718,2858",2024-04-25,20.7860149057431
"7723,2858",2024-04-25,20.563098056408
"7728,2858",2024-04-25,18.018161625018262
"7733,2858",2024-04-25,20.044932027481362
"7688,2863",2024-04-25,31.200611953102676
"7693,2863",2024-04-25,29.45614581844175
"7698,2863",2024-04-25,25.94973544973545
"7703,2863",2024-04-25,22.74109792709079
"7708,2863",2024-04-25,21.14238776093795
"7713,2863",2024-04-25,21.673076813045355
"7718,2863",2024-04-25,21.967465675057216
"7723,2863",2024-04-25,20.403300915331812
"7728,2863",2024-04-25,20.96866418764303
"7733,2863",2024-04-25,21.156391192450677
"7693,2868",2024-04-25,27.199370977179633
"7698,2868",2024-04-25,26.467207022677393
"7703,2868",2024-04-25,25.109012724879346
"7708,2868",2024-04-25,22.512425394967824
"7713,2868",2024-04-25,20.790967081199703
"7718,2868",2024-04-25,20.948290898448924
"7723,2868",2024-04-25,20.375853694220915
"7728,2868",2024-04-25,22.327524868344074
"7733,2868",2024-04-25,21.560778346744684
"7693,2873",2024-04-25,28.817005868040663
"7698,2873",2024-04-25,28.204506800286325
"7703,2873",2024-04-25,24.998448547302136
"7708,2873",2024-04-25,22.903603319977105
"7713,2873",2024-04-25,21.66198340011449
"7718,2873",2024-04-25,21.317283915283348
"7723,2873",2024-04-25,20.06091026191499
"7728,2873",2024-04-25,22.786594161419575
"7733,2873",2024-04-25,23.647381224957066
"7693,2878",2024-04-25,30.106623718887253
"7698,2878",2024-04-25,29.232921364767908
"7703,2878",2024-04-25,29.02863250366031
"7708,2878",2024-04-25,25.967527826596363
"7713,2878",2024-04-25,25.98422316591009
"7718,2878",2024-04-25,22.878269399707168
"7723,2878",2024-04-25,23.658046852122983
"7728,2878",2024-04-25,25.37908624981696
"7693,2883",2024-04-25,29.45961904761905
"7698,2883",2024-04-25,29.01566070905362
"7703,2883",2024-04-25,28.520087937857255
"7708,2883",2024-04-25,26.257407353156577
"7713,2883",2024-04-25,25.9413042203986
"7718,2883",2024-04-25,24.7660043956044
"7723,2883",2024-04-25,26.06044848307196
"7703,2888",2024-04-25,28.52703353396388
"7708,2888",2024-04-25,28.164982798165127
"7713,2888",2024-04-25,26.068233438485798
"7718,2888",2024-04-25,25.318742120343835
"7723,2888",2024-04-25,26.013374408941115
"7688,2863",2024-04-26,20.24468750000001
"7708,2863",2024-04-26,10.134696969696979
"7713,2863",2024-04-26,12.120541401273897
"7693,2868",2024-04-26,13.960000000000006
"7708,2868",2024-04-26,9.635483081940487
"7713,2868",2024-04-26,9.433578635014829
"7718,2868",2024-04-26,10.026496881496882
"7723,2868",2024-04-26,11.371304347826081
"7693,2873",2024-04-26,14.71585276967932
"7698,2873",2024-04-26,15.436036821705441
"7703,2873",2024-04-26,15.748358208955214
"7708,2873",2024-04-26,13.876240670220868
"7713,2873",2024-04-26,11.605486423584166
"7718,2873",2024-04-26,11.926726263871764
"7723,2873",2024-04-26,13.609768378650575
"7693,2878",2024-04-26,18.679397344228796
"7698,2878",2024-04-26,19.60541471048513
"7703,2878",2024-04-26,18.768547602501744
"7708,2878",2024-04-26,15.139806629834258
"7713,2878",2024-04-26,14.315384196185281
"7718,2878",2024-04-26,13.646712190187147
"7723,2878",2024-04-26,16.514240350396953
"7728,2878",2024-04-26,18.751710758377406
"7693,2883",2024-04-26,20.697751338489013
"7698,2883",2024-04-26,19.47267393126572
"7703,2883",2024-04-26,19.911733591356235
"7708,2883",2024-04-26,18.044255116611154
"7713,2883",2024-04-26,16.630954478707785
"7718,2883",2024-04-26,16.288679337231976
"7723,2883",2024-04-26,16.460230350194553
"7703,2888",2024-04-26,18.41504885993482
"7708,2888",2024-04-26,19.12096385542172
"7713,2888",2024-04-26,16.640373425966136
"7718,2888",2024-04-26,17.84807787087236
"7723,2888",2024-04-26,16.98182246133154
"7713,2843",2024-04-27,23.620086553323034
"7718,2843",2024-04-27,24.268294036061036
"7723,2843",2024-04-27,23.02262057545021
"7708,2848",2024-04-27,20.850663803201872
"7713,2848",2024-04-27,22.227405906195713
"7723,2848",2024-04-27,22.706869806094172
"7728,2848",2024-04-27,23.645934993668206
"7733,2848",2024-04-27,23.470355191256807
"7688,2853",2024-04-27,30.94055714285713
"7693,2853",2024-04-27,28.786069958847747
"7698,2853",2024-04-27,27.59718431122449
"7703,2853",2024-04-27,25.12632233639806
"7708,2853",2024-04-27,23.582945301542775
"7728,2853",2024-04-27,19.700000000000028
"7733,2853",2024-04-27,23.767058823529414
"7683,2858",2024-04-27,30.67880444314528
"7688,2858",2024-04-27,32.41799489719346
"7693,2858",2024-04-27,31.797731332618795
"7698,2858",2024-04-27,29.943189596167006
"7703,2858",2024-04-27,25.54846416382254
"7708,2858",2024-04-27,23.626038691847075
"7713,2858",2024-04-27,23.884385593220337
"7718,2858",2024-04-27,22.189382716049376
"7723,2858",2024-04-27,22.30243115438109
"7728,2858",2024-04-27,20.818696479543302
"7733,2858",2024-04-27,23.411074462768607
"7688,2863",2024-04-27,32.24024020589078
"7693,2863",2024-04-27,31.41632022873483
"7698,2863",2024-04-27,28.945810680547535
"7703,2863",2024-04-27,23.749700342465772
"7708,2863",2024-04-27,23.47813411078717
"7713,2863",2024-04-27,24.040159161490692
"7718,2863",2024-04-27,24.367121428571412
"7723,2863",2024-04-27,22.287806020066892
"7728,2863",2024-04-27,22.360365977634697
"7733,2863",2024-04-27,23.15827415730337
"7693,2868",2024-04-27,27.43312049770791
"7698,2868",2024-04-27,27.184523856273326
"7703,2868",2024-04-27,26.030396475770928
"7708,2868",2024-04-27,24.782339139708505
"7713,2868",2024-04-27,23.402270665691297
"7718,2868",2024-04-27,23.17605648909545
"7723,2868",2024-04-27,21.71419117647057
"7728,2868",2024-04-27,23.920112022404492
"7733,2868",2024-04-27,23.66232363491431
"7693,2873",2024-04-27,25.920491740299664
"7698,2873",2024-04-27,27.154779143141823
"7703,2873",2024-04-27,26.224867573371515
"7708,2873",2024-04-27,25.193091223519247
"7713,2873",2024-04-27,23.30457029963782
"7718,2873",2024-04-27,23.230524308865586
"7723,2873",2024-04-27,22.048819523269017
"7728,2873",2024-04-27,24.39379921545837
"7733,2873",2024-04-27,25.21384659416143
"7693,2878",2024-04-27,23.53484303215926
"7698,2878",2024-04-27,23.46587111111111
"7703,2878",2024-04-27,23.75818139207874
"7708,2878",2024-04-27,23.03705560458956
"7713,2878",2024-04-27,21.353488372092983
"7718,2878",2024-04-27,19.47333333333334
"7728,2878",2024-04-27,26.71270922924247
"7693,2883",2024-04-27,25.09156011183598
"7698,2883",2024-04-27,25.392863538385004
"7703,2883",2024-04-27,23.44785298621745
"7708,2883",2024-04-27,24.13187280701755
"7713,2883",2024-04-27,26.13259333500377
"7718,2883",2024-04-27,25.31881744526806
"7723,2883",2024-04-27,26.139999999999986
"7703,2888",2024-04-27,28.769652361544
"7708,2888",2024-04-27,25.133489230769232
"7713,2888",2024-04-27,21.31051663405088
"7718,2888",2024-04-27,25.10448123620307
"7723,2888",2024-04-27,27.184739459459465
"7713,2843",2024-04-28,11.753536921151444
"7718,2843",2024-04-28,14.531793041926845
"7723,2843",2024-04-28,13.110907500546686
"7708,2848",2024-04-28,11.694871794871803
"7713,2848",2024-04-28,13.327262882096075
"7718,2848",2024-04-28,14.126659854014598
"7723,2848",2024-04-28,13.711281582952818
"7728,2848",2024-04-28,14.400233898305087
"7733,2848",2024-04-28,12.467856083086058
"7688,2853",2024-04-28,20.710895364638382
"7693,2853",2024-04-28,20.460325667761754
"7698,2853",2024-04-28,16.960419979001053
"7703,2853",2024-04-28,13.77084240942432
"7708,2853",2024-04-28,11.461258351893113
"7713,2853",2024-04-28,12.794083204930676
"7718,2853",2024-04-28,12.43388275862068
"7723,2853",2024-04-28,9.803706640237863
"7728,2853",2024-04-28,12.714166666666664
"7683,2858",2024-04-28,21.190647181628393
"7688,2858",2024-04-28,22.565417236662093
"7693,2858",2024-04-28,22.869161118508657
"7698,2858",2024-04-28,19.425001886080718
"7703,2858",2024-04-28,12.917960970271746
"7708,2858",2024-04-28,9.997819253438083
"7728,2858",2024-04-28,11.112333129210029
"7733,2858",2024-04-28,11.442607035724016
"7688,2863",2024-04-28,20.958544600938968
"7693,2863",2024-04-28,20.515000000000015
"7728,2863",2024-04-28,15.21598893499308
"7733,2863",2024-04-28,15.525383561643835
"7693,2868",2024-04-28,14.483071683977519
"7698,2868",2024-04-28,14.680731452455591
"7703,2868",2024-04-28,14.759031407336373
"7708,2868",2024-04-28,11.409178082191787
"7713,2868",2024-04-28,3.82000000000005
"7733,2868",2024-04-28,17.74000000000001
"7693,2873",2024-04-28,16.33821786908744
"7698,2873",2024-04-28,14.818260869565218
"7703,2873",2024-04-28,11.33077186963981
"7708,2873",2024-04-28,9.463872679045101
"7713,2873",2024-04-28,10.192470522178558
"7693,2878",2024-04-28,16.661080139372846
"7703,2878",2024-04-28,15.405151169423855
"7708,2878",2024-04-28,15.081341991341988
"7713,2878",2024-04-28,15.24959340011786
"7718,2878",2024-04-28,15.001520119225033
"7723,2878",2024-04-28,18.25999999999999
"7693,2883",2024-04-28,20.867914438502652
"7698,2883",2024-04-28,16.89959367945826
"7703,2883",2024-04-28,17.324914600550954
"7708,2883",2024-04-28,16.538794887401092
"7713,2883",2024-04-28,12.046802125664275
"7718,2883",2024-04-28,13.719047619047608
"7723,2883",2024-04-28,17.66329432416617
"7703,2888",2024-04-28,19.617324613555283
"7708,2888",2024-04-28,16.54791331802526
"7713,2888",2024-04-28,11.4991673894189
"7723,2888",2024-04-28,16.21999999999997
"7713,2843",2024-04-29,15.816710990502022
"7718,2843",2024-04-29,13.972049786075454
"7723,2843",2024-04-29,12.635022255192885
"7708,2848",2024-04-29,15.160436959490207
"7713,2848",2024-04-29,14.95742444152431
"7718,2848",2024-04-29,14.07380579107342
"7723,2848",2024-04-29,13.354671669793618
"7688,2853",2024-04-29,26.42514571428571
"7693,2853",2024-04-29,24.49077560348522
"7698,2853",2024-04-29,22.621074132266813
"7703,2853",2024-04-29,19.498797486432437
"7708,2853",2024-04-29,18.769156908665092
"7713,2853",2024-04-29,16.423306659045437
"7718,2853",2024-04-29,14.231855979425632
"7723,2853",2024-04-29,13.391305130513048
"7728,2853",2024-04-29,13.369952878508496
"7733,2853",2024-04-29,14.309920766537683
"7683,2858",2024-04-29,23.121302565659636
"7688,2858",2024-04-29,26.806497076023398
"7693,2858",2024-04-29,25.500993716206345
"7698,2858",2024-04-29,22.694209295527617
"7703,2858",2024-04-29,18.774465329331857
"7708,2858",2024-04-29,16.804556481075547
"7713,2858",2024-04-29,15.664134162998934
"7718,2858",2024-04-29,13.44159585492228
"7723,2858",2024-04-29,13.756808797993438
"7728,2858",2024-04-29,12.829051030852469
"7733,2858",2024-04-29,15.319146323636891
"7688,2863",2024-04-29,25.81019159279382
"7693,2863",2024-04-29,23.84108077197999
"7698,2863",2024-04-29,20.960678235949697
"7703,2863",2024-04-29,17.25031238779175
"7708,2863",2024-04-29,15.966676696253943
"7713,2863",2024-04-29,15.904834787584042
"7718,2863",2024-04-29,15.345619712038006
"7723,2863",2024-04-29,14.540270350564466
"7728,2863",2024-04-29,13.946691545859055
"7733,2863",2024-04-29,14.980361718161264
"7693,2868",2024-04-29,22.945225277940317
"7698,2868",2024-04-29,22.73385009030705
"7703,2868",2024-04-29,21.927945978035012
"7708,2868",2024-04-29,19.12386425834701
"7713,2868",2024-04-29,18.0065170611743
"7718,2868",2024-04-29,16.66575762572135
"7723,2868",2024-04-29,14.847628819986621
"7728,2868",2024-04-29,15.367301092043677
"7733,2868",2024-04-29,15.531038545699376
"7693,2873",2024-04-29,25.980915986832706
"7698,2873",2024-04-29,26.806935413957518
"7703,2873",2024-04-29,25.316437529766635
"7708,2873",2024-04-29,22.71269649895664
"7713,2873",2024-04-29,21.287678735526566
"7718,2873",2024-04-29,20.181512983030064
"7723,2873",2024-04-29,19.399423354156657
"7728,2873",2024-04-29,20.210933639758704
"7733,2873",2024-04-29,20.924038351459657
"7693,2878",2024-04-29,24.56896632503659
"7698,2878",2024-04-29,25.20328891492166
"7703,2878",2024-04-29,24.03311104313246
"7708,2878",2024-04-29,22.956180438448552
"7713,2878",2024-04-29,23.604840926444382
"7718,2878",2024-04-29,20.884237607195143
"7723,2878",2024-04-29,20.09584465195246
"7728,2878",2024-04-29,23.007873759075412
"7693,2883",2024-04-29,22.577641625615765
"7698,2883",2024-04-29,22.80683778966131
"7703,2883",2024-04-29,22.54018173823832
"7708,2883",2024-04-29,21.599743827733437
"7713,2883",2024-04-29,21.686644496175596
"7718,2883",2024-04-29,21.740224089635866
"7723,2883",2024-04-29,22.104197024114924
"7703,2888",2024-04-29,21.869859558612774
"7708,2888",2024-04-29,22.342395676973876
"7713,2888",2024-04-29,19.200752974604864
"7718,2888",2024-04-29,17.307576506367614
"7723,2888",2024-04-29,21.392215942891134
"7713,2843",2024-04-30,24.847038675610094
"7718,2843",2024-04-30,25.533681506849316
"7723,2843",2024-04-30,22.885928357356924
"7708,2848",2024-04-30,22.069430324276954
"7713,2848",2024-04-30,22.74243539202803
"7718,2848",2024-04-30,23.399173722627744
"7723,2848",2024-04-30,23.462175500073
"7728,2848",2024-04-30,23.255034321600707
"7733,2848",2024-04-30,22.86848670756647
"7688,2853",2024-04-30,31.47273428571427
"7693,2853",2024-04-30,30.76620768461647
"7698,2853",2024-04-30,29.60081702613913
"7703,2853",2024-04-30,25.583590402742075
"7708,2853",2024-04-30,24.71252357816518
"7713,2853",2024-04-30,23.30486424692769
"7718,2853",2024-04-30,20.802237462494652
"7723,2853",2024-04-30,20.868439999999996
"7728,2853",2024-04-30,21.88818974139162
"7733,2853",2024-04-30,22.384214887841118
"7683,2858",2024-04-30,30.45648056123941
"7688,2858",2024-04-30,32.256061403508774
"7693,2858",2024-04-30,32.46591261142774
"7698,2858",2024-04-30,30.442958199356895
"7703,2858",2024-04-30,24.47657067680164
"7708,2858",2024-04-30,23.157734911588495
"7713,2858",2024-04-30,22.682688486265345
"7718,2858",2024-04-30,20.737363729358474
"7723,2858",2024-04-30,20.81757416337863
"7728,2858",2024-04-30,18.81276633055677
"7733,2858",2024-04-30,20.92283584271305
"7688,2863",2024-04-30,31.9160051472691
"7693,2863",2024-04-30,30.12764260185849
"7698,2863",2024-04-30,26.707095667095672
"7703,2863",2024-04-30,22.674967834167266
"7708,2863",2024-04-30,21.27135258793252
"7713,2863",2024-04-30,21.513033900729514
"7718,2863",2024-04-30,21.638466819221975
"7723,2863",2024-04-30,19.87702231121282
"7728,2863",2024-04-30,20.865200228832947
"7733,2863",2024-04-30,21.239419502430664
"7693,2868",2024-04-30,27.008376243417196
"7698,2868",2024-04-30,26.4281901975128
"7703,2868",2024-04-30,24.949337428696808
"7708,2868",2024-04-30,22.5774634289058
"7713,2868",2024-04-30,21.00215654718361
"7718,2868",2024-04-30,21.019057652911904
"7723,2868",2024-04-30,19.993547915142646
"7728,2868",2024-04-30,22.757337624341723
"7733,2868",2024-04-30,21.70161228968545
"7693,2873",2024-04-30,28.77730070130243
"7698,2873",2024-04-30,28.886115962777385
"7703,2873",2024-04-30,26.152133963074306
"7708,2873",2024-04-30,23.974201488265603
"7713,2873",2024-04-30,21.83123640526619
"7718,2873",2024-04-30,21.529066971951927
"7723,2873",2024-04-30,20.75679118362673
"7728,2873",2024-04-30,23.324708070978826
"7733,2873",2024-04-30,23.986119061247855
"7693,2878",2024-04-30,30.070386530014623
"7698,2878",2024-04-30,29.72243373846829
"7703,2878",2024-04-30,28.69587115666179
"7708,2878",2024-04-30,25.465691271236082
"7713,2878",2024-04-30,26.386214672719284
"7718,2878",2024-04-30,24.389953147877005
"7723,2878",2024-04-30,26.020412884333812
"7728,2878",2024-04-30,26.114078195929117
"7693,2883",2024-04-30,29.12446886446887
"7698,2883",2024-04-30,29.07541166129506
"7703,2883",2024-04-30,28.235585519566172
"7708,2883",2024-04-30,26.615101010101004
"7713,2883",2024-04-30,26.54546307151232
"7718,2883",2024-04-30,26.092421978021967
"7723,2883",2024-04-30,28.750033709511946
"7703,2888",2024-04-30,28.337142447692738
"7708,2888",2024-04-30,28.780803872671264
"7713,2888",2024-04-30,27.415603670777166
"7718,2888",2024-04-30,27.114340974212027
"7723,2888",2024-04-30,29.049078664565126
"7713,2843",2024-05-01,15.228831168831167
"7718,2843",2024-05-01,16.992448630136977
"7723,2843",2024-05-01,16.653709147994856
"7708,2848",2024-05-01,12.393771545427994
"7713,2848",2024-05-01,14.38515987735436
"7718,2848",2024-05-01,15.14946277372263
"7723,2848",2024-05-01,16.355765805227048
"7728,2848",2024-05-01,16.099427486490434
"7733,2848",2024-05-01,14.343891323400529
"7688,2853",2024-05-01,21.32958183453237
"7693,2853",2024-05-01,19.107968295904875
"7698,2853",2024-05-01,18.098954146341462
"7703,2853",2024-05-01,16.072462149051873
"7708,2853",2024-05-01,15.37120320091454
"7713,2853",2024-05-01,14.177179194055439
"7718,2853",2024-05-01,12.50282897556794
"7723,2853",2024-05-01,12.177805714285709
"7728,2853",2024-05-01,12.878591227318186
"7733,2853",2024-05-01,14.406410219606718
"7683,2858",2024-05-01,19.773730655251903
"7688,2858",2024-05-01,21.225240590757497
"7693,2858",2024-05-01,21.51849889624724
"7698,2858",2024-05-01,19.611024057909294
"7703,2858",2024-05-01,15.048291185499195
"7708,2858",2024-05-01,13.10571971357592
"7713,2858",2024-05-01,12.757077732320274
"7718,2858",2024-05-01,11.55408154318281
"7723,2858",2024-05-01,11.146406546836182
"7728,2858",2024-05-01,11.590220663451703
"7733,2858",2024-05-01,12.37548954895489
"7688,2863",2024-05-01,21.689140880261377
"7693,2863",2024-05-01,19.87376895306859
"7698,2863",2024-05-01,16.86312410614969
"7703,2863",2024-05-01,13.063900288797694
"7708,2863",2024-05-01,10.744764484574874
"7713,2863",2024-05-01,11.27913317122015
"7718,2863",2024-05-01,12.422448512585806
"7723,2863",2024-05-01,10.96695652173913
"7728,2863",2024-05-01,12.843835812356977
"7733,2863",2024-05-01,11.647171861595659
"7693,2868",2024-05-01,16.73100903145437
"7698,2868",2024-05-01,17.01217849305048
"7703,2868",2024-05-01,16.356115255228904
"7708,2868",2024-05-01,11.81917370892019
"7713,2868",2024-05-01,10.733006583760057
"7718,2868",2024-05-01,10.379727389352144
"7723,2868",2024-05-01,11.218811645870467
"7728,2868",2024-05-01,12.117270333528372
"7733,2868",2024-05-01,11.349837600585223
"7693,2873",2024-05-01,19.371106214191272
"7698,2873",2024-05-01,19.618888728532262
"7703,2873",2024-05-01,16.967784626540983
"7708,2873",2024-05-01,13.697778099233336
"7713,2873",2024-05-01,11.822492844876937
"7718,2873",2024-05-01,11.050327408793267
"7723,2873",2024-05-01,12.730015743523682
"7728,2873",2024-05-01,13.466230681167717
"7733,2873",2024-05-01,14.027129065795334
"7693,2878",2024-05-01,20.204106382978722
"7698,2878",2024-05-01,19.61900707039656
"7703,2878",2024-05-01,19.771256222547578
"7708,2878",2024-05-01,16.257349150556536
"7713,2878",2024-05-01,16.868873920046852
"7718,2878",2024-05-01,15.317335285505122
"7723,2878",2024-05-01,18.35871742313322
"7728,2878",2024-05-01,17.082146727192846
"7693,2883",2024-05-01,20.255519413919405
"7698,2883",2024-05-01,19.23332845004395
"7703,2883",2024-05-01,19.6061820313645
"7708,2883",2024-05-01,17.12273912406621
"7713,2883",2024-05-01,16.656433177022272
"7718,2883",2024-05-01,17.47126446886447
"7723,2883",2024-05-01,20.60095266012019
"7703,2888",2024-05-01,20.76330753797649
"7708,2888",2024-05-01,19.851138188073392
"7713,2888",2024-05-01,17.424468024089478
"7718,2888",2024-05-01,19.06996848137535
"7723,2888",2024-05-01,20.660249319386736
"7713,2843",2024-05-02,26.064027401170264
"7718,2843",2024-05-02,25.597596729449563
"7723,2843",2024-05-02,22.95384044526902
"7708,2848",2024-05-02,22.3068828087933
"7713,2848",2024-05-02,23.31266511544658
"7718,2848",2024-05-02,22.82473868613138
"7723,2848",2024-05-02,23.213476419915313
"7728,2848",2024-05-02,22.25702643493501
"7733,2848",2024-05-02,21.778921998247153
"7688,2853",2024-05-02,35.523708571428564
"7693,2853",2024-05-02,35.88234506837359
"7698,2853",2024-05-02,30.67902585344951
"7703,2853",2024-05-02,24.873850328477577
"7708,2853",2024-05-02,23.962657902257785
"7713,2853",2024-05-02,23.12559588453844
"7718,2853",2024-05-02,19.949367052436063
"7723,2853",2024-05-02,19.37176857142858
"7728,2853",2024-05-02,21.459164401201882
"7733,2853",2024-05-02,24.29450914441874
"7683,2858",2024-05-02,37.130359175662406
"7688,2858",2024-05-02,33.4210380116959
"7693,2858",2024-05-02,34.56933094384707
"7698,2858",2024-05-02,32.99980552554406
"7703,2858",2024-05-02,25.261204502265755
"7708,2858",2024-05-02,22.890153441473046
"7713,2858",2024-05-02,22.209894798363532
"7718,2858",2024-05-02,19.719981971153853
"7723,2858",2024-05-02,21.138915375446963
"7728,2858",2024-05-02,21.12856930398572
"7733,2858",2024-05-02,27.009194642546525
"7688,2863",2024-05-02,32.92778667429226
"7693,2863",2024-05-02,31.233301873301887
"7698,2863",2024-05-02,30.030233601196024
"7703,2863",2024-05-02,22.214340071343628
"7708,2863",2024-05-02,19.547812410637693
"7713,2863",2024-05-02,20.27122586182235
"7718,2863",2024-05-02,21.544184261036477
"7723,2863",2024-05-02,23.973845623707792
"7728,2863",2024-05-02,25.071793478260876
"7733,2863",2024-05-02,25.67072265914824
"7693,2868",2024-05-02,27.854645991808074
"7698,2868",2024-05-02,27.210136294800602
"7703,2868",2024-05-02,24.49966066988444
"7708,2868",2024-05-02,21.061179052077236
"7713,2868",2024-05-02,19.92711338697878
"7718,2868",2024-05-02,21.02685103892303
"7723,2868",2024-05-02,22.67475179856115
"7728,2868",2024-05-02,25.76751901696899
"7733,2868",2024-05-02,24.279511338697876
"7693,2873",2024-05-02,28.414163446400455
"7698,2873",2024-05-02,27.809603435934154
"7703,2873",2024-05-02,25.081614426792623
"7708,2873",2024-05-02,22.81439324556384
"7713,2873",2024-05-02,21.10921579851174
"7718,2873",2024-05-02,20.649327418431604
"7723,2873",2024-05-02,20.824222126806927
"7728,2873",2024-05-02,23.44263022323985
"7733,2873",2024-05-02,23.684084144247276
"7693,2878",2024-05-02,30.286609077598825
"7698,2878",2024-05-02,29.684987553082447
"7703,2878",2024-05-02,29.247888726207908
"7708,2878",2024-05-02,26.057870533099013
"7713,2878",2024-05-02,25.698424366671542
"7718,2878",2024-05-02,23.315074670571015
"7723,2878",2024-05-02,23.759669106881397
"7728,2878",2024-05-02,25.344735686044793
"7693,2883",2024-05-02,29.239774358974365
"7698,2883",2024-05-02,28.999132727805456
"7703,2883",2024-05-02,29.01970394254727
"7708,2883",2024-05-02,26.41456862457888
"7713,2883",2024-05-02,26.155524618991794
"7718,2883",2024-05-02,24.800445421245417
"7723,2883",2024-05-02,26.9010611168108
"7703,2888",2024-05-02,29.585353969618794
"7708,2888",2024-05-02,28.731665711009185
"7713,2888",2024-05-02,26.560943504445074
"7718,2888",2024-05-02,26.049398280802283
"7723,2888",2024-05-02,27.191199312222377
"7713,2843",2024-05-04,23.75343799058084
"7718,2843",2024-05-04,23.750897679170922
"7723,2843",2024-05-04,21.019196462898872
"7708,2848",2024-05-04,20.423973122991537
"7713,2848",2024-05-04,21.209012387010382
"7718,2848",2024-05-04,20.882902341278218
"7723,2848",2024-05-04,19.95957559681698
"7728,2848",2024-05-04,21.363974960876362
"7733,2848",2024-05-04,15.924838387204268
"7688,2853",2024-05-04,33.24247953216374
"7693,2853",2024-05-04,33.49086121963649
"7698,2853",2024-05-04,30.45211609110946
"7703,2853",2024-05-04,24.828075284090907
"7708,2853",2024-05-04,24.31512946979036
"7713,2853",2024-05-04,22.19100028579594
"7718,2853",2024-05-04,16.737900552486185
"7723,2853",2024-05-04,17.81853016871604
"7728,2853",2024-05-04,19.130199845081332
"7733,2853",2024-05-04,13.714237082066878
"7688,2858",2024-05-04,34.620000000000005
"7693,2858",2024-05-04,33.86656583629894
"7698,2858",2024-05-04,28.574099937277836
"7703,2858",2024-05-04,22.333992874760213
"7708,2858",2024-05-04,22.04609381850065
"7713,2858",2024-05-04,22.011814728229112
"7718,2858",2024-05-04,20.1215959786365
"7723,2858",2024-05-04,20.484799064737683
"7728,2858",2024-05-04,18.090664913049835
"7733,2858",2024-05-04,18.302824045084535
"7688,2863",2024-05-04,28.639956784788232
"7693,2863",2024-05-04,26.895981216015812
"7698,2863",2024-05-04,22.275500220361405
"7703,2863",2024-05-04,18.585917118377346
"7708,2863",2024-05-04,17.704195024306554
"7713,2863",2024-05-04,18.89137675903091
"7718,2863",2024-05-04,17.7345900151286
"7723,2863",2024-05-04,17.94903914590747
"7728,2863",2024-05-04,19.6395848677603
"7733,2863",2024-05-04,21.430027652452345
"7693,2868",2024-05-04,23.764103763555177
"7698,2868",2024-05-04,22.93353827109552
"7703,2868",2024-05-04,21.182888516089672
"7708,2868",2024-05-04,17.748267045454543
"7713,2868",2024-05-04,14.669354207436395
"7723,2868",2024-05-04,17.32820695807316
"7728,2868",2024-05-04,19.88255632183908
"7733,2868",2024-05-04,19.31154583435734
"7693,2873",2024-05-04,27.823302036689295
"7698,2873",2024-05-04,27.507808160343576
"7703,2873",2024-05-04,22.16262269641125
"7708,2873",2024-05-04,17.575875486381328
"7713,2873",2024-05-04,20.964563380281703
"7718,2873",2024-05-04,19.18929128518142
"7723,2873",2024-05-04,16.380011994002995
"7728,2873",2024-05-04,14.997290886392024
"7733,2873",2024-05-04,18.1132027972028
"7693,2878",2024-05-04,28.825802781289504
"7698,2878",2024-05-04,27.98085442469932
"7703,2878",2024-05-04,21.891072436500476
"7708,2878",2024-05-04,15.065706051873164
"7713,2878",2024-05-04,22.70866666666666
"7718,2878",2024-05-04,22.439920902299697
"7723,2878",2024-05-04,23.980805270863836
"7728,2878",2024-05-04,24.58407673158588
"7693,2883",2024-05-04,26.82018069179142
"7698,2883",2024-05-04,26.256766766766766
"7703,2883",2024-05-04,22.268510436432653
"7708,2883",2024-05-04,19.64273504273503
"7713,2883",2024-05-04,20.44292315959163
"7718,2883",2024-05-04,22.82089366705863
"7723,2883",2024-05-04,25.57326359832638
"7703,2888",2024-05-04,22.551075441412525
"7708,2888",2024-05-04,25.7219254658385
"7713,2888",2024-05-04,26.656771528439787
"7718,2888",2024-05-04,27.59696561604584
"7723,2888",2024-05-04,30.138809776833153
"7713,2843",2024-05-05,16.05811331525617
"7718,2843",2024-05-05,17.94660388127853
"7723,2843",2024-05-05,16.462871414299986
"7708,2848",2024-05-05,14.804922582529947
"7713,2848",2024-05-05,15.209735727843492
"7718,2848",2024-05-05,16.127594160583932
"7723,2848",2024-05-05,16.56815009490436
"7728,2848",2024-05-05,16.055638965970495
"7733,2848",2024-05-05,15.477154542798713
"7688,2853",2024-05-05,23.50462857142857
"7693,2853",2024-05-05,23.120871304099406
"7698,2853",2024-05-05,21.89927438937294
"7703,2853",2024-05-05,17.441836618109104
"7708,2853",2024-05-05,16.58308945412975
"7713,2853",2024-05-05,15.758873963989712
"7718,2853",2024-05-05,13.9829947135305
"7723,2853",2024-05-05,13.895922857142851
"7728,2853",2024-05-05,15.2253864837834
"7733,2853",2024-05-05,15.563811973139016
"7683,2858",2024-05-05,21.864323297281498
"7688,2858",2024-05-05,23.614213450292393
"7693,2858",2024-05-05,23.806383165278394
"7698,2858",2024-05-05,22.27871090324467
"7703,2858",2024-05-05,17.14052623885397
"7708,2858",2024-05-05,15.806695893613913
"7713,2858",2024-05-05,15.180876680303921
"7718,2858",2024-05-05,13.546283793657746
"7723,2858",2024-05-05,13.59603974864825
"7728,2858",2024-05-05,12.678293146280879
"7733,2858",2024-05-05,14.300330361058325
"7688,2863",2024-05-05,23.402613668859036
"7693,2863",2024-05-05,22.403748391708373
"7698,2863",2024-05-05,19.648213928213934
"7703,2863",2024-05-05,15.808897784131528
"7708,2863",2024-05-05,14.922261938804695
"7713,2863",2024-05-05,14.637920183092554
"7718,2863",2024-05-05,14.628180778032045
"7723,2863",2024-05-05,13.837605835240286
"7728,2863",2024-05-05,15.494104691075524
"7733,2863",2024-05-05,15.004935659136404
"7693,2868",2024-05-05,20.025804564072548
"7698,2868",2024-05-05,19.296579370885155
"7703,2868",2024-05-05,17.861892642972066
"7708,2868",2024-05-05,15.353282621416032
"7713,2868",2024-05-05,14.044825164594002
"7718,2868",2024-05-05,14.119537606087198
"7723,2868",2024-05-05,14.106472567666422
"7728,2868",2024-05-05,16.324400234055002
"7733,2868",2024-05-05,15.133310899780536
"7693,2873",2024-05-05,22.314755975382862
"7698,2873",2024-05-05,21.237778095919825
"7703,2873",2024-05-05,18.434109059682267
"7708,2873",2024-05-05,16.10493131081855
"7713,2873",2024-05-05,15.020595306239274
"7718,2873",2024-05-05,14.575787063537494
"7723,2873",2024-05-05,15.019625017890375
"7728,2873",2024-05-05,16.503425872925014
"7733,2873",2024-05-05,16.856765884373203
"7693,2878",2024-05-05,23.59305124450951
"7698,2878",2024-05-05,22.300527163567136
"7703,2878",2024-05-05,22.02048609077598
"7708,2878",2024-05-05,18.065243116578788
"7713,2878",2024-05-05,18.913416312783713
"7718,2878",2024-05-05,16.92216691068814
"7723,2878",2024-05-05,18.780896046852114
"7728,2878",2024-05-05,18.241795284814753
"7693,2883",2024-05-05,22.20161172161172
"7698,2883",2024-05-05,21.524324641078238
"7703,2883",2024-05-05,21.827193316722845
"7708,2883",2024-05-05,19.25493774718032
"7713,2883",2024-05-05,18.671960726846432
"7718,2883",2024-05-05,18.11328937728938
"7723,2883",2024-05-05,20.351941961014216
"7703,2888",2024-05-05,22.04262539409572
"7708,2888",2024-05-05,20.826029243119258
"7713,2888",2024-05-05,18.94167479208489
"7718,2888",2024-05-05,19.824584527220622
"7723,2888",2024-05-05,20.896122653675306
"7713,2843",2024-05-06,13.21162777043886
"7718,2843",2024-05-06,16.420771241830064
"7723,2843",2024-05-06,14.579343513629237
"7708,2848",2024-05-06,9.695710158883013
"7713,2848",2024-05-06,12.360834553440712
"7718,2848",2024-05-06,14.529763503649637
"7723,2848",2024-05-06,14.884812381369548
"7728,2848",2024-05-06,14.056675916459765
"7733,2848",2024-05-06,13.807487583990655
"7688,2853",2024-05-06,19.30530398322851
"7693,2853",2024-05-06,16.897459268004717
"7698,2853",2024-05-06,14.549566236811252
"7703,2853",2024-05-06,12.377499999999998
"7708,2853",2024-05-06,12.687650360866082
"7713,2853",2024-05-06,11.35349880668258
"7718,2853",2024-05-06,11.532080146833893
"7723,2853",2024-05-06,11.533438673341681
"7728,2853",2024-05-06,12.489295613659095
"7733,2853",2024-05-06,13.877419631375918
"7683,2858",2024-05-06,19.82736227654141
"7688,2858",2024-05-06,20.991326209930858
"7693,2858",2024-05-06,19.64905982905983
"7698,2858",2024-05-06,17.55176082474226
"7703,2858",2024-05-06,12.298237828522188
"7708,2858",2024-05-06,12.352807248282911
"7713,2858",2024-05-06,11.908450620934357
"7718,2858",2024-05-06,9.966089828269489
"7723,2858",2024-05-06,9.34784078516903
"7728,2858",2024-05-06,10.402512430535245
"7733,2858",2024-05-06,12.880707498903664
"7688,2863",2024-05-06,18.940448469167745
"7693,2863",2024-05-06,17.658858462553614
"7698,2863",2024-05-06,15.509387874360856
"7703,2863",2024-05-06,11.01664225941422
"7708,2863",2024-05-06,8.394802967848303
"7713,2863",2024-05-06,9.541732031375053
"7718,2863",2024-05-06,11.269006976398998
"7723,2863",2024-05-06,10.406497989276142
"7728,2863",2024-05-06,12.408075920023187
"7733,2863",2024-05-06,12.407343437231914
"7693,2868",2024-05-06,14.354067829837279
"7698,2868",2024-05-06,16.064194849519083
"7703,2868",2024-05-06,14.085319832851173
"7708,2868",2024-05-06,9.625556958827982
"7713,2868",2024-05-06,9.087632711621227
"7718,2868",2024-05-06,9.85485513608429
"7723,2868",2024-05-06,11.045574250182893
"7728,2868",2024-05-06,12.700746050321822
"7733,2868",2024-05-06,12.893451353328448
"7693,2873",2024-05-06,17.847674045556627
"7698,2873",2024-05-06,17.13343804034582
"7703,2873",2024-05-06,14.975725766770546
"7708,2873",2024-05-06,11.15804244261585
"7713,2873",2024-05-06,10.815187903699345
"7718,2873",2024-05-06,11.232098801520024
"7723,2873",2024-05-06,13.04661227994849
"7728,2873",2024-05-06,14.150927303949622
"7733,2873",2024-05-06,15.693815111619928
"7693,2878",2024-05-06,21.12156798081247
"7698,2878",2024-05-06,20.241271571298817
"7703,2878",2024-05-06,16.46545514839994
"7708,2878",2024-05-06,14.103333333333333
"7713,2878",2024-05-06,16.448421670826594
"7718,2878",2024-05-06,15.408916544655929
"7723,2878",2024-05-06,17.534204978038066
"7728,2878",2024-05-06,17.151969541660563
"7693,2883",2024-05-06,21.813430036630034
"7698,2883",2024-05-06,21.018924699677704
"7703,2883",2024-05-06,20.18716107284186
"7708,2883",2024-05-06,17.71499340852498
"7713,2883",2024-05-06,17.94448710433764
"7718,2883",2024-05-06,17.133444688644694
"7723,2883",2024-05-06,19.644306023743223
"7703,2888",2024-05-06,21.526314130123254
"7708,2888",2024-05-06,20.61260894495413
"7713,2888",2024-05-06,17.826263263550317
"7718,2888",2024-05-06,18.621361031518624
"7723,2888",2024-05-06,19.639985671299613
"7718,2853",2024-05-07,15.863508771929832
"7723,2853",2024-05-07,15.812401673640185
"7728,2853",2024-05-07,16.7348148148148
"7718,2858",2024-05-07,16.50681169272602
"7723,2858",2024-05-07,15.559799377378072
"7728,2858",2024-05-07,17.185905121548267
"7733,2858",2024-05-07,22.66779614325069
"7703,2863",2024-05-07,25.393223140495877
"7708,2863",2024-05-07,21.558838383838378
"7713,2863",2024-05-07,18.61858407079646
"7718,2863",2024-05-07,16.26472491909385
"7723,2863",2024-05-07,16.47252430960715
"7728,2863",2024-05-07,19.49508937960043
"7733,2863",2024-05-07,19.666200985643876
"7698,2868",2024-05-07,33.36863198458572
"7703,2868",2024-05-07,25.68722415795586
"7708,2868",2024-05-07,21.792072375341892
"7713,2868",2024-05-07,17.72762995191207
"7718,2868",2024-05-07,16.41697698385433
"7723,2868",2024-05-07,16.765744680851043
"7728,2868",2024-05-07,20.183790047716418
"7733,2868",2024-05-07,19.142832980972514
"7698,2873",2024-05-07,22.920000000000016
"7703,2873",2024-05-07,24.110790747713814
"7708,2873",2024-05-07,21.51478482859229
"7713,2873",2024-05-07,17.886206896551737
"7718,2873",2024-05-07,20.4140625
"7723,2873",2024-05-07,19.429881453154877
"7728,2873",2024-05-07,18.581192579505302
"7733,2873",2024-05-07,21.596637512147712
"7693,2878",2024-05-07,13.699999999999989
"7698,2878",2024-05-07,20.306539682539682
"7703,2878",2024-05-07,21.741845425867517
"7708,2878",2024-05-07,27.514606741573054
"7718,2878",2024-05-07,17.060000000000002
"7723,2878",2024-05-07,17.910209568999605
"7728,2878",2024-05-07,23.1749918699187
"7693,2883",2024-05-07,14.33880587484036
"7698,2883",2024-05-07,16.349064748201414
"7708,2888",2024-05-07,20.301267700606854
"7713,2888",2024-05-07,16.175833019932302
"7718,2888",2024-05-07,15.927789077212815
"7723,2888",2024-05-07,15.694732229795521
"7713,2843",2024-05-08,9.113614956472096
"7718,2843",2024-05-08,8.662237442922379
"7723,2843",2024-05-08,7.932373340944781
"7708,2848",2024-05-08,8.270490797546008
"7713,2848",2024-05-08,8.323445758504889
"7718,2848",2024-05-08,8.080691970802922
"7723,2848",2024-05-08,7.935018250839538
"7728,2848",2024-05-08,7.909548707463135
"7733,2848",2024-05-08,7.761085858585861
"7688,2853",2024-05-08,12.236926342602414
"7693,2853",2024-05-08,11.200532431861394
"7698,2853",2024-05-08,9.384893344709894
"7703,2853",2024-05-08,8.17865752642102
"7708,2853",2024-05-08,8.30432980851672
"7713,2853",2024-05-08,7.767070591597598
"7718,2853",2024-05-08,6.825286469495644
"7723,2853",2024-05-08,6.789494285714287
"7728,2853",2024-05-08,6.971467352478929
"7733,2853",2024-05-08,7.481639156021243
"7683,2858",2024-05-08,11.598379052369074
"7688,2858",2024-05-08,11.740190229139644
"7693,2858",2024-05-08,11.512585680961777
"7698,2858",2024-05-08,10.243790951638058
"7703,2858",2024-05-08,7.711314285714287
"7708,2858",2024-05-08,7.181809121111448
"7713,2858",2024-05-08,7.23402379499694
"7718,2858",2024-05-08,6.630393102440453
"7723,2858",2024-05-08,6.137059769107118
"7728,2858",2024-05-08,6.177620926494226
"7733,2858",2024-05-08,6.317680339462517
"7688,2863",2024-05-08,11.288920577617336
"7693,2863",2024-05-08,10.559460332848607
"7698,2863",2024-05-08,9.183217503217508
"7703,2863",2024-05-08,7.487553967119377
"7708,2863",2024-05-08,6.868464398055481
"7713,2863",2024-05-08,6.982488914318414
"7718,2863",2024-05-08,7.423861556064077
"7723,2863",2024-05-08,6.889733981693358
"7728,2863",2024-05-08,7.2280148741418895
"7733,2863",2024-05-08,6.6647261750754625
"7693,2868",2024-05-08,9.765157987126976
"7698,2868",2024-05-08,9.920772494513537
"7703,2868",2024-05-08,9.208211203744334
"7708,2868",2024-05-08,7.400985956699823
"7713,2868",2024-05-08,6.571072421360645
"7718,2868",2024-05-08,6.5849282996780865
"7723,2868",2024-05-08,7.125565471836133
"7728,2868",2024-05-08,7.95944119368052
"7733,2868",2024-05-08,7.629375274323335
"7693,2873",2024-05-08,10.511271038885669
"7698,2873",2024-05-08,10.007905511811025
"7703,2873",2024-05-08,8.727599828252469
"7708,2873",2024-05-08,7.5739381797366905
"7713,2873",2024-05-08,7.172607326846023
"7718,2873",2024-05-08,7.496705781339437
"7723,2873",2024-05-08,7.938119364534142
"7728,2873",2024-05-08,8.484026903262732
"7733,2873",2024-05-08,9.012956496851752
"7693,2878",2024-05-08,11.187465147654018
"7698,2878",2024-05-08,10.1456962952116
"7703,2878",2024-05-08,9.191215226939969
"7708,2878",2024-05-08,8.658347978910381
"7713,2878",2024-05-08,9.206443110265056
"7718,2878",2024-05-08,8.639823392718826
"7723,2878",2024-05-08,9.470128821380506
"7728,2878",2024-05-08,9.32957284391749
"7693,2883",2024-05-08,10.579003663003656
"7698,2883",2024-05-08,10.159036038675652
"7703,2883",2024-05-08,10.47908544628462
"7708,2883",2024-05-08,9.53149260290025
"7713,2883",2024-05-08,9.594242968282463
"7718,2883",2024-05-08,9.677261200338123
"7723,2883",2024-05-08,10.451661257007972
"7703,2888",2024-05-08,11.542622527944973
"7708,2888",2024-05-08,11.02039850917431
"7713,2888",2024-05-08,9.9066774099033
"7718,2888",2024-05-08,10.284547080826144
"7723,2888",2024-05-08,10.310439184159597
"7713,2843",2024-05-09,19.041846724703866
"7718,2843",2024-05-09,17.848507420091323
"7723,2843",2024-05-09,15.872550306836015
"7708,2848",2024-05-09,16.30615834063686
"7713,2848",2024-05-09,17.105291283399044
"7718,2848",2024-05-09,16.720329927007295
"7723,2848",2024-05-09,17.011995911811937
"7728,2848",2024-05-09,16.961168394917475
"7733,2848",2024-05-09,17.18146362839614
"7688,2853",2024-05-09,24.621979999999997
"7693,2853",2024-05-09,22.15328095986288
"7698,2853",2024-05-09,20.170412798171693
"7703,2853",2024-05-09,17.310362753499003
"7708,2853",2024-05-09,17.827167762217766
"7713,2853",2024-05-09,17.031126036010285
"7718,2853",2024-05-09,14.453536219459924
"7723,2853",2024-05-09,14.528762857142867
"7728,2853",2024-05-09,15.888369767109591
"7733,2853",2024-05-09,16.29254464923561
"7683,2858",2024-05-09,24.03360420929552
"7688,2858",2024-05-09,23.726994152046785
"7693,2858",2024-05-09,22.119833406400694
"7698,2858",2024-05-09,20.0881408944753
"7703,2858",2024-05-09,17.116231545095744
"7708,2858",2024-05-09,17.50853134590093
"7713,2858",2024-05-09,17.488205727644647
"7718,2858",2024-05-09,14.38712845243314
"7723,2858",2024-05-09,14.431354669004826
"7728,2858",2024-05-09,13.517504018705257
"7733,2858",2024-05-09,15.706762169273496
"7688,2863",2024-05-09,23.89505576208179
"7693,2863",2024-05-09,21.7491436740529
"7698,2863",2024-05-09,18.996925496925503
"7703,2863",2024-05-09,16.451376697641173
"7708,2863",2024-05-09,16.123874749785543
"7713,2863",2024-05-09,16.233185524245464
"7718,2863",2024-05-09,15.314219107551493
"7723,2863",2024-05-09,14.555735125858126
"7728,2863",2024-05-09,14.685706521739135
"7733,2863",2024-05-09,15.591140977981135
"7693,2868",2024-05-09,20.272817437097718
"7698,2868",2024-05-09,19.85500219458669
"7703,2868",2024-05-09,18.580386134269418
"7708,2868",2024-05-09,16.49671152720889
"7713,2868",2024-05-09,15.155730797366504
"7718,2868",2024-05-09,14.873936201346215
"7723,2868",2024-05-09,13.81836722750549
"7728,2868",2024-05-09,15.620412521942654
"7733,2868",2024-05-09,15.66491880029261
"7693,2873",2024-05-09,21.870287677114643
"7698,2873",2024-05-09,21.4593557623479
"7703,2873",2024-05-09,18.580858737655642
"7708,2873",2024-05-09,16.88391814539211
"7713,2873",2024-05-09,15.077404121350892
"7718,2873",2024-05-09,14.8846737263881
"7723,2873",2024-05-09,13.793702590525262
"7728,2873",2024-05-09,15.823182598740699
"7733,2873",2024-05-09,17.046542644533496
"7693,2878",2024-05-09,22.974289897510975
"7698,2878",2024-05-09,22.434854297847423
"7703,2878",2024-05-09,20.88180087847731
"7708,2878",2024-05-09,18.3411862917399
"7713,2878",2024-05-09,18.200243080978183
"7718,2878",2024-05-09,16.95492825768667
"7723,2878",2024-05-09,16.944213762811117
"7728,2878",2024-05-09,17.64093717967492
"7693,2883",2024-05-09,21.736958241758238
"7698,2883",2024-05-09,21.278989159097573
"7703,2883",2024-05-09,20.176289022424157
"7708,2883",2024-05-09,18.438968800351542
"7713,2883",2024-05-09,18.68319738480697
"7718,2883",2024-05-09,17.79395771292436
"7723,2883",2024-05-09,18.557021837901228
"7703,2888",2024-05-09,20.317606764115787
"7708,2888",2024-05-09,19.73932912844037
"7713,2888",2024-05-09,18.632968167479202
"7718,2888",2024-05-09,18.425335243553008
"7723,2888",2024-05-09,18.025745808855138
"7718,2873",2024-05-10,12.08244897959183
"7723,2873",2024-05-10,12.931619047619048
"7728,2873",2024-05-10,15.243606557377046
"7718,2878",2024-05-10,13.06157225433527
"7723,2878",2024-05-10,15.263557207326793
"7728,2878",2024-05-10,16.638280725319003
"7708,2848",2024-05-12,21.960000000000036
"7713,2848",2024-05-12,22.75797468354433
"7708,2853",2024-05-12,21.97999999999996
"7713,2853",2024-05-12,21.071275964391692
"7683,2858",2024-05-12,18.740623264424556
"7713,2858",2024-05-12,19.042468316234153
"7718,2858",2024-05-12,14.370581395348841
"7688,2863",2024-05-12,21.089649010848742
"7693,2863",2024-05-12,16.29052631578944
"7713,2863",2024-05-12,18.03633802816902
"7718,2863",2024-05-12,14.764226309476223
"7723,2863",2024-05-12,15.468270676691736
"7693,2868",2024-05-12,15.979999999999961
"7718,2868",2024-05-12,15.751610601427108
"7723,2868",2024-05-12,15.545596116504855
"7728,2868",2024-05-12,21.936341463414653
"7693,2873",2024-05-12,14.498321167883212
"7698,2873",2024-05-12,18.94526582278481
"7703,2873",2024-05-12,18.611159874608163
"7723,2873",2024-05-12,16.408956228956217
"7728,2873",2024-05-12,22.389106382978728
"7693,2878",2024-05-12,18.34170818505338
"7698,2878",2024-05-12,20.751992279648288
"7703,2878",2024-05-12,21.448562564632887
"7698,2883",2024-05-12,21.46299999999998
"7703,2883",2024-05-12,21.703809523809532
"7688,2853",2024-05-13,19.082382588774337
"7693,2853",2024-05-13,18.01547744581137
"7698,2853",2024-05-13,17.645982002571056
"7703,2853",2024-05-13,14.328185477858948
"7708,2853",2024-05-13,12.89873966942149
"7713,2853",2024-05-13,10.677678355501813
"7683,2858",2024-05-13,22.713188766441522
"7688,2858",2024-05-13,23.74819837157661
"7693,2858",2024-05-13,21.96948085658663
"7698,2858",2024-05-13,20.71529961999415
"7703,2858",2024-05-13,16.9230792631401
"7708,2858",2024-05-13,12.295653241650294
"7713,2858",2024-05-13,10.669425867507892
"7688,2863",2024-05-13,27.90621610683935
"7693,2863",2024-05-13,25.45257889990983
"7698,2863",2024-05-13,22.543565970453372
"7703,2863",2024-05-13,18.025691699604742
"7708,2863",2024-05-13,15.009779811266803
"7713,2863",2024-05-13,12.521948775055682
"7718,2863",2024-05-13,11.158730158730146
"7723,2863",2024-05-13,9.962733612273341
"7708,2868",2024-05-13,17.33832409972301
"7713,2868",2024-05-13,13.377399591558882
"7718,2868",2024-05-13,9.889000487567031
"7723,2868",2024-05-13,10.15099838969404
"7728,2868",2024-05-13,11.141851789045276
"7733,2868",2024-05-13,8.51154468085106
"7713,2873",2024-05-13,18.33144192256341
"7718,2873",2024-05-13,14.03522092507758
"7723,2873",2024-05-13,13.174169171318166
"7728,2873",2024-05-13,13.4828048082427
"7733,2873",2024-05-13,14.2787178019462
"7708,2878",2024-05-13,26.164743276283634
"7713,2878",2024-05-13,20.859626865671657
"7718,2878",2024-05-13,20.806979571984435
"7723,2878",2024-05-13,21.16668124658282
"7728,2878",2024-05-13,20.132835064606038
"7708,2883",2024-05-13,26.668141993957708
"7713,2883",2024-05-13,27.537510980966314
"7718,2883",2024-05-13,27.541299435028247
"7723,2883",2024-05-13,27.5987667560322
"7708,2888",2024-05-13,25.590805860805848
"7713,2888",2024-05-13,25.564628099173536
"7713,2843",2024-05-14,21.097876409304988
"7718,2843",2024-05-14,21.417305936073056
"7723,2843",2024-05-14,19.816691879549015
"7708,2848",2024-05-14,18.560525854513585
"7713,2848",2024-05-14,20.320832238282968
"7718,2848",2024-05-14,19.64902773722628
"7723,2848",2024-05-14,20.214699956197986
"7728,2848",2024-05-14,20.19236453921425
"7733,2848",2024-05-14,19.846327782646792
"7688,2853",2024-05-14,27.98947999999999
"7693,2853",2024-05-14,26.023188115983423
"7698,2853",2024-05-14,24.53129838594485
"7703,2853",2024-05-14,21.024050271351033
"7708,2853",2024-05-14,20.70104887110601
"7713,2853",2024-05-14,19.1429808516719
"7718,2853",2024-05-14,16.692996142306043
"7723,2853",2024-05-14,16.72018857142857
"7728,2853",2024-05-14,17.924329189884265
"7733,2853",2024-05-14,18.708889841405924
"7683,2858",2024-05-14,26.350859397836892
"7688,2858",2024-05-14,27.052081871345035
"7693,2858",2024-05-14,26.66997223440011
"7698,2858",2024-05-14,24.2543700672318
"7703,2858",2024-05-14,19.724867709399202
"7708,2858",2024-05-14,18.729674119538213
"7713,2858",2024-05-14,18.869979544126245
"7718,2858",2024-05-14,16.719485605728483
"7723,2858",2024-05-14,16.175344147303807
"7728,2858",2024-05-14,14.275224316820115
"7733,2858",2024-05-14,16.47893290454612
"7688,2863",2024-05-14,27.77164140692023
"7693,2863",2024-05-14,26.170839170836324
"7698,2863",2024-05-14,22.652000572000592
"7703,2863",2024-05-14,17.553526804860624
"7708,2863",2024-05-14,16.441003717472128
"7713,2863",2024-05-14,17.398675439851242
"7718,2863",2024-05-14,18.063581235697942
"7723,2863",2024-05-14,16.26561784897025
"7728,2863",2024-05-14,16.372723112128153
"7733,2863",2024-05-14,16.399436659994286
"7693,2868",2024-05-14,23.236647162083088
"7698,2868",2024-05-14,23.17538551572787
"7703,2868",2024-05-14,21.35985373701916
"7708,2868",2024-05-14,18.977925687536565
"7713,2868",2024-05-14,17.13221945866861
"7718,2868",2024-05-14,15.981703248463559
"7723,2868",2024-05-14,15.23835259692758
"7728,2868",2024-05-14,17.258276770040965
"7733,2868",2024-05-14,16.377700073152887
"7693,2873",2024-05-14,26.055949620724196
"7698,2873",2024-05-14,26.448641374373672
"7703,2873",2024-05-14,24.03516816945757
"7708,2873",2024-05-14,21.103088151116197
"7713,2873",2024-05-14,18.199982827704655
"7718,2873",2024-05-14,16.440186033199765
"7723,2873",2024-05-14,15.291054816087017
"7728,2873",2024-05-14,17.784582140812816
"7733,2873",2024-05-14,18.261410990269034
"7693,2878",2024-05-14,28.990448023426072
"7698,2878",2024-05-14,29.73110850783424
"7703,2878",2024-05-14,27.58431332357247
"7708,2878",2024-05-14,23.36876098418278
"7713,2878",2024-05-14,22.321806999560692
"7718,2878",2024-05-14,20.298975109809668
"7723,2878",2024-05-14,19.74516544655928
"7728,2878",2024-05-14,20.26735393176161
"7693,2883",2024-05-14,29.01406886446888
"7698,2883",2024-05-14,28.292824494579538
"7703,2883",2024-05-14,25.06881723582003
"7708,2883",2024-05-14,23.493947561154254
"7713,2883",2024-05-14,23.339806565064478
"7718,2883",2024-05-14,22.611293772893767
"7723,2883",2024-05-14,22.72254433533637
"7703,2888",2024-05-14,25.774740613356265
"7708,2888",2024-05-14,25.16731077981653
"7713,2888",2024-05-14,23.317963865787206
"7718,2888",2024-05-14,23.387750716332373
"7723,2888",2024-05-14,23.729643215360355
"7713,2843",2024-05-15,15.235741401455686
"7718,2843",2024-05-15,15.436466894977169
"7723,2843",2024-05-15,13.655341801056084
"7708,2848",2024-05-15,12.27152789950336
"7713,2848",2024-05-15,13.779649583880861
"7718,2848",2024-05-15,15.04472992700729
"7723,2848",2024-05-15,14.905332165279601
"7728,2848",2024-05-15,14.425251935154087
"7733,2848",2024-05-15,14.083829973707271
"7688,2853",2024-05-15,21.981757142857138
"7693,2853",2024-05-15,21.392143979431513
"7698,2853",2024-05-15,19.13097557491787
"7703,2853",2024-05-15,15.235407026563838
"7708,2853",2024-05-15,14.518482423549585
"7713,2853",2024-05-15,13.426101743355245
"7718,2853",2024-05-15,12.43279611373053
"7723,2853",2024-05-15,12.288814285714293
"7728,2853",2024-05-15,13.307466780968705
"7733,2853",2024-05-15,14.58799542791827
"7683,2858",2024-05-15,20.963010815551012
"7688,2858",2024-05-15,22.300435672514606
"7693,2858",2024-05-15,21.968864533099524
"7698,2858",2024-05-15,19.490014615609464
"7703,2858",2024-05-15,15.040488232714521
"7708,2858",2024-05-15,12.970065760631298
"7713,2858",2024-05-15,12.58606662770311
"7718,2858",2024-05-15,11.657404647084608
"7723,2858",2024-05-15,11.673917872278233
"7728,2858",2024-05-15,11.609001899751565
"7733,2858",2024-05-15,13.098430054085654
"7688,2863",2024-05-15,22.940503288533044
"7693,2863",2024-05-15,21.650315939957125
"7698,2863",2024-05-15,18.22401544401545
"7703,2863",2024-05-15,13.718661901358113
"7708,2863",2024-05-15,11.17989705461825
"7713,2863",2024-05-15,11.917033328565307
"7718,2863",2024-05-15,12.60789187643021
"7723,2863",2024-05-15,11.344814073226543
"7728,2863",2024-05-15,12.788578375286042
"7733,2863",2024-05-15,12.083119816985995
"7693,2868",2024-05-15,18.8372088940901
"7698,2868",2024-05-15,17.964184345281645
"7703,2868",2024-05-15,15.416012871142314
"7708,2868",2024-05-15,11.759534815681686
"7713,2868",2024-05-15,10.745738112655454
"7718,2868",2024-05-15,10.47107111501317
"7723,2868",2024-05-15,11.250179956108267
"7728,2868",2024-05-15,11.968882387361031
"7733,2868",2024-05-15,11.925957571324076
"7693,2873",2024-05-15,19.55356233004151
"7698,2873",2024-05-15,19.56456406585541
"7703,2873",2024-05-15,15.613187347931879
"7708,2873",2024-05-15,12.250875787063547
"7713,2873",2024-05-15,10.909181453921015
"7718,2873",2024-05-15,11.182930738408698
"7723,2873",2024-05-15,12.429460426506374
"7728,2873",2024-05-15,13.043611906124788
"7733,2873",2024-05-15,13.615148826559814
"7693,2878",2024-05-15,21.005024890190324
"7698,2878",2024-05-15,20.679704202665103
"7703,2878",2024-05-15,18.417118594436317
"7708,2878",2024-05-15,14.912768014059747
"7713,2878",2024-05-15,15.203367989456723
"7718,2878",2024-05-15,13.488884333821376
"7723,2878",2024-05-15,15.434137628111268
"7728,2878",2024-05-15,14.350707277785908
"7693,2883",2024-05-15,20.033116483516487
"7698,2883",2024-05-15,19.416281863463222
"7703,2883",2024-05-15,18.18289901802727
"7708,2883",2024-05-15,15.715617401494065
"7713,2883",2024-05-15,16.330466002344668
"7718,2883",2024-05-15,15.974930402930404
"7723,2883",2024-05-15,16.835342224827794
"7703,2888",2024-05-15,19.57643737460591
"7708,2888",2024-05-15,18.001505160550447
"7713,2888",2024-05-15,15.952776025236595
"7718,2888",2024-05-15,18.40171633237822
"7723,2888",2024-05-15,18.225101017337725
"7713,2843",2024-05-16,21.165434565434566
"7718,2843",2024-05-16,20.156007420091314
"7723,2843",2024-05-16,18.971245896960177
"7708,2848",2024-05-16,19.17453111305872
"7713,2848",2024-05-16,19.37726383413637
"7718,2848",2024-05-16,17.81242335766424
"7723,2848",2024-05-16,19.095686961600226
"7728,2848",2024-05-16,18.894026580984374
"7733,2848",2024-05-16,19.47322816243062
"7688,2853",2024-05-16,25.974657142857136
"7693,2853",2024-05-16,22.761385516354807
"7698,2853",2024-05-16,22.08700185687758
"7703,2853",2024-05-16,21.00084832904884
"7708,2853",2024-05-16,21.283526721920545
"7713,2853",2024-05-16,19.630082880823096
"7718,2853",2024-05-16,15.951401628804119
"7723,2853",2024-05-16,16.22369142857143
"7728,2853",2024-05-16,18.403237605372187
"7733,2853",2024-05-16,19.69374767823975
"7683,2858",2024-05-16,24.374570969156554
"7688,2858",2024-05-16,24.695511695906422
"7693,2858",2024-05-16,23.116443080520234
"7698,2858",2024-05-16,22.243420052616187
"7703,2858",2024-05-16,19.52200847829265
"7708,2858",2024-05-16,19.565558965366066
"7713,2858",2024-05-16,19.015710111046165
"7718,2858",2024-05-16,15.950743825807395
"7723,2858",2024-05-16,16.309489989770565
"7728,2858",2024-05-16,16.287619465146868
"7733,2858",2024-05-16,18.228194708375966
"7688,2863",2024-05-16,23.428741861692767
"7693,2863",2024-05-16,22.146707920792096
"7698,2863",2024-05-16,20.573544973544976
"7703,2863",2024-05-16,17.926982130092927
"7708,2863",2024-05-16,17.08853588790392
"7713,2863",2024-05-16,17.833717636961808
"7718,2863",2024-05-16,17.755409038901604
"7723,2863",2024-05-16,17.185609267734563
"7728,2863",2024-05-16,17.81225686498856
"7733,2863",2024-05-16,18.399954246497003
"7693,2868",2024-05-16,19.859388531304845
"7698,2868",2024-05-16,20.1697937088515
"7703,2868",2024-05-16,20.154289893228018
"7708,2868",2024-05-16,18.15776184903453
"7713,2868",2024-05-16,16.61782297000732
"7718,2868",2024-05-16,16.306769095697977
"7723,2868",2024-05-16,16.426531089978052
"7728,2868",2024-05-16,18.49275307197192
"7733,2868",2024-05-16,18.035871250914404
"7693,2873",2024-05-16,21.365218262487492
"7698,2873",2024-05-16,22.698688618468157
"7703,2873",2024-05-16,21.045106626592244
"7708,2873",2024-05-16,19.31647395535204
"7713,2873",2024-05-16,16.931742987979394
"7718,2873",2024-05-16,16.740100171722954
"7723,2873",2024-05-16,17.2309603549449
"7728,2873",2024-05-16,18.848815111619924
"7733,2873",2024-05-16,19.773085289066973
"7693,2878",2024-05-16,22.745560761347
"7698,2878",2024-05-16,24.541171474593646
"7703,2878",2024-05-16,24.01006734992679
"7708,2878",2024-05-16,21.286031048623318
"7713,2878",2024-05-16,21.10605652364914
"7718,2878",2024-05-16,20.031877013177155
"7723,2878",2024-05-16,20.57637481698388
"7728,2878",2024-05-16,21.54495533753111
"7693,2883",2024-05-16,22.753421245421254
"7698,2883",2024-05-16,23.945505420451212
"7703,2883",2024-05-16,23.472926865015403
"7708,2883",2024-05-16,21.903919730481917
"7713,2883",2024-05-16,21.635685814771396
"7718,2883",2024-05-16,21.374253479853483
"7723,2883",2024-05-16,22.30156822512092
"7703,2888",2024-05-16,24.51868443680138
"7708,2888",2024-05-16,24.08239105504587
"7713,2888",2024-05-16,22.152443361055354
"7718,2888",2024-05-16,22.803873925501428
"7723,2888",2024-05-16,22.783885943544924
"7713,2843",2024-05-17,21.07362637362637
"7718,2843",2024-05-17,20.864315068493156
"7723,2843",2024-05-17,16.77258985037792
"7708,2848",2024-05-17,18.747315220566755
"7713,2848",2024-05-17,22.25354708746013
"7718,2848",2024-05-17,19.831588321167885
"7723,2848",2024-05-17,18.67194334939407
"7728,2848",2024-05-17,17.517861837301012
"7733,2848",2024-05-17,16.788591878469177
"7688,2853",2024-05-17,26.876923076923116
"7693,2853",2024-05-17,26.59817594254938
"7698,2853",2024-05-17,25.155196863814545
"7703,2853",2024-05-17,22.07858040559839
"7708,2853",2024-05-17,21.843062696504525
"7713,2853",2024-05-17,21.46525067385445
"7718,2853",2024-05-17,17.085541694024958
"7723,2853",2024-05-17,17.64878735383283
"7728,2853",2024-05-17,16.59921131590227
"7733,2853",2024-05-17,15.968849835690808
"7683,2858",2024-05-17,25.246484751203848
"7688,2858",2024-05-17,27.573770316127874
"7693,2858",2024-05-17,26.789610172327254
"7698,2858",2024-05-17,22.247571386517514
"7703,2858",2024-05-17,18.776816939890715
"7708,2858",2024-05-17,16.78093552908199
"7713,2858",2024-05-17,16.179156414762744
"7718,2858",2024-05-17,15.8073581973582
"7723,2858",2024-05-17,16.948843750000012
"7728,2858",2024-05-17,15.805233311730392
"7733,2858",2024-05-17,15.190673878087994
"7688,2863",2024-05-17,25.87711659965539
"7693,2863",2024-05-17,22.47621277328284
"7698,2863",2024-05-17,18.47497921862012
"7703,2863",2024-05-17,16.046535352050572
"7708,2863",2024-05-17,12.260172882983829
"7713,2863",2024-05-17,13.463036579255055
"7718,2863",2024-05-17,18.664815453604696
"7723,2863",2024-05-17,14.220000000000027
"7728,2863",2024-05-17,20.61628963558921
"7733,2863",2024-05-17,16.935471035693386
"7693,2868",2024-05-17,20.37210894104999
"7698,2868",2024-05-17,18.593832214765094
"7703,2868",2024-05-17,12.92227531285551
"7708,2868",2024-05-17,10.605976792847635
"7713,2868",2024-05-17,12.40208980136872
"7718,2868",2024-05-17,12.226052104208422
"7728,2868",2024-05-17,19.974541436464087
"7733,2868",2024-05-17,18.417134087237475
"7693,2873",2024-05-17,21.809520538142277
"7698,2873",2024-05-17,21.625340014316397
"7703,2873",2024-05-17,16.887983063895298
"7708,2873",2024-05-17,14.921460528214762
"7713,2873",2024-05-17,13.476469708302174
"7718,2873",2024-05-17,12.798597724922443
"7723,2873",2024-05-17,16.088108831400557
"7728,2873",2024-05-17,13.625944751381212
"7733,2873",2024-05-17,15.815530759066204
"7693,2878",2024-05-17,22.43316837481698
"7698,2878",2024-05-17,23.525300237812115
"7703,2878",2024-05-17,20.163193498791998
"7708,2878",2024-05-17,18.691541486433337
"7713,2878",2024-05-17,17.85773530123396
"7718,2878",2024-05-17,14.301756867905905
"7723,2878",2024-05-17,11.561725312145288
"7728,2878",2024-05-17,14.891404958677688
"7693,2883",2024-05-17,21.936162361623623
"7698,2883",2024-05-17,20.60065915300547
"7703,2883",2024-05-17,21.1356786620875
"7708,2883",2024-05-17,19.17482505145545
"7713,2883",2024-05-17,19.04523062139654
"7718,2883",2024-05-17,16.36297633136095
"7723,2883",2024-05-17,15.407569091934569
"7703,2888",2024-05-17,24.108346231011755
"7708,2888",2024-05-17,21.65699827981651
"7713,2888",2024-05-17,17.565132683909976
"7718,2888",2024-05-17,17.44341638169678
"7723,2888",2024-05-17,17.62854828850855
"7713,2843",2024-05-18,12.842731554160125
"7718,2843",2024-05-18,13.653604452054786
"7723,2843",2024-05-18,11.741432852861422
"7708,2848",2024-05-18,11.351828805141693
"7713,2848",2024-05-18,10.995441670316831
"7718,2848",2024-05-18,11.162712408759125
"7723,2848",2024-05-18,11.596890056942618
"7728,2848",2024-05-18,10.524731999415806
"7733,2848",2024-05-18,9.545474729769209
"7688,2853",2024-05-18,19.547251428571425
"7693,2853",2024-05-18,19.006647621768316
"7698,2853",2024-05-18,17.607564633623763
"7703,2853",2024-05-18,13.681988003427588
"7708,2853",2024-05-18,12.643186624749926
"7713,2853",2024-05-18,11.051460417262073
"7718,2853",2024-05-18,9.91860265752251
"7723,2853",2024-05-18,9.722240000000008
"7728,2853",2024-05-18,9.513716245177886
"7733,2853",2024-05-18,9.729635662237463
"7683,2858",2024-05-18,18.56485530546624
"7688,2858",2024-05-18,20.293868421052622
"7693,2858",2024-05-18,20.248224462954838
"7698,2858",2024-05-18,17.834910844782225
"7703,2858",2024-05-18,13.140994006724164
"7708,2858",2024-05-18,11.161224609089578
"7713,2858",2024-05-18,10.746037405026298
"7718,2858",2024-05-18,10.040678065176097
"7723,2858",2024-05-18,9.053488236153735
"7728,2858",2024-05-18,8.162250474937895
"7733,2858",2024-05-18,8.917497441894465
"7688,2863",2024-05-18,19.74852444952817
"7693,2863",2024-05-18,18.36221872766263
"7698,2863",2024-05-18,14.140165880165885
"7703,2863",2024-05-18,11.02818012866333
"7708,2863",2024-05-18,9.936834429511013
"7713,2863",2024-05-18,10.71423258475183
"7718,2863",2024-05-18,11.308535469107557
"7723,2863",2024-05-18,9.039736842105258
"7728,2863",2024-05-18,9.841192791762014
"7733,2863",2024-05-18,8.706145267372039
"7693,2868",2024-05-18,14.861661790520765
"7698,2868",2024-05-18,15.659961960497442
"7703,2868",2024-05-18,14.653965189410563
"7708,2868",2024-05-18,11.348361614979517
"7713,2868",2024-05-18,10.255856620336502
"7718,2868",2024-05-18,9.820649692712903
"7723,2868",2024-05-18,9.666531089978053
"7728,2868",2024-05-18,9.795950848449385
"7733,2868",2024-05-18,9.34084272128749
"7693,2873",2024-05-18,17.396341777586954
"7698,2873",2024-05-18,18.356684323550464
"7703,2873",2024-05-18,16.18000286245886
"7708,2873",2024-05-18,12.93635947338294
"7713,2873",2024-05-18,11.60356611333716
"7718,2873",2024-05-18,10.599481969089869
"7723,2873",2024-05-18,10.491716044081866
"7728,2873",2024-05-18,11.163720663995418
"7733,2873",2024-05-18,11.757704636519748
"7693,2878",2024-05-18,19.928995607613466
"7698,2878",2024-05-18,20.055343388490257
"7703,2878",2024-05-18,18.831048316251835
"7708,2878",2024-05-18,15.82154071470415
"7713,2878",2024-05-18,16.44017279250256
"7718,2878",2024-05-18,14.065057101024886
"7723,2878",2024-05-18,15.153815519765743
"7728,2878",2024-05-18,14.478980817103533
"7693,2883",2024-05-18,19.71509743589744
"7698,2883",2024-05-18,19.323791385877527
"7703,2883",2024-05-18,19.210139234940645
"7708,2883",2024-05-18,17.345170645964554
"7713,2883",2024-05-18,16.38004396248535
"7718,2883",2024-05-18,15.831358241758245
"7723,2883",2024-05-18,17.205041770482207
"7703,2888",2024-05-18,20.311857265692183
"7708,2888",2024-05-18,19.069925458715595
"7713,2888",2024-05-18,16.004539718956124
"7718,2888",2024-05-18,18.010269340974205
"7723,2888",2024-05-18,18.414320103166645
"7713,2843",2024-05-19,23.33917225631511
"7718,2843",2024-05-19,24.626449771689487
"7723,2843",2024-05-19,23.375433138290276
"7708,2848",2024-05-19,18.696082695252674
"7713,2848",2024-05-19,23.42276244707257
"7718,2848",2024-05-19,23.18214306569343
"7723,2848",2024-05-19,23.263066141042486
"7728,2848",2024-05-19,20.278491399715968
"7733,2848",2024-05-19,20.749065147531404
"7688,2853",2024-05-19,28.76100571428571
"7693,2853",2024-05-19,27.72635909155834
"7698,2853",2024-05-19,26.656291958291664
"7703,2853",2024-05-19,22.770610551274455
"7708,2853",2024-05-19,24.7494455558731
"7713,2853",2024-05-19,23.943815375821668
"7718,2853",2024-05-19,19.42158022574655
"7723,2853",2024-05-19,19.850820000000002
"7728,2853",2024-05-19,20.7087441063009
"7733,2853",2024-05-19,21.10374053436205
"7683,2858",2024-05-19,26.632890967553358
"7688,2858",2024-05-19,29.412561403508764
"7693,2858",2024-05-19,29.470571386818637
"7698,2858",2024-05-19,27.88503069277989
"7703,2858",2024-05-19,24.650074550504307
"7708,2858",2024-05-19,23.803784889668275
"7713,2858",2024-05-19,23.13407364114553
"7718,2858",2024-05-19,19.041417506941393
"7723,2858",2024-05-19,20.10861025865849
"7728,2858",2024-05-19,18.329443226654973
"7733,2858",2024-05-19,20.896751936851334
"7688,2863",2024-05-19,27.142790963683165
"7693,2863",2024-05-19,28.842822015725538
"7698,2863",2024-05-19,26.09902187902188
"7703,2863",2024-05-19,21.73768120085776
"7708,2863",2024-05-19,19.120965602344597
"7713,2863",2024-05-19,19.036595471334522
"7718,2863",2024-05-19,21.783177917620137
"7723,2863",2024-05-19,19.732502860411902
"7728,2863",2024-05-19,20.724124713958812
"7733,2863",2024-05-19,20.57135830712039
"7693,2868",2024-05-19,26.146243417203024
"7698,2868",2024-05-19,25.113015362106797
"7703,2868",2024-05-19,23.508448149773304
"7708,2868",2024-05-19,21.992018724400243
"7713,2868",2024-05-19,19.299452816386243
"7718,2868",2024-05-19,20.00287971905181
"7723,2868",2024-05-19,20.014241404535483
"7728,2868",2024-05-19,21.700944997074302
"7733,2868",2024-05-19,20.59098171177761
"7693,2873",2024-05-19,27.77153284671533
"7698,2873",2024-05-19,26.647570508231944
"7703,2873",2024-05-19,25.300040074423936
"7708,2873",2024-05-19,21.69205207870988
"7713,2873",2024-05-19,18.871909784196014
"7718,2873",2024-05-19,21.11124874724395
"7723,2873",2024-05-19,20.75389437526837
"7728,2873",2024-05-19,22.085838580423584
"7733,2873",2024-05-19,21.50163136805953
"7693,2878",2024-05-19,27.414494875549053
"7698,2878",2024-05-19,26.890765851515606
"7703,2878",2024-05-19,27.847792093704243
"7708,2878",2024-05-19,22.103034563561796
"7713,2878",2024-05-19,21.740253521126753
"7718,2878",2024-05-19,28.02730844793713
"7723,2878",2024-05-19,23.72988721804511
"7728,2878",2024-05-19,22.86670376336213
"7693,2883",2024-05-19,27.409101831501832
"7698,2883",2024-05-19,27.405256372692648
"7703,2883",2024-05-19,26.048093214128695
"7708,2883",2024-05-19,25.251549208320405
"7713,2883",2024-05-19,27.822788896061994
"7718,2883",2024-05-19,24.068644649933955
"7723,2883",2024-05-19,23.800924410207024
"7703,2888",2024-05-19,27.56554313556892
"7708,2888",2024-05-19,28.34632658569503
"7713,2888",2024-05-19,26.689350768524882
"7718,2888",2024-05-19,25.208719197707726
"7723,2888",2024-05-19,25.16016048144433
"7713,2843",2024-05-20,14.097231349313237
"7718,2843",2024-05-20,13.782874837966293
"7723,2843",2024-05-20,11.161227344084493
"7708,2848",2024-05-20,9.735181042095963
"7713,2848",2024-05-20,12.5295795148248
"7718,2848",2024-05-20,12.627542147293704
"7723,2848",2024-05-20,9.950689981096405
"7728,2848",2024-05-20,9.756029055690078
"7733,2848",2024-05-20,13.02666666666667
"7688,2853",2024-05-20,22.919217171717182
"7698,2853",2024-05-20,16.079999999999984
"7703,2853",2024-05-20,14.260000000000048
"7708,2853",2024-05-20,11.002227351413746
"7713,2853",2024-05-20,11.770431761786597
"7718,2853",2024-05-20,10.199663627152983
"7723,2853",2024-05-20,8.379999999999995
"7713,2858",2024-05-20,10.92764210526316
"7718,2858",2024-05-20,10.65746575342466
"7713,2863",2024-05-20,4.106136363636362
"7718,2863",2024-05-20,2.499077212806037
"7723,2863",2024-05-20,-0.18561403508771207
"7728,2863",2024-05-20,4.955961123110167
"7733,2863",2024-05-20,6.278533408833522
"7703,2868",2024-05-20,6.502602096133
"7708,2868",2024-05-20,7.46299999999998
"7713,2868",2024-05-20,5.937378303198899
"7718,2868",2024-05-20,4.100096575943813
"7723,2868",2024-05-20,3.859251117734725
"7728,2868",2024-05-20,4.982944162436543
"7733,2868",2024-05-20,5.137549019607837
"7693,2873",2024-05-20,11.595392405063302
"7703,2873",2024-05-20,11.465296167247391
"7713,2873",2024-05-20,5.113103448275904
"7718,2873",2024-05-20,6.310375000000002
"7723,2873",2024-05-20,6.61928506787332
"7728,2873",2024-05-20,6.614890130353818
"7733,2873",2024-05-20,7.735901545506585
"7693,2878",2024-05-20,13.02505213456619
"7698,2878",2024-05-20,6.5906965174129235
"7708,2878",2024-05-20,10.577302573203179
"7713,2878",2024-05-20,9.46652196652719
"7718,2878",2024-05-20,9.382513268810474
"7723,2878",2024-05-20,10.608716032608694
"7728,2878",2024-05-20,8.716435788548832
"7693,2883",2024-05-20,14.855363420427556
"7698,2883",2024-05-20,12.962077519379848
"7703,2883",2024-05-20,12.490062189054735
"7708,2883",2024-05-20,9.826121481481472
"7713,2883",2024-05-20,9.830010384216001
"7718,2883",2024-05-20,10.805300228021288
"7723,2883",2024-05-20,11.037534808735167
"7703,2888",2024-05-20,13.620657560355784
"7708,2888",2024-05-20,11.819084441695017
"7713,2888",2024-05-20,10.408244909664457
"7718,2888",2024-05-20,11.70989544796525
"7723,2888",2024-05-20,11.439706214689247
"7713,2843",2024-05-21,23.81312116454974
"7718,2843",2024-05-21,24.125847602739725
"7723,2843",2024-05-21,22.812558869701725
"7708,2848",2024-05-21,21.993803680981582
"7713,2848",2024-05-21,23.502785808147184
"7718,2848",2024-05-21,22.797392700729922
"7723,2848",2024-05-21,23.198671338881585
"7728,2848",2024-05-21,23.12932379144152
"7733,2848",2024-05-21,23.267695004382126
"7688,2853",2024-05-21,30.017805714285693
"7693,2853",2024-05-21,28.768313098128843
"7698,2853",2024-05-21,27.084182259677185
"7703,2853",2024-05-21,24.07323907455012
"7708,2853",2024-05-21,24.74428408116605
"7713,2853",2024-05-21,23.615890254358384
"7718,2853",2024-05-21,20.175327903986286
"7723,2853",2024-05-21,20.145180000000007
"7728,2853",2024-05-21,21.65956565223602
"7733,2853",2024-05-21,22.278668381197313
"7683,2858",2024-05-21,28.454334989769087
"7688,2858",2024-05-21,30.879921052631573
"7693,2858",2024-05-21,29.85525062107262
"7698,2858",2024-05-21,27.574396375328856
"7703,2858",2024-05-21,23.493702675047498
"7708,2858",2024-05-21,23.895423060061365
"7713,2858",2024-05-21,23.685020455873754
"7718,2858",2024-05-21,20.121432120415026
"7723,2858",2024-05-21,19.919032588046168
"7728,2858",2024-05-21,18.85444103463393
"7733,2858",2024-05-21,21.49457681625493
"7688,2863",2024-05-21,29.8771747211896
"7693,2863",2024-05-21,27.894381701215163
"7698,2863",2024-05-21,25.256261976261992
"7703,2863",2024-05-21,21.784580414581857
"7708,2863",2024-05-21,21.39216757220476
"7713,2863",2024-05-21,21.886024889143194
"7718,2863",2024-05-21,20.904299199084672
"7723,2863",2024-05-21,20.136902173913047
"7728,2863",2024-05-21,20.350486270022884
"7733,2863",2024-05-21,21.12802973977696
"7693,2868",2024-05-21,25.514648917495602
"7698,2868",2024-05-21,24.905267008046824
"7703,2868",2024-05-21,23.576671054556083
"7708,2868",2024-05-21,22.02761849034524
"7713,2868",2024-05-21,20.802858814923194
"7718,2868",2024-05-21,20.624506877377826
"7723,2868",2024-05-21,19.726481346013166
"7728,2868",2024-05-21,21.35948507899356
"7733,2868",2024-05-21,21.36316313094366
"7693,2873",2024-05-21,27.18601116358952
"7698,2873",2024-05-21,26.905543307086603
"7703,2873",2024-05-21,24.295789323028494
"7708,2873",2024-05-21,22.266087578706347
"7713,2873",2024-05-21,20.671805953062407
"7718,2873",2024-05-21,20.829224384659415
"7723,2873",2024-05-21,19.66116395864107
"7728,2873",2024-05-21,21.946002877697836
"7733,2873",2024-05-21,22.742137950772765
"7693,2878",2024-05-21,28.37030746705709
"7698,2878",2024-05-21,28.194043051691313
"7703,2878",2024-05-21,26.371393850658862
"7708,2878",2024-05-21,23.876690099589908
"7713,2878",2024-05-21,24.52129155073949
"7718,2878",2024-05-21,23.34162811127378
"7723,2878",2024-05-21,22.69624890190335
"7728,2878",2024-05-21,23.88052423488065
"7693,2883",2024-05-21,27.54321758241757
"7698,2883",2024-05-21,27.34513917374743
"7703,2883",2024-05-21,25.785833211197417
"7708,2883",2024-05-21,24.515104731214308
"7713,2883",2024-05-21,25.418423212192245
"7718,2883",2024-05-21,24.240797069597072
"7723,2883",2024-05-21,24.558437637402914
"7703,2888",2024-05-21,26.904577242762954
"7708,2888",2024-05-21,26.41475630733945
"7713,2888",2024-05-21,25.648313736736437
"7718,2888",2024-05-21,25.831467048710604
"7723,2888",2024-05-21,25.368029803696803
"7713,2843",2024-05-22,13.341158841158837
"7718,2843",2024-05-22,12.881432648401825
"7723,2843",2024-05-22,12.261053232481798
"7708,2848",2024-05-22,11.471780699133555
"7713,2848",2024-05-22,11.716425755584758
"7718,2848",2024-05-22,11.451075056861255
"7723,2848",2024-05-22,11.973085121915608
"7728,2848",2024-05-22,12.03929604206221
"7733,2848",2024-05-22,12.173634238971657
"7688,2853",2024-05-22,16.271068571428565
"7693,2853",2024-05-22,15.21755177831739
"7698,2853",2024-05-22,13.970958627648837
"7703,2853",2024-05-22,12.771279634390163
"7708,2853",2024-05-22,12.990891683338097
"7713,2853",2024-05-22,12.15845670191483
"7718,2853",2024-05-22,10.161854609929073
"7723,2853",2024-05-22,10.421947345197832
"7728,2853",2024-05-22,11.377556793827681
"7733,2853",2024-05-22,12.264274896413776
"7683,2858",2024-05-22,16.076544869921076
"7688,2858",2024-05-22,15.94745029239766
"7693,2858",2024-05-22,15.827578328981728
"7698,2858",2024-05-22,14.586388949791711
"7703,2858",2024-05-22,12.195263850314278
"7708,2858",2024-05-22,12.013532076574604
"7713,2858",2024-05-22,12.278416130917588
"7718,2858",2024-05-22,10.720376533871244
"7723,2858",2024-05-22,12.522206208425724
"7728,2858",2024-05-22,10.82866871255297
"7733,2858",2024-05-22,14.020073088729712
"7688,2863",2024-05-22,15.055147269087799
"7693,2863",2024-05-22,14.893135096497511
"7698,2863",2024-05-22,13.14648934648935
"7703,2863",2024-05-22,12.008554681915651
"7708,2863",2024-05-22,12.862562614538792
"7713,2863",2024-05-22,12.821919764755313
"7718,2863",2024-05-22,11.839622523787243
"7723,2863",2024-05-22,13.88
"7728,2863",2024-05-22,12.820362711864407
"7733,2863",2024-05-22,12.006240786240792
"7693,2868",2024-05-22,13.83942363955529
"7698,2868",2024-05-22,13.729814191660575
"7703,2868",2024-05-22,14.308714348398416
"7708,2868",2024-05-22,15.204821548821556
"7713,2868",2024-05-22,12.593487766788135
"7718,2868",2024-05-22,12.13254492939666
"7723,2868",2024-05-22,11.576423998102914
"7728,2868",2024-05-22,13.065386899563324
"7733,2868",2024-05-22,12.83343343709943
"7693,2873",2024-05-22,14.988277443393514
"7698,2873",2024-05-22,15.064944881889764
"7703,2873",2024-05-22,13.953897237727215
"7708,2873",2024-05-22,13.897621264454122
"7713,2873",2024-05-22,12.237534206695784
"7718,2873",2024-05-22,12.059504865483685
"7723,2873",2024-05-22,11.495511664519833
"7728,2873",2024-05-22,13.155700174317266
"7733,2873",2024-05-22,13.70417806137952
"7693,2878",2024-05-22,16.073736456808195
"7698,2878",2024-05-22,15.22438424366672
"7703,2878",2024-05-22,14.535736456808195
"7708,2878",2024-05-22,13.55398652606913
"7713,2878",2024-05-22,14.144454532142333
"7718,2878",2024-05-22,13.018421669106877
"7723,2878",2024-05-22,12.609530546623793
"7728,2878",2024-05-22,13.739465404001832
"7693,2883",2024-05-22,15.309793406593396
"7698,2883",2024-05-22,14.936328743041319
"7703,2883",2024-05-22,14.552454931848168
"7708,2883",2024-05-22,14.308533762999861
"7713,2883",2024-05-22,14.914428487690506
"7718,2883",2024-05-22,13.856193406593407
"7723,2883",2024-05-22,13.787986955232734
"7703,2888",2024-05-22,15.64697621094869
"7708,2888",2024-05-22,15.277230504587145
"7713,2888",2024-05-22,14.480995124749068
"7718,2888",2024-05-22,14.54685673352435
"7723,2888",2024-05-22,14.400782347041133
"7713,2843",2024-05-23,12.493712002283425
"7718,2843",2024-05-23,11.880094178082194
"7723,2843",2024-05-23,10.984184387041532
"7708,2848",2024-05-23,11.118404907975451
"7713,2848",2024-05-23,10.53587969046576
"7718,2848",2024-05-23,10.256335766423362
"7723,2848",2024-05-23,10.150731493648703
"7728,2848",2024-05-23,10.654425606547806
"7733,2848",2024-05-23,11.272309096440521
"7688,2853",2024-05-23,15.829791428571424
"7693,2853",2024-05-23,14.418483073846591
"7698,2853",2024-05-23,13.292518301610544
"7703,2853",2024-05-23,12.231480196588606
"7708,2853",2024-05-23,11.132252072020576
"7713,2853",2024-05-23,10.467696951403559
"7718,2853",2024-05-23,8.303909989967037
"7723,2853",2024-05-23,9.003396226415102
"7728,2853",2024-05-23,9.362421416754394
"7733,2853",2024-05-23,11.0921536
"7683,2858",2024-05-23,15.865667933352825
"7688,2858",2024-05-23,16.405230994152035
"7693,2858",2024-05-23,15.154385523210072
"7698,2858",2024-05-23,13.890458944739306
"7703,2858",2024-05-23,10.971746820640254
"7708,2858",2024-05-23,10.385324675324672
"7713,2858",2024-05-23,9.109445592286498
"7718,2858",2024-05-23,7.8219980411361405
"7723,2858",2024-05-23,7.684324407986382
"7728,2858",2024-05-23,7.550565448297404
"7733,2858",2024-05-23,9.691128590971275
"7688,2863",2024-05-23,16.49037460680584
"7693,2863",2024-05-23,14.914153623188408
"7698,2863",2024-05-23,11.799719719719725
"7703,2863",2024-05-23,9.114979228486645
"7708,2863",2024-05-23,8.2631823635273
"7713,2863",2024-05-23,9.035699070160618
"7718,2863",2024-05-23,8.699230511876886
"7723,2863",2024-05-23,8.274907724971424
"7728,2863",2024-05-23,9.377415675411445
"7733,2863",2024-05-23,10.4294100594289
"7693,2868",2024-05-23,12.72083674663545
"7698,2868",2024-05-23,12.758934893928311
"7703,2868",2024-05-23,11.56910925844669
"7708,2868",2024-05-23,9.649678174370974
"7713,2868",2024-05-23,8.6437402849741
"7718,2868",2024-05-23,8.383242987708789
"7723,2868",2024-05-23,8.639259692757864
"7728,2868",2024-05-23,10.604540667056765
"7733,2868",2024-05-23,11.862566203365034
"7693,2873",2024-05-23,13.44175186758459
"7698,2873",2024-05-23,13.874067624437673
"7703,2873",2024-05-23,11.973977386575076
"7708,2873",2024-05-23,10.85090440755582
"7713,2873",2024-05-23,10.174318832283921
"7718,2873",2024-05-23,10.375369204350324
"7723,2873",2024-05-23,9.878502626970242
"7728,2873",2024-05-23,12.04787887611006
"7733,2873",2024-05-23,13.640088723526041
"7693,2878",2024-05-23,15.41057686676427
"7698,2878",2024-05-23,14.690127397862058
"7703,2878",2024-05-23,13.683765739385064
"7708,2878",2024-05-23,12.869212067955479
"7713,2878",2024-05-23,13.412013471957824
"7718,2878",2024-05-23,13.016527086383602
"7723,2878",2024-05-23,13.795245398773009
"7728,2878",2024-05-23,14.364968094804007
"7693,2883",2024-05-23,16.44584908424908
"7698,2883",2024-05-23,15.626211544096105
"7703,2883",2024-05-23,14.976245053495525
"7708,2883",2024-05-23,14.425186078047314
"7713,2883",2024-05-23,14.94397590361445
"7718,2883",2024-05-23,14.334783254156779
"7723,2883",2024-05-23,15.130982014961015
"7703,2888",2024-05-23,18.110087791949642
"7708,2888",2024-05-23,17.077375802234375
"7713,2888",2024-05-23,16.51555267002109
"7718,2888",2024-05-23,16.588432385874242
"7723,2888",2024-05-23,16.2812769138756
"7713,2843",2024-05-24,18.519489082346222
"7718,2843",2024-05-24,18.989440639269404
"7723,2843",2024-05-24,17.9933609247895
"7708,2848",2024-05-24,15.946415425065732
"7713,2848",2024-05-24,18.033105562855894
"7718,2848",2024-05-24,18.123810218978104
"7723,2848",2024-05-24,18.741600233610747
"7728,2848",2024-05-24,18.38562582152768
"7733,2848",2024-05-24,18.307540169442007
"7688,2853",2024-05-24,23.694905714285706
"7693,2853",2024-05-24,22.255614912155412
"7698,2853",2024-05-24,19.84782459648621
"7703,2853",2024-05-24,17.205512710654098
"7708,2853",2024-05-24,17.80021148899685
"7713,2853",2024-05-24,17.748662474992855
"7718,2853",2024-05-24,15.238688384054873
"7723,2853",2024-05-24,15.850974285714283
"7728,2853",2024-05-24,17.620394342048854
"7733,2853",2024-05-24,17.78167166738105
"7683,2858",2024-05-24,22.125030692779884
"7688,2858",2024-05-24,23.28176315789472
"7693,2858",2024-05-24,23.035750401870523
"7698,2858",2024-05-24,21.15073022620313
"7703,2858",2024-05-24,17.318500219266184
"7708,2858",2024-05-24,17.254739149495833
"7713,2858",2024-05-24,17.490376972530676
"7718,2858",2024-05-24,15.228426128890836
"7723,2858",2024-05-24,15.151883676749964
"7728,2858",2024-05-24,13.782633347946806
"7733,2858",2024-05-24,16.301669346586756
"7688,2863",2024-05-24,24.024403774664005
"7693,2863",2024-05-24,22.5630764832023
"7698,2863",2024-05-24,19.933865293865292
"7703,2863",2024-05-24,16.906424588992138
"7708,2863",2024-05-24,16.80568201315413
"7713,2863",2024-05-24,17.49616649978545
"7718,2863",2024-05-24,17.035652173913043
"7723,2863",2024-05-24,15.578381006864996
"7728,2863",2024-05-24,15.788092105263159
"7733,2863",2024-05-24,16.48077494995711
"7693,2868",2024-05-24,20.47324751316559
"7698,2868",2024-05-24,19.980626188734455
"7703,2868",2024-05-24,19.193617083516155
"7708,2868",2024-05-24,17.766100058513747
"7713,2868",2024-05-24,16.617237746890996
"7718,2868",2024-05-24,16.230210711150132
"7723,2868",2024-05-24,15.34859692757864
"7728,2868",2024-05-24,17.521904622586312
"7733,2868",2024-05-24,16.876775420629105
"7693,2873",2024-05-24,22.258145126663806
"7698,2873",2024-05-24,22.278098783106646
"7703,2873",2024-05-24,20.08239015314156
"7708,2873",2024-05-24,17.948451631368062
"7713,2873",2024-05-24,16.263385804235845
"7718,2873",2024-05-24,16.291393817973667
"7723,2873",2024-05-24,15.558256762559038
"7728,2873",2024-05-24,17.614702346880367
"7733,2873",2024-05-24,17.945280480824277
"7693,2878",2024-05-24,24.183346998535868
"7698,2878",2024-05-24,23.69510323619857
"7703,2878",2024-05-24,22.309428989751098
"7708,2878",2024-05-24,19.590787932044524
"7713,2878",2024-05-24,18.96998974959729
"7718,2878",2024-05-24,18.40708345534407
"7723,2878",2024-05-24,18.586456808199106
"7728,2878",2024-05-24,19.220339727632158
"7693,2883",2024-05-24,22.929049084249083
"7698,2883",2024-05-24,22.69379138587752
"7703,2883",2024-05-24,21.702362597098055
"7708,2883",2024-05-24,19.80756115424052
"7713,2883",2024-05-24,19.04774618991794
"7718,2883",2024-05-24,19.53782857142858
"7723,2883",2024-05-24,20.092109042943
"7703,2888",2024-05-24,22.36643737460589
"7708,2888",2024-05-24,21.816998279816513
"7713,2888",2024-05-24,20.260719816461144
"7718,2888",2024-05-24,20.71470487106016
"7723,2888",2024-05-24,19.98349333715433
"7713,2843",2024-05-25,9.935580702799282
"7718,2843",2024-05-25,11.572654109589037
"7723,2843",2024-05-25,10.862206365063507
"7708,2848",2024-05-25,6.667223711177671
"7713,2848",2024-05-25,8.430248408950934
"7718,2848",2024-05-25,9.844735772357724
"7723,2848",2024-05-25,10.57422878228782
"7728,2848",2024-05-25,9.364325982181983
"7733,2848",2024-05-25,8.455896683299093
"7703,2853",2024-05-25,7.624115334207066
"7708,2853",2024-05-25,7.64426576385949
"7713,2853",2024-05-25,7.112635270541092
"7718,2853",2024-05-25,7.3035378813849885
"7723,2853",2024-05-25,7.159278113316079
"7728,2853",2024-05-25,7.289595656522365
"7733,2853",2024-05-25,7.702329192546579
"7723,2858",2024-05-25,4.446424050632908
"7728,2858",2024-05-25,5.259964354671023
"7733,2858",2024-05-25,5.330356749960714
"7718,2863",2024-05-25,3.70652019844082
"7723,2863",2024-05-25,3.6625362485615844
"7728,2863",2024-05-25,5.9586727539540245
"7733,2863",2024-05-25,4.145270231627109
"7693,2868",2024-05-25,9.501650080256814
"7698,2868",2024-05-25,8.97284418145957
"7718,2868",2024-05-25,1.4253937140926116
"7723,2868",2024-05-25,2.846472354707661
"7728,2868",2024-05-25,4.643480215827336
"7733,2868",2024-05-25,4.102414045354793
"7693,2873",2024-05-25,10.920940924886395
"7698,2873",2024-05-25,11.952353529294138
"7703,2873",2024-05-25,11.633666491320357
"7713,2873",2024-05-25,3.222464985994409
"7718,2873",2024-05-25,3.3105995113700546
"7723,2873",2024-05-25,5.040091192704591
"7728,2873",2024-05-25,5.235990029599621
"7733,2873",2024-05-25,6.806273611906124
"7693,2878",2024-05-25,13.031118349619975
"7698,2878",2024-05-25,11.78234404536861
"7703,2878",2024-05-25,10.815814213766094
"7708,2878",2024-05-25,9.389230769230785
"7718,2878",2024-05-25,4.970941883767523
"7728,2878",2024-05-25,9.342059973924366
"7693,2883",2024-05-25,12.415851132686091
"7698,2883",2024-05-25,12.170347387173399
"7703,2883",2024-05-25,11.600969345484662
"7708,2883",2024-05-25,8.996532456861155
"7713,2883",2024-05-25,7.487323943661978
"7723,2883",2024-05-25,11.062857142857142
"7703,2888",2024-05-25,13.250523615512302
"7708,2888",2024-05-25,11.671838671411624
"7713,2888",2024-05-25,7.6595488721804506
"7713,2843",2024-05-26,22.941093192521766
"7718,2843",2024-05-26,23.30517408675798
"7723,2843",2024-05-26,22.446750392464683
"7708,2848",2024-05-26,20.346269354367507
"7713,2848",2024-05-26,21.857149948897657
"7718,2848",2024-05-26,21.754166423357674
"7723,2848",2024-05-26,22.485069353190244
"7728,2848",2024-05-26,22.39510442529574
"7733,2848",2024-05-26,21.68751095530236
"7688,2853",2024-05-26,29.4630857142857
"7693,2853",2024-05-26,27.90211684045136
"7698,2853",2024-05-26,25.678137408941577
"7703,2853",2024-05-26,22.127972007997716
"7708,2853",2024-05-26,22.30350100028578
"7713,2853",2024-05-26,21.56709059731352
"7718,2853",2024-05-26,19.048455493641953
"7723,2853",2024-05-26,19.24312857142857
"7728,2853",2024-05-26,20.522220317188165
"7733,2853",2024-05-26,20.55069009858551
"7683,2858",2024-05-26,27.632177725811175
"7688,2858",2024-05-26,29.936845029239766
"7693,2858",2024-05-26,28.612383457547864
"7698,2858",2024-05-26,26.216366559485525
"7703,2858",2024-05-26,21.600254348779416
"7708,2858",2024-05-26,21.781411661551946
"7713,2858",2024-05-26,21.840298071303334
"7718,2858",2024-05-26,18.707043694286135
"7723,2858",2024-05-26,18.87553704515563
"7728,2858",2024-05-26,16.621014175069412
"7733,2858",2024-05-26,19.422911854991955
"7688,2863",2024-05-26,29.19249928510152
"7693,2863",2024-05-26,27.619456754824885
"7698,2863",2024-05-26,24.239545259545267
"7703,2863",2024-05-26,19.965323802716217
"7708,2863",2024-05-26,20.049868458678873
"7713,2863",2024-05-26,20.989025890430565
"7718,2863",2024-05-26,20.119482265446234
"7723,2863",2024-05-26,18.821270022883297
"7728,2863",2024-05-26,18.700643592677345
"7733,2863",2024-05-26,20.717806691449823
"7693,2868",2024-05-26,24.975321825629013
"7698,2868",2024-05-26,24.4072538405267
"7703,2868",2024-05-26,22.51437472575691
"7708,2868",2024-05-26,21.237931538911646
"7713,2868",2024-05-26,20.07789319678128
"7718,2868",2024-05-26,19.64511267193444
"7723,2868",2024-05-26,18.607959034381857
"7728,2868",2024-05-26,20.70780866003512
"7733,2868",2024-05-26,21.151833211411848
"7693,2873",2024-05-26,27.18192357234865
"7698,2873",2024-05-26,27.065537580529714
"7703,2873",2024-05-26,24.007639902676406
"7708,2873",2024-05-26,22.0108500286205
"7713,2873",2024-05-26,20.18753863766458
"7718,2873",2024-05-26,19.413694905552376
"7723,2873",2024-05-26,17.84401316731072
"7728,2873",2024-05-26,20.70950772753292
"7733,2873",2024-05-26,21.265186033199775
"7693,2878",2024-05-26,29.033180087847718
"7698,2878",2024-05-26,28.222120369014494
"7703,2878",2024-05-26,26.856840409956078
"7708,2878",2024-05-26,24.218239601640303
"7713,2878",2024-05-26,24.41754576072631
"7718,2878",2024-05-26,21.5672064421669
"7723,2878",2024-05-26,21.096289897510967
"7728,2878",2024-05-26,22.410109825743156
"7693,2883",2024-05-26,27.56862417582417
"7698,2883",2024-05-26,27.191728684441852
"7703,2883",2024-05-26,25.676535248424443
"7708,2883",2024-05-26,24.869638201259704
"7713,2883",2024-05-26,25.280480656506455
"7718,2883",2024-05-26,23.310353113553116
"7723,2883",2024-05-26,23.375802432947385
"7703,2888",2024-05-26,26.95334193178561
"7708,2888",2024-05-26,26.15801892201835
"7713,2888",2024-05-26,24.25242328649269
"7718,2888",2024-05-26,24.43316905444125
"7723,2888",2024-05-26,23.645146869178976
"7713,2843",2024-05-27,15.349336377907814
"7718,2843",2024-05-27,15.617094748858447
"7723,2843",2024-05-27,14.271862423291001
"7708,2848",2024-05-27,14.382614665498094
"7713,2848",2024-05-27,14.699042195941017
"7718,2848",2024-05-27,14.558928467153288
"7723,2848",2024-05-27,14.46751934588991
"7728,2848",2024-05-27,13.869770702497448
"7733,2848",2024-05-27,12.698045574057845
"7688,2853",2024-05-27,24.301788571428563
"7693,2853",2024-05-27,22.73321525496358
"7698,2853",2024-05-27,20.728418797314685
"7703,2853",2024-05-27,16.955564124535847
"7708,2853",2024-05-27,16.623898256644754
"7713,2853",2024-05-27,14.707373535295805
"7718,2853",2024-05-27,12.626509501357349
"7723,2853",2024-05-27,12.073397142857146
"7728,2853",2024-05-27,12.220717245320756
"7733,2853",2024-05-27,13.089052721817401
"7683,2858",2024-05-27,23.03693072201111
"7688,2858",2024-05-27,24.188812865497074
"7693,2858",2024-05-27,23.430287885430356
"7698,2858",2024-05-27,21.633846828412747
"7703,2858",2024-05-27,17.183400087706485
"7708,2858",2024-05-27,14.621174923279268
"7713,2858",2024-05-27,13.532051431911158
"7718,2858",2024-05-27,11.658632178868922
"7723,2858",2024-05-27,10.887826976472304
"7728,2858",2024-05-27,9.661844220371185
"7733,2858",2024-05-27,11.116477123227591
"7688,2863",2024-05-27,24.429110666285393
"7693,2863",2024-05-27,23.75312937812724
"7698,2863",2024-05-27,19.707413127413123
"7703,2863",2024-05-27,14.504866333095071
"7708,2863",2024-05-27,11.479368029739781
"7713,2863",2024-05-27,12.100357602631956
"7718,2863",2024-05-27,13.088858695652181
"7723,2863",2024-05-27,11.110792334096105
"7728,2863",2024-05-27,12.35391590389016
"7733,2863",2024-05-27,11.437151844438095
"7693,2868",2024-05-27,20.94481568168519
"7698,2868",2024-05-27,19.449141185076808
"7703,2868",2024-05-27,16.804569255521425
"7708,2868",2024-05-27,12.30903159742539
"7713,2868",2024-05-27,11.303218727139717
"7718,2868",2024-05-27,11.04577114427861
"7723,2868",2024-05-27,11.171619604974397
"7728,2868",2024-05-27,11.915710942071389
"7733,2868",2024-05-27,11.840948061448431
"7693,2873",2024-05-27,22.41826534993559
"7698,2873",2024-05-27,21.87888045812456
"7703,2873",2024-05-27,18.156622298554456
"7708,2873",2024-05-27,14.513340011448207
"7713,2873",2024-05-27,12.879424728105326
"7718,2873",2024-05-27,11.876805953062398
"7723,2873",2024-05-27,12.724620008587383
"7728,2873",2024-05-27,12.235352032054951
"7733,2873",2024-05-27,12.246267887807674
"7693,2878",2024-05-27,24.21680527086383
"7698,2878",2024-05-27,22.995923268414113
"7703,2878",2024-05-27,21.317710102489016
"7708,2878",2024-05-27,17.42724370240187
"7713,2878",2024-05-27,17.85940254795725
"7718,2878",2024-05-27,15.381168374816978
"7723,2878",2024-05-27,17.337920937042455
"7728,2878",2024-05-27,15.381194904085516
"7693,2883",2024-05-27,23.478391208791223
"7698,2883",2024-05-27,21.696932317609136
"7703,2883",2024-05-27,20.807823538033123
"7708,2883",2024-05-27,18.42803866998681
"7713,2883",2024-05-27,18.138610785463072
"7718,2883",2024-05-27,17.082722344322345
"7723,2883",2024-05-27,17.692366993990916
"7703,2888",2024-05-27,22.17148466609344
"7708,2888",2024-05-27,21.119205848623864
"7713,2888",2024-05-27,17.740238026957268
"7718,2888",2024-05-27,18.446670487106008
"7723,2888",2024-05-27,17.076867746095424
"7713,2843",2024-05-28,26.59893249607535
"7718,2843",2024-05-28,26.852702625570775
"7723,2843",2024-05-28,25.95884115884116
"7708,2848",2024-05-28,23.967636576102844
"7713,2848",2024-05-28,24.487936925098566
"7718,2848",2024-05-28,23.655734306569347
"7723,2848",2024-05-28,24.747858081471744
"7728,2848",2024-05-28,24.27214838615452
"7733,2848",2024-05-28,23.26314636283962
"7688,2853",2024-05-28,31.067034285714275
"7693,2853",2024-05-28,30.666856163405235
"7698,2853",2024-05-28,28.64500785602056
"7703,2853",2024-05-28,26.267226506712362
"7708,2853",2024-05-28,25.696170334381243
"7713,2853",2024-05-28,23.436444698485285
"7718,2853",2024-05-28,19.966495213601952
"7723,2853",2024-05-28,19.976168571428566
"7728,2853",2024-05-28,20.428589798542642
"7733,2853",2024-05-28,20.87511644520645
"7683,2858",2024-05-28,29.61950306927798
"7688,2858",2024-05-28,32.7851432748538
"7693,2858",2024-05-28,32.070612304544795
"7698,2858",2024-05-28,29.452829581993562
"7703,2858",2024-05-28,24.629618476830867
"7708,2858",2024-05-28,23.612903697208818
"7713,2858",2024-05-28,23.06055230859147
"7718,2858",2024-05-28,19.337936577524474
"7723,2858",2024-05-28,18.392097033464854
"7728,2858",2024-05-28,17.158456817185442
"7733,2858",2024-05-28,20.207516444964188
"7688,2863",2024-05-28,32.406113811838736
"7693,2863",2024-05-28,30.60683059328092
"7698,2863",2024-05-28,26.465050765050766
"7703,2863",2024-05-28,21.622676197283774
"7708,2863",2024-05-28,20.54504432370604
"7713,2863",2024-05-28,21.39346588470891
"7718,2863",2024-05-28,20.589447940503458
"7723,2863",2024-05-28,18.93164187643021
"7728,2863",2024-05-28,19.87060640732266
"7733,2863",2024-05-28,20.721303974835575
"7693,2868",2024-05-28,27.81256582796956
"7698,2868",2024-05-28,27.401442574981708
"7703,2868",2024-05-28,24.595357612988156
"7708,2868",2024-05-28,21.292735517846694
"7713,2868",2024-05-28,19.966560351133865
"7718,2868",2024-05-28,18.940796019900496
"7723,2868",2024-05-28,18.34999561082662
"7728,2868",2024-05-28,20.41451141018139
"7733,2868",2024-05-28,20.983727871250913
"7693,2873",2024-05-28,29.951910691283814
"7698,2873",2024-05-28,29.49033357193987
"7703,2873",2024-05-28,26.406314584227847
"7708,2873",2024-05-28,23.974542072123644
"7713,2873",2024-05-28,21.559502003434456
"7718,2873",2024-05-28,20.05975386376646
"7723,2873",2024-05-28,18.83796765421497
"7728,2873",2024-05-28,21.055125930166007
"7733,2873",2024-05-28,22.420941614195772
"7693,2878",2024-05-28,31.285915080527072
"7698,2878",2024-05-28,30.267198711377944
"7703,2878",2024-05-28,29.849959004392385
"7708,2878",2024-05-28,26.514633860574104
"7713,2878",2024-05-28,26.0612359056963
"7718,2878",2024-05-28,22.87645973645681
"7723,2878",2024-05-28,22.22983308931185
"7728,2878",2024-05-28,24.21972177478401
"7693,2883",2024-05-28,30.917638095238093
"7698,2883",2024-05-28,30.088130676823912
"7703,2883",2024-05-28,28.85169573501392
"7708,2883",2024-05-28,25.683105317123193
"7713,2883",2024-05-28,24.844038686987112
"7718,2883",2024-05-28,23.150356043956034
"7723,2883",2024-05-28,24.072220430895523
"7703,2888",2024-05-28,29.91151046145027
"7708,2888",2024-05-28,26.692892775229357
"7713,2888",2024-05-28,23.721912819042156
"7718,2888",2024-05-28,24.23023209169054
"7723,2888",2024-05-28,26.107983951855577
"7713,2843",2024-05-29,18.437451120308257
"7718,2843",2024-05-29,18.895388127853874
"7723,2843",2024-05-29,18.78381047523904
"7708,2848",2024-05-29,12.047519344560763
"7713,2848",2024-05-29,16.02881880566507
"7718,2848",2024-05-29,17.96457226277372
"7723,2848",2024-05-29,18.226145136387025
"7728,2848",2024-05-29,17.797502555863883
"7733,2848",2024-05-29,13.397484448490365
"7688,2853",2024-05-29,20.06078196872125
"7693,2853",2024-05-29,16.6198398462524
"7698,2853",2024-05-29,16.97438848920865
"7703,2853",2024-05-29,18.35396606097012
"7708,2853",2024-05-29,18.381931980565867
"7713,2853",2024-05-29,19.018728208059443
"7718,2853",2024-05-29,18.167315330761532
"7723,2853",2024-05-29,17.186631428571435
"7728,2853",2024-05-29,18.36696385197885
"7733,2853",2024-05-29,20.017688241177307
"7683,2858",2024-05-29,19.075330766538322
"7688,2858",2024-05-29,21.875934738273287
"7693,2858",2024-05-29,22.73350368324125
"7698,2858",2024-05-29,21.377804990757856
"7703,2858",2024-05-29,18.52372752521561
"7708,2858",2024-05-29,19.144436650591846
"7713,2858",2024-05-29,20.382665108123895
"7718,2858",2024-05-29,18.45961128160163
"7723,2858",2024-05-29,18.590431097471864
"7728,2858",2024-05-29,17.63933654829753
"7733,2858",2024-05-29,21.239687180236807
"7688,2863",2024-05-29,25.504492422076073
"7693,2863",2024-05-29,25.38037741243746
"7698,2863",2024-05-29,22.435504075504088
"7703,2863",2024-05-29,19.21262330235882
"7708,2863",2024-05-29,19.530634829854176
"7713,2863",2024-05-29,21.286757259333427
"7718,2863",2024-05-29,22.30683924485127
"7723,2863",2024-05-29,18.710011441647598
"7728,2863",2024-05-29,19.652774599542333
"7733,2863",2024-05-29,21.03720045753504
"7693,2868",2024-05-29,24.29673493270919
"7698,2868",2024-05-29,25.15555523043161
"7703,2868",2024-05-29,24.67210179903466
"7708,2868",2024-05-29,21.563469865418362
"7713,2868",2024-05-29,20.193878566203352
"7718,2868",2024-05-29,21.479862452443662
"7723,2868",2024-05-29,19.59156693489394
"7728,2868",2024-05-29,21.13670860152135
"7733,2868",2024-05-29,20.68269202633504
"7693,2873",2024-05-29,27.69805925289825
"7698,2873",2024-05-29,28.486293486041514
"7703,2873",2024-05-29,25.88805207328833
"7708,2873",2024-05-29,22.38002289639382
"7713,2873",2024-05-29,20.98875090882653
"7718,2873",2024-05-29,21.973420365535254
"7723,2873",2024-05-29,23.99004634994207
"7728,2873",2024-05-29,23.698387665198236
"7733,2873",2024-05-29,22.304403399803853
"7693,2878",2024-05-29,29.38101903367495
"7698,2878",2024-05-29,29.822661609498684
"7703,2878",2024-05-29,28.551938506588574
"7708,2878",2024-05-29,23.979625073227876
"7713,2878",2024-05-29,26.121962219944347
"7718,2878",2024-05-29,23.958263543191794
"7723,2878",2024-05-29,25.680524814603537
"7728,2878",2024-05-29,25.137769964841798
"7693,2883",2024-05-29,28.175838827838824
"7698,2883",2024-05-29,27.924605918546742
"7703,2883",2024-05-29,27.972399237871926
"7708,2883",2024-05-29,27.444297641716716
"7713,2883",2024-05-29,29.983450000000005
"7718,2883",2024-05-29,27.416209055876692
"7723,2883",2024-05-29,28.53722553191489
"7703,2888",2024-05-29,29.755310977357396
"7708,2888",2024-05-29,29.678856077981642
"7713,2888",2024-05-29,27.935861968549787
"7718,2888",2024-05-29,27.99623648648647
"7723,2888",2024-05-29,24.25999999999999
"7713,2843",2024-05-30,12.896760382474664
"7718,2843",2024-05-30,12.350647831050232
"7723,2843",2024-05-30,11.067406878835447
"7708,2848",2024-05-30,10.568562664329537
"7713,2848",2024-05-30,10.991192874872244
"7718,2848",2024-05-30,11.666607299270067
"7723,2848",2024-05-30,12.682540516863776
"7728,2848",2024-05-30,13.043496421790563
"7733,2848",2024-05-30,13.364130879345598
"7688,2853",2024-05-30,26.909079999999992
"7693,2853",2024-05-30,23.96851021282674
"7698,2853",2024-05-30,19.290127124696482
"7703,2853",2024-05-30,14.746932305055688
"7708,2853",2024-05-30,14.479342669334095
"7713,2853",2024-05-30,12.539428408116606
"7718,2853",2024-05-30,10.939494213459065
"7723,2853",2024-05-30,11.25672285714286
"7728,2853",2024-05-30,12.219848549792824
"7733,2853",2024-05-30,13.30415202171739
"7683,2858",2024-05-30,23.957252265419466
"7688,2858",2024-05-30,26.30785964912279
"7693,2858",2024-05-30,24.22434020166593
"7698,2858",2024-05-30,19.610078924291138
"7703,2858",2024-05-30,14.286814793158888
"7708,2858",2024-05-30,13.549080812509136
"7713,2858",2024-05-30,13.417381648158965
"7718,2858",2024-05-30,11.29157094841443
"7723,2858",2024-05-30,11.023118515271083
"7728,2858",2024-05-30,11.741677626771885
"7733,2858",2024-05-30,13.062894313696818
"7688,2863",2024-05-30,24.808581641406928
"7693,2863",2024-05-30,22.92289063616871
"7698,2863",2024-05-30,16.8820163020163
"7703,2863",2024-05-30,12.69392137240887
"7708,2863",2024-05-30,11.463394338004012
"7713,2863",2024-05-30,13.009249034472894
"7718,2863",2024-05-30,14.01999141876431
"7723,2863",2024-05-30,13.246779176201372
"7728,2863",2024-05-30,14.393378146453093
"7733,2863",2024-05-30,13.861887331998858
"7693,2868",2024-05-30,19.683133411351655
"7698,2868",2024-05-30,18.531341623994148
"7703,2868",2024-05-30,15.882000877577893
"7708,2868",2024-05-30,12.072483908718558
"7713,2868",2024-05-30,12.816790051207027
"7718,2868",2024-05-30,13.618361135498976
"7723,2868",2024-05-30,14.147511338697877
"7728,2868",2024-05-30,14.892004095962543
"7733,2868",2024-05-30,14.855681053401613
"7693,2873",2024-05-30,22.122350078717616
"7698,2873",2024-05-30,21.701483178239084
"7703,2873",2024-05-30,18.23871189351653
"7708,2873",2024-05-30,14.035887235260452
"7713,2873",2024-05-30,13.83147109330281
"7718,2873",2024-05-30,14.418560389238701
"7723,2873",2024-05-30,15.657595534564194
"7728,2873",2024-05-30,16.054613623354324
"7733,2873",2024-05-30,17.024962793360057
"7693,2878",2024-05-30,24.352544655929727
"7698,2878",2024-05-30,23.817036169278076
"7703,2878",2024-05-30,21.086881405563688
"7708,2878",2024-05-30,17.80018160515524
"7713,2878",2024-05-30,19.543160052716342
"7718,2878",2024-05-30,18.714617862371885
"7723,2878",2024-05-30,21.06560761346998
"7728,2878",2024-05-30,19.658017279250245
"7693,2883",2024-05-30,23.20372504191435
"7698,2883",2024-05-30,22.16854959588538
"7703,2883",2024-05-30,21.71630367873371
"7708,2883",2024-05-30,19.265938186611983
"7713,2883",2024-05-30,20.250372215709252
"7718,2883",2024-05-30,20.763413919413917
"7723,2883",2024-05-30,22.519126483951336
"7703,2888",2024-05-30,24.372893120393112
"7708,2888",2024-05-30,23.322135894495414
"7713,2888",2024-05-30,21.543059936908524
"7718,2888",2024-05-30,23.493664756446975
"7723,2888",2024-05-30,22.930130391173517
"7713,2843",2024-05-31,20.90138432995576
"7718,2843",2024-05-31,22.636144406392695
"7723,2843",2024-05-31,21.846773226773223
"7708,2848",2024-05-31,22.586331942789037
"7713,2848",2024-05-31,24.22576771365961
"7718,2848",2024-05-31,25.431683588422494
"7723,2848",2024-05-31,25.405784786100153
"7728,2848",2024-05-31,25.447030816415957
"7733,2848",2024-05-31,25.890689453695593
"7688,2853",2024-05-31,34.024195154331224
"7693,2853",2024-05-31,33.233243606998656
"7698,2853",2024-05-31,26.824901243599125
"7703,2853",2024-05-31,29.3587610619469
"7708,2853",2024-05-31,27.08501891551073
"7713,2853",2024-05-31,26.739766024859872
"7718,2853",2024-05-31,24.824065244667512
"7723,2853",2024-05-31,25.385322072716868
"7728,2853",2024-05-31,25.31252253541278
"7733,2853",2024-05-31,27.14561917443409
"7683,2858",2024-05-31,32.13402377414562
"7688,2858",2024-05-31,34.94861821903787
"7693,2858",2024-05-31,37.072117722328855
"7708,2858",2024-05-31,29.38333333333329
"7713,2858",2024-05-31,28.77051088777218
"7723,2858",2024-05-31,26.51719754977031
"7728,2858",2024-05-31,22.712299005108907
"7733,2858",2024-05-31,27.46336174430128
"7688,2863",2024-05-31,35.973086124401924
"7693,2863",2024-05-31,37.29124999999999
"7708,2863",2024-05-31,25.353781223083548
"7713,2863",2024-05-31,25.774430740037957
"7718,2863",2024-05-31,26.11142293464857
"7723,2863",2024-05-31,25.380440791931257
"7728,2863",2024-05-31,23.701272443403596
"7733,2863",2024-05-31,27.941276595744664
"7693,2868",2024-05-31,34.05428571428571
"7708,2868",2024-05-31,26.846637168141594
"7713,2868",2024-05-31,27.461309398099253
"7718,2868",2024-05-31,23.500740740740753
"7723,2868",2024-05-31,23.62065508836076
"7728,2868",2024-05-31,26.303475699558167
"7733,2868",2024-05-31,27.00599064730496
"7723,2873",2024-05-31,26.234719679633873
"7728,2873",2024-05-31,28.35085794655417
"7733,2873",2024-05-31,29.659661654135313
"7708,2878",2024-05-31,31.25999999999999
"7713,2878",2024-05-31,31.92385185185185
"7718,2878",2024-05-31,31.449143780290804
"7723,2878",2024-05-31,31.958106235565825
"7728,2878",2024-05-31,32.721411171776545
"7693,2883",2024-05-31,35.843342391304326
"7698,2883",2024-05-31,34.5214990138067
"7708,2883",2024-05-31,33.495894039735084
"7713,2883",2024-05-31,33.38634404229363
"7718,2883",2024-05-31,29.194002291700777
"7723,2883",2024-05-31,29.735132689987957
"7703,2888",2024-05-31,32.34156772862709
"7708,2888",2024-05-31,32.43143213839843
"7713,2888",2024-05-31,31.966262495969058
"7718,2888",2024-05-31,31.195178916827842
"7723,2888",2024-05-31,30.170115081768618
"7713,2843",2024-06-02,21.844746086292474
"7718,2843",2024-06-02,19.92640125570776
"7723,2843",2024-06-02,18.462474668188953
"7713,2848",2024-06-02,20.986032099866247
"7718,2848",2024-06-02,19.885710948905103
"7723,2848",2024-06-02,19.831560811797342
"7728,2848",2024-06-02,19.266326858478163
"7733,2848",2024-06-02,18.975419222903877
"7713,2853",2024-06-02,19.81293968253968
"7718,2853",2024-06-02,17.41274467781112
"7723,2853",2024-06-02,17.10051428571429
"7728,2853",2024-06-02,18.58658379768537
"7733,2853",2024-06-02,18.126960994427776
"7713,2858",2024-06-02,18.12748560460654
"7718,2858",2024-06-02,16.291264065468365
"7723,2858",2024-06-02,16.165982756101126
"7728,2858",2024-06-02,14.806131813532073
"7733,2858",2024-06-02,17.082262827072064
"7713,2863",2024-06-02,18.144375523889366
"7718,2863",2024-06-02,16.804373569794055
"7723,2863",2024-06-02,15.823381006864995
"7728,2863",2024-06-02,16.291324370709383
"7733,2863",2024-06-02,17.700446096654275
"7713,2868",2024-06-02,16.373436692506456
"7718,2868",2024-06-02,16.351810332211322
"7723,2868",2024-06-02,15.591470373079726
"7728,2868",2024-06-02,17.3531041544763
"7733,2868",2024-06-02,18.166118507681052
"7713,2873",2024-06-02,17.531428571428577
"7718,2873",2024-06-02,16.499123001424728
"7723,2873",2024-06-02,15.361511378273942
"7728,2873",2024-06-02,18.01373211219232
"7733,2873",2024-06-02,18.989450486548375
"7718,2878",2024-06-02,18.14429993364299
"7723,2878",2024-06-02,17.811250366032212
"7728,2878",2024-06-02,20.345125201347194
"7718,2883",2024-06-02,18.612562515474128
"7723,2883",2024-06-02,19.863101275098927
"7718,2888",2024-06-02,21.182640530412225
"7723,2888",2024-06-02,20.279395328843673
"7713,2868",2024-06-03,13.43094425483507
"7718,2868",2024-06-03,15.718769751693006
"7723,2868",2024-06-03,16.263694627709704
"7728,2868",2024-06-03,15.341006676938884
"7713,2873",2024-06-03,12.365275229357826
"7718,2873",2024-06-03,16.05749279538906
"7723,2873",2024-06-03,15.84058394160585
"7703,2883",2024-06-03,21.109999999999985
"7713,2843",2024-06-04,15.457199349945835
"7718,2843",2024-06-04,15.797760416666648
"7723,2843",2024-06-04,16.201216730038013
"7708,2848",2024-06-04,13.2637787389028
"7713,2848",2024-06-04,14.689065646395491
"7718,2848",2024-06-04,15.366168412570518
"7723,2848",2024-06-04,16.625156611633994
"7728,2848",2024-06-04,16.913305439330546
"7733,2848",2024-06-04,18.337260726072603
"7693,2853",2024-06-04,14.968982300884953
"7698,2853",2024-06-04,15.25903536977492
"7703,2853",2024-06-04,14.940091954022963
"7708,2853",2024-06-04,17.16488334237655
"7713,2853",2024-06-04,16.799000000000014
"7718,2853",2024-06-04,14.278005025125625
"7723,2853",2024-06-04,15.173102178582385
"7728,2853",2024-06-04,16.437666555071978
"7733,2853",2024-06-04,17.96552791437663
"7703,2858",2024-06-04,14.203639064240624
"7708,2858",2024-06-04,14.809781021897825
"7713,2858",2024-06-04,15.808282352941168
"7718,2858",2024-06-04,14.475790067720096
"7723,2858",2024-06-04,15.860778834720577
"7728,2858",2024-06-04,15.748508550185873
"7733,2858",2024-06-04,17.50713635536136
"7698,2863",2024-06-04,13.982155688622745
"7703,2863",2024-06-04,13.294149362477231
"7708,2863",2024-06-04,12.904142319930568
"7713,2863",2024-06-04,14.002730942768945
"7718,2863",2024-06-04,15.019403145103652
"7723,2863",2024-06-04,15.35039928751671
"7728,2863",2024-06-04,17.471420323325646
"7733,2863",2024-06-04,18.690414641120967
"7698,2868",2024-06-04,16.900000000000006
"7703,2868",2024-06-04,15.623139013452917
"7708,2868",2024-06-04,12.745305003427005
"7713,2868",2024-06-04,13.543216931216932
"7718,2868",2024-06-04,14.028835182250393
"7723,2868",2024-06-04,15.227592111297966
"7728,2868",2024-06-04,17.583070904645474
"7733,2868",2024-06-04,19.247558979297057
"7703,2873",2024-06-04,14.565031185031204
"7708,2873",2024-06-04,13.22732593340061
"7713,2873",2024-06-04,13.34346677030704
"7718,2873",2024-06-04,14.99395502645502
"7723,2873",2024-06-04,16.32611030898066
"7728,2873",2024-06-04,18.268832358982458
"7733,2873",2024-06-04,18.76910297666935
"7713,2878",2024-06-04,16.601160799238823
"7718,2878",2024-06-04,16.920351114112094
"7723,2878",2024-06-04,18.68846501128667
"7728,2878",2024-06-04,19.6281247113164
"7703,2883",2024-06-04,16.859999999999985
"7708,2883",2024-06-04,17.78000000000003
"7713,2883",2024-06-04,18.565782312925172
"7718,2883",2024-06-04,16.231688741721843
"7723,2883",2024-06-04,19.824261232051885
"7713,2888",2024-06-04,17.0
"7718,2888",2024-06-04,17.074016528925604
"7723,2888",2024-06-04,18.30911163691117
"7713,2843",2024-06-05,18.357491451663044
"7718,2843",2024-06-05,20.353401826484014
"7723,2843",2024-06-05,20.441821036106756
"7708,2848",2024-06-05,17.990651475314053
"7713,2848",2024-06-05,19.7357848791894
"7718,2848",2024-06-05,18.1010876256926
"7723,2848",2024-06-05,15.363120749862153
"7728,2848",2024-06-05,17.58573389805754
"7733,2848",2024-06-05,19.509628980426534
"7688,2853",2024-06-05,24.220928571428573
"7693,2853",2024-06-05,23.05255813953487
"7698,2853",2024-06-05,19.752525150905424
"7703,2853",2024-06-05,18.30287128712871
"7708,2853",2024-06-05,17.39214976995081
"7713,2853",2024-06-05,17.856919459141675
"7718,2853",2024-06-05,15.662598963730563
"7723,2853",2024-06-05,16.135283998220384
"7728,2853",2024-06-05,18.54081556732007
"7733,2853",2024-06-05,18.966726173337168
"7683,2858",2024-06-05,24.052063724057298
"7688,2858",2024-06-05,24.591953216374264
"7693,2858",2024-06-05,23.795446428571427
"7698,2858",2024-06-05,21.476180018001806
"7703,2858",2024-06-05,18.83682714351216
"7708,2858",2024-06-05,18.319789565979843
"7713,2858",2024-06-05,18.595046756282873
"7718,2858",2024-06-05,17.25631448195237
"7723,2858",2024-06-05,16.976673973403493
"7728,2858",2024-06-05,15.188713754646834
"7733,2858",2024-06-05,16.583954123429827
"7688,2863",2024-06-05,24.283062625107235
"7693,2863",2024-06-05,23.65128520371695
"7698,2863",2024-06-05,21.7753381953382
"7703,2863",2024-06-05,19.52521229449607
"7708,2863",2024-06-05,18.031058049756933
"7713,2863",2024-06-05,18.815782802822994
"7718,2863",2024-06-05,18.451920674578403
"7723,2863",2024-06-05,15.195478377772794
"7728,2863",2024-06-05,15.766334424278488
"7733,2863",2024-06-05,16.93616881258942
"7693,2868",2024-06-05,22.587598010532457
"7698,2868",2024-06-05,21.709808339429408
"7703,2868",2024-06-05,20.67190580664034
"7708,2868",2024-06-05,18.51357530120482
"7713,2868",2024-06-05,16.43905481309317
"7718,2868",2024-06-05,16.43910591726952
"7723,2868",2024-06-05,17.419932699341622
"7728,2868",2024-06-05,18.129502633118783
"7733,2868",2024-06-05,18.631104608632036
"7693,2873",2024-06-05,23.56723057106055
"7698,2873",2024-06-05,23.570027201145297
"7703,2873",2024-06-05,21.476737383477975
"7708,2873",2024-06-05,19.462257963772643
"7713,2873",2024-06-05,17.461906735751306
"7718,2873",2024-06-05,18.065506582713223
"7723,2873",2024-06-05,17.920241576605218
"7728,2873",2024-06-05,20.022446559525665
"7733,2873",2024-06-05,20.912890057213545
"7693,2878",2024-06-05,24.07000824402307
"7698,2878",2024-06-05,24.25007142857142
"7703,2878",2024-06-05,23.592759080306553
"7708,2878",2024-06-05,21.759199646903046
"7713,2878",2024-06-05,21.20081904095204
"7718,2878",2024-06-05,20.788199121522684
"7723,2878",2024-06-05,19.63552771580573
"7728,2878",2024-06-05,19.95926530612245
"7693,2883",2024-06-05,24.146712740384604
"7698,2883",2024-06-05,24.240084439083226
"7703,2883",2024-06-05,22.412681750741832
"7708,2883",2024-06-05,22.711328769527835
"7713,2883",2024-06-05,23.311636669470133
"7718,2883",2024-06-05,20.739501698754232
"7723,2883",2024-06-05,19.789742635658914
"7703,2888",2024-06-05,23.76967210240224
"7708,2888",2024-06-05,23.263898229430136
"7713,2888",2024-06-05,21.18963891487372
"7718,2888",2024-06-05,21.18634584536413
"7723,2888",2024-06-05,19.172532239155935
"7688,2853",2024-06-06,18.61358262967429
"7683,2858",2024-06-06,17.258243243243243
"7688,2858",2024-06-06,18.060000000000002
"7713,2843",2024-06-07,20.576888825460248
"7718,2843",2024-06-07,20.345196917808213
"7723,2843",2024-06-07,19.713026973026974
"7708,2848",2024-06-07,19.1911890154835
"7713,2848",2024-06-07,19.76577894583151
"7718,2848",2024-06-07,18.831016058394155
"7723,2848",2024-06-07,19.374148050810337
"7728,2848",2024-06-07,19.130211771578786
"7733,2848",2024-06-07,18.407919953257384
"7688,2853",2024-06-07,31.17764603817235
"7693,2853",2024-06-07,27.708897900072422
"7698,2853",2024-06-07,25.79275817740322
"7703,2853",2024-06-07,22.87136818051985
"7708,2853",2024-06-07,22.27830523006572
"7713,2853",2024-06-07,20.018802515004285
"7718,2853",2024-06-07,16.43082726103729
"7723,2853",2024-06-07,15.982148571428581
"7728,2853",2024-06-07,17.213339048435486
"7733,2853",2024-06-07,16.335979425632235
"7683,2858",2024-06-07,30.481288837744536
"7688,2858",2024-06-07,36.44242437063678
"7693,2858",2024-06-07,34.8957339724386
"7698,2858",2024-06-07,31.38661380323055
"7703,2858",2024-06-07,22.93906446425961
"7708,2858",2024-06-07,21.048396901943594
"7713,2858",2024-06-07,19.927597895967274
"7718,2858",2024-06-07,16.296340786204876
"7723,2858",2024-06-07,15.799660967411944
"7728,2858",2024-06-07,14.213710360952799
"7733,2858",2024-06-07,16.06065779856746
"7688,2863",2024-06-07,27.89393766085217
"7693,2863",2024-06-07,26.577495958853795
"7698,2863",2024-06-07,24.188743028743055
"7703,2863",2024-06-07,19.40337097927091
"7708,2863",2024-06-07,18.1958764655419
"7713,2863",2024-06-07,17.964834787584046
"7718,2863",2024-06-07,17.213512585812357
"7723,2863",2024-06-07,15.810780892448514
"7728,2863",2024-06-07,15.91825514874142
"7733,2863",2024-06-07,16.908038318558773
"7693,2868",2024-06-07,24.174177881802205
"7698,2868",2024-06-07,23.465986832479885
"7703,2868",2024-06-07,21.58119058066404
"7708,2868",2024-06-07,19.46564950263311
"7713,2868",2024-06-07,17.48424286759327
"7718,2868",2024-06-07,17.00422592917763
"7723,2868",2024-06-07,16.526689100219457
"7728,2868",2024-06-07,17.741108835576362
"7733,2868",2024-06-07,17.057638624725676
"7693,2873",2024-06-07,25.77163303277516
"7698,2873",2024-06-07,25.407693629205454
"7703,2873",2024-06-07,22.346431945040788
"7708,2873",2024-06-07,19.988139668002294
"7713,2873",2024-06-07,17.570423583285635
"7718,2873",2024-06-07,17.091920435031483
"7723,2873",2024-06-07,15.323354801774723
"7728,2873",2024-06-07,17.692584430452197
"7733,2873",2024-06-07,16.681954779622213
"7693,2878",2024-06-07,28.183610806863825
"7698,2878",2024-06-07,26.36301068970568
"7703,2878",2024-06-07,23.64814055636895
"7708,2878",2024-06-07,20.968497363796136
"7713,2878",2024-06-07,20.921189046712552
"7718,2878",2024-06-07,18.551859443631038
"7723,2878",2024-06-07,16.990486090775978
"7728,2878",2024-06-07,19.574362278518084
"7693,2883",2024-06-07,24.534675995335657
"7698,2883",2024-06-07,24.67497802519778
"7703,2883",2024-06-07,24.257091715507688
"7708,2883",2024-06-07,22.52041013622382
"7713,2883",2024-06-07,21.42017291910903
"7718,2883",2024-06-07,20.137757719714973
"7723,2883",2024-06-07,20.29091564291566
"7703,2888",2024-06-07,24.02844941243908
"7708,2888",2024-06-07,24.308658256880726
"7713,2888",2024-06-07,21.226570117579584
"7718,2888",2024-06-07,18.77938395415472
"7723,2888",2024-06-07,18.738947214076248
"7713,2843",2024-06-08,10.745697159982875
"7718,2843",2024-06-08,11.87045662100456
"7723,2843",2024-06-08,10.828768374482658
"7708,2848",2024-06-08,8.194484370435285
"7713,2848",2024-06-08,10.749919696306034
"7718,2848",2024-06-08,11.506318248175182
"7723,2848",2024-06-08,11.676615564315961
"7728,2848",2024-06-08,11.203002774937932
"7733,2848",2024-06-08,11.036523517382411
"7688,2853",2024-06-08,16.435998980632007
"7693,2853",2024-06-08,15.23272790294627
"7698,2853",2024-06-08,11.756069730586358
"7703,2853",2024-06-08,9.4434043804204
"7708,2853",2024-06-08,9.787530723063728
"7713,2853",2024-06-08,10.918299514146893
"7718,2853",2024-06-08,9.917185312187451
"7723,2853",2024-06-08,9.377939999999997
"7728,2853",2024-06-08,9.718111158736956
"7733,2853",2024-06-08,10.987701100157174
"7683,2858",2024-06-08,16.471619277108417
"7688,2858",2024-06-08,19.718207350901515
"7693,2858",2024-06-08,18.280595744680863
"7698,2858",2024-06-08,15.950995807127882
"7703,2858",2024-06-08,11.340041691483025
"7708,2858",2024-06-08,9.692430220663454
"7713,2858",2024-06-08,9.177904734073632
"7718,2858",2024-06-08,8.494496565833703
"7723,2858",2024-06-08,8.704424959812945
"7728,2858",2024-06-08,8.505310536314484
"7733,2858",2024-06-08,9.922353457096914
"7688,2863",2024-06-08,19.32001715756363
"7693,2863",2024-06-08,19.937324861000796
"7698,2863",2024-06-08,15.36963775436571
"7703,2863",2024-06-08,11.088385989992853
"7708,2863",2024-06-08,9.13622819559623
"7713,2863",2024-06-08,9.126897439565163
"7718,2863",2024-06-08,9.446453089244859
"7723,2863",2024-06-08,8.304210526315792
"7728,2863",2024-06-08,9.908781464530902
"7733,2863",2024-06-08,9.216602802402065
"7693,2868",2024-06-08,16.44524584878285
"7698,2868",2024-06-08,16.70904971871674
"7703,2868",2024-06-08,14.534102992556587
"7708,2868",2024-06-08,10.452728602779814
"7713,2868",2024-06-08,9.180307242136067
"7718,2868",2024-06-08,9.021135498975704
"7723,2868",2024-06-08,9.271107534747628
"7728,2868",2024-06-08,9.946433586892915
"7733,2868",2024-06-08,8.516225310899774
"7693,2873",2024-06-08,17.403246469067057
"7698,2873",2024-06-08,17.643122982095704
"7703,2873",2024-06-08,17.722144783239997
"7708,2873",2024-06-08,12.946700057240989
"7713,2873",2024-06-08,10.405134516313687
"7718,2873",2024-06-08,9.347263880938753
"7723,2873",2024-06-08,8.435339916988694
"7728,2873",2024-06-08,9.331053234115632
"7733,2873",2024-06-08,8.786179164281625
"7693,2878",2024-06-08,19.214701153442853
"7698,2878",2024-06-08,19.51230893869836
"7703,2878",2024-06-08,17.56286264216972
"7708,2878",2024-06-08,14.395257762155834
"7713,2878",2024-06-08,13.84237062826397
"7718,2878",2024-06-08,10.759897559505873
"7723,2878",2024-06-08,11.123515962036242
"7728,2878",2024-06-08,11.347807522873595
"7693,2883",2024-06-08,16.972278778386848
"7698,2883",2024-06-08,18.028871955774687
"7703,2883",2024-06-08,17.658790923263467
"7708,2883",2024-06-08,14.07780342777195
"7713,2883",2024-06-08,13.486192723397775
"7718,2883",2024-06-08,11.718361862102068
"7723,2883",2024-06-08,12.457518248175187
"7703,2888",2024-06-08,16.578201013513517
"7708,2888",2024-06-08,15.12258474576272
"7713,2888",2024-06-08,13.387704550091804
"7718,2888",2024-06-08,11.697288476023102
"7723,2888",2024-06-08,12.023844334551706
"7713,2843",2024-06-09,20.113049807335518
"7718,2843",2024-06-09,20.983170662100452
"7723,2843",2024-06-09,20.253272441843873
"7708,2848",2024-06-09,18.539488752556238
"7713,2848",2024-06-09,19.429843772813552
"7718,2848",2024-06-09,18.80824817518248
"7723,2848",2024-06-09,18.883063220908156
"7728,2848",2024-06-09,18.299926975317657
"7733,2848",2024-06-09,17.931802512416006
"7688,2853",2024-06-09,27.092579999999987
"7693,2853",2024-06-09,25.497086130552766
"7698,2853",2024-06-09,24.497123268104556
"7703,2853",2024-06-09,22.05356183947443
"7708,2853",2024-06-09,21.85695055730209
"7713,2853",2024-06-09,19.58026864818519
"7718,2853",2024-06-09,15.591544506358053
"7723,2853",2024-06-09,15.920428571428571
"7728,2853",2024-06-09,17.308844120588653
"7733,2853",2024-06-09,18.44289469924275
"7683,2858",2024-06-09,26.196191172171883
"7688,2858",2024-06-09,28.486093567251448
"7693,2858",2024-06-09,27.73032880315649
"7698,2858",2024-06-09,25.304788073662664
"7703,2858",2024-06-09,20.582780295278457
"7708,2858",2024-06-09,19.010308344293446
"7713,2858",2024-06-09,18.62376972530684
"7718,2858",2024-06-09,15.891857372497443
"7723,2858",2024-06-09,15.782797018851381
"7728,2858",2024-06-09,14.991261142773636
"7733,2858",2024-06-09,17.47822832919164
"7688,2863",2024-06-09,28.40908778953389
"7693,2863",2024-06-09,27.117298070050033
"7698,2863",2024-06-09,22.884370084370087
"7703,2863",2024-06-09,18.61325518227305
"7708,2863",2024-06-09,16.99515584786962
"7713,2863",2024-06-09,17.195780288942927
"7718,2863",2024-06-09,17.084688215102986
"7723,2863",2024-06-09,15.664937070938217
"7728,2863",2024-06-09,16.649568077803202
"7733,2863",2024-06-09,17.428501572776682
"7693,2868",2024-06-09,22.42050906963135
"7698,2868",2024-06-09,22.306513533284573
"7703,2868",2024-06-09,21.440248647067428
"7708,2868",2024-06-09,18.695506143943827
"7713,2868",2024-06-09,16.747382589612297
"7718,2868",2024-06-09,16.230163886450097
"7723,2868",2024-06-09,16.346171177761512
"7728,2868",2024-06-09,18.03791691047396
"7733,2868",2024-06-09,17.59122750548646
"7693,2873",2024-06-09,25.676167167596958
"7698,2873",2024-06-09,25.9509949892627
"7703,2873",2024-06-09,23.051833404894808
"7708,2873",2024-06-09,19.93428448769319
"7713,2873",2024-06-09,17.345497996565545
"7718,2873",2024-06-09,16.894562106468232
"7723,2873",2024-06-09,16.553075712036637
"7728,2873",2024-06-09,19.02374356038924
"7733,2873",2024-06-09,18.62635088723527
"7693,2878",2024-06-09,27.141241581259152
"7698,2878",2024-06-09,26.517952848147612
"7703,2878",2024-06-09,24.620723279648598
"7708,2878",2024-06-09,21.578966022261273
"7713,2878",2024-06-09,21.923441206618826
"7718,2878",2024-06-09,19.92468814055636
"7723,2878",2024-06-09,19.759648609077587
"7728,2878",2024-06-09,22.180043930297256
"7693,2883",2024-06-09,25.50446593406593
"7698,2883",2024-06-09,24.983835335481967
"7703,2883",2024-06-09,23.484977282720216
"7708,2883",2024-06-09,22.794196572432995
"7713,2883",2024-06-09,22.270002930832366
"7718,2883",2024-06-09,19.694616849816853
"7723,2883",2024-06-09,21.47263080756266
"7703,2888",2024-06-09,24.28185153339065
"7708,2888",2024-06-09,23.31815366972477
"7713,2888",2024-06-09,22.009033553197593
"7718,2888",2024-06-09,19.894813753581662
"7723,2888",2024-06-09,20.717753259779343
"7713,2843",2024-06-10,19.958542302135175
"7718,2843",2024-06-10,19.22792163543441
"7723,2843",2024-06-10,18.378330804248844
"7708,2848",2024-06-10,15.357473396169045
"7713,2848",2024-06-10,19.047335160406266
"7718,2848",2024-06-10,20.06049027895183
"7723,2848",2024-06-10,15.628435374149646
"7728,2848",2024-06-10,16.467881773398997
"7733,2848",2024-06-10,12.775800591465982
"7688,2853",2024-06-10,25.37039858281664
"7693,2853",2024-06-10,22.914205607476646
"7703,2853",2024-06-10,16.4226433725788
"7708,2853",2024-06-10,18.74468139121605
"7713,2853",2024-06-10,19.795069683800396
"7718,2853",2024-06-10,17.765849238480826
"7723,2853",2024-06-10,12.585538461538492
"7728,2853",2024-06-10,18.63251552795032
"7733,2853",2024-06-10,18.62697329888027
"7688,2858",2024-06-10,26.95999999999998
"7708,2858",2024-06-10,17.610048685491723
"7713,2858",2024-06-10,16.98245689655172
"7718,2858",2024-06-10,14.896457169459964
"7723,2858",2024-06-10,14.266808009422874
"7728,2858",2024-06-10,17.138864942528727
"7733,2858",2024-06-10,15.745475746268655
"7703,2863",2024-06-10,13.618228346456686
"7708,2863",2024-06-10,15.551165048543693
"7713,2863",2024-06-10,19.48175925925926
"7718,2863",2024-06-10,19.189813913541364
"7723,2863",2024-06-10,16.26669144981411
"7733,2863",2024-06-10,18.585203252032557
"7713,2868",2024-06-10,18.33166197183098
"7718,2868",2024-06-10,14.670220125786159
"7723,2868",2024-06-10,14.9333451171012
"7693,2873",2024-06-10,26.912696747114378
"7698,2873",2024-06-10,26.5
"7713,2873",2024-06-10,19.0
"7718,2873",2024-06-10,18.7576109405526
"7723,2873",2024-06-10,18.583591608391608
"7728,2873",2024-06-10,15.90407778432528
"7693,2878",2024-06-10,26.410261716372492
"7698,2878",2024-06-10,24.5
"7708,2878",2024-06-10,23.0743220338983
"7713,2878",2024-06-10,20.599688473520253
"7718,2878",2024-06-10,17.06000000000004
"7723,2878",2024-06-10,18.5898780487805
"7728,2878",2024-06-10,19.883478668541965
"7693,2883",2024-06-10,23.84270762229807
"7698,2883",2024-06-10,22.77513634665671
"7703,2883",2024-06-10,24.979242819843346
"7708,2883",2024-06-10,23.405666666666665
"7713,2883",2024-06-10,21.99209085933225
"7718,2883",2024-06-10,17.999655064283466
"7723,2883",2024-06-10,15.512448529411763
"7703,2888",2024-06-10,24.112895109851166
"7708,2888",2024-06-10,24.481061093247604
"7713,2888",2024-06-10,24.05492682926829
"7718,2888",2024-06-10,16.99491390728476
"7723,2888",2024-06-10,19.612034013605435
"7713,2843",2024-06-11,10.733623519337803
"7718,2843",2024-06-11,11.95364202727732
"7723,2843",2024-06-11,11.736993854841383
"7708,2848",2024-06-11,10.14267922035019
"7713,2848",2024-06-11,10.311245437290111
"7718,2848",2024-06-11,11.715255474452567
"7723,2848",2024-06-11,12.188447948605639
"7728,2848",2024-06-11,10.900419393218321
"7733,2848",2024-06-11,10.752469711090395
"7698,2853",2024-06-11,15.022609025407665
"7703,2853",2024-06-11,13.070203084440376
"7708,2853",2024-06-11,12.25422977993713
"7713,2853",2024-06-11,9.589548442412113
"7718,2853",2024-06-11,8.695750821545937
"7723,2853",2024-06-11,7.852008571428576
"7728,2853",2024-06-11,8.88872410344335
"7733,2853",2024-06-11,11.045129898091
"7698,2858",2024-06-11,9.547225806451594
"7703,2858",2024-06-11,8.436106128550062
"7708,2858",2024-06-11,10.168185907046466
"7713,2858",2024-06-11,9.715330216247802
"7718,2858",2024-06-11,8.494923279263478
"7723,2858",2024-06-11,8.024115154172144
"7728,2858",2024-06-11,7.63760631302061
"7733,2858",2024-06-11,8.545717428885741
"7688,2863",2024-06-11,15.132407643312082
"7693,2863",2024-06-11,13.734125171311092
"7698,2863",2024-06-11,11.170641711229933
"7703,2863",2024-06-11,8.272194424588996
"7708,2863",2024-06-11,5.929025432349947
"7713,2863",2024-06-11,7.971278008298758
"7718,2863",2024-06-11,8.75244964454976
"7723,2863",2024-06-11,6.567185354691078
"7728,2863",2024-06-11,7.017128325508615
"7733,2863",2024-06-11,7.709782004389171
"7693,2868",2024-06-11,14.001148248840552
"7698,2868",2024-06-11,14.184422481191913
"7703,2868",2024-06-11,11.484693548387103
"7708,2868",2024-06-11,9.088107080163836
"7713,2868",2024-06-11,6.7308880192655
"7718,2868",2024-06-11,5.342265544232765
"7723,2868",2024-06-11,6.947528597230582
"7728,2868",2024-06-11,8.471556465769462
"7733,2868",2024-06-11,7.600143379663497
"7693,2873",2024-06-11,14.645268407157525
"7698,2873",2024-06-11,16.65863177697965
"7703,2873",2024-06-11,13.599926144756287
"7708,2873",2024-06-11,8.95637133550489
"7713,2873",2024-06-11,7.48818732193732
"7718,2873",2024-06-11,8.808054834054843
"7723,2873",2024-06-11,9.69358809217118
"7728,2873",2024-06-11,9.255269032627364
"7733,2873",2024-06-11,9.135154550658266
"7693,2878",2024-06-11,19.49391409349662
"7698,2878",2024-06-11,17.42837132474397
"7703,2878",2024-06-11,15.10258375770571
"7708,2878",2024-06-11,12.698148925860135
"7713,2878",2024-06-11,12.819408628211347
"7718,2878",2024-06-11,10.497413556740295
"7723,2878",2024-06-11,13.357485748574852
"7728,2878",2024-06-11,12.758469528028087
"7693,2883",2024-06-11,18.12804750593825
"7698,2883",2024-06-11,17.101078230295922
"7703,2883",2024-06-11,16.451428990180272
"7708,2883",2024-06-11,14.505894243445153
"7713,2883",2024-06-11,14.491524327502574
"7718,2883",2024-06-11,12.989417461482027
"7723,2883",2024-06-11,14.377753667481668
"7703,2888",2024-06-11,18.609418171395813
"7708,2888",2024-06-11,17.529773509174305
"7713,2888",2024-06-11,14.36113851448236
"7718,2888",2024-06-11,14.802899713467045
"7723,2888",2024-06-11,15.13817452357071
"7713,2843",2024-06-12,19.68369035834488
"7718,2843",2024-06-12,20.81290924512299
"7708,2848",2024-06-12,19.63380340507549
"7713,2848",2024-06-12,20.955365091042854
"7718,2848",2024-06-12,20.552452830188663
"7688,2853",2024-06-12,30.88489151873768
"7693,2853",2024-06-12,19.357407407407425
"7698,2853",2024-06-12,21.971506849315062
"7703,2853",2024-06-12,20.780000000000012
"7683,2858",2024-06-12,29.404348993288593
"7688,2858",2024-06-12,31.294407582938383
"7688,2863",2024-06-12,29.229552238805983
"7693,2863",2024-06-12,27.33080385852091
"7698,2863",2024-06-12,26.123515151515154
"7703,2863",2024-06-12,21.79991836734697
"7693,2868",2024-06-12,26.76775811209439
"7698,2868",2024-06-12,27.269499698613618
"7703,2868",2024-06-12,25.66490322580644
"7708,2868",2024-06-12,18.749750692520774
"7713,2868",2024-06-12,16.969570815450645
"7718,2868",2024-06-12,18.03366459627331
"7723,2868",2024-06-12,19.59668214996683
"7728,2868",2024-06-12,19.939999999999998
"7693,2873",2024-06-12,28.636566132117125
"7698,2873",2024-06-12,28.126284896206165
"7703,2873",2024-06-12,25.13408898305084
"7708,2873",2024-06-12,20.734078560304557
"7713,2873",2024-06-12,18.64286204922725
"7718,2873",2024-06-12,18.286347010911324
"7723,2873",2024-06-12,17.397266678654915
"7728,2873",2024-06-12,20.523876045253296
"7693,2878",2024-06-12,28.52712231492987
"7698,2878",2024-06-12,26.365796278776415
"7703,2878",2024-06-12,24.58494402149574
"7708,2878",2024-06-12,22.550067812647846
"7713,2878",2024-06-12,23.775038805095896
"7718,2878",2024-06-12,20.885487554904824
"7723,2878",2024-06-12,19.776243045387986
"7728,2878",2024-06-12,21.83524695121951
"7693,2883",2024-06-12,27.469084249084258
"7698,2883",2024-06-12,26.085024904775864
"7703,2883",2024-06-12,24.71120914553716
"7708,2883",2024-06-12,23.57711732825546
"7713,2883",2024-06-12,23.347669988276678
"7718,2883",2024-06-12,20.66595750915751
"7723,2883",2024-06-12,21.701606331525724
"7703,2888",2024-06-12,25.42149039839495
"7708,2888",2024-06-12,24.64171444954129
"7713,2888",2024-06-12,22.5161227416117
"7718,2888",2024-06-12,20.47152722063036
"7723,2888",2024-06-12,20.99139991402778
"7713,2843",2024-06-13,8.434857888631084
"7718,2843",2024-06-13,8.43642101422839
"7723,2843",2024-06-13,8.705445950204858
"7708,2848",2024-06-13,7.628024446646854
"7713,2848",2024-06-13,9.40169075777486
"7718,2848",2024-06-13,9.733237956204372
"7723,2848",2024-06-13,9.552451452766823
"7728,2848",2024-06-13,9.589808675332254
"7733,2848",2024-06-13,10.092544551562959
"7698,2853",2024-06-13,13.38511508951408
"7703,2853",2024-06-13,12.176524629797518
"7708,2853",2024-06-13,11.689128170670246
"7713,2853",2024-06-13,10.44213489568448
"7718,2853",2024-06-13,8.676850978711245
"7723,2853",2024-06-13,8.356382857142854
"7728,2853",2024-06-13,9.688432633233312
"7733,2853",2024-06-13,10.566766680954423
"7698,2858",2024-06-13,14.083333333333325
"7703,2858",2024-06-13,12.626566308243724
"7708,2858",2024-06-13,13.343254569772618
"7713,2858",2024-06-13,11.05819696084161
"7718,2858",2024-06-13,9.731420006311145
"7723,2858",2024-06-13,9.790320027529246
"7728,2858",2024-06-13,9.611716718960107
"7733,2858",2024-06-13,10.186867417044294
"7693,2863",2024-06-13,19.060772200772202
"7698,2863",2024-06-13,15.958167126527398
"7703,2863",2024-06-13,14.484863473909947
"7708,2863",2024-06-13,12.966311123820423
"7713,2863",2024-06-13,11.74129595193821
"7718,2863",2024-06-13,11.529225874867443
"7723,2863",2024-06-13,11.146615933412601
"7728,2863",2024-06-13,11.90875323331609
"7733,2863",2024-06-13,11.49228195596226
"7693,2868",2024-06-13,16.734256020278828
"7698,2868",2024-06-13,16.682732567291044
"7703,2868",2024-06-13,15.882650459531575
"7708,2868",2024-06-13,13.130380339379752
"7713,2868",2024-06-13,12.29350402340893
"7718,2868",2024-06-13,12.196836406204271
"7723,2868",2024-06-13,12.046460863204095
"7728,2868",2024-06-13,12.586715215370319
"7733,2868",2024-06-13,12.290130212143378
"7693,2873",2024-06-13,17.832789062500005
"7698,2873",2024-06-13,16.830060937171684
"7703,2873",2024-06-13,16.39283127703895
"7708,2873",2024-06-13,14.689729109932637
"7713,2873",2024-06-13,13.224487693188333
"7718,2873",2024-06-13,11.843703491700051
"7723,2873",2024-06-13,11.706792614856166
"7728,2873",2024-06-13,13.15205781339439
"7733,2873",2024-06-13,13.069261591299364
"7698,2878",2024-06-13,18.58000000000004
"7703,2878",2024-06-13,16.63572995780591
"7708,2878",2024-06-13,14.831688170089029
"7713,2878",2024-06-13,16.0942229845626
"7718,2878",2024-06-13,14.451001464128836
"7723,2878",2024-06-13,14.51699267935577
"7728,2878",2024-06-13,13.565873879641476
"7703,2883",2024-06-13,16.397136563876646
"7708,2883",2024-06-13,15.939099491648506
"7713,2883",2024-06-13,15.609917996123459
"7718,2883",2024-06-13,14.259484249084256
"7723,2883",2024-06-13,14.034137476183497
"7703,2888",2024-06-13,16.5
"7708,2888",2024-06-13,16.36129186602869
"7713,2888",2024-06-13,14.356264671361503
"7718,2888",2024-06-13,13.36301146131805
"7723,2888",2024-06-13,13.814108038400908
"7713,2843",2024-06-14,18.174088244369003
"7718,2843",2024-06-14,19.56997662868828
"7723,2843",2024-06-14,19.84284896206156
"7708,2848",2024-06-14,13.282758344993013
"7713,2848",2024-06-14,16.8273029901311
"7718,2848",2024-06-14,17.607672992700735
"7723,2848",2024-06-14,18.898703403565637
"7728,2848",2024-06-14,18.28160098522167
"7688,2853",2024-06-14,18.82934123847168
"7693,2853",2024-06-14,20.1733759281644
"7698,2853",2024-06-14,20.51047619047619
"7703,2853",2024-06-14,14.99932647333956
"7708,2853",2024-06-14,15.941059917802285
"7713,2853",2024-06-14,16.75516891402058
"7718,2853",2024-06-14,14.923144076140467
"7723,2853",2024-06-14,13.975325970787317
"7728,2853",2024-06-14,16.052551994127732
"7683,2858",2024-06-14,18.94864462317545
"7688,2858",2024-06-14,20.08894707207206
"7693,2858",2024-06-14,20.97960904092853
"7698,2858",2024-06-14,16.799999999999955
"7703,2858",2024-06-14,16.297693490517673
"7708,2858",2024-06-14,17.038330511344398
"7713,2858",2024-06-14,15.79249547622964
"7718,2858",2024-06-14,14.994503740648378
"7723,2858",2024-06-14,14.647944518223392
"7728,2858",2024-06-14,11.918622898318654
"7733,2858",2024-06-14,12.663679245283015
"7688,2863",2024-06-14,15.209655172413793
"7693,2863",2024-06-14,16.894268185801913
"7698,2863",2024-06-14,15.485233550979425
"7703,2863",2024-06-14,13.018318012908278
"7708,2863",2024-06-14,14.721472027228252
"7713,2863",2024-06-14,15.31896585365852
"7718,2863",2024-06-14,13.470261424016995
"7723,2863",2024-06-14,12.87573702940625
"7728,2863",2024-06-14,14.321304347826093
"7733,2863",2024-06-14,16.097115062059707
"7693,2868",2024-06-14,16.070600807409164
"7698,2868",2024-06-14,15.631576872536138
"7723,2868",2024-06-14,11.665038759689931
"7728,2868",2024-06-14,15.17155056179774
"7733,2868",2024-06-14,16.707153001936735
"7693,2873",2024-06-14,14.569115281501347
"7698,2873",2024-06-14,15.4769306930693
"7723,2873",2024-06-14,8.54420909708078
"7728,2873",2024-06-14,13.931418450639153
"7733,2873",2024-06-14,14.001630773800684
"7693,2878",2024-06-14,16.29575076608785
"7698,2878",2024-06-14,16.75999999999999
"7708,2878",2024-06-14,14.707251732101625
"7713,2878",2024-06-14,14.425997931747675
"7723,2878",2024-06-14,12.260672451193066
"7728,2878",2024-06-14,11.516180464301355
"7693,2883",2024-06-14,15.337330735509019
"7698,2883",2024-06-14,15.5
"7703,2883",2024-06-14,14.837347767253055
"7708,2883",2024-06-14,15.056198662846231
"7713,2883",2024-06-14,14.366267114440722
"7718,2883",2024-06-14,13.672444444444452
"7723,2883",2024-06-14,13.294959517657187
"7703,2888",2024-06-14,16.749942028985508
"7708,2888",2024-06-14,16.68681802778719
"7713,2888",2024-06-14,17.687080943275973
"7718,2888",2024-06-14,14.612904530744343
"7723,2888",2024-06-14,15.274414527238568
"7713,2843",2024-06-15,13.89708577137149
"7718,2843",2024-06-15,14.318256278538808
"7723,2843",2024-06-15,12.592824318538604
"7708,2848",2024-06-15,12.158548057259722
"7713,2848",2024-06-15,13.210147466783482
"7718,2848",2024-06-15,13.1212408759124
"7723,2848",2024-06-15,14.6975237260914
"7728,2848",2024-06-15,14.878989338396384
"7733,2848",2024-06-15,14.607227578147828
"7688,2853",2024-06-15,16.116548292241575
"7693,2853",2024-06-15,18.036646632763127
"7698,2853",2024-06-15,15.39548962442119
"7703,2853",2024-06-15,15.041126461211471
"7708,2853",2024-06-15,15.67023149471277
"7713,2853",2024-06-15,15.324864246927689
"7718,2853",2024-06-15,12.471435919417056
"7723,2853",2024-06-15,12.561348571428578
"7728,2853",2024-06-15,13.005223603371904
"7733,2853",2024-06-15,13.623477639662816
"7683,2858",2024-06-15,18.093626662768596
"7688,2858",2024-06-15,18.977917455509264
"7693,2858",2024-06-15,20.002361597757545
"7698,2858",2024-06-15,19.271128753883332
"7703,2858",2024-06-15,16.044622131267367
"7708,2858",2024-06-15,14.722399532368843
"7713,2858",2024-06-15,14.54282875511396
"7718,2858",2024-06-15,12.673017682303094
"7723,2858",2024-06-15,12.313578839690198
"7728,2858",2024-06-15,10.085830775975444
"7733,2858",2024-06-15,12.868682941090485
"7688,2863",2024-06-15,20.32655747558227
"7693,2863",2024-06-15,19.4641827138379
"7698,2863",2024-06-15,17.853118833118835
"7703,2863",2024-06-15,15.284188706218726
"7708,2863",2024-06-15,13.905027166142414
"7713,2863",2024-06-15,13.961524817622669
"7718,2863",2024-06-15,12.988861556064077
"7723,2863",2024-06-15,11.965732265446224
"7728,2863",2024-06-15,12.450340389016011
"7733,2863",2024-06-15,12.069731198169869
"7693,2868",2024-06-15,18.86124049151551
"7698,2868",2024-06-15,18.56277395757132
"7703,2868",2024-06-15,17.420772268538823
"7708,2868",2024-06-15,14.55091281451141
"7713,2868",2024-06-15,12.561782004389178
"7718,2868",2024-06-15,12.182619256657883
"7723,2868",2024-06-15,11.859382589612293
"7728,2868",2024-06-15,11.557963721474549
"7733,2868",2024-06-15,11.34024579370885
"7693,2873",2024-06-15,18.643172262315666
"7698,2873",2024-06-15,19.568226730679882
"7703,2873",2024-06-15,17.25273221697438
"7708,2873",2024-06-15,13.609618297935544
"7713,2873",2024-06-15,13.246356611333718
"7718,2873",2024-06-15,12.480117344018321
"7723,2873",2024-06-15,11.924840417918992
"7728,2873",2024-06-15,13.303050944476242
"7733,2873",2024-06-15,12.949124212936466
"7693,2878",2024-06-15,19.45706024096386
"7698,2878",2024-06-15,19.643085344613095
"7703,2878",2024-06-15,18.49235215053763
"7708,2878",2024-06-15,15.74907439953134
"7713,2878",2024-06-15,15.96412651925612
"7718,2878",2024-06-15,13.789715959004392
"7723,2878",2024-06-15,12.998456340032002
"7728,2878",2024-06-15,14.310876571630947
"7693,2883",2024-06-15,19.090868864468867
"7698,2883",2024-06-15,17.71064912021292
"7703,2883",2024-06-15,16.527572341225095
"7708,2883",2024-06-15,15.380052925610107
"7713,2883",2024-06-15,15.379899236641222
"7718,2883",2024-06-15,13.868548148148152
"7723,2883",2024-06-15,14.11986183656277
"7703,2888",2024-06-15,17.44251773049645
"7708,2888",2024-06-15,17.35924582144313
"7713,2888",2024-06-15,14.590800733496335
"7718,2888",2024-06-15,12.155953294945602
"7723,2888",2024-06-15,13.622828888222957
"7713,2843",2024-06-16,12.451813900385323
"7718,2843",2024-06-16,13.069754566210051
"7723,2843",2024-06-16,13.92146710432425
"7708,2848",2024-06-16,11.66377738825592
"7713,2848",2024-06-16,12.35622426631625
"7718,2848",2024-06-16,13.301705109489053
"7723,2848",2024-06-16,14.399027595269377
"7728,2848",2024-06-16,13.68548269315028
"7733,2848",2024-06-16,13.298974583698506
"7688,2853",2024-06-16,18.084542561654743
"7693,2853",2024-06-16,16.628664772727266
"7698,2853",2024-06-16,16.9919321109259
"7703,2853",2024-06-16,15.008960297057989
"7708,2853",2024-06-16,14.290800228636746
"7713,2853",2024-06-16,13.644178336667622
"7718,2853",2024-06-16,12.006772396056576
"7723,2853",2024-06-16,11.608288571428577
"7728,2853",2024-06-16,12.82060865837976
"7733,2853",2024-06-16,13.116879554222036
"7683,2858",2024-06-16,17.18766604010026
"7688,2858",2024-06-16,18.21138641254227
"7693,2858",2024-06-16,18.86388029925187
"7698,2858",2024-06-16,17.83094709149371
"7703,2858",2024-06-16,15.216214003800616
"7708,2858",2024-06-16,13.910577232208098
"7713,2858",2024-06-16,13.257732320280534
"7718,2858",2024-06-16,11.936945784012867
"7723,2858",2024-06-16,10.861315212626044
"7728,2858",2024-06-16,10.891918749086656
"7733,2858",2024-06-16,12.29928080689957
"7688,2863",2024-06-16,20.06969976905312
"7693,2863",2024-06-16,18.88399399899984
"7698,2863",2024-06-16,16.04088088088088
"7703,2863",2024-06-16,13.021080771979982
"7708,2863",2024-06-16,10.920200171575651
"7713,2863",2024-06-16,11.441853812044053
"7718,2863",2024-06-16,12.163950228832961
"7723,2863",2024-06-16,11.362597254004571
"7728,2863",2024-06-16,12.565520594965681
"7733,2863",2024-06-16,12.644492422076068
"7693,2868",2024-06-16,17.480658279695724
"7698,2868",2024-06-16,16.813802487198245
"7703,2868",2024-06-16,15.271051630832241
"7708,2868",2024-06-16,12.913493270918668
"7713,2868",2024-06-16,11.58364886613021
"7718,2868",2024-06-16,11.445422885572139
"7723,2868",2024-06-16,11.979198244330647
"7728,2868",2024-06-16,12.453531304856645
"7733,2868",2024-06-16,11.41195025603511
"7693,2873",2024-06-16,18.992150687046472
"7698,2873",2024-06-16,18.595258410880454
"7703,2873",2024-06-16,17.039344496922865
"7708,2873",2024-06-16,14.791605609616482
"7713,2873",2024-06-16,12.65069547796223
"7718,2873",2024-06-16,11.905025758443045
"7723,2873",2024-06-16,11.647731501359656
"7728,2873",2024-06-16,12.586021751574123
"7733,2873",2024-06-16,12.435658271322275
"7693,2878",2024-06-16,19.80871577097672
"7698,2878",2024-06-16,19.264741543417777
"7703,2878",2024-06-16,17.95766910688141
"7708,2878",2024-06-16,15.725855301698891
"7713,2878",2024-06-16,15.48306633474886
"7718,2878",2024-06-16,13.69991508052708
"7723,2878",2024-06-16,14.184333821376274
"7728,2878",2024-06-16,15.157018597159169
"7693,2883",2024-06-16,18.368189624329165
"7698,2883",2024-06-16,16.894969678593096
"7703,2883",2024-06-16,15.70518653020799
"7708,2883",2024-06-16,15.712983741028278
"7713,2883",2024-06-16,16.12060668229777
"7718,2883",2024-06-16,14.273556043956049
"7723,2883",2024-06-16,15.587641799794818
"7703,2888",2024-06-16,16.783144167383206
"7708,2888",2024-06-16,16.990748279816504
"7713,2888",2024-06-16,15.620848867221103
"7718,2888",2024-06-16,13.602999999999996
"7723,2888",2024-06-16,14.577449491331137
"7718,2848",2024-06-17,22.137249190938494
"7723,2848",2024-06-17,22.120096296296293
"7728,2848",2024-06-17,18.907688463140364
"7733,2848",2024-06-17,20.90280701754384
"7688,2853",2024-06-17,24.451799668124895
"7693,2853",2024-06-17,24.27491124260355
"7698,2853",2024-06-17,20.491440618411804
"7703,2853",2024-06-17,20.83965647543799
"7708,2853",2024-06-17,18.957755856966696
"7713,2853",2024-06-17,18.721340762041695
"7718,2853",2024-06-17,15.871041811846707
"7723,2853",2024-06-17,18.488850184956842
"7728,2853",2024-06-17,19.929971830985913
"7733,2853",2024-06-17,19.126901716068655
"7683,2858",2024-06-17,20.83142617167815
"7688,2858",2024-06-17,23.89142905178211
"7693,2858",2024-06-17,25.982036775106074
"7698,2858",2024-06-17,24.57603353991979
"7703,2858",2024-06-17,21.1237275252156
"7708,2858",2024-06-17,20.318494812216855
"7713,2858",2024-06-17,19.754522064323115
"7718,2858",2024-06-17,16.93082566125968
"7723,2858",2024-06-17,18.533049831945046
"7728,2858",2024-06-17,15.429121421520236
"7733,2858",2024-06-17,18.220224450097263
"7688,2863",2024-06-17,21.950146914789435
"7693,2863",2024-06-17,22.96025181598063
"7698,2863",2024-06-17,20.070186641986734
"7703,2863",2024-06-17,19.776002859185134
"7708,2863",2024-06-17,18.292566317088227
"7713,2863",2024-06-17,16.888020289855074
"7718,2863",2024-06-17,16.955483686319408
"7723,2863",2024-06-17,19.045208810068655
"7728,2863",2024-06-17,18.477002740516383
"7733,2863",2024-06-17,16.65671564669789
"7693,2868",2024-06-17,21.611375170946655
"7698,2868",2024-06-17,18.529799561082655
"7703,2868",2024-06-17,19.16953566720375
"7708,2868",2024-06-17,17.671363981186463
"7713,2868",2024-06-17,17.846487198244322
"7718,2868",2024-06-17,17.177448053848398
"7723,2868",2024-06-17,18.665714703730785
"7728,2868",2024-06-17,20.050710942071387
"7733,2868",2024-06-17,19.260801755669352
"7693,2873",2024-06-17,22.634396900269554
"7698,2873",2024-06-17,20.75808681672025
"7703,2873",2024-06-17,21.10233130654012
"7708,2873",2024-06-17,17.98559274133572
"7713,2873",2024-06-17,16.197662260507958
"7718,2873",2024-06-17,18.893591871780195
"7723,2873",2024-06-17,17.265398597395162
"7728,2873",2024-06-17,19.221960503720666
"7733,2873",2024-06-17,18.70028906697196
"7693,2878",2024-06-17,22.800844594594587
"7698,2878",2024-06-17,20.974920277621447
"7703,2878",2024-06-17,21.284498893455577
"7708,2878",2024-06-17,19.83659337437701
"7713,2878",2024-06-17,20.28862205300923
"7718,2878",2024-06-17,17.305358711566615
"7723,2878",2024-06-17,16.931464128843334
"7728,2878",2024-06-17,20.547324644896754
"7693,2883",2024-06-17,22.634812785388135
"7698,2883",2024-06-17,21.115380617548144
"7703,2883",2024-06-17,19.913982326951402
"7708,2883",2024-06-17,18.797872608787056
"7713,2883",2024-06-17,20.70973622508793
"7718,2883",2024-06-17,17.65076532232455
"7723,2883",2024-06-17,17.28867901609475
"7703,2888",2024-06-17,20.040182898948323
"7708,2888",2024-06-17,20.296772901718665
"7713,2888",2024-06-17,20.313375412422893
"7718,2888",2024-06-17,16.990174785100283
"7723,2888",2024-06-17,17.47890528729044
"7733,2863",2024-06-18,4.980542986425334
"7728,2868",2024-06-18,4.936186612576061
"7733,2868",2024-06-18,4.5236919104991316
"7718,2873",2024-06-18,3.920000000000016
"7723,2873",2024-06-18,5.224017632241817
"7728,2873",2024-06-18,3.824200244200245
"7733,2873",2024-06-18,5.8708378672470065
"7718,2878",2024-06-18,3.669454545454515
"7723,2878",2024-06-18,6.801814787154584
"7728,2878",2024-06-18,4.4158724534986575
"7723,2848",2024-06-20,13.23288994457641
"7728,2848",2024-06-20,12.359438943894395
"7733,2848",2024-06-20,11.03453403447269
"7728,2853",2024-06-20,12.274186413902054
"7733,2853",2024-06-20,11.054687966557182
"7728,2858",2024-06-20,11.699999999999989
"7733,2858",2024-06-20,14.075299539170492
