grid_id,date,no2_level
"7713,2843",2022-04-01,1.180909989540936E-4
"7718,2843",2022-04-01,1.160777992650945E-4
"7723,2843",2022-04-01,1.219666230107541E-4
"7708,2848",2022-04-01,1.1733865523315652E-4
"7713,2848",2022-04-01,1.2784099774324016E-4
"7718,2848",2022-04-01,1.3494459556613538E-4
"7723,2848",2022-04-01,1.4467786653599572E-4
"7728,2848",2022-04-01,1.5423486587140645E-4
"7733,2848",2022-04-01,1.5587450965973295E-4
"7688,2853",2022-04-01,6.713359947213627E-5
"7693,2853",2022-04-01,7.571672839925562E-5
"7698,2853",2022-04-01,8.518380504010164E-5
"7703,2853",2022-04-01,1.0989727914137876E-4
"7708,2853",2022-04-01,1.26778033495847E-4
"7713,2853",2022-04-01,1.3269634154639036E-4
"7718,2853",2022-04-01,1.5696201679610326E-4
"7723,2853",2022-04-01,1.5965382727289347E-4
"7728,2853",2022-04-01,1.7198709488443778E-4
"7733,2853",2022-04-01,1.684961826512192E-4
"7683,2858",2022-04-01,6.883241810552163E-5
"7688,2858",2022-04-01,6.836435549731882E-5
"7693,2858",2022-04-01,7.452883009256114E-5
"7698,2858",2022-04-01,8.054301988556016E-5
"7703,2858",2022-04-01,8.98522273607947E-5
"7708,2858",2022-04-01,1.0985592079027669E-4
"7713,2858",2022-04-01,1.2543689168219307E-4
"7718,2858",2022-04-01,1.4699023636189916E-4
"7723,2858",2022-04-01,1.5308739606534702E-4
"7728,2858",2022-04-01,1.6188300474134998E-4
"7733,2858",2022-04-01,1.5164741785157626E-4
"7688,2863",2022-04-01,6.456429832393232E-5
"7693,2863",2022-04-01,6.492096556873403E-5
"7698,2863",2022-04-01,6.601659492943704E-5
"7703,2863",2022-04-01,7.932440718548498E-5
"7708,2863",2022-04-01,9.174706720619154E-5
"7713,2863",2022-04-01,1.0432087299998557E-4
"7718,2863",2022-04-01,1.1600384902665627E-4
"7723,2863",2022-04-01,1.2385765117917515E-4
"7728,2863",2022-04-01,1.3328744099558998E-4
"7733,2863",2022-04-01,1.2026226957961163E-4
"7693,2868",2022-04-01,7.256196705311452E-5
"7698,2868",2022-04-01,6.788849133078493E-5
"7703,2868",2022-04-01,7.363314589601159E-5
"7708,2868",2022-04-01,8.083669685921608E-5
"7713,2868",2022-04-01,8.505129495758059E-5
"7718,2868",2022-04-01,9.011607899746625E-5
"7723,2868",2022-04-01,9.434828875890738E-5
"7728,2868",2022-04-01,8.076569990525305E-5
"7733,2868",2022-04-01,8.589314708077739E-5
"7693,2873",2022-04-01,6.953751282029995E-5
"7698,2873",2022-04-01,7.274524763001158E-5
"7703,2873",2022-04-01,6.308411035368898E-5
"7708,2873",2022-04-01,7.286042240388126E-5
"7713,2873",2022-04-01,8.183977457296961E-5
"7718,2873",2022-04-01,7.462650508311358E-5
"7723,2873",2022-04-01,7.971545856022653E-5
"7728,2873",2022-04-01,6.521969559322949E-5
"7733,2873",2022-04-01,6.215872218611307E-5
"7693,2878",2022-04-01,5.952484526222131E-5
"7698,2878",2022-04-01,6.061475211378643E-5
"7703,2878",2022-04-01,5.978181967268829E-5
"7708,2878",2022-04-01,6.320962065329055E-5
"7713,2878",2022-04-01,6.750025865972556E-5
"7718,2878",2022-04-01,6.261621110300355E-5
"7723,2878",2022-04-01,6.50549163609839E-5
"7728,2878",2022-04-01,6.541252205021042E-5
"7693,2883",2022-04-01,5.1778824972343495E-5
"7698,2883",2022-04-01,5.7211000892228794E-5
"7703,2883",2022-04-01,5.5714772702071655E-5
"7708,2883",2022-04-01,5.3317953087131526E-5
"7713,2883",2022-04-01,6.171771309959033E-5
"7718,2883",2022-04-01,6.306118118792005E-5
"7723,2883",2022-04-01,6.789669128314557E-5
"7703,2888",2022-04-01,5.5971312241409753E-5
"7708,2888",2022-04-01,5.313901504908283E-5
"7713,2888",2022-04-01,7.278110840270258E-5
"7718,2888",2022-04-01,6.574396272575629E-5
"7723,2888",2022-04-01,5.890588733542602E-5
"7713,2843",2022-04-01,9.166750957952998E-5
"7718,2843",2022-04-01,1.0898248079498658E-4
"7723,2843",2022-04-01,1.1610518677771665E-4
"7708,2848",2022-04-01,9.361501764051773E-5
"7713,2848",2022-04-01,9.377872544448885E-5
"7718,2848",2022-04-01,1.2265990064945384E-4
"7723,2848",2022-04-01,1.2696410659990243E-4
"7728,2848",2022-04-01,1.284248983902725E-4
"7733,2848",2022-04-01,1.6502655783686308E-4
"7688,2853",2022-04-01,6.363253685844107E-5
"7693,2853",2022-04-01,6.14085573037619E-5
"7698,2853",2022-04-01,6.144067745866521E-5
"7703,2853",2022-04-01,8.814675487264443E-5
"7708,2853",2022-04-01,9.380432913925844E-5
"7713,2853",2022-04-01,9.569378162955843E-5
"7718,2853",2022-04-01,1.3705666996521607E-4
"7723,2853",2022-04-01,1.3764104574620685E-4
"7728,2853",2022-04-01,1.439914401644187E-4
"7733,2853",2022-04-01,1.7357751299800205E-4
"7683,2858",2022-04-01,5.7769499451407744E-5
"7688,2858",2022-04-01,6.74663612331807E-5
"7693,2858",2022-04-01,7.083240422677285E-5
"7698,2858",2022-04-01,7.120190213435973E-5
"7703,2858",2022-04-01,8.91175819631641E-5
"7708,2858",2022-04-01,9.002878967596917E-5
"7713,2858",2022-04-01,9.966089390355548E-5
"7718,2858",2022-04-01,1.4127206341547633E-4
"7723,2858",2022-04-01,1.4127690863727712E-4
"7728,2858",2022-04-01,1.503528850945836E-4
"7733,2858",2022-04-01,1.687620750683194E-4
"7688,2863",2022-04-01,6.968237403786278E-5
"7693,2863",2022-04-01,6.901389342894892E-5
"7698,2863",2022-04-01,7.150024393873087E-5
"7703,2863",2022-04-01,8.675139707931451E-5
"7708,2863",2022-04-01,8.673438124472836E-5
"7713,2863",2022-04-01,1.0236419474668607E-4
"7718,2863",2022-04-01,1.3253768252405093E-4
"7723,2863",2022-04-01,1.3247629785562924E-4
"7728,2863",2022-04-01,1.4002961478493285E-4
"7733,2863",2022-04-01,1.4811918404526508E-4
"7693,2868",2022-04-01,6.93379822520157E-5
"7698,2868",2022-04-01,6.941530293089048E-5
"7703,2868",2022-04-01,7.022074731247879E-5
"7708,2868",2022-04-01,7.014672991921101E-5
"7713,2868",2022-04-01,9.216160008739937E-5
"7718,2868",2022-04-01,1.1439307055376941E-4
"7723,2868",2022-04-01,1.1428456579713966E-4
"7728,2868",2022-04-01,1.1435957386756442E-4
"7733,2868",2022-04-01,1.1445256380964129E-4
"7693,2873",2022-04-01,7.551017735276831E-5
"7698,2873",2022-04-01,7.210098690286185E-5
"7703,2873",2022-04-01,6.807065920749457E-5
"7708,2873",2022-04-01,6.806832953834523E-5
"7713,2873",2022-04-01,8.013233609839385E-5
"7718,2873",2022-04-01,8.6736282364061E-5
"7723,2873",2022-04-01,8.65816588141579E-5
"7728,2873",2022-04-01,8.175381863464393E-5
"7733,2873",2022-04-01,8.038775207092903E-5
"7693,2878",2022-04-01,6.194965865052289E-5
"7698,2878",2022-04-01,5.9184577950034606E-5
"7703,2878",2022-04-01,5.7348895060735334E-5
"7708,2878",2022-04-01,5.732862300108166E-5
"7713,2878",2022-04-01,7.381719099399018E-5
"7718,2878",2022-04-01,7.767353128482859E-5
"7723,2878",2022-04-01,7.751056551652628E-5
"7728,2878",2022-04-01,6.841740086481566E-5
"7693,2883",2022-04-01,5.4568383312473806E-5
"7698,2883",2022-04-01,5.682695004095878E-5
"7703,2883",2022-04-01,5.747282774317582E-5
"7708,2883",2022-04-01,5.760903798321692E-5
"7713,2883",2022-04-01,6.638991204474984E-5
"7718,2883",2022-04-01,6.683362303916464E-5
"7723,2883",2022-04-01,6.572652422292985E-5
"7703,2888",2022-04-01,5.865382652170973E-5
"7708,2888",2022-04-01,5.902736029949746E-5
"7713,2888",2022-04-01,6.16481359369375E-5
"7718,2888",2022-04-01,6.16203796117168E-5
"7723,2888",2022-04-01,6.108455886107668E-5
"7713,2843",2022-04-02,9.929678893948612E-5
"7718,2843",2022-04-02,7.01860168896305E-5
"7723,2843",2022-04-02,7.380683501481851E-5
"7708,2848",2022-04-02,1.4936497945576189E-4
"7713,2848",2022-04-02,1.2811429073210538E-4
"7718,2848",2022-04-02,1.0354651097634587E-4
"7723,2848",2022-04-02,9.264039826646455E-5
"7728,2848",2022-04-02,8.9686789816167E-5
"7733,2848",2022-04-02,9.311496419359112E-5
"7688,2853",2022-04-02,6.220995492178276E-5
"7693,2853",2022-04-02,6.98203077328717E-5
"7698,2853",2022-04-02,8.644455337269766E-5
"7703,2853",2022-04-02,1.0398923900957102E-4
"7708,2853",2022-04-02,1.3358808038328938E-4
"7713,2853",2022-04-02,1.4186529629145198E-4
"7718,2853",2022-04-02,1.4399650253887845E-4
"7723,2853",2022-04-02,1.4460918608058404E-4
"7728,2853",2022-04-02,1.4277786024291829E-4
"7733,2853",2022-04-02,1.42904868728708E-4
"7683,2858",2022-04-02,5.867706279708565E-5
"7688,2858",2022-04-02,6.117195998976418E-5
"7693,2858",2022-04-02,6.684849380899177E-5
"7698,2858",2022-04-02,8.959320505345679E-5
"7703,2858",2022-04-02,1.052299191545365E-4
"7708,2858",2022-04-02,1.2053830521925025E-4
"7713,2858",2022-04-02,1.4884728223351007E-4
"7718,2858",2022-04-02,1.6336289510548126E-4
"7723,2858",2022-04-02,1.7983454122620694E-4
"7728,2858",2022-04-02,2.2257451654001355E-4
"7733,2858",2022-04-02,2.0486813547222085E-4
"7688,2863",2022-04-02,6.597589486920812E-5
"7693,2863",2022-04-02,6.685250405012842E-5
"7698,2863",2022-04-02,8.83356612663672E-5
"7703,2863",2022-04-02,1.0741277280214665E-4
"7708,2863",2022-04-02,1.2489248753371282E-4
"7713,2863",2022-04-02,1.4429180883796872E-4
"7718,2863",2022-04-02,1.587621635253751E-4
"7723,2863",2022-04-02,1.884065959526426E-4
"7728,2863",2022-04-02,2.5181841497190103E-4
"7733,2863",2022-04-02,2.469667148494751E-4
"7693,2868",2022-04-02,6.621169512445543E-5
"7698,2868",2022-04-02,8.413183906972559E-5
"7703,2868",2022-04-02,1.0258379278135043E-4
"7708,2868",2022-04-02,1.2168089223548242E-4
"7713,2868",2022-04-02,1.473073559440169E-4
"7718,2868",2022-04-02,1.8171195864907525E-4
"7723,2868",2022-04-02,2.162688020508112E-4
"7728,2868",2022-04-02,2.5581038553789087E-4
"7733,2868",2022-04-02,2.672922617699847E-4
"7693,2873",2022-04-02,6.414088639581149E-5
"7698,2873",2022-04-02,7.393297055154469E-5
"7703,2873",2022-04-02,9.627894873188567E-5
"7708,2873",2022-04-02,1.0670776614629682E-4
"7713,2873",2022-04-02,1.229594061764471E-4
"7718,2873",2022-04-02,1.6936856977049045E-4
"7723,2873",2022-04-02,1.7928158560307958E-4
"7728,2873",2022-04-02,1.854933362023683E-4
"7733,2873",2022-04-02,1.9420969216646735E-4
"7693,2878",2022-04-02,5.699401363055681E-5
"7698,2878",2022-04-02,6.031400768665167E-5
"7703,2878",2022-04-02,7.93306203699029E-5
"7708,2878",2022-04-02,8.642183516312626E-5
"7713,2878",2022-04-02,9.805525589179203E-5
"7718,2878",2022-04-02,1.2417875018976192E-4
"7723,2878",2022-04-02,1.3923997628080608E-4
"7728,2878",2022-04-02,1.3481398590368547E-4
"7693,2883",2022-04-02,5.222215075465896E-5
"7698,2883",2022-04-02,5.9652472688044025E-5
"7703,2883",2022-04-02,7.130326389550848E-5
"7708,2883",2022-04-02,8.433732730062546E-5
"7713,2883",2022-04-02,8.5976901338211E-5
"7718,2883",2022-04-02,8.723720447413168E-5
"7723,2883",2022-04-02,9.589067919224593E-5
"7703,2888",2022-04-02,6.338348703287731E-5
"7708,2888",2022-04-02,6.712817666807348E-5
"7713,2888",2022-04-02,7.373792873754254E-5
"7718,2888",2022-04-02,7.835960948093347E-5
"7723,2888",2022-04-02,8.487246214203605E-5
"7713,2843",2022-04-03,1.0570598710294375E-4
"7718,2843",2022-04-03,1.152130053974933E-4
"7723,2843",2022-04-03,1.1242991793017861E-4
"7708,2848",2022-04-03,1.0798924641178129E-4
"7713,2848",2022-04-03,1.2208149270097503E-4
"7718,2848",2022-04-03,1.282524736377853E-4
"7723,2848",2022-04-03,1.3410098257525522E-4
"7728,2848",2022-04-03,1.6312544761024208E-4
"7733,2848",2022-04-03,1.9309776459156087E-4
"7688,2853",2022-04-03,7.418737196388897E-5
"7693,2853",2022-04-03,7.04600155595221E-5
"7698,2853",2022-04-03,7.671542399593236E-5
"7703,2853",2022-04-03,7.97963030692288E-5
"7708,2853",2022-04-03,1.167441117075518E-4
"7713,2853",2022-04-03,1.2272397242925876E-4
"7718,2853",2022-04-03,1.3275973042508525E-4
"7723,2853",2022-04-03,1.4902233208226865E-4
"7728,2853",2022-04-03,1.847829880144237E-4
"7733,2853",2022-04-03,2.096562930339777E-4
"7683,2858",2022-04-03,6.551268378898953E-5
"7688,2858",2022-04-03,6.592996569223668E-5
"7693,2858",2022-04-03,5.946657271375712E-5
"7698,2858",2022-04-03,6.616561053837318E-5
"7703,2858",2022-04-03,9.00317375845412E-5
"7708,2858",2022-04-03,1.1054255270394317E-4
"7713,2858",2022-04-03,1.165937509473656E-4
"7718,2858",2022-04-03,1.2179432641715868E-4
"7723,2858",2022-04-03,1.568599552382221E-4
"7728,2858",2022-04-03,1.9609449461163825E-4
"7733,2858",2022-04-03,2.115675862791248E-4
"7688,2863",2022-04-03,5.696281638372086E-5
"7693,2863",2022-04-03,6.647813632150276E-5
"7698,2863",2022-04-03,8.20758299161458E-5
"7703,2863",2022-04-03,9.356485959115523E-5
"7708,2863",2022-04-03,1.0491653831071661E-4
"7713,2863",2022-04-03,1.1351516001821919E-4
"7718,2863",2022-04-03,1.2911313611882312E-4
"7723,2863",2022-04-03,1.7918368040668864E-4
"7728,2863",2022-04-03,1.995751995284339E-4
"7733,2863",2022-04-03,1.9838100896588326E-4
"7693,2868",2022-04-03,5.832610047582298E-5
"7698,2868",2022-04-03,7.850526261461841E-5
"7703,2868",2022-04-03,8.921876014647312E-5
"7708,2868",2022-04-03,1.0089553703239792E-4
"7713,2868",2022-04-03,1.1901302839712735E-4
"7718,2868",2022-04-03,1.411268539885322E-4
"7723,2868",2022-04-03,1.5683973666092625E-4
"7728,2868",2022-04-03,1.6713781756744035E-4
"7733,2868",2022-04-03,1.7012701192287976E-4
"7693,2873",2022-04-03,6.301892402849871E-5
"7698,2873",2022-04-03,6.743248032725438E-5
"7703,2873",2022-04-03,6.92689410332876E-5
"7708,2873",2022-04-03,9.448890089493925E-5
"7713,2873",2022-04-03,1.1014192742069173E-4
"7718,2873",2022-04-03,1.2503213458731503E-4
"7723,2873",2022-04-03,1.2449134615315745E-4
"7728,2873",2022-04-03,1.2109360012780716E-4
"7733,2873",2022-04-03,1.2103898778301928E-4
"7693,2878",2022-04-03,6.129509610899942E-5
"7698,2878",2022-04-03,6.063482249641426E-5
"7703,2878",2022-04-03,7.013368014258253E-5
"7708,2878",2022-04-03,8.93755576663809E-5
"7713,2878",2022-04-03,1.0163085199664812E-4
"7718,2878",2022-04-03,9.448912096149796E-5
"7723,2878",2022-04-03,9.615423645209169E-5
"7728,2878",2022-04-03,9.446832923107065E-5
"7693,2883",2022-04-03,6.236482961657075E-5
"7698,2883",2022-04-03,6.88806931233685E-5
"7703,2883",2022-04-03,7.314465825847074E-5
"7708,2883",2022-04-03,7.499972566501197E-5
"7713,2883",2022-04-03,8.90450531025663E-5
"7718,2883",2022-04-03,7.751936197171649E-5
"7723,2883",2022-04-03,7.608908013097042E-5
"7703,2888",2022-04-03,5.822034951838979E-5
"7708,2888",2022-04-03,7.021046024414686E-5
"7713,2888",2022-04-03,8.020437606519455E-5
"7718,2888",2022-04-03,8.248560549849858E-5
"7723,2888",2022-04-03,8.246674223822961E-5
"7713,2843",2022-04-04,9.27468328266701E-5
"7718,2843",2022-04-04,9.173722841384858E-5
"7723,2843",2022-04-04,8.710005746148041E-5
"7708,2848",2022-04-04,9.52452127523758E-5
"7713,2848",2022-04-04,9.441491221533142E-5
"7718,2848",2022-04-04,9.907008433332511E-5
"7723,2848",2022-04-04,1.010248631735677E-4
"7728,2848",2022-04-04,1.227093316211117E-4
"7733,2848",2022-04-04,1.453221169947998E-4
"7688,2853",2022-04-04,5.8151140236684007E-5
"7693,2853",2022-04-04,5.865165063475131E-5
"7698,2853",2022-04-04,6.223482582177727E-5
"7703,2853",2022-04-04,6.506639330525202E-5
"7708,2853",2022-04-04,8.700137981803404E-5
"7713,2853",2022-04-04,1.0230554658438163E-4
"7718,2853",2022-04-04,1.1409440402638873E-4
"7723,2853",2022-04-04,1.272263844006996E-4
"7728,2853",2022-04-04,1.4705261118442848E-4
"7733,2853",2022-04-04,1.6218595768360407E-4
"7683,2858",2022-04-04,5.5294426332686916E-5
"7688,2858",2022-04-04,5.7803711384691506E-5
"7693,2858",2022-04-04,6.191318100141485E-5
"7698,2858",2022-04-04,6.621459752863009E-5
"7703,2858",2022-04-04,7.145387801235642E-5
"7708,2858",2022-04-04,8.821688320314146E-5
"7713,2858",2022-04-04,9.565197860656457E-5
"7718,2858",2022-04-04,1.1734410673779327E-4
"7723,2858",2022-04-04,1.376243306466705E-4
"7728,2858",2022-04-04,1.583560129169192E-4
"7733,2858",2022-04-04,1.774328160900518E-4
"7688,2863",2022-04-04,5.615240431485727E-5
"7693,2863",2022-04-04,6.118462253886832E-5
"7698,2863",2022-04-04,7.028439412223273E-5
"7703,2863",2022-04-04,7.72378780829333E-5
"7708,2863",2022-04-04,9.073982606300175E-5
"7713,2863",2022-04-04,9.501841495132798E-5
"7718,2863",2022-04-04,1.2293388837765446E-4
"7723,2863",2022-04-04,1.4769858075289405E-4
"7728,2863",2022-04-04,1.7338763817703647E-4
"7733,2863",2022-04-04,1.7708274678861438E-4
"7693,2868",2022-04-04,6.644270862482247E-5
"7698,2868",2022-04-04,7.286002424535653E-5
"7703,2868",2022-04-04,7.454534251802977E-5
"7708,2868",2022-04-04,7.547291798302472E-5
"7713,2868",2022-04-04,9.524358970479576E-5
"7718,2868",2022-04-04,1.2126891169750391E-4
"7723,2868",2022-04-04,1.4358316289778242E-4
"7728,2868",2022-04-04,1.4191467972159393E-4
"7733,2868",2022-04-04,1.2990135441250296E-4
"7693,2873",2022-04-04,6.99076750196431E-5
"7698,2873",2022-04-04,6.742244198043636E-5
"7703,2873",2022-04-04,6.990457839703383E-5
"7708,2873",2022-04-04,7.373099943984466E-5
"7713,2873",2022-04-04,9.174296306484665E-5
"7718,2873",2022-04-04,1.0774411888214865E-4
"7723,2873",2022-04-04,9.663831105560127E-5
"7728,2873",2022-04-04,9.612104030822838E-5
"7733,2873",2022-04-04,8.822849019187301E-5
"7693,2878",2022-04-04,6.623390840199921E-5
"7698,2878",2022-04-04,6.984555314016813E-5
"7703,2878",2022-04-04,6.728317285201619E-5
"7708,2878",2022-04-04,6.779732718165037E-5
"7713,2878",2022-04-04,8.135479209133016E-5
"7718,2878",2022-04-04,8.542363988851973E-5
"7723,2878",2022-04-04,7.81699350033934E-5
"7728,2878",2022-04-04,7.292298249391963E-5
"7693,2883",2022-04-04,5.310379894385121E-5
"7698,2883",2022-04-04,7.442050156087402E-5
"7703,2883",2022-04-04,7.350505472039984E-5
"7708,2883",2022-04-04,6.913661392305905E-5
"7713,2883",2022-04-04,7.198981580974406E-5
"7718,2883",2022-04-04,7.347244271755286E-5
"7723,2883",2022-04-04,6.686137404721442E-5
"7703,2888",2022-04-04,6.189023487191696E-5
"7708,2888",2022-04-04,5.8679963906920256E-5
"7713,2888",2022-04-04,6.705106809768738E-5
"7718,2888",2022-04-04,6.172982167805012E-5
"7723,2888",2022-04-04,6.004729673693419E-5
"7713,2843",2022-04-05,9.842660216051746E-5
"7718,2843",2022-04-05,1.091757682165517E-4
"7723,2843",2022-04-05,1.0499396312311863E-4
"7708,2848",2022-04-05,9.476456730157956E-5
"7713,2848",2022-04-05,1.0568338591835748E-4
"7718,2848",2022-04-05,1.1540235589438447E-4
"7723,2848",2022-04-05,1.2890232536071235E-4
"7728,2848",2022-04-05,1.3661215044736085E-4
"7733,2848",2022-04-05,1.3611893515982128E-4
"7688,2853",2022-04-05,4.862509744516549E-5
"7693,2853",2022-04-05,5.581359207034348E-5
"7698,2853",2022-04-05,6.309633295714857E-5
"7703,2853",2022-04-05,6.637893857376983E-5
"7708,2853",2022-04-05,8.737326235001436E-5
"7713,2853",2022-04-05,9.150592330612441E-5
"7718,2853",2022-04-05,1.1177948957499032E-4
"7723,2853",2022-04-05,1.3822427579328442E-4
"7728,2853",2022-04-05,1.502487960453515E-4
"7733,2853",2022-04-05,1.646027453734454E-4
"7683,2858",2022-04-05,3.817257966040937E-5
"7688,2858",2022-04-05,4.108349618382664E-5
"7693,2858",2022-04-05,4.838361082719031E-5
"7698,2858",2022-04-05,6.959000591995027E-5
"7703,2858",2022-04-05,7.642442189933754E-5
"7708,2858",2022-04-05,8.359392059340824E-5
"7713,2858",2022-04-05,1.0004188086507305E-4
"7718,2858",2022-04-05,1.1935453631794342E-4
"7723,2858",2022-04-05,1.380383293359603E-4
"7728,2858",2022-04-05,1.6552885643091755E-4
"7733,2858",2022-04-05,1.7825614891662088E-4
"7688,2863",2022-04-05,4.408257185128349E-5
"7693,2863",2022-04-05,5.0791905523974985E-5
"7698,2863",2022-04-05,6.486903680586411E-5
"7703,2863",2022-04-05,7.966886617661261E-5
"7708,2863",2022-04-05,9.106300256154869E-5
"7713,2863",2022-04-05,1.0234268454582877E-4
"7718,2863",2022-04-05,1.4299814197167525E-4
"7723,2863",2022-04-05,1.535943684936506E-4
"7728,2863",2022-04-05,1.6232293729771333E-4
"7733,2863",2022-04-05,1.7316155957464808E-4
"7693,2868",2022-04-05,5.085268706368385E-5
"7698,2868",2022-04-05,5.990165939105162E-5
"7703,2868",2022-04-05,6.884319060373073E-5
"7708,2868",2022-04-05,8.411949948644069E-5
"7713,2868",2022-04-05,1.0143544283684061E-4
"7718,2868",2022-04-05,1.3199237317544082E-4
"7723,2868",2022-04-05,1.3249337002639507E-4
"7728,2868",2022-04-05,1.3327541484894667E-4
"7733,2868",2022-04-05,1.366511764284516E-4
"7693,2873",2022-04-05,4.5738145020434844E-5
"7698,2873",2022-04-05,5.95893909819609E-5
"7703,2873",2022-04-05,7.344579180159335E-5
"7708,2873",2022-04-05,7.739081610615069E-5
"7713,2873",2022-04-05,9.002482647224676E-5
"7718,2873",2022-04-05,9.741446105643771E-5
"7723,2873",2022-04-05,9.53320619439069E-5
"7728,2873",2022-04-05,9.169449193406513E-5
"7733,2873",2022-04-05,9.38664555392295E-5
"7693,2878",2022-04-05,4.175606438483503E-5
"7698,2878",2022-04-05,5.2314627554381556E-5
"7703,2878",2022-04-05,5.905001697655789E-5
"7708,2878",2022-04-05,6.278721725952507E-5
"7713,2878",2022-04-05,6.727048099342796E-5
"7718,2878",2022-04-05,6.914783159255264E-5
"7723,2878",2022-04-05,6.80009922495217E-5
"7728,2878",2022-04-05,6.148941270991597E-5
"7693,2883",2022-04-05,3.276462348155983E-5
"7698,2883",2022-04-05,4.398881937910613E-5
"7703,2883",2022-04-05,5.771645542740883E-5
"7708,2883",2022-04-05,5.501291770040145E-5
"7713,2883",2022-04-05,4.46389739904343E-5
"7718,2883",2022-04-05,6.447741199998935E-5
"7723,2883",2022-04-05,6.183892773716941E-5
"7703,2888",2022-04-05,4.284318257469311E-5
"7708,2888",2022-04-05,5.185135197974558E-5
"7713,2888",2022-04-05,5.4974867023280556E-5
"7718,2888",2022-04-05,7.084461654485738E-5
"7723,2888",2022-04-05,6.15814757669079E-5
"7713,2843",2022-04-06,9.118797187438654E-5
"7718,2843",2022-04-06,9.489663865464696E-5
"7723,2843",2022-04-06,1.1119459055532669E-4
"7708,2848",2022-04-06,9.549903614537268E-5
"7713,2848",2022-04-06,9.639740127866429E-5
"7718,2848",2022-04-06,1.2570601791864327E-4
"7723,2848",2022-04-06,1.3211874101749611E-4
"7728,2848",2022-04-06,1.2218541676422057E-4
"7733,2848",2022-04-06,1.622456537030367E-4
"7688,2853",2022-04-06,6.674756501872758E-5
"7693,2853",2022-04-06,7.241575136820239E-5
"7698,2853",2022-04-06,7.242131371278584E-5
"7703,2853",2022-04-06,8.956682127129807E-5
"7708,2853",2022-04-06,9.356822420521589E-5
"7713,2853",2022-04-06,9.809664304622882E-5
"7718,2853",2022-04-06,1.3507528740113709E-4
"7723,2853",2022-04-06,1.3937319541814606E-4
"7728,2853",2022-04-06,1.538876633019424E-4
"7733,2853",2022-04-06,1.8338330177337215E-4
"7683,2858",2022-04-06,6.069246940501473E-5
"7688,2858",2022-04-06,6.541779395550517E-5
"7693,2858",2022-04-06,6.685373142848678E-5
"7698,2858",2022-04-06,7.294489561755355E-5
"7703,2858",2022-04-06,8.35623786455212E-5
"7708,2858",2022-04-06,8.737446331916075E-5
"7713,2858",2022-04-06,1.0618516721842208E-4
"7718,2858",2022-04-06,1.2747402965915296E-4
"7723,2858",2022-04-06,1.322679346698761E-4
"7728,2858",2022-04-06,1.6477457073463267E-4
"7733,2858",2022-04-06,1.828528655085686E-4
"7688,2863",2022-04-06,6.442372458858626E-5
"7693,2863",2022-04-06,6.523659776286195E-5
"7698,2863",2022-04-06,6.980308385142527E-5
"7703,2863",2022-04-06,7.549649988259232E-5
"7708,2863",2022-04-06,7.955548556712841E-5
"7713,2863",2022-04-06,1.1272042993345906E-4
"7718,2863",2022-04-06,1.2159278283955074E-4
"7723,2863",2022-04-06,1.2597228606210295E-4
"7728,2863",2022-04-06,1.5458364005548455E-4
"7733,2863",2022-04-06,1.6741692392906307E-4
"7693,2868",2022-04-06,6.078077467182776E-5
"7698,2868",2022-04-06,6.307380692731229E-5
"7703,2868",2022-04-06,6.545070229964169E-5
"7708,2868",2022-04-06,7.663860361503406E-5
"7713,2868",2022-04-06,1.0028231818562954E-4
"7718,2868",2022-04-06,1.0855432414316238E-4
"7723,2868",2022-04-06,1.0897958313788387E-4
"7728,2868",2022-04-06,1.128933001650448E-4
"7733,2868",2022-04-06,1.359023429024704E-4
"7693,2873",2022-04-06,6.12535329498787E-5
"7698,2873",2022-04-06,6.30240352685195E-5
"7703,2873",2022-04-06,6.315848612473608E-5
"7708,2873",2022-04-06,7.567820813679129E-5
"7713,2873",2022-04-06,8.823280330826377E-5
"7718,2873",2022-04-06,9.369556289299891E-5
"7723,2873",2022-04-06,8.703024613209608E-5
"7728,2873",2022-04-06,9.077192565902173E-5
"7733,2873",2022-04-06,9.501078482290638E-5
"7693,2878",2022-04-06,5.665773174573312E-5
"7698,2878",2022-04-06,5.9761618518338014E-5
"7703,2878",2022-04-06,6.130309079522891E-5
"7708,2878",2022-04-06,6.654826154841852E-5
"7713,2878",2022-04-06,7.246735414217802E-5
"7718,2878",2022-04-06,7.718448145706622E-5
"7723,2878",2022-04-06,6.793994370921414E-5
"7728,2878",2022-04-06,7.539461788259038E-5
"7693,2883",2022-04-06,5.1484657131966094E-5
"7698,2883",2022-04-06,4.9436832978630956E-5
"7703,2883",2022-04-06,5.591898292536313E-5
"7708,2883",2022-04-06,5.7545230397928795E-5
"7713,2883",2022-04-06,6.109036249881708E-5
"7718,2883",2022-04-06,6.43232187246377E-5
"7723,2883",2022-04-06,6.738642364064078E-5
"7703,2888",2022-04-06,5.495079774226154E-5
"7708,2888",2022-04-06,5.8532050409592775E-5
"7713,2888",2022-04-06,5.770532207165013E-5
"7718,2888",2022-04-06,4.657636853711014E-5
"7723,2888",2022-04-06,5.06550500901149E-5
"7713,2843",2022-04-06,9.262310339476111E-5
"7718,2843",2022-04-06,1.0495933616688779E-4
"7723,2843",2022-04-06,1.0700417585766282E-4
"7708,2848",2022-04-06,8.865019910527495E-5
"7713,2848",2022-04-06,9.31570689699614E-5
"7718,2848",2022-04-06,9.663550398723839E-5
"7723,2848",2022-04-06,9.994280857148501E-5
"7728,2848",2022-04-06,1.1202949368898042E-4
"7733,2848",2022-04-06,1.2790482602103917E-4
"7688,2853",2022-04-06,4.568020556970276E-5
"7693,2853",2022-04-06,5.326103262852061E-5
"7698,2853",2022-04-06,6.410763534654557E-5
"7703,2853",2022-04-06,7.084430223933358E-5
"7708,2853",2022-04-06,9.338456646073815E-5
"7713,2853",2022-04-06,1.0031698063643892E-4
"7718,2853",2022-04-06,1.2567845933791327E-4
"7723,2853",2022-04-06,1.3570297109662978E-4
"7728,2853",2022-04-06,1.5440862574426996E-4
"7733,2853",2022-04-06,1.5918927439261443E-4
"7683,2858",2022-04-06,6.00189343504105E-5
"7688,2858",2022-04-06,6.0011295599826136E-5
"7693,2858",2022-04-06,6.010587875177252E-5
"7698,2858",2022-04-06,6.809459532292171E-5
"7703,2858",2022-04-06,7.221684971732881E-5
"7708,2858",2022-04-06,9.631322768631403E-5
"7713,2858",2022-04-06,9.813728272699039E-5
"7718,2858",2022-04-06,1.0070333222212362E-4
"7723,2858",2022-04-06,1.2255158445564478E-4
"7728,2858",2022-04-06,1.4585753619074065E-4
"7733,2858",2022-04-06,1.5728550037981032E-4
"7688,2863",2022-04-06,5.909360425748642E-5
"7693,2863",2022-04-06,5.861025469517144E-5
"7698,2863",2022-04-06,6.768562605601675E-5
"7703,2863",2022-04-06,6.95772833278062E-5
"7708,2863",2022-04-06,7.400443732312218E-5
"7713,2863",2022-04-06,8.734351719175518E-5
"7718,2863",2022-04-06,1.0677835675010081E-4
"7723,2863",2022-04-06,1.1461929473185423E-4
"7728,2863",2022-04-06,1.1900221935016518E-4
"7733,2863",2022-04-06,1.253711006399538E-4
"7693,2868",2022-04-06,6.793613026480831E-5
"7698,2868",2022-04-06,7.106192970549887E-5
"7703,2868",2022-04-06,7.301095082404158E-5
"7708,2868",2022-04-06,7.689455242721088E-5
"7713,2868",2022-04-06,7.88944918803963E-5
"7718,2868",2022-04-06,8.058831218463153E-5
"7723,2868",2022-04-06,8.631724619728556E-5
"7728,2868",2022-04-06,8.79530110394339E-5
"7733,2868",2022-04-06,8.691358633706125E-5
"7693,2873",2022-04-06,5.881643836718149E-5
"7698,2873",2022-04-06,6.314544318405153E-5
"7703,2873",2022-04-06,6.141497161133477E-5
"7708,2873",2022-04-06,5.957819598067958E-5
"7713,2873",2022-04-06,7.698786299644941E-5
"7718,2873",2022-04-06,8.444141711041538E-5
"7723,2873",2022-04-06,7.598031306216891E-5
"7728,2873",2022-04-06,7.475520363604448E-5
"7733,2873",2022-04-06,7.59675051962781E-5
"7693,2878",2022-04-06,4.5474958559032705E-5
"7698,2878",2022-04-06,4.41781403389826E-5
"7703,2878",2022-04-06,4.839838415196978E-5
"7708,2878",2022-04-06,5.132310809571512E-5
"7713,2878",2022-04-06,6.637675906723493E-5
"7718,2878",2022-04-06,6.882654609013517E-5
"7723,2878",2022-04-06,6.0384883256847304E-5
"7728,2878",2022-04-06,5.8536503823438336E-5
"7693,2883",2022-04-06,5.283597548855693E-5
"7698,2883",2022-04-06,5.646385675607369E-5
"7703,2883",2022-04-06,5.7649117501834E-5
"7708,2883",2022-04-06,5.828687217040727E-5
"7713,2883",2022-04-06,6.589728927402087E-5
"7718,2883",2022-04-06,6.495805262072323E-5
"7723,2883",2022-04-06,5.923760922423603E-5
"7703,2888",2022-04-06,4.525328612922464E-5
"7708,2888",2022-04-06,4.63451672350876E-5
"7713,2888",2022-04-06,5.767508008637034E-5
"7718,2888",2022-04-06,5.577616076326822E-5
"7723,2888",2022-04-06,5.19935843190398E-5
"7713,2843",2022-04-07,1.0755167607034284E-4
"7718,2843",2022-04-07,1.0239033164689388E-4
"7723,2843",2022-04-07,1.064306462794519E-4
"7708,2848",2022-04-07,1.0014646893772268E-4
"7713,2848",2022-04-07,1.0620194139920137E-4
"7718,2848",2022-04-07,1.1121371108771326E-4
"7723,2848",2022-04-07,1.2188719796162454E-4
"7728,2848",2022-04-07,1.2568356536079127E-4
"7733,2848",2022-04-07,1.5498608467122782E-4
"7688,2853",2022-04-07,7.21016028774825E-5
"7693,2853",2022-04-07,7.311975522976013E-5
"7698,2853",2022-04-07,7.312990570417802E-5
"7703,2853",2022-04-07,8.566653408661638E-5
"7708,2853",2022-04-07,9.996331342753298E-5
"7713,2853",2022-04-07,1.1324474406968254E-4
"7718,2853",2022-04-07,1.188114771135848E-4
"7723,2853",2022-04-07,1.301024206726393E-4
"7728,2853",2022-04-07,1.3252460326228636E-4
"7733,2853",2022-04-07,1.4659436047292557E-4
"7683,2858",2022-04-07,6.601653141668723E-5
"7688,2858",2022-04-07,6.39907086872687E-5
"7693,2858",2022-04-07,6.664377322188766E-5
"7698,2858",2022-04-07,7.108155262901248E-5
"7703,2858",2022-04-07,8.003800580998672E-5
"7708,2858",2022-04-07,8.517131791471322E-5
"7713,2858",2022-04-07,1.0103538324691514E-4
"7718,2858",2022-04-07,1.0749367539019833E-4
"7723,2858",2022-04-07,1.3969544044242446E-4
"7728,2858",2022-04-07,1.4964514638435622E-4
"7733,2858",2022-04-07,1.7239713126716177E-4
"7688,2863",2022-04-07,6.500140429856722E-5
"7693,2863",2022-04-07,6.753836294041964E-5
"7698,2863",2022-04-07,6.890089392252733E-5
"7703,2863",2022-04-07,8.875674189941515E-5
"7708,2863",2022-04-07,9.420292185785054E-5
"7713,2863",2022-04-07,1.1034893961707387E-4
"7718,2863",2022-04-07,1.1754992397400685E-4
"7723,2863",2022-04-07,1.35995961438394E-4
"7728,2863",2022-04-07,1.4957698246924784E-4
"7733,2863",2022-04-07,1.6479804163881335E-4
"7693,2868",2022-04-07,6.758730629442419E-5
"7698,2868",2022-04-07,7.191172465671998E-5
"7703,2868",2022-04-07,8.289462993083094E-5
"7708,2868",2022-04-07,8.824407300342777E-5
"7713,2868",2022-04-07,1.0181256516488032E-4
"7718,2868",2022-04-07,1.163288399989703E-4
"7723,2868",2022-04-07,1.3223475842616744E-4
"7728,2868",2022-04-07,1.3945283588231037E-4
"7733,2868",2022-04-07,1.4377018056141677E-4
"7693,2873",2022-04-07,6.865918077275574E-5
"7698,2873",2022-04-07,6.87942051046012E-5
"7703,2873",2022-04-07,6.843575468847886E-5
"7708,2873",2022-04-07,7.484775223287531E-5
"7713,2873",2022-04-07,8.307419651775057E-5
"7718,2873",2022-04-07,9.377600323281231E-5
"7723,2873",2022-04-07,9.997940337434349E-5
"7728,2873",2022-04-07,1.0728885989729633E-4
"7733,2873",2022-04-07,1.0849374899231678E-4
"7693,2878",2022-04-07,6.652611631429917E-5
"7698,2878",2022-04-07,6.339491439370582E-5
"7703,2878",2022-04-07,5.823697968547164E-5
"7708,2878",2022-04-07,6.330734273918902E-5
"7713,2878",2022-04-07,6.635104789619259E-5
"7718,2878",2022-04-07,7.531375863310454E-5
"7723,2878",2022-04-07,7.744801403811474E-5
"7728,2878",2022-04-07,7.806428186996268E-5
"7693,2883",2022-04-07,6.092869408258541E-5
"7698,2883",2022-04-07,6.083719688225738E-5
"7703,2883",2022-04-07,6.037888698101407E-5
"7708,2883",2022-04-07,6.607932447204368E-5
"7713,2883",2022-04-07,6.765556695474406E-5
"7718,2883",2022-04-07,7.3462873218792E-5
"7723,2883",2022-04-07,7.10147977762263E-5
"7703,2888",2022-04-07,6.617311941129111E-5
"7708,2888",2022-04-07,6.733763830967685E-5
"7713,2888",2022-04-07,6.711088122672501E-5
"7718,2888",2022-04-07,6.423855794905593E-5
"7723,2888",2022-04-07,6.39371428750182E-5
"7713,2843",2022-04-08,1.1428667178612838E-4
"7718,2843",2022-04-08,1.006471875707948E-4
"7723,2843",2022-04-08,9.981437145337116E-5
"7708,2848",2022-04-08,1.060555826513795E-4
"7713,2848",2022-04-08,1.1759145072935268E-4
"7718,2848",2022-04-08,1.0998994652607992E-4
"7723,2848",2022-04-08,9.741931605327147E-5
"7728,2848",2022-04-08,1.1716872210184593E-4
"7733,2848",2022-04-08,1.2006416940918883E-4
"7688,2853",2022-04-08,6.403804845743437E-5
"7693,2853",2022-04-08,6.378085040434513E-5
"7698,2853",2022-04-08,7.37348833692007E-5
"7703,2853",2022-04-08,8.451330535903786E-5
"7708,2853",2022-04-08,9.133344312300155E-5
"7713,2853",2022-04-08,1.0286201242752906E-4
"7718,2853",2022-04-08,1.2372821974985607E-4
"7723,2853",2022-04-08,1.4838707698603984E-4
"7728,2853",2022-04-08,1.755504230476641E-4
"7733,2853",2022-04-08,1.7897407423778967E-4
"7683,2858",2022-04-08,9.0177905320225E-5
"7688,2858",2022-04-08,7.293432858353408E-5
"7693,2858",2022-04-08,6.735547455142384E-5
"7698,2858",2022-04-08,7.622255430323152E-5
"7703,2858",2022-04-08,9.177482193013202E-5
"7708,2858",2022-04-08,1.1373594782018315E-4
"7713,2858",2022-04-08,1.407642570145901E-4
"7718,2858",2022-04-08,1.684315747376325E-4
"7723,2858",2022-04-08,1.9957080117691283E-4
"7728,2858",2022-04-08,2.0670986456830428E-4
"7733,2858",2022-04-08,2.1338633322307937E-4
"7688,2863",2022-04-08,8.531718524386606E-5
"7693,2863",2022-04-08,7.650101697578847E-5
"7698,2863",2022-04-08,8.212632918120244E-5
"7703,2863",2022-04-08,9.583053317324799E-5
"7708,2863",2022-04-08,1.1092998965054865E-4
"7713,2863",2022-04-08,1.166131933967923E-4
"7718,2863",2022-04-08,1.2504859286571748E-4
"7723,2863",2022-04-08,1.6187819006449866E-4
"7728,2863",2022-04-08,1.9910771724200287E-4
"7733,2863",2022-04-08,2.1329372507373684E-4
"7693,2868",2022-04-08,9.113763072201507E-5
"7698,2868",2022-04-08,9.36118186068337E-5
"7703,2868",2022-04-08,9.407802160731482E-5
"7708,2868",2022-04-08,1.0863986980754E-4
"7713,2868",2022-04-08,1.2544884232063236E-4
"7718,2868",2022-04-08,1.4506163032017825E-4
"7723,2868",2022-04-08,1.846318925103129E-4
"7728,2868",2022-04-08,1.9408814966499646E-4
"7733,2868",2022-04-08,2.0818339090202038E-4
"7693,2873",2022-04-08,8.770919475164473E-5
"7698,2873",2022-04-08,8.988859992654763E-5
"7703,2873",2022-04-08,9.325439569984634E-5
"7708,2873",2022-04-08,1.08369093968267E-4
"7713,2873",2022-04-08,1.3475849101659583E-4
"7718,2873",2022-04-08,1.4354018037339366E-4
"7723,2873",2022-04-08,1.4926013580984172E-4
"7728,2873",2022-04-08,1.633830194260181E-4
"7733,2873",2022-04-08,1.6063006898236307E-4
"7693,2878",2022-04-08,7.610368156052927E-5
"7698,2878",2022-04-08,7.117479083414073E-5
"7703,2878",2022-04-08,7.241550677641204E-5
"7708,2878",2022-04-08,8.801343158241348E-5
"7713,2878",2022-04-08,1.034769669284156E-4
"7718,2878",2022-04-08,1.1331392709503103E-4
"7723,2878",2022-04-08,1.2404615379801726E-4
"7728,2878",2022-04-08,1.2501221146906237E-4
"7693,2883",2022-04-08,6.823659095990043E-5
"7698,2883",2022-04-08,6.261686160501997E-5
"7703,2883",2022-04-08,6.614387189091108E-5
"7708,2883",2022-04-08,7.209765501740929E-5
"7713,2883",2022-04-08,8.059285590446356E-5
"7718,2883",2022-04-08,8.854070536701717E-5
"7723,2883",2022-04-08,9.717721249766888E-5
"7703,2888",2022-04-08,6.240702854662948E-5
"7708,2888",2022-04-08,7.162382599540811E-5
"7713,2888",2022-04-08,7.03308635555934E-5
"7718,2888",2022-04-08,7.005446364113474E-5
"7723,2888",2022-04-08,8.003797412986233E-5
"7713,2843",2022-04-09,1.1163989263784384E-4
"7718,2843",2022-04-09,1.0005444770796341E-4
"7723,2843",2022-04-09,1.068081612538293E-4
"7708,2848",2022-04-09,1.0845335715986009E-4
"7713,2848",2022-04-09,9.793832663577927E-5
"7718,2848",2022-04-09,1.1650129586836299E-4
"7723,2848",2022-04-09,1.366677685104557E-4
"7728,2848",2022-04-09,1.4876814398946073E-4
"7733,2848",2022-04-09,1.6952265411849954E-4
"7688,2853",2022-04-09,6.800593311716699E-5
"7693,2853",2022-04-09,6.544483646732454E-5
"7698,2853",2022-04-09,7.661509168875125E-5
"7703,2853",2022-04-09,9.279199429554481E-5
"7708,2853",2022-04-09,1.1034129162987896E-4
"7713,2853",2022-04-09,1.3756262568277594E-4
"7718,2853",2022-04-09,1.4247138042525678E-4
"7723,2853",2022-04-09,1.936264782077433E-4
"7728,2853",2022-04-09,2.1152759882431087E-4
"7733,2853",2022-04-09,2.1509365190685168E-4
"7683,2858",2022-04-09,1.5408449487733702E-4
"7688,2858",2022-04-09,1.1015058197686558E-4
"7693,2858",2022-04-09,8.786413550718627E-5
"7698,2858",2022-04-09,8.959472337873309E-5
"7703,2858",2022-04-09,1.0325469362484767E-4
"7708,2858",2022-04-09,1.3522534090707264E-4
"7713,2858",2022-04-09,1.3971977383048903E-4
"7718,2858",2022-04-09,1.437208098854153E-4
"7723,2858",2022-04-09,1.8163247616954253E-4
"7728,2858",2022-04-09,1.9000580348013416E-4
"7733,2858",2022-04-09,1.7963351524939277E-4
"7688,2863",2022-04-09,1.4803559277507886E-4
"7693,2863",2022-04-09,1.3891617836073996E-4
"7698,2863",2022-04-09,1.2259409223741352E-4
"7703,2863",2022-04-09,1.1708963043038588E-4
"7708,2863",2022-04-09,1.2117261344158388E-4
"7713,2863",2022-04-09,1.2902449082172218E-4
"7718,2863",2022-04-09,1.4266987638513173E-4
"7723,2863",2022-04-09,1.611348652628157E-4
"7728,2863",2022-04-09,2.0969341965871316E-4
"7733,2863",2022-04-09,2.0893227359320107E-4
"7693,2868",2022-04-09,1.5008618176173312E-4
"7698,2868",2022-04-09,1.685718208320782E-4
"7703,2868",2022-04-09,1.539953159323576E-4
"7708,2868",2022-04-09,1.3950936413193975E-4
"7713,2868",2022-04-09,1.4064909391288708E-4
"7718,2868",2022-04-09,1.525625905287035E-4
"7723,2868",2022-04-09,1.7428545554539336E-4
"7728,2868",2022-04-09,1.8714325932891958E-4
"7733,2868",2022-04-09,1.6927832113082435E-4
"7693,2873",2022-04-09,1.3291813585391605E-4
"7698,2873",2022-04-09,1.9010126896156849E-4
"7703,2873",2022-04-09,1.851112015569857E-4
"7708,2873",2022-04-09,1.4743304453334404E-4
"7713,2873",2022-04-09,1.3887127977212777E-4
"7718,2873",2022-04-09,1.3591026315308024E-4
"7723,2873",2022-04-09,1.4977935677034518E-4
"7728,2873",2022-04-09,1.547458258280537E-4
"7733,2873",2022-04-09,1.2749531454973108E-4
"7693,2878",2022-04-09,9.921708121893157E-5
"7698,2878",2022-04-09,1.2009288412557646E-4
"7703,2878",2022-04-09,1.49404726528014E-4
"7708,2878",2022-04-09,1.5080628099414518E-4
"7713,2878",2022-04-09,1.386424532398113E-4
"7718,2878",2022-04-09,1.3320410695299008E-4
"7723,2878",2022-04-09,1.275959918600019E-4
"7728,2878",2022-04-09,1.3449081720239462E-4
"7693,2883",2022-04-09,9.067803465144133E-5
"7698,2883",2022-04-09,1.0551113815972858E-4
"7703,2883",2022-04-09,1.1784929089773802E-4
"7708,2883",2022-04-09,1.4502603173145444E-4
"7713,2883",2022-04-09,1.5478407394421258E-4
"7718,2883",2022-04-09,1.6355243920992133E-4
"7723,2883",2022-04-09,1.4009909742081377E-4
"7703,2888",2022-04-09,9.259621714649614E-5
"7708,2888",2022-04-09,1.2335050336700107E-4
"7713,2888",2022-04-09,1.6649810107037871E-4
"7718,2888",2022-04-09,1.6580526326421058E-4
"7723,2888",2022-04-09,1.4971486708098417E-4
"7713,2843",2022-04-10,7.31972479589717E-5
"7718,2843",2022-04-10,8.133551022348535E-5
"7723,2843",2022-04-10,8.913452102216082E-5
"7708,2848",2022-04-10,8.572483583110837E-5
"7713,2848",2022-04-10,8.39074494425809E-5
"7718,2848",2022-04-10,9.040884167293995E-5
"7723,2848",2022-04-10,1.0975389623935532E-4
"7728,2848",2022-04-10,1.1855385407997124E-4
"7733,2848",2022-04-10,1.3772525080488576E-4
"7688,2853",2022-04-10,6.514610249664938E-5
"7693,2853",2022-04-10,6.300621642301608E-5
"7698,2853",2022-04-10,7.469232633039568E-5
"7703,2853",2022-04-10,8.842062875978288E-5
"7708,2853",2022-04-10,9.169573233939E-5
"7713,2853",2022-04-10,9.845272890018535E-5
"7718,2853",2022-04-10,1.1641488845442272E-4
"7723,2853",2022-04-10,1.273485455628164E-4
"7728,2853",2022-04-10,1.34072023742661E-4
"7733,2853",2022-04-10,1.500377951088054E-4
"7683,2858",2022-04-10,7.438192895214034E-5
"7688,2858",2022-04-10,6.755530006595533E-5
"7693,2858",2022-04-10,6.880105698449024E-5
"7698,2858",2022-04-10,6.206797285608191E-5
"7703,2858",2022-04-10,8.981036360572826E-5
"7708,2858",2022-04-10,9.362428766691919E-5
"7713,2858",2022-04-10,1.039388077258898E-4
"7718,2858",2022-04-10,1.2209986016231968E-4
"7723,2858",2022-04-10,1.3251456336672255E-4
"7728,2858",2022-04-10,1.5069810320207476E-4
"7733,2858",2022-04-10,1.63554194891855E-4
"7688,2863",2022-04-10,6.957021835216052E-5
"7693,2863",2022-04-10,7.267141705713657E-5
"7698,2863",2022-04-10,8.107482491872418E-5
"7703,2863",2022-04-10,8.796522200980792E-5
"7708,2863",2022-04-10,9.368541478649741E-5
"7713,2863",2022-04-10,1.0104775801322341E-4
"7718,2863",2022-04-10,1.1706199634703738E-4
"7723,2863",2022-04-10,1.307361158119945E-4
"7728,2863",2022-04-10,1.372956391168877E-4
"7733,2863",2022-04-10,1.5338578174674887E-4
"7693,2868",2022-04-10,7.594713521137691E-5
"7698,2868",2022-04-10,7.672736780496045E-5
"7703,2868",2022-04-10,7.903943070346209E-5
"7708,2868",2022-04-10,8.038580471025313E-5
"7713,2868",2022-04-10,9.374372158305248E-5
"7718,2868",2022-04-10,1.1184322028002134E-4
"7723,2868",2022-04-10,1.2014030473737859E-4
"7728,2868",2022-04-10,1.26646383272308E-4
"7733,2868",2022-04-10,1.305985845707237E-4
"7693,2873",2022-04-10,7.866509164693806E-5
"7698,2873",2022-04-10,7.378755956595603E-5
"7703,2873",2022-04-10,7.089337528806308E-5
"7708,2873",2022-04-10,7.502412043401735E-5
"7713,2873",2022-04-10,8.527436992967521E-5
"7718,2873",2022-04-10,9.8450516654516E-5
"7723,2873",2022-04-10,9.568512838847812E-5
"7728,2873",2022-04-10,9.602940607735505E-5
"7733,2873",2022-04-10,9.712710835799724E-5
"7693,2878",2022-04-10,7.42441254101496E-5
"7698,2878",2022-04-10,7.352803707886167E-5
"7703,2878",2022-04-10,6.934999702994145E-5
"7708,2878",2022-04-10,7.762157595927587E-5
"7713,2878",2022-04-10,7.896373973016252E-5
"7718,2878",2022-04-10,8.207961372362277E-5
"7723,2878",2022-04-10,7.928237839500175E-5
"7728,2878",2022-04-10,7.87363294220304E-5
"7693,2883",2022-04-10,7.14309520821194E-5
"7698,2883",2022-04-10,7.264205354099174E-5
"7703,2883",2022-04-10,6.95736889601945E-5
"7708,2883",2022-04-10,6.268363691067795E-5
"7713,2883",2022-04-10,7.543829425815725E-5
"7718,2883",2022-04-10,8.077146690860088E-5
"7723,2883",2022-04-10,7.179184833989688E-5
"7703,2888",2022-04-10,5.5941412538568714E-5
"7708,2888",2022-04-10,6.220996618737198E-5
"7713,2888",2022-04-10,7.402873466630644E-5
"7718,2888",2022-04-10,7.416887657220657E-5
"7723,2888",2022-04-10,6.658870990238855E-5
"7713,2843",2022-04-11,1.2060491696229243E-4
"7718,2843",2022-04-11,1.235172671756375E-4
"7723,2843",2022-04-11,1.2159958886314997E-4
"7708,2848",2022-04-11,1.0949118383024318E-4
"7713,2848",2022-04-11,1.1991286721764062E-4
"7718,2848",2022-04-11,1.191875980659595E-4
"7723,2848",2022-04-11,1.3931598497782678E-4
"7728,2848",2022-04-11,1.3210907628754382E-4
"7733,2848",2022-04-11,1.3548212304732458E-4
"7688,2853",2022-04-11,9.731705999755955E-5
"7693,2853",2022-04-11,9.25302110136296E-5
"7698,2853",2022-04-11,9.698214958572139E-5
"7703,2853",2022-04-11,1.0318270663028283E-4
"7708,2853",2022-04-11,1.0994781523029719E-4
"7713,2853",2022-04-11,1.303149071829618E-4
"7718,2853",2022-04-11,1.3346898490972323E-4
"7723,2853",2022-04-11,1.6063791002910488E-4
"7728,2853",2022-04-11,1.5972868638904574E-4
"7733,2853",2022-04-11,1.6681010485315593E-4
"7683,2858",2022-04-11,9.017382667483218E-5
"7688,2858",2022-04-11,9.058937483038393E-5
"7693,2858",2022-04-11,9.276994465247998E-5
"7698,2858",2022-04-11,8.980622773503745E-5
"7703,2858",2022-04-11,9.298952739048651E-5
"7708,2858",2022-04-11,1.009184335694548E-4
"7713,2858",2022-04-11,1.0442092953114264E-4
"7718,2858",2022-04-11,1.3128637026114568E-4
"7723,2858",2022-04-11,1.5375631370399175E-4
"7728,2858",2022-04-11,1.6399568082744312E-4
"7733,2858",2022-04-11,1.7485152277163225E-4
"7688,2863",2022-04-11,8.591587396622513E-5
"7693,2863",2022-04-11,8.573632531907077E-5
"7698,2863",2022-04-11,8.784771759133648E-5
"7703,2863",2022-04-11,9.200917701787438E-5
"7708,2863",2022-04-11,1.0016346792662272E-4
"7713,2863",2022-04-11,9.936230632644272E-5
"7718,2863",2022-04-11,1.2996982108857914E-4
"7723,2863",2022-04-11,1.3449314525288214E-4
"7728,2863",2022-04-11,1.4987223929607336E-4
"7733,2863",2022-04-11,1.6629886229616375E-4
"7693,2868",2022-04-11,7.538076191688067E-5
"7698,2868",2022-04-11,7.608374040003175E-5
"7703,2868",2022-04-11,9.215026617007898E-5
"7708,2868",2022-04-11,1.0625227834745737E-4
"7713,2868",2022-04-11,1.0926363290107908E-4
"7718,2868",2022-04-11,1.2414533744451524E-4
"7723,2868",2022-04-11,1.2971681441780266E-4
"7728,2868",2022-04-11,1.3193370068224566E-4
"7733,2868",2022-04-11,1.400070650897693E-4
"7693,2873",2022-04-11,6.961904852708914E-5
"7698,2873",2022-04-11,7.301426814588869E-5
"7703,2873",2022-04-11,8.945721933643795E-5
"7708,2873",2022-04-11,9.404107241091261E-5
"7713,2873",2022-04-11,1.0249183349562367E-4
"7718,2873",2022-04-11,1.09332794422049E-4
"7723,2873",2022-04-11,1.087568661647417E-4
"7728,2873",2022-04-11,1.1224113782229379E-4
"7733,2873",2022-04-11,1.1331873415466233E-4
"7693,2878",2022-04-11,5.7731983546722175E-5
"7698,2878",2022-04-11,6.632431359219104E-5
"7703,2878",2022-04-11,8.188979655298773E-5
"7708,2878",2022-04-11,8.657656145365666E-5
"7713,2878",2022-04-11,9.079572366013175E-5
"7718,2878",2022-04-11,9.779801973267754E-5
"7723,2878",2022-04-11,8.407218062917933E-5
"7728,2878",2022-04-11,9.096654858235498E-5
"7693,2883",2022-04-11,5.15041396905127E-5
"7698,2883",2022-04-11,5.48344058311386E-5
"7703,2883",2022-04-11,6.634985083046665E-5
"7708,2883",2022-04-11,7.491540580242996E-5
"7713,2883",2022-04-11,8.016052785619551E-5
"7718,2883",2022-04-11,8.07780588763172E-5
"7723,2883",2022-04-11,7.404297469870923E-5
"7703,2888",2022-04-11,4.603950380065761E-5
"7708,2888",2022-04-11,6.411931619837956E-5
"7713,2888",2022-04-11,7.198520014879592E-5
"7718,2888",2022-04-11,6.743198342609571E-5
"7723,2888",2022-04-11,6.62016312026711E-5
"7733,2848",2022-04-12,1.1681169831835124E-4
"7733,2853",2022-04-12,1.1674973077283996E-4
"7733,2858",2022-04-12,1.1364981787510501E-4
"7733,2863",2022-04-12,1.1345295324485062E-4
"7713,2843",2022-04-13,8.17183197421626E-5
"7718,2843",2022-04-13,7.873018419952194E-5
"7723,2843",2022-04-13,6.859563659472648E-5
"7708,2848",2022-04-13,8.808826395492475E-5
"7713,2848",2022-04-13,1.0735396468465852E-4
"7718,2848",2022-04-13,1.0784470759138741E-4
"7723,2848",2022-04-13,8.12372550916656E-5
"7728,2848",2022-04-13,7.801106017734112E-5
"7733,2848",2022-04-13,9.94215738640147E-5
"7688,2853",2022-04-13,3.120325875727463E-5
"7693,2853",2022-04-13,3.8881862154311873E-5
"7698,2853",2022-04-13,6.249729883625431E-5
"7703,2853",2022-04-13,7.353751431595781E-5
"7708,2853",2022-04-13,9.339108096697069E-5
"7713,2853",2022-04-13,1.1643801094006496E-4
"7718,2853",2022-04-13,1.2655737773911745E-4
"7723,2853",2022-04-13,1.1753365017079249E-4
"7728,2853",2022-04-13,1.0172646359383763E-4
"7733,2853",2022-04-13,1.3426534011155204E-4
"7683,2858",2022-04-13,3.9849054396124294E-5
"7688,2858",2022-04-13,4.2564341812918174E-5
"7693,2858",2022-04-13,4.9896367599036136E-5
"7698,2858",2022-04-13,4.6230814857544656E-5
"7703,2858",2022-04-13,5.662680844174331E-5
"7708,2858",2022-04-13,8.712102727434173E-5
"7713,2858",2022-04-13,1.1498338574242367E-4
"7718,2858",2022-04-13,1.388291180505199E-4
"7723,2858",2022-04-13,1.542835135149527E-4
"7728,2858",2022-04-13,1.5320115090427364E-4
"7733,2858",2022-04-13,1.736264017581745E-4
"7688,2863",2022-04-13,4.8776859282507794E-5
"7693,2863",2022-04-13,5.408650815618911E-5
"7698,2863",2022-04-13,5.80758448410907E-5
"7703,2863",2022-04-13,6.682741018546558E-5
"7708,2863",2022-04-13,9.634682288037245E-5
"7713,2863",2022-04-13,1.2164779388730147E-4
"7718,2863",2022-04-13,1.4633795222284223E-4
"7723,2863",2022-04-13,1.8049972172046413E-4
"7728,2863",2022-04-13,2.0927123366296975E-4
"7733,2863",2022-04-13,2.239827202499955E-4
"7693,2868",2022-04-13,5.626420697789244E-5
"7698,2868",2022-04-13,5.782290408121928E-5
"7703,2868",2022-04-13,6.78016835664978E-5
"7708,2868",2022-04-13,1.0539410174906717E-4
"7713,2868",2022-04-13,1.4646906800644437E-4
"7718,2868",2022-04-13,1.719074526500822E-4
"7723,2868",2022-04-13,2.136174003608281E-4
"7728,2868",2022-04-13,2.5267113727169026E-4
"7733,2868",2022-04-13,2.6299182278952945E-4
"7693,2873",2022-04-13,7.004179124074914E-5
"7698,2873",2022-04-13,7.203501804462673E-5
"7703,2873",2022-04-13,7.999583876938038E-5
"7708,2873",2022-04-13,9.802341066394871E-5
"7713,2873",2022-04-13,1.3452738247642413E-4
"7718,2873",2022-04-13,1.748288302337878E-4
"7723,2873",2022-04-13,2.1274265333805597E-4
"7728,2873",2022-04-13,2.2685181876159729E-4
"7733,2873",2022-04-13,2.3165324502812275E-4
"7693,2878",2022-04-13,7.999932844274554E-5
"7698,2878",2022-04-13,7.128829923681173E-5
"7703,2878",2022-04-13,7.631526805312193E-5
"7708,2878",2022-04-13,9.282382908374468E-5
"7713,2878",2022-04-13,1.1388172318934318E-4
"7718,2878",2022-04-13,1.3428152730496113E-4
"7723,2878",2022-04-13,1.6381907073042566E-4
"7728,2878",2022-04-13,1.5689545952791411E-4
"7693,2883",2022-04-13,5.6783976418024513E-5
"7698,2883",2022-04-13,5.430725897738213E-5
"7703,2883",2022-04-13,6.818390791178805E-5
"7708,2883",2022-04-13,1.0148591566714608E-4
"7713,2883",2022-04-13,1.0822213623795447E-4
"7718,2883",2022-04-13,1.0212426447912308E-4
"7723,2883",2022-04-13,1.1101495820636261E-4
"7703,2888",2022-04-13,5.976286794821139E-5
"7708,2888",2022-04-13,9.591539494988624E-5
"7713,2888",2022-04-13,1.0677581149168683E-4
"7718,2888",2022-04-13,9.615080948078863E-5
"7723,2888",2022-04-13,8.836487473326786E-5
"7713,2843",2022-04-14,1.0459071725931555E-4
"7718,2843",2022-04-14,8.109530959199556E-5
"7723,2843",2022-04-14,8.293131097595959E-5
"7708,2848",2022-04-14,9.610444818805515E-5
"7713,2848",2022-04-14,1.0242869130325032E-4
"7718,2848",2022-04-14,9.840111492688925E-5
"7723,2848",2022-04-14,9.8573777339053E-5
"7728,2848",2022-04-14,1.0963850491041648E-4
"7733,2848",2022-04-14,1.2513526096755606E-4
"7688,2853",2022-04-14,7.452799619636783E-5
"7693,2853",2022-04-14,6.134155502937589E-5
"7698,2853",2022-04-14,6.750561830515608E-5
"7703,2853",2022-04-14,7.722497040824309E-5
"7708,2853",2022-04-14,9.205787897093761E-5
"7713,2853",2022-04-14,1.0423405048503766E-4
"7718,2853",2022-04-14,1.1313920872302262E-4
"7723,2853",2022-04-14,1.2117160178639857E-4
"7728,2853",2022-04-14,1.3672593552845535E-4
"7733,2853",2022-04-14,1.5605934747170807E-4
"7683,2858",2022-04-14,8.021253239764611E-5
"7688,2858",2022-04-14,7.708444030873939E-5
"7693,2858",2022-04-14,7.262021104052322E-5
"7698,2858",2022-04-14,7.648814433249801E-5
"7703,2858",2022-04-14,7.809738659978512E-5
"7708,2858",2022-04-14,8.507912759910819E-5
"7713,2858",2022-04-14,9.486294501118652E-5
"7718,2858",2022-04-14,1.2155192373147476E-4
"7723,2858",2022-04-14,1.235441519217734E-4
"7728,2858",2022-04-14,1.466917129819651E-4
"7733,2858",2022-04-14,1.4576628340097294E-4
"7688,2863",2022-04-14,6.763639231638564E-5
"7693,2863",2022-04-14,6.430228272333163E-5
"7698,2863",2022-04-14,7.234220563830484E-5
"7703,2863",2022-04-14,7.836165594742739E-5
"7708,2863",2022-04-14,9.512797049464652E-5
"7713,2863",2022-04-14,1.0283223580893247E-4
"7718,2863",2022-04-14,1.1426334634478682E-4
"7723,2863",2022-04-14,1.280803765410598E-4
"7728,2863",2022-04-14,1.405103062724252E-4
"7733,2863",2022-04-14,1.424716381645527E-4
"7693,2868",2022-04-14,6.48756056817768E-5
"7698,2868",2022-04-14,7.028014708458843E-5
"7703,2868",2022-04-14,7.852134473994955E-5
"7708,2868",2022-04-14,8.312121221390328E-5
"7713,2868",2022-04-14,9.381299415858849E-5
"7718,2868",2022-04-14,1.0386955311861213E-4
"7723,2868",2022-04-14,1.3129364185023945E-4
"7728,2868",2022-04-14,1.3179864921082567E-4
"7733,2868",2022-04-14,1.2615531860550605E-4
"7693,2873",2022-04-14,6.407458385914514E-5
"7698,2873",2022-04-14,6.44410919360613E-5
"7703,2873",2022-04-14,6.377465655283401E-5
"7708,2873",2022-04-14,7.331659879977001E-5
"7713,2873",2022-04-14,8.556027895157541E-5
"7718,2873",2022-04-14,1.031557674696387E-4
"7723,2873",2022-04-14,1.0129234363695195E-4
"7728,2873",2022-04-14,9.722199215090283E-5
"7733,2873",2022-04-14,8.514844771860596E-5
"7693,2878",2022-04-14,5.9381270588359525E-5
"7698,2878",2022-04-14,6.30477581266308E-5
"7703,2878",2022-04-14,6.430712460808173E-5
"7708,2878",2022-04-14,8.283507949521787E-5
"7713,2878",2022-04-14,8.83887479288547E-5
"7718,2878",2022-04-14,7.81017548505995E-5
"7723,2878",2022-04-14,7.136291898728361E-5
"7728,2878",2022-04-14,7.103329339164668E-5
"7693,2883",2022-04-14,5.639349377093562E-5
"7698,2883",2022-04-14,6.36329734370522E-5
"7703,2883",2022-04-14,5.4198970463358205E-5
"7708,2883",2022-04-14,7.0375775867344E-5
"7713,2883",2022-04-14,7.400726987191626E-5
"7718,2883",2022-04-14,7.392362431040684E-5
"7723,2883",2022-04-14,6.69317981493626E-5
"7703,2888",2022-04-14,5.446451400452144E-5
"7708,2888",2022-04-14,5.980962415386564E-5
"7713,2888",2022-04-14,7.44453095462529E-5
"7718,2888",2022-04-14,7.807916094553879E-5
"7723,2888",2022-04-14,6.63215488413111E-5
"7713,2843",2022-04-15,1.0251877122859163E-4
"7718,2843",2022-04-15,9.771235109535976E-5
"7723,2843",2022-04-15,9.906608669043654E-5
"7708,2848",2022-04-15,1.2808157701994162E-4
"7713,2848",2022-04-15,1.1860169942851634E-4
"7718,2848",2022-04-15,1.3376389520499237E-4
"7723,2848",2022-04-15,1.4098288472547043E-4
"7728,2848",2022-04-15,1.642943414687192E-4
"7733,2848",2022-04-15,2.0197427885052324E-4
"7688,2853",2022-04-15,7.957201551666472E-5
"7693,2853",2022-04-15,8.573685958492686E-5
"7698,2853",2022-04-15,9.613900962034588E-5
"7703,2853",2022-04-15,1.1852459768034259E-4
"7708,2853",2022-04-15,1.2423617425381557E-4
"7713,2853",2022-04-15,1.3167677510841385E-4
"7718,2853",2022-04-15,1.4270242653333556E-4
"7723,2853",2022-04-15,1.8213816217972013E-4
"7728,2853",2022-04-15,2.27219106141046E-4
"7733,2853",2022-04-15,2.486094091040375E-4
"7683,2858",2022-04-15,8.35303465642964E-5
"7688,2858",2022-04-15,8.149065937856704E-5
"7693,2858",2022-04-15,8.438089710919947E-5
"7698,2858",2022-04-15,9.158611310124606E-5
"7703,2858",2022-04-15,1.0757450844367033E-4
"7708,2858",2022-04-15,1.2811984745293264E-4
"7713,2858",2022-04-15,1.537427629849412E-4
"7718,2858",2022-04-15,2.025136059351641E-4
"7723,2858",2022-04-15,2.548282772248843E-4
"7728,2858",2022-04-15,2.742989203094402E-4
"7733,2858",2022-04-15,2.9120668457215213E-4
"7688,2863",2022-04-15,7.750826819234621E-5
"7693,2863",2022-04-15,8.561348622042596E-5
"7698,2863",2022-04-15,9.629990290582779E-5
"7703,2863",2022-04-15,1.0967262548760055E-4
"7708,2863",2022-04-15,1.3295179847287993E-4
"7713,2863",2022-04-15,1.5523712713846115E-4
"7718,2863",2022-04-15,1.786420311739386E-4
"7723,2863",2022-04-15,2.2532152069304094E-4
"7728,2863",2022-04-15,2.349662905476472E-4
"7733,2863",2022-04-15,2.576097700345387E-4
"7693,2868",2022-04-15,8.854219092360212E-5
"7698,2868",2022-04-15,9.242058274097951E-5
"7703,2868",2022-04-15,1.0290330177145468E-4
"7708,2868",2022-04-15,1.2288688405115328E-4
"7713,2868",2022-04-15,1.3649238253538365E-4
"7718,2868",2022-04-15,1.4017766992722156E-4
"7723,2868",2022-04-15,1.5036595782540557E-4
"7728,2868",2022-04-15,1.400835727245312E-4
"7733,2868",2022-04-15,1.4450340449929466E-4
"7693,2873",2022-04-15,7.14426846394845E-5
"7698,2873",2022-04-15,7.65052000422571E-5
"7703,2873",2022-04-15,9.141224979709E-5
"7708,2873",2022-04-15,1.0881327986424562E-4
"7713,2873",2022-04-15,1.164758631061971E-4
"7718,2873",2022-04-15,1.1221223166248381E-4
"7723,2873",2022-04-15,9.719822248502175E-5
"7728,2873",2022-04-15,9.156407295237128E-5
"7733,2873",2022-04-15,9.467074446977475E-5
"7693,2878",2022-04-15,6.397966798409598E-5
"7698,2878",2022-04-15,7.037965371629331E-5
"7703,2878",2022-04-15,8.194206514357782E-5
"7708,2878",2022-04-15,9.540181587749785E-5
"7713,2878",2022-04-15,9.360162994695528E-5
"7718,2878",2022-04-15,8.350033518945567E-5
"7723,2878",2022-04-15,7.652454413627501E-5
"7728,2878",2022-04-15,7.761624802427692E-5
"7693,2883",2022-04-15,8.061031193649182E-5
"7698,2883",2022-04-15,7.266097464120617E-5
"7703,2883",2022-04-15,8.046424400208291E-5
"7708,2883",2022-04-15,9.13153506701533E-5
"7713,2883",2022-04-15,9.215953587044968E-5
"7718,2883",2022-04-15,7.428141257631938E-5
"7723,2883",2022-04-15,6.95070209779042E-5
"7703,2888",2022-04-15,7.890250321109733E-5
"7708,2888",2022-04-15,8.742773665000298E-5
"7713,2888",2022-04-15,8.848929832839776E-5
"7718,2888",2022-04-15,7.648068573144333E-5
"7723,2888",2022-04-15,5.85460768042779E-5
"7713,2843",2022-04-16,7.184595954907832E-5
"7718,2843",2022-04-16,7.302016045098057E-5
"7723,2843",2022-04-16,7.406720108336477E-5
"7708,2848",2022-04-16,9.664597846775248E-5
"7713,2848",2022-04-16,8.906530072933789E-5
"7718,2848",2022-04-16,8.280289844304469E-5
"7723,2848",2022-04-16,8.358973403623228E-5
"7728,2848",2022-04-16,8.59704294274592E-5
"7733,2848",2022-04-16,7.42202711688746E-5
"7688,2853",2022-04-16,6.476365840968105E-5
"7693,2853",2022-04-16,7.206090759827473E-5
"7698,2853",2022-04-16,8.246044445668607E-5
"7703,2853",2022-04-16,9.494375131897907E-5
"7708,2853",2022-04-16,1.0483859520175732E-4
"7713,2853",2022-04-16,1.0426802005294615E-4
"7718,2853",2022-04-16,9.488737319254395E-5
"7723,2853",2022-04-16,1.0566140393499825E-4
"7728,2853",2022-04-16,9.699146274137445E-5
"7733,2853",2022-04-16,8.344305327631894E-5
"7683,2858",2022-04-16,6.197960224207153E-5
"7688,2858",2022-04-16,6.135637433546983E-5
"7693,2858",2022-04-16,7.187218802513948E-5
"7698,2858",2022-04-16,7.578553536594281E-5
"7703,2858",2022-04-16,1.1045910905891956E-4
"7708,2858",2022-04-16,1.1725722149767309E-4
"7713,2858",2022-04-16,1.298207504770689E-4
"7718,2858",2022-04-16,1.2719977426793523E-4
"7723,2858",2022-04-16,1.327651552341134E-4
"7728,2858",2022-04-16,1.2202882269150126E-4
"7733,2858",2022-04-16,1.1270515063552449E-4
"7688,2863",2022-04-16,6.473493043886697E-5
"7693,2863",2022-04-16,8.452103823071438E-5
"7698,2863",2022-04-16,8.367600357773112E-5
"7703,2863",2022-04-16,1.1723070901188001E-4
"7708,2863",2022-04-16,1.3154608939475428E-4
"7713,2863",2022-04-16,1.4922349393361423E-4
"7718,2863",2022-04-16,1.475166256328163E-4
"7723,2863",2022-04-16,1.4719783366845229E-4
"7728,2863",2022-04-16,1.3731929390445734E-4
"7733,2863",2022-04-16,1.3004711630510863E-4
"7693,2868",2022-04-16,9.106294884243094E-5
"7698,2868",2022-04-16,9.530668260828264E-5
"7703,2868",2022-04-16,1.0041730618627906E-4
"7708,2868",2022-04-16,1.404322323279987E-4
"7713,2868",2022-04-16,1.6169199269958884E-4
"7718,2868",2022-04-16,1.6213110214206137E-4
"7723,2868",2022-04-16,1.5287542361685637E-4
"7728,2868",2022-04-16,1.350453159381983E-4
"7733,2868",2022-04-16,1.2810650826374425E-4
"7693,2873",2022-04-16,9.045150149768236E-5
"7698,2873",2022-04-16,1.0025251303490845E-4
"7703,2873",2022-04-16,1.0349318975395779E-4
"7708,2873",2022-04-16,1.3929349143773287E-4
"7713,2873",2022-04-16,1.459812787714974E-4
"7718,2873",2022-04-16,1.53917906341569E-4
"7723,2873",2022-04-16,1.4083783304486044E-4
"7728,2873",2022-04-16,1.256920927532057E-4
"7733,2873",2022-04-16,1.1278415317134067E-4
"7693,2878",2022-04-16,9.054544355181009E-5
"7698,2878",2022-04-16,9.89062778296415E-5
"7703,2878",2022-04-16,1.1658217850446798E-4
"7708,2878",2022-04-16,1.3679551807190332E-4
"7713,2878",2022-04-16,1.3548167273641683E-4
"7718,2878",2022-04-16,1.4025629489062842E-4
"7723,2878",2022-04-16,1.1501660864766029E-4
"7728,2878",2022-04-16,1.1019917808499772E-4
"7693,2883",2022-04-16,9.697500847566705E-5
"7698,2883",2022-04-16,9.878041994603499E-5
"7703,2883",2022-04-16,1.2362006666321514E-4
"7708,2883",2022-04-16,1.3785181318853903E-4
"7713,2883",2022-04-16,1.215026206705339E-4
"7718,2883",2022-04-16,1.1883773612785716E-4
"7723,2883",2022-04-16,1.0214463059971993E-4
"7703,2888",2022-04-16,1.2380083272018298E-4
"7708,2888",2022-04-16,1.2113009745905877E-4
"7713,2888",2022-04-16,1.1825214178626222E-4
"7718,2888",2022-04-16,9.672842022852945E-5
"7723,2888",2022-04-16,7.934232971728735E-5
"7713,2843",2022-04-17,5.265573034781464E-5
"7718,2843",2022-04-17,4.9323145978724926E-5
"7723,2843",2022-04-17,5.1813424233266734E-5
"7708,2848",2022-04-17,7.538995922311918E-5
"7713,2848",2022-04-17,6.30303862663365E-5
"7718,2848",2022-04-17,5.8577400677684016E-5
"7723,2848",2022-04-17,6.22783911235769E-5
"7728,2848",2022-04-17,5.7240320528549185E-5
"7733,2848",2022-04-17,7.178693807558029E-5
"7688,2853",2022-04-17,6.459085713577688E-5
"7693,2853",2022-04-17,6.940239523232791E-5
"7698,2853",2022-04-17,7.183543027085147E-5
"7703,2853",2022-04-17,8.632403280219708E-5
"7708,2853",2022-04-17,8.710702544812522E-5
"7713,2853",2022-04-17,7.404848078655249E-5
"7718,2853",2022-04-17,7.509716215798747E-5
"7723,2853",2022-04-17,8.515114832957555E-5
"7728,2853",2022-04-17,7.929322737597375E-5
"7733,2853",2022-04-17,8.039324858472588E-5
"7683,2858",2022-04-17,6.586952740486258E-5
"7688,2858",2022-04-17,7.261188000875216E-5
"7693,2858",2022-04-17,8.663899010242887E-5
"7698,2858",2022-04-17,8.238989176148477E-5
"7703,2858",2022-04-17,8.932072382405079E-5
"7708,2858",2022-04-17,9.252802512759551E-5
"7713,2858",2022-04-17,8.781632768341204E-5
"7718,2858",2022-04-17,9.639683177294885E-5
"7723,2858",2022-04-17,1.0088349945240241E-4
"7728,2858",2022-04-17,9.100639065515073E-5
"7733,2858",2022-04-17,8.596331532341606E-5
"7688,2863",2022-04-17,7.925582855743706E-5
"7693,2863",2022-04-17,8.782694130094594E-5
"7698,2863",2022-04-17,9.712848229936393E-5
"7703,2863",2022-04-17,9.807120006761858E-5
"7708,2863",2022-04-17,1.013256441773466E-4
"7713,2863",2022-04-17,1.0301507267164433E-4
"7718,2863",2022-04-17,9.514940518867083E-5
"7723,2863",2022-04-17,1.0327542942123111E-4
"7728,2863",2022-04-17,1.0667879067214474E-4
"7733,2863",2022-04-17,9.72149127405332E-5
"7693,2868",2022-04-17,8.862760609600635E-5
"7698,2868",2022-04-17,9.924314002793431E-5
"7703,2868",2022-04-17,1.0484229410360857E-4
"7708,2868",2022-04-17,1.1448447065697415E-4
"7713,2868",2022-04-17,1.1044412118851833E-4
"7718,2868",2022-04-17,1.0298131554736192E-4
"7723,2868",2022-04-17,1.0051039455783212E-4
"7728,2868",2022-04-17,1.0471465211711291E-4
"7733,2868",2022-04-17,1.0604119649198227E-4
"7693,2873",2022-04-17,7.762161662744613E-5
"7698,2873",2022-04-17,8.597082375868848E-5
"7703,2873",2022-04-17,1.0316535892211301E-4
"7708,2873",2022-04-17,1.1267634743020561E-4
"7713,2873",2022-04-17,1.1568243761342048E-4
"7718,2873",2022-04-17,1.1029421412059402E-4
"7723,2873",2022-04-17,9.776832860172919E-5
"7728,2873",2022-04-17,9.782397352469852E-5
"7733,2873",2022-04-17,1.013936979575064E-4
"7693,2878",2022-04-17,6.199583075801517E-5
"7698,2878",2022-04-17,6.714110050948417E-5
"7703,2878",2022-04-17,8.515196703449885E-5
"7708,2878",2022-04-17,1.0172110714219126E-4
"7713,2878",2022-04-17,1.093008503406767E-4
"7718,2878",2022-04-17,1.0094593970104177E-4
"7723,2878",2022-04-17,9.206639409955873E-5
"7728,2878",2022-04-17,8.749419386895057E-5
"7693,2883",2022-04-17,5.5371316163785835E-5
"7698,2883",2022-04-17,5.455593809379876E-5
"7703,2883",2022-04-17,6.249175899493864E-5
"7708,2883",2022-04-17,8.085576502430103E-5
"7713,2883",2022-04-17,9.152392522129481E-5
"7718,2883",2022-04-17,8.967564055728236E-5
"7723,2883",2022-04-17,8.865702008518688E-5
"7703,2888",2022-04-17,5.9405079713640526E-5
"7708,2888",2022-04-17,7.41498587780436E-5
"7713,2888",2022-04-17,7.794187664104214E-5
"7718,2888",2022-04-17,7.707878059482787E-5
"7723,2888",2022-04-17,8.443799432689849E-5
"7713,2843",2022-04-17,7.115405601411213E-5
"7718,2843",2022-04-17,7.044342239340526E-5
"7723,2843",2022-04-17,6.441077942151785E-5
"7708,2848",2022-04-17,8.091434735357715E-5
"7713,2848",2022-04-17,8.107327102541203E-5
"7718,2848",2022-04-17,7.959871884660849E-5
"7723,2848",2022-04-17,7.389152800544687E-5
"7728,2848",2022-04-17,7.402047649190894E-5
"7733,2848",2022-04-17,7.601231318190323E-5
"7688,2853",2022-04-17,6.519739732435532E-5
"7693,2853",2022-04-17,7.272739856419682E-5
"7698,2853",2022-04-17,7.278568581072143E-5
"7703,2853",2022-04-17,7.774717841000315E-5
"7708,2853",2022-04-17,9.720821300898708E-5
"7713,2853",2022-04-17,9.728377967941463E-5
"7718,2853",2022-04-17,9.956204642458761E-5
"7723,2853",2022-04-17,1.0252338333554256E-4
"7728,2853",2022-04-17,1.0268607149766136E-4
"7733,2853",2022-04-17,9.948440099096764E-5
"7683,2858",2022-04-17,6.41485121053729E-5
"7688,2858",2022-04-17,6.634828057312454E-5
"7693,2858",2022-04-17,7.109560068341666E-5
"7698,2858",2022-04-17,7.110313004962855E-5
"7703,2858",2022-04-17,8.357623505219002E-5
"7708,2858",2022-04-17,1.0782277383003908E-4
"7713,2858",2022-04-17,1.0780268327960799E-4
"7718,2858",2022-04-17,1.165893672828324E-4
"7723,2858",2022-04-17,1.2358951375563798E-4
"7728,2858",2022-04-17,1.2360132930034595E-4
"7733,2858",2022-04-17,1.1556970969075373E-4
"7688,2863",2022-04-17,6.57562447712026E-5
"7693,2863",2022-04-17,7.347591576015104E-5
"7698,2863",2022-04-17,7.347832544565606E-5
"7703,2863",2022-04-17,8.84022058298872E-5
"7708,2863",2022-04-17,1.0341333644320333E-4
"7713,2863",2022-04-17,1.0339998659165668E-4
"7718,2863",2022-04-17,1.2246008047268135E-4
"7723,2863",2022-04-17,1.3008334207600318E-4
"7728,2863",2022-04-17,1.3015208519197367E-4
"7733,2863",2022-04-17,1.3047472529492403E-4
"7693,2868",2022-04-17,7.527553227469107E-5
"7698,2868",2022-04-17,7.528300791987792E-5
"7703,2868",2022-04-17,9.412111802329627E-5
"7708,2868",2022-04-17,1.0383077005289021E-4
"7713,2868",2022-04-17,1.039020111254444E-4
"7718,2868",2022-04-17,1.307110815267817E-4
"7723,2868",2022-04-17,1.3529813857630248E-4
"7728,2868",2022-04-17,1.3503854856330085E-4
"7733,2868",2022-04-17,1.3352506187263858E-4
"7693,2873",2022-04-17,7.500703771583761E-5
"7698,2873",2022-04-17,7.499599567595578E-5
"7703,2873",2022-04-17,9.180886740046893E-5
"7708,2873",2022-04-17,9.595709108019073E-5
"7713,2873",2022-04-17,9.7645144875903E-5
"7718,2873",2022-04-17,1.2370475099026453E-4
"7723,2873",2022-04-17,1.247590419196014E-4
"7728,2873",2022-04-17,1.226740408649089E-4
"7733,2873",2022-04-17,1.1288320303025928E-4
"7693,2878",2022-04-17,6.85375995234765E-5
"7698,2878",2022-04-17,6.905779751350139E-5
"7703,2878",2022-04-17,8.109832679226568E-5
"7708,2878",2022-04-17,8.185906905494189E-5
"7713,2878",2022-04-17,8.646056977764322E-5
"7718,2878",2022-04-17,1.093590780386403E-4
"7723,2878",2022-04-17,1.0929487069080717E-4
"7728,2878",2022-04-17,1.0416842067587017E-4
"7693,2883",2022-04-17,6.54925952661201E-5
"7698,2883",2022-04-17,6.754242899408143E-5
"7703,2883",2022-04-17,8.074716604245509E-5
"7708,2883",2022-04-17,8.0825174538124E-5
"7713,2883",2022-04-17,8.647776414851384E-5
"7718,2883",2022-04-17,9.85177678780069E-5
"7723,2883",2022-04-17,9.84665477748598E-5
"7703,2888",2022-04-17,7.46981432317148E-5
"7708,2888",2022-04-17,7.464064170516595E-5
"7713,2888",2022-04-17,7.928766855280295E-5
"7718,2888",2022-04-17,8.441761915546677E-5
"7723,2888",2022-04-17,8.43102442625335E-5
"7713,2843",2022-04-18,1.563572815698292E-4
"7718,2843",2022-04-18,1.4119507271813392E-4
"7723,2843",2022-04-18,1.4112030366509088E-4
"7708,2848",2022-04-18,1.5962275565271192E-4
"7713,2848",2022-04-18,1.8362904669005556E-4
"7718,2848",2022-04-18,1.8605373137299937E-4
"7723,2848",2022-04-18,1.8653018647556236E-4
"7728,2848",2022-04-18,1.8740873340012402E-4
"7733,2848",2022-04-18,1.6173427137036836E-4
"7688,2853",2022-04-18,8.228416911934711E-5
"7693,2853",2022-04-18,9.035856073015631E-5
"7698,2853",2022-04-18,9.947290312727027E-5
"7703,2853",2022-04-18,1.2047727508891605E-4
"7708,2853",2022-04-18,1.428773098638993E-4
"7713,2853",2022-04-18,1.67868837901862E-4
"7718,2853",2022-04-18,1.974869679169425E-4
"7723,2853",2022-04-18,2.028229716136619E-4
"7728,2853",2022-04-18,1.9655286420449758E-4
"7733,2853",2022-04-18,1.582549983483554E-4
"7683,2858",2022-04-18,7.764135850196937E-5
"7688,2858",2022-04-18,8.096926932267315E-5
"7693,2858",2022-04-18,8.413554303021415E-5
"7698,2858",2022-04-18,8.863766070513817E-5
"7703,2858",2022-04-18,1.1188328694112978E-4
"7708,2858",2022-04-18,1.340886309842393E-4
"7713,2858",2022-04-18,1.5106889832527563E-4
"7718,2858",2022-04-18,1.7136354511263453E-4
"7723,2858",2022-04-18,1.8209476573275555E-4
"7728,2858",2022-04-18,1.720467393397835E-4
"7733,2858",2022-04-18,1.540802873914022E-4
"7688,2863",2022-04-18,6.984985604810368E-5
"7693,2863",2022-04-18,8.854166137949532E-5
"7698,2863",2022-04-18,9.297769080219438E-5
"7703,2863",2022-04-18,1.0056909082297609E-4
"7708,2863",2022-04-18,1.2757226813576002E-4
"7713,2863",2022-04-18,1.4366643691798915E-4
"7718,2863",2022-04-18,1.5672242266797596E-4
"7723,2863",2022-04-18,1.6484954046403E-4
"7728,2863",2022-04-18,1.5485602307442625E-4
"7733,2863",2022-04-18,1.4804692386471329E-4
"7693,2868",2022-04-18,8.612416991116812E-5
"7698,2868",2022-04-18,8.93584154178427E-5
"7703,2868",2022-04-18,9.458551152134357E-5
"7708,2868",2022-04-18,1.1840891025946311E-4
"7713,2868",2022-04-18,1.3817217942671054E-4
"7718,2868",2022-04-18,1.5006032660898336E-4
"7723,2868",2022-04-18,1.5578563510286068E-4
"7728,2868",2022-04-18,1.438432082576881E-4
"7733,2868",2022-04-18,1.4028942692909568E-4
"7693,2873",2022-04-18,7.913693616760091E-5
"7698,2873",2022-04-18,8.546472177206745E-5
"7703,2873",2022-04-18,9.030120879636609E-5
"7708,2873",2022-04-18,1.0117305210076629E-4
"7713,2873",2022-04-18,1.2104611913419323E-4
"7718,2873",2022-04-18,1.2739831524309452E-4
"7723,2873",2022-04-18,1.3045463296664322E-4
"7728,2873",2022-04-18,1.0926455385217924E-4
"7733,2873",2022-04-18,1.0411856676306502E-4
"7693,2878",2022-04-18,7.654080385045431E-5
"7698,2878",2022-04-18,8.049621604617472E-5
"7703,2878",2022-04-18,8.580182512743727E-5
"7708,2878",2022-04-18,9.22262359491392E-5
"7713,2878",2022-04-18,1.0374894319087157E-4
"7718,2878",2022-04-18,1.0392641908849438E-4
"7723,2878",2022-04-18,1.0140204505081272E-4
"7728,2878",2022-04-18,8.76694254045496E-5
"7693,2883",2022-04-18,6.945261370809706E-5
"7698,2883",2022-04-18,7.099871976102254E-5
"7703,2883",2022-04-18,8.332991341747759E-5
"7708,2883",2022-04-18,9.177863694545915E-5
"7713,2883",2022-04-18,9.981610120712521E-5
"7718,2883",2022-04-18,9.321061311799687E-5
"7723,2883",2022-04-18,8.79891839356664E-5
"7703,2888",2022-04-18,7.854313607004417E-5
"7708,2888",2022-04-18,8.46045585802764E-5
"7713,2888",2022-04-18,8.953348621352995E-5
"7718,2888",2022-04-18,8.524997672430701E-5
"7723,2888",2022-04-18,7.950142638847003E-5
"7713,2843",2022-04-19,8.98517302310906E-5
"7718,2843",2022-04-19,1.0439458784610928E-4
"7723,2843",2022-04-19,1.1436085456596202E-4
"7708,2848",2022-04-19,8.377517604789362E-5
"7713,2848",2022-04-19,8.748830041747892E-5
"7718,2848",2022-04-19,1.1155202085758345E-4
"7723,2848",2022-04-19,1.2023642008022887E-4
"7728,2848",2022-04-19,1.2821257629402715E-4
"7733,2848",2022-04-19,1.5224350624109073E-4
"7688,2853",2022-04-19,6.209797816140163E-5
"7693,2853",2022-04-19,5.712072952920235E-5
"7698,2853",2022-04-19,6.27140607371558E-5
"7703,2853",2022-04-19,6.92024267006496E-5
"7708,2853",2022-04-19,7.675669185271555E-5
"7713,2853",2022-04-19,9.131784637834525E-5
"7718,2853",2022-04-19,1.0767097993047274E-4
"7723,2853",2022-04-19,1.3363300225143415E-4
"7728,2853",2022-04-19,1.5930068073160753E-4
"7733,2853",2022-04-19,1.7506696066072489E-4
"7683,2858",2022-04-19,5.914019300328194E-5
"7688,2858",2022-04-19,5.884162197464807E-5
"7693,2858",2022-04-19,5.5137576007207234E-5
"7698,2858",2022-04-19,5.961842641491537E-5
"7703,2858",2022-04-19,7.068385637149629E-5
"7708,2858",2022-04-19,7.810304441391868E-5
"7713,2858",2022-04-19,8.866643011167763E-5
"7718,2858",2022-04-19,1.1066396194212683E-4
"7723,2858",2022-04-19,1.366094683509445E-4
"7728,2858",2022-04-19,1.668877602341018E-4
"7733,2858",2022-04-19,1.7755296433071073E-4
"7688,2863",2022-04-19,5.823686447741637E-5
"7693,2863",2022-04-19,6.429099851950606E-5
"7698,2863",2022-04-19,6.785877741445836E-5
"7703,2863",2022-04-19,7.538556482919276E-5
"7708,2863",2022-04-19,7.825088254673238E-5
"7713,2863",2022-04-19,7.687759912619736E-5
"7718,2863",2022-04-19,1.0040844674154411E-4
"7723,2863",2022-04-19,1.2337895498456945E-4
"7728,2863",2022-04-19,1.4431749334042662E-4
"7733,2863",2022-04-19,1.6295077456034265E-4
"7693,2868",2022-04-19,6.735029747930753E-5
"7698,2868",2022-04-19,7.157844245177717E-5
"7703,2868",2022-04-19,7.082774533540238E-5
"7708,2868",2022-04-19,7.555199488627176E-5
"7713,2868",2022-04-19,8.069283372475481E-5
"7718,2868",2022-04-19,1.0417252849454555E-4
"7723,2868",2022-04-19,1.1465893727404848E-4
"7728,2868",2022-04-19,1.3606030940044967E-4
"7733,2868",2022-04-19,1.2387382845698561E-4
"7693,2873",2022-04-19,7.714503458224966E-5
"7698,2873",2022-04-19,6.3835962776277E-5
"7703,2873",2022-04-19,6.142865097206871E-5
"7708,2873",2022-04-19,6.77827497740706E-5
"7713,2873",2022-04-19,7.182010207188212E-5
"7718,2873",2022-04-19,7.30191197177435E-5
"7723,2873",2022-04-19,7.71959730714499E-5
"7728,2873",2022-04-19,9.708977750199344E-5
"7733,2873",2022-04-19,8.440463752402938E-5
"7693,2878",2022-04-19,6.474536783218957E-5
"7698,2878",2022-04-19,5.629253760700989E-5
"7703,2878",2022-04-19,6.893846490231659E-5
"7708,2878",2022-04-19,6.89018766991598E-5
"7713,2878",2022-04-19,6.792174799355479E-5
"7718,2878",2022-04-19,7.087738545887385E-5
"7723,2878",2022-04-19,7.260477981039936E-5
"7728,2878",2022-04-19,6.976598328630923E-5
"7693,2883",2022-04-19,5.0068064696000384E-5
"7698,2883",2022-04-19,5.066102770028944E-5
"7703,2883",2022-04-19,6.963350627988034E-5
"7708,2883",2022-04-19,7.4158926701822E-5
"7713,2883",2022-04-19,7.053654930599609E-5
"7718,2883",2022-04-19,6.28057768155762E-5
"7723,2883",2022-04-19,6.314848714392315E-5
"7703,2888",2022-04-19,5.516243390759654E-5
"7708,2888",2022-04-19,5.6811085205411623E-5
"7713,2888",2022-04-19,6.435512639043844E-5
"7718,2888",2022-04-19,5.981634449620148E-5
"7723,2888",2022-04-19,5.5891978749547715E-5
"7713,2843",2022-04-20,7.78472805173068E-5
"7718,2843",2022-04-20,7.186871228282765E-5
"7723,2843",2022-04-20,7.142876305766319E-5
"7708,2848",2022-04-20,7.656028473487846E-5
"7713,2848",2022-04-20,6.902464185373722E-5
"7718,2848",2022-04-20,8.258989144858173E-5
"7723,2848",2022-04-20,9.932839941203392E-5
"7728,2848",2022-04-20,1.1540245259751656E-4
"7733,2848",2022-04-20,1.3372756593812922E-4
"7688,2853",2022-04-20,4.412996261212899E-5
"7693,2853",2022-04-20,5.496012218272808E-5
"7698,2853",2022-04-20,5.8564934288792114E-5
"7703,2853",2022-04-20,5.680064202858853E-5
"7708,2853",2022-04-20,6.883701347895548E-5
"7713,2853",2022-04-20,8.696967063458197E-5
"7718,2853",2022-04-20,1.0286503369355738E-4
"7723,2853",2022-04-20,1.0725337392644172E-4
"7728,2853",2022-04-20,1.41415191398635E-4
"7733,2853",2022-04-20,1.4979792188144002E-4
"7683,2858",2022-04-20,5.158412871069422E-5
"7688,2858",2022-04-20,4.908558566944574E-5
"7693,2858",2022-04-20,5.4398838202145926E-5
"7698,2858",2022-04-20,5.3525504582165554E-5
"7703,2858",2022-04-20,5.582198650843114E-5
"7708,2858",2022-04-20,6.816234615070241E-5
"7713,2858",2022-04-20,9.210192150941225E-5
"7718,2858",2022-04-20,8.763420193197855E-5
"7723,2858",2022-04-20,1.0327661139281291E-4
"7728,2858",2022-04-20,1.343346970554476E-4
"7733,2858",2022-04-20,1.4327469799748233E-4
"7688,2863",2022-04-20,5.397345019763935E-5
"7693,2863",2022-04-20,5.514848336440959E-5
"7698,2863",2022-04-20,5.078254078049535E-5
"7703,2863",2022-04-20,5.862801745044081E-5
"7708,2863",2022-04-20,7.59168126010286E-5
"7713,2863",2022-04-20,7.16514358029795E-5
"7718,2863",2022-04-20,9.058395952793425E-5
"7723,2863",2022-04-20,9.988788100175358E-5
"7728,2863",2022-04-20,1.1899656362924637E-4
"7733,2863",2022-04-20,1.2548733668582595E-4
"7693,2868",2022-04-20,4.2456826270678304E-5
"7698,2868",2022-04-20,4.9235653927073026E-5
"7703,2868",2022-04-20,5.188054992439735E-5
"7708,2868",2022-04-20,6.214804933416784E-5
"7713,2868",2022-04-20,7.29090807350673E-5
"7718,2868",2022-04-20,9.12710986939533E-5
"7723,2868",2022-04-20,8.914197849268395E-5
"7728,2868",2022-04-20,9.300793643199903E-5
"7733,2868",2022-04-20,9.870783094762266E-5
"7693,2873",2022-04-20,4.0729054689563454E-5
"7698,2873",2022-04-20,4.601891822570881E-5
"7703,2873",2022-04-20,4.993882356646983E-5
"7708,2873",2022-04-20,5.823548659644282E-5
"7713,2873",2022-04-20,6.970326274986835E-5
"7718,2873",2022-04-20,7.319343990943272E-5
"7723,2873",2022-04-20,7.209554855277823E-5
"7728,2873",2022-04-20,6.714574939795989E-5
"7733,2873",2022-04-20,7.157100096164012E-5
"7693,2878",2022-04-20,4.2703809916847355E-5
"7698,2878",2022-04-20,4.647355792114811E-5
"7703,2878",2022-04-20,5.066703094186102E-5
"7708,2878",2022-04-20,5.7058242239831514E-5
"7713,2878",2022-04-20,5.8060250875678884E-5
"7718,2878",2022-04-20,6.276157071283157E-5
"7723,2878",2022-04-20,5.738327361290558E-5
"7728,2878",2022-04-20,6.315418366379142E-5
"7693,2883",2022-04-20,4.551654002737703E-5
"7698,2883",2022-04-20,4.458673029711203E-5
"7703,2883",2022-04-20,4.394689630008238E-5
"7708,2883",2022-04-20,4.876917675255106E-5
"7713,2883",2022-04-20,5.22683615803857E-5
"7718,2883",2022-04-20,6.125747486539568E-5
"7723,2883",2022-04-20,5.160571549184853E-5
"7703,2888",2022-04-20,4.874869571820219E-5
"7708,2888",2022-04-20,5.18102752513157E-5
"7713,2888",2022-04-20,5.073690374730207E-5
"7718,2888",2022-04-20,5.4378710144145244E-5
"7723,2888",2022-04-20,5.714038029637949E-5
"7713,2843",2022-04-22,1.1777301985876224E-4
"7718,2843",2022-04-22,1.0675041718756641E-4
"7723,2843",2022-04-22,1.2736392552343208E-4
"7708,2848",2022-04-22,1.1659763424719275E-4
"7713,2848",2022-04-22,1.2117707376765752E-4
"7718,2848",2022-04-22,1.2304452256302188E-4
"7723,2848",2022-04-22,1.881289951203496E-4
"7728,2848",2022-04-22,1.8254657363023948E-4
"7733,2848",2022-04-22,1.7117280829536457E-4
"7688,2853",2022-04-22,5.738859009676231E-5
"7693,2853",2022-04-22,7.043339715063071E-5
"7698,2853",2022-04-22,6.931296373516977E-5
"7703,2853",2022-04-22,8.200879100612245E-5
"7708,2853",2022-04-22,1.2060201282514892E-4
"7713,2853",2022-04-22,1.2183534380348336E-4
"7718,2853",2022-04-22,1.532701391840777E-4
"7723,2853",2022-04-22,2.2658577274699306E-4
"7728,2853",2022-04-22,2.1508501128523108E-4
"7733,2853",2022-04-22,2.4053510754006935E-4
"7683,2858",2022-04-22,6.166079092223072E-5
"7688,2858",2022-04-22,7.105857147924241E-5
"7693,2858",2022-04-22,7.518195729633637E-5
"7698,2858",2022-04-22,7.358952234196477E-5
"7703,2858",2022-04-22,9.43390873199276E-5
"7708,2858",2022-04-22,1.1696223540232568E-4
"7713,2858",2022-04-22,1.1901262286404323E-4
"7718,2858",2022-04-22,1.791490489807735E-4
"7723,2858",2022-04-22,2.150093317278207E-4
"7728,2858",2022-04-22,2.2308853202557914E-4
"7733,2858",2022-04-22,3.037286986760353E-4
"7688,2863",2022-04-22,7.22768416550826E-5
"7693,2863",2022-04-22,7.77212815259391E-5
"7698,2863",2022-04-22,7.853895810191188E-5
"7703,2863",2022-04-22,9.724306982330461E-5
"7708,2863",2022-04-22,1.0773793189424027E-4
"7713,2863",2022-04-22,1.1754771663680565E-4
"7718,2863",2022-04-22,1.689509370384339E-4
"7723,2863",2022-04-22,1.8270600934655918E-4
"7728,2863",2022-04-22,2.0419086871269914E-4
"7733,2863",2022-04-22,2.5101776770157844E-4
"7693,2868",2022-04-22,6.756727875816098E-5
"7698,2868",2022-04-22,7.197940646535222E-5
"7703,2868",2022-04-22,8.156452597844932E-5
"7708,2868",2022-04-22,8.882379165305713E-5
"7713,2868",2022-04-22,1.1142332690688305E-4
"7718,2868",2022-04-22,1.4181980051481362E-4
"7723,2868",2022-04-22,1.5399214371063008E-4
"7728,2868",2022-04-22,1.4217251042639015E-4
"7733,2868",2022-04-22,1.571996955657225E-4
"7693,2873",2022-04-22,5.687630953152836E-5
"7698,2873",2022-04-22,5.977320913382612E-5
"7703,2873",2022-04-22,6.547226790914116E-5
"7708,2873",2022-04-22,7.155642476034928E-5
"7713,2873",2022-04-22,9.098731382599323E-5
"7718,2873",2022-04-22,1.0477196117673809E-4
"7723,2873",2022-04-22,1.1546092388002897E-4
"7728,2873",2022-04-22,8.95741988560016E-5
"7733,2873",2022-04-22,1.0294577446645204E-4
"7693,2878",2022-04-22,5.1320265554493566E-5
"7698,2878",2022-04-22,5.177427103009108E-5
"7703,2878",2022-04-22,5.365707995552889E-5
"7708,2878",2022-04-22,5.999773564904561E-5
"7713,2878",2022-04-22,7.068815564463903E-5
"7718,2878",2022-04-22,7.748849592161E-5
"7723,2878",2022-04-22,7.525388595776984E-5
"7728,2878",2022-04-22,6.637464811062486E-5
"7693,2883",2022-04-22,4.928850805113681E-5
"7698,2883",2022-04-22,4.957160085265331E-5
"7703,2883",2022-04-22,4.9635012006294174E-5
"7708,2883",2022-04-22,5.537634344119162E-5
"7713,2883",2022-04-22,5.9839856586190394E-5
"7718,2883",2022-04-22,6.310722408595993E-5
"7723,2883",2022-04-22,5.291866231909E-5
"7703,2888",2022-04-22,5.046098968143982E-5
"7708,2888",2022-04-22,5.459625721752215E-5
"7713,2888",2022-04-22,5.480590179159132E-5
"7718,2888",2022-04-22,5.198310250065133E-5
"7723,2888",2022-04-22,4.29848259485229E-5
"7713,2843",2022-04-22,9.361815211940529E-5
"7718,2843",2022-04-22,9.632871933283503E-5
"7723,2843",2022-04-22,9.557217358916404E-5
"7708,2848",2022-04-22,8.4125127416245E-5
"7713,2848",2022-04-22,9.514279488631173E-5
"7718,2848",2022-04-22,9.870344115320604E-5
"7723,2848",2022-04-22,1.1057527798658987E-4
"7728,2848",2022-04-22,1.1341311703348047E-4
"7733,2848",2022-04-22,1.185072802203099E-4
"7688,2853",2022-04-22,6.060640526684877E-5
"7693,2853",2022-04-22,6.54150111065937E-5
"7698,2853",2022-04-22,6.68844745482572E-5
"7703,2853",2022-04-22,7.508042024983708E-5
"7708,2853",2022-04-22,7.873150809064813E-5
"7713,2853",2022-04-22,9.57148963044578E-5
"7718,2853",2022-04-22,1.031112029446634E-4
"7723,2853",2022-04-22,1.1877642825307615E-4
"7728,2853",2022-04-22,1.2167544668283839E-4
"7733,2853",2022-04-22,1.2402063119891892E-4
"7683,2858",2022-04-22,5.331865869907208E-5
"7688,2858",2022-04-22,5.3252607106700406E-5
"7693,2858",2022-04-22,6.886580340045799E-5
"7698,2858",2022-04-22,7.175991261921486E-5
"7703,2858",2022-04-22,8.434498254631157E-5
"7708,2858",2022-04-22,9.168275435496995E-5
"7713,2858",2022-04-22,1.1333363588810852E-4
"7718,2858",2022-04-22,1.2006607098776765E-4
"7723,2858",2022-04-22,1.2849801841709546E-4
"7728,2858",2022-04-22,1.4056250546221424E-4
"7733,2858",2022-04-22,1.465613326045816E-4
"7688,2863",2022-04-22,5.558247277332857E-5
"7693,2863",2022-04-22,6.439941713590243E-5
"7698,2863",2022-04-22,6.690736405968263E-5
"7703,2863",2022-04-22,8.342450978964633E-5
"7708,2863",2022-04-22,9.373643979980942E-5
"7713,2863",2022-04-22,1.1310687644982127E-4
"7718,2863",2022-04-22,1.2857993865578347E-4
"7723,2863",2022-04-22,1.3842958073738608E-4
"7728,2863",2022-04-22,1.589671405871393E-4
"7733,2863",2022-04-22,1.6452026163072563E-4
"7693,2868",2022-04-22,6.0885791381458944E-5
"7698,2868",2022-04-22,6.348359480631041E-5
"7703,2868",2022-04-22,7.325464307857367E-5
"7708,2868",2022-04-22,8.567332423015954E-5
"7713,2868",2022-04-22,9.780043954515549E-5
"7718,2868",2022-04-22,1.2356805798889136E-4
"7723,2868",2022-04-22,1.3288605808893026E-4
"7728,2868",2022-04-22,1.4250785682727016E-4
"7733,2868",2022-04-22,1.4266203689847795E-4
"7693,2873",2022-04-22,6.130267952399471E-5
"7698,2873",2022-04-22,6.085617017836975E-5
"7703,2873",2022-04-22,6.016718641510762E-5
"7708,2873",2022-04-22,7.461061422256636E-5
"7713,2873",2022-04-22,8.28945289689734E-5
"7718,2873",2022-04-22,9.208308590431969E-5
"7723,2873",2022-04-22,9.392642934171326E-5
"7728,2873",2022-04-22,9.904282491045068E-5
"7733,2873",2022-04-22,9.681349068781067E-5
"7693,2878",2022-04-22,5.5355854065032165E-5
"7698,2878",2022-04-22,6.0401414530079574E-5
"7703,2878",2022-04-22,6.382025518023303E-5
"7708,2878",2022-04-22,6.495179125211881E-5
"7713,2878",2022-04-22,6.579985611392247E-5
"7718,2878",2022-04-22,6.782866430668695E-5
"7723,2878",2022-04-22,6.717945825411775E-5
"7728,2878",2022-04-22,6.629122164622373E-5
"7693,2883",2022-04-22,5.139072466109097E-5
"7698,2883",2022-04-22,5.94806827925801E-5
"7703,2883",2022-04-22,6.1366875681138E-5
"7708,2883",2022-04-22,5.3187524321010584E-5
"7713,2883",2022-04-22,5.384669442074945E-5
"7718,2883",2022-04-22,6.202838220371559E-5
"7723,2883",2022-04-22,6.163017212695416E-5
"7703,2888",2022-04-22,5.4187199147143595E-5
"7708,2888",2022-04-22,5.1963412966437045E-5
"7713,2888",2022-04-22,5.471672438444727E-5
"7718,2888",2022-04-22,6.153924442529226E-5
"7723,2888",2022-04-22,6.104238879220473E-5
"7713,2843",2022-04-23,9.060569107707719E-5
"7718,2843",2022-04-23,9.541959085511778E-5
"7723,2843",2022-04-23,9.952253146974618E-5
"7708,2848",2022-04-23,9.509459315172328E-5
"7713,2848",2022-04-23,1.0751791768696882E-4
"7718,2848",2022-04-23,1.0873970534354457E-4
"7723,2848",2022-04-23,1.0933357052784253E-4
"7728,2848",2022-04-23,1.1867183038833107E-4
"7733,2848",2022-04-23,1.2284010765523348E-4
"7688,2853",2022-04-23,7.256213105185031E-5
"7693,2853",2022-04-23,7.776195700473031E-5
"7698,2853",2022-04-23,8.209511730291514E-5
"7703,2853",2022-04-23,8.759422847586423E-5
"7708,2853",2022-04-23,9.632223999253584E-5
"7713,2853",2022-04-23,1.0117346818383164E-4
"7718,2853",2022-04-23,1.1814022132031711E-4
"7723,2853",2022-04-23,1.2465494240241406E-4
"7728,2853",2022-04-23,1.528163284516279E-4
"7733,2853",2022-04-23,1.540375102756518E-4
"7683,2858",2022-04-23,6.604700089137309E-5
"7688,2858",2022-04-23,6.577393466635149E-5
"7693,2858",2022-04-23,6.588208701663115E-5
"7698,2858",2022-04-23,7.700263506130527E-5
"7703,2858",2022-04-23,8.152346641168207E-5
"7708,2858",2022-04-23,8.497368145957909E-5
"7713,2858",2022-04-23,8.956806084059524E-5
"7718,2858",2022-04-23,1.1846502875393132E-4
"7723,2858",2022-04-23,1.305493309345918E-4
"7728,2858",2022-04-23,1.5511453789337655E-4
"7733,2858",2022-04-23,1.5936640050658865E-4
"7688,2863",2022-04-23,6.78461491987428E-5
"7693,2863",2022-04-23,6.74486806992313E-5
"7698,2863",2022-04-23,7.797087212595728E-5
"7703,2863",2022-04-23,7.964692293642155E-5
"7708,2863",2022-04-23,8.877181400933934E-5
"7713,2863",2022-04-23,9.914951848276243E-5
"7718,2863",2022-04-23,1.236804525470642E-4
"7723,2863",2022-04-23,1.363068996338674E-4
"7728,2863",2022-04-23,1.4873417920116826E-4
"7733,2863",2022-04-23,1.4872322430317778E-4
"7693,2868",2022-04-23,7.432300102265347E-5
"7698,2868",2022-04-23,7.420581602405873E-5
"7703,2868",2022-04-23,7.811004791756328E-5
"7708,2868",2022-04-23,8.973859922359914E-5
"7713,2868",2022-04-23,1.026327882840411E-4
"7718,2868",2022-04-23,1.169842600636302E-4
"7723,2868",2022-04-23,1.256774134418854E-4
"7728,2868",2022-04-23,1.3020274697093164E-4
"7733,2868",2022-04-23,1.1709986297794254E-4
"7693,2873",2022-04-23,6.66277235295771E-5
"7698,2873",2022-04-23,6.519021974802097E-5
"7703,2873",2022-04-23,7.046840188630526E-5
"7708,2873",2022-04-23,7.745994671950951E-5
"7713,2873",2022-04-23,8.712017072343926E-5
"7718,2873",2022-04-23,9.221821530560501E-5
"7723,2873",2022-04-23,9.262047748502495E-5
"7728,2873",2022-04-23,9.215550791195617E-5
"7733,2873",2022-04-23,8.072493368334213E-5
"7693,2878",2022-04-23,6.460584449082236E-5
"7698,2878",2022-04-23,6.259981928743931E-5
"7703,2878",2022-04-23,6.7518644817893E-5
"7708,2878",2022-04-23,7.095709067272174E-5
"7713,2878",2022-04-23,8.066743226401905E-5
"7718,2878",2022-04-23,8.22624144143017E-5
"7723,2878",2022-04-23,7.628775685262689E-5
"7728,2878",2022-04-23,7.404008981042818E-5
"7693,2883",2022-04-23,6.908948418694676E-5
"7698,2883",2022-04-23,6.896937377664094E-5
"7703,2883",2022-04-23,6.664677075865545E-5
"7708,2883",2022-04-23,6.658231768427703E-5
"7713,2883",2022-04-23,6.778179605947746E-5
"7718,2883",2022-04-23,6.919748230064291E-5
"7723,2883",2022-04-23,7.32533986613578E-5
"7703,2888",2022-04-23,5.59343998947506E-5
"7708,2888",2022-04-23,5.873546657763483E-5
"7713,2888",2022-04-23,6.987269095452356E-5
"7718,2888",2022-04-23,7.129538339895234E-5
"7723,2888",2022-04-23,7.295246530716345E-5
"7713,2843",2022-04-24,7.173537030549386E-5
"7718,2843",2022-04-24,7.592359765109529E-5
"7723,2843",2022-04-24,7.42520950848772E-5
"7708,2848",2022-04-24,7.058887871255261E-5
"7713,2848",2022-04-24,7.285034244940952E-5
"7718,2848",2022-04-24,8.226232130269684E-5
"7723,2848",2022-04-24,8.245341244055844E-5
"7728,2848",2022-04-24,8.60164310042655E-5
"7733,2848",2022-04-24,9.566789394479692E-5
"7688,2853",2022-04-24,5.174449673185983E-5
"7693,2853",2022-04-24,5.7153573255444605E-5
"7698,2853",2022-04-24,5.278408910778262E-5
"7703,2853",2022-04-24,6.916372286118148E-5
"7708,2853",2022-04-24,7.214111744266746E-5
"7713,2853",2022-04-24,7.999581959899335E-5
"7718,2853",2022-04-24,8.179125854777849E-5
"7723,2853",2022-04-24,9.101966166388817E-5
"7728,2853",2022-04-24,1.0141903578412139E-4
"7733,2853",2022-04-24,1.1103030516615543E-4
"7683,2858",2022-04-24,5.359691482558723E-5
"7688,2858",2022-04-24,5.757923231304975E-5
"7693,2858",2022-04-24,6.22846537957725E-5
"7698,2858",2022-04-24,6.080454155575898E-5
"7703,2858",2022-04-24,6.606327284003176E-5
"7708,2858",2022-04-24,7.095369204861615E-5
"7713,2858",2022-04-24,7.892239621239894E-5
"7718,2858",2022-04-24,8.515925132876293E-5
"7723,2858",2022-04-24,1.047554977936279E-4
"7728,2858",2022-04-24,1.0473921544016233E-4
"7733,2858",2022-04-24,1.0827153841089103E-4
"7688,2863",2022-04-24,6.677850023911303E-5
"7693,2863",2022-04-24,6.329492979390999E-5
"7698,2863",2022-04-24,6.131861218568684E-5
"7703,2863",2022-04-24,6.364899034781542E-5
"7708,2863",2022-04-24,6.958470089534125E-5
"7713,2863",2022-04-24,7.12269098007419E-5
"7718,2863",2022-04-24,8.613325598930438E-5
"7723,2863",2022-04-24,9.832717671868455E-5
"7728,2863",2022-04-24,1.0976857982981323E-4
"7733,2863",2022-04-24,1.2773554151792197E-4
"7693,2868",2022-04-24,6.217272369751997E-5
"7698,2868",2022-04-24,6.58463627965935E-5
"7703,2868",2022-04-24,6.756969130452742E-5
"7708,2868",2022-04-24,7.628408599808561E-5
"7713,2868",2022-04-24,8.268680901274272E-5
"7718,2868",2022-04-24,9.578581858953006E-5
"7723,2868",2022-04-24,9.908444826294703E-5
"7728,2868",2022-04-24,9.815124190083003E-5
"7733,2868",2022-04-24,1.1056619228439342E-4
"7693,2873",2022-04-24,6.415991989823433E-5
"7698,2873",2022-04-24,6.93361784907363E-5
"7703,2873",2022-04-24,6.595708312872365E-5
"7708,2873",2022-04-24,7.275902215650046E-5
"7713,2873",2022-04-24,8.062282485145056E-5
"7718,2873",2022-04-24,7.892616447112335E-5
"7723,2873",2022-04-24,8.132902252609807E-5
"7728,2873",2022-04-24,8.838105615042057E-5
"7733,2873",2022-04-24,9.170908407258597E-5
"7693,2878",2022-04-24,6.133196697625714E-5
"7698,2878",2022-04-24,6.360975261566778E-5
"7703,2878",2022-04-24,6.400023674174287E-5
"7708,2878",2022-04-24,7.011959228451168E-5
"7713,2878",2022-04-24,7.314540713052877E-5
"7718,2878",2022-04-24,7.314031823978451E-5
"7723,2878",2022-04-24,7.562178917298832E-5
"7728,2878",2022-04-24,7.354028191250283E-5
"7693,2883",2022-04-24,5.964474273186991E-5
"7698,2883",2022-04-24,6.431068369830487E-5
"7703,2883",2022-04-24,6.675842777336255E-5
"7708,2883",2022-04-24,6.385015709779068E-5
"7713,2883",2022-04-24,6.48640912312467E-5
"7718,2883",2022-04-24,6.88911083225039E-5
"7723,2883",2022-04-24,6.676271272431348E-5
"7703,2888",2022-04-24,6.461593062483745E-5
"7708,2888",2022-04-24,6.204909510875895E-5
"7713,2888",2022-04-24,5.746045717713326E-5
"7718,2888",2022-04-24,6.47348197937556E-5
"7723,2888",2022-04-24,7.057486695143835E-5
"7713,2843",2022-04-25,7.488244020321884E-5
"7718,2843",2022-04-25,6.0536461437087255E-5
"7723,2843",2022-04-25,6.414665307230234E-5
"7708,2848",2022-04-25,7.430014025481318E-5
"7713,2848",2022-04-25,7.737899105223743E-5
"7718,2848",2022-04-25,7.532219128887002E-5
"7723,2848",2022-04-25,7.503153437219928E-5
"7728,2848",2022-04-25,6.370021811327607E-5
"7733,2848",2022-04-25,7.636950098590832E-5
"7688,2853",2022-04-25,1.0390954866110362E-4
"7693,2853",2022-04-25,6.374003101740769E-5
"7698,2853",2022-04-25,5.610532226536437E-5
"7703,2853",2022-04-25,5.6913893963994426E-5
"7708,2853",2022-04-25,6.528386014637472E-5
"7713,2853",2022-04-25,7.228699422688312E-5
"7718,2853",2022-04-25,7.192446711919863E-5
"7723,2853",2022-04-25,8.520681480999877E-5
"7728,2853",2022-04-25,9.026517122087568E-5
"7733,2853",2022-04-25,1.0877986841372808E-4
"7683,2858",2022-04-25,8.923852747422427E-5
"7688,2858",2022-04-25,7.474001690167425E-5
"7693,2858",2022-04-25,7.021878687274856E-5
"7698,2858",2022-04-25,6.278305789314346E-5
"7703,2858",2022-04-25,5.786056630831527E-5
"7708,2858",2022-04-25,7.019463994949021E-5
"7713,2858",2022-04-25,8.224213836832178E-5
"7718,2858",2022-04-25,8.74469254749933E-5
"7723,2858",2022-04-25,1.2534324203498175E-4
"7728,2858",2022-04-25,1.244470264800164E-4
"7733,2858",2022-04-25,1.4270344401787175E-4
"7688,2863",2022-04-25,6.626530118208402E-5
"7693,2863",2022-04-25,6.68462165214394E-5
"7698,2863",2022-04-25,6.065243742069275E-5
"7703,2863",2022-04-25,6.664264404889529E-5
"7708,2863",2022-04-25,7.566398354843197E-5
"7713,2863",2022-04-25,8.585754407507868E-5
"7718,2863",2022-04-25,8.743975960613276E-5
"7723,2863",2022-04-25,1.1136309796448677E-4
"7728,2863",2022-04-25,1.3664029498691694E-4
"7733,2863",2022-04-25,1.592942918544826E-4
"7693,2868",2022-04-25,6.7576613336965E-5
"7698,2868",2022-04-25,7.545387058920298E-5
"7703,2868",2022-04-25,8.05061219417298E-5
"7708,2868",2022-04-25,8.219494900645081E-5
"7713,2868",2022-04-25,9.827428469958102E-5
"7718,2868",2022-04-25,9.684424257253982E-5
"7723,2868",2022-04-25,1.0892580368216076E-4
"7728,2868",2022-04-25,1.3541609682361596E-4
"7733,2868",2022-04-25,1.4896316317135013E-4
"7693,2873",2022-04-25,7.12435652599641E-5
"7698,2873",2022-04-25,6.554604405101284E-5
"7703,2873",2022-04-25,7.42746130340978E-5
"7708,2873",2022-04-25,7.93355266826588E-5
"7713,2873",2022-04-25,8.976610034319107E-5
"7718,2873",2022-04-25,9.680405888354965E-5
"7723,2873",2022-04-25,1.0441820821870675E-4
"7728,2873",2022-04-25,1.0897671501306888E-4
"7733,2873",2022-04-25,1.1947440209400101E-4
"7693,2878",2022-04-25,5.6154109428646494E-5
"7698,2878",2022-04-25,5.16211434164968E-5
"7703,2878",2022-04-25,5.9736784374057986E-5
"7708,2878",2022-04-25,6.596205897322258E-5
"7713,2878",2022-04-25,7.30685634516057E-5
"7718,2878",2022-04-25,8.203542206151921E-5
"7723,2878",2022-04-25,8.217137523187237E-5
"7728,2878",2022-04-25,7.76624605018727E-5
"7693,2883",2022-04-25,4.469974205762552E-5
"7698,2883",2022-04-25,4.729129830152888E-5
"7703,2883",2022-04-25,5.9176695312788226E-5
"7708,2883",2022-04-25,6.204351335889344E-5
"7713,2883",2022-04-25,6.371485173765991E-5
"7718,2883",2022-04-25,6.335794891006237E-5
"7723,2883",2022-04-25,6.80172388022857E-5
"7703,2888",2022-04-25,5.8885090060191295E-5
"7708,2888",2022-04-25,5.9479916783960865E-5
"7713,2888",2022-04-25,7.052157422879162E-5
"7718,2888",2022-04-25,7.201765306707046E-5
"7723,2888",2022-04-25,6.0743235830316664E-5
"7713,2843",2022-04-26,1.1574344339485834E-4
"7718,2843",2022-04-26,1.2148087969709087E-4
"7723,2843",2022-04-26,1.221754041481759E-4
"7708,2848",2022-04-26,1.2189733742602958E-4
"7713,2848",2022-04-26,1.1928769221100142E-4
"7718,2848",2022-04-26,1.2350505550047145E-4
"7723,2848",2022-04-26,1.272180256637019E-4
"7728,2848",2022-04-26,1.603725570653285E-4
"7733,2848",2022-04-26,1.702290677554745E-4
"7688,2853",2022-04-26,6.242204841789413E-5
"7693,2853",2022-04-26,7.16659197432283E-5
"7698,2853",2022-04-26,8.833543812963599E-5
"7703,2853",2022-04-26,9.937564273822408E-5
"7708,2853",2022-04-26,1.1190942645311814E-4
"7713,2853",2022-04-26,1.2065121789982649E-4
"7718,2853",2022-04-26,1.3387395129041706E-4
"7723,2853",2022-04-26,1.519821974666845E-4
"7728,2853",2022-04-26,1.6722754889185942E-4
"7733,2853",2022-04-26,1.6923529664721434E-4
"7683,2858",2022-04-26,5.670769735780154E-5
"7688,2858",2022-04-26,6.251439596069048E-5
"7693,2858",2022-04-26,7.626259431576645E-5
"7698,2858",2022-04-26,8.71366384661398E-5
"7703,2858",2022-04-26,9.519245351333556E-5
"7708,2858",2022-04-26,1.0811681269001765E-4
"7713,2858",2022-04-26,1.1169260628778898E-4
"7718,2858",2022-04-26,1.1687998731301709E-4
"7723,2858",2022-04-26,1.3999235877358663E-4
"7728,2858",2022-04-26,1.581214375919283E-4
"7733,2858",2022-04-26,1.5440525889251307E-4
"7688,2863",2022-04-26,7.32221236049518E-5
"7693,2863",2022-04-26,7.63687723700098E-5
"7698,2863",2022-04-26,8.799413302444732E-5
"7703,2863",2022-04-26,9.560063764487812E-5
"7708,2863",2022-04-26,1.014536639616764E-4
"7713,2863",2022-04-26,9.896350640240027E-5
"7718,2863",2022-04-26,1.021436723177889E-4
"7723,2863",2022-04-26,1.2205310910622784E-4
"7728,2863",2022-04-26,1.4079427102314468E-4
"7733,2863",2022-04-26,1.359102887925982E-4
"7693,2868",2022-04-26,7.470446867135095E-5
"7698,2868",2022-04-26,8.62454416482104E-5
"7703,2868",2022-04-26,7.934041341967226E-5
"7708,2868",2022-04-26,8.397681952539145E-5
"7713,2868",2022-04-26,9.703287720616905E-5
"7718,2868",2022-04-26,1.100609538904753E-4
"7723,2868",2022-04-26,1.1011871447133858E-4
"7728,2868",2022-04-26,1.1362290406330514E-4
"7733,2868",2022-04-26,1.0649752269292035E-4
"7693,2873",2022-04-26,6.668961335257543E-5
"7698,2873",2022-04-26,6.0215512126028575E-5
"7703,2873",2022-04-26,6.45889253864527E-5
"7708,2873",2022-04-26,7.021898877393673E-5
"7713,2873",2022-04-26,7.957381595634507E-5
"7718,2873",2022-04-26,8.600211587765104E-5
"7723,2873",2022-04-26,8.822525513925341E-5
"7728,2873",2022-04-26,8.45533174277907E-5
"7733,2873",2022-04-26,8.591919887815457E-5
"7693,2878",2022-04-26,5.603176934577173E-5
"7698,2878",2022-04-26,5.623385370781177E-5
"7703,2878",2022-04-26,6.36805365915856E-5
"7708,2878",2022-04-26,6.877284459520067E-5
"7713,2878",2022-04-26,7.247095489040416E-5
"7718,2878",2022-04-26,6.753984490761886E-5
"7723,2878",2022-04-26,7.01201223664266E-5
"7728,2878",2022-04-26,7.551760446607225E-5
"7693,2883",2022-04-26,5.535814145637447E-5
"7698,2883",2022-04-26,5.612850412016467E-5
"7703,2883",2022-04-26,5.9846585665259836E-5
"7708,2883",2022-04-26,6.575696198511437E-5
"7713,2883",2022-04-26,6.836310806748173E-5
"7718,2883",2022-04-26,6.830891222350929E-5
"7723,2883",2022-04-26,6.723606187252597E-5
"7703,2888",2022-04-26,5.5400121006690194E-5
"7708,2888",2022-04-26,5.565965638776281E-5
"7713,2888",2022-04-26,6.195183110694869E-5
"7718,2888",2022-04-26,6.628594017061374E-5
"7723,2888",2022-04-26,6.381549742986014E-5
"7713,2843",2022-04-27,9.417173541197692E-5
"7718,2843",2022-04-27,9.9700730850359E-5
"7723,2843",2022-04-27,9.795888083527122E-5
"7708,2848",2022-04-27,9.370136505746202E-5
"7713,2848",2022-04-27,1.005063230102124E-4
"7718,2848",2022-04-27,1.1734762376030429E-4
"7723,2848",2022-04-27,1.1308155520988924E-4
"7728,2848",2022-04-27,1.4417379148111013E-4
"7733,2848",2022-04-27,1.461809940678551E-4
"7688,2853",2022-04-27,6.654130006901002E-5
"7693,2853",2022-04-27,7.77598503617412E-5
"7698,2853",2022-04-27,7.649033377647882E-5
"7703,2853",2022-04-27,9.266036164126981E-5
"7708,2853",2022-04-27,9.63361915412786E-5
"7713,2853",2022-04-27,1.0565955534915357E-4
"7718,2853",2022-04-27,1.1582237445267108E-4
"7723,2853",2022-04-27,1.2766535794534993E-4
"7728,2853",2022-04-27,1.524258496745606E-4
"7733,2853",2022-04-27,1.528203428806762E-4
"7683,2858",2022-04-27,6.545770847504649E-5
"7688,2858",2022-04-27,7.159821130676458E-5
"7693,2858",2022-04-27,7.635557246520519E-5
"7698,2858",2022-04-27,7.901653515223901E-5
"7703,2858",2022-04-27,8.67708943850236E-5
"7708,2858",2022-04-27,9.173334836396331E-5
"7713,2858",2022-04-27,1.1448356070768285E-4
"7718,2858",2022-04-27,1.1686020555189643E-4
"7723,2858",2022-04-27,1.4305776405775146E-4
"7728,2858",2022-04-27,1.5726266709071695E-4
"7733,2858",2022-04-27,1.6371098924203615E-4
"7688,2863",2022-04-27,6.996560915626434E-5
"7693,2863",2022-04-27,7.208579885700546E-5
"7698,2863",2022-04-27,7.857511401141473E-5
"7703,2863",2022-04-27,8.322860682005003E-5
"7708,2863",2022-04-27,9.239924960567387E-5
"7713,2863",2022-04-27,1.1512743821534136E-4
"7718,2863",2022-04-27,1.1692650864928243E-4
"7723,2863",2022-04-27,1.4291600523405387E-4
"7728,2863",2022-04-27,1.5521885100588096E-4
"7733,2863",2022-04-27,1.5420404985994098E-4
"7693,2868",2022-04-27,6.994796498338412E-5
"7698,2868",2022-04-27,7.460275388174398E-5
"7703,2868",2022-04-27,7.616797502913651E-5
"7708,2868",2022-04-27,9.127292058270698E-5
"7713,2868",2022-04-27,1.0612772608412942E-4
"7718,2868",2022-04-27,1.082499572502963E-4
"7723,2868",2022-04-27,1.14228634027161E-4
"7728,2868",2022-04-27,1.1795453383193808E-4
"7733,2868",2022-04-27,1.1524229507218705E-4
"7693,2873",2022-04-27,7.092973763147898E-5
"7698,2873",2022-04-27,7.522683281257075E-5
"7703,2873",2022-04-27,7.567323520635368E-5
"7708,2873",2022-04-27,8.049544430961191E-5
"7713,2873",2022-04-27,8.326055667742925E-5
"7718,2873",2022-04-27,9.535905463417484E-5
"7723,2873",2022-04-27,9.704795340950236E-5
"7728,2873",2022-04-27,8.948367426426307E-5
"7733,2873",2022-04-27,8.491876544911913E-5
"7693,2878",2022-04-27,6.989182567868863E-5
"7698,2878",2022-04-27,7.135441984624194E-5
"7703,2878",2022-04-27,7.453918974473324E-5
"7708,2878",2022-04-27,7.985076733007936E-5
"7713,2878",2022-04-27,8.263968975846383E-5
"7718,2878",2022-04-27,9.21072510851698E-5
"7723,2878",2022-04-27,9.332064471771832E-5
"7728,2878",2022-04-27,7.781404965425232E-5
"7693,2883",2022-04-27,6.78172084337929E-5
"7698,2883",2022-04-27,6.829721320370554E-5
"7703,2883",2022-04-27,6.977053707638454E-5
"7708,2883",2022-04-27,7.291070554984441E-5
"7713,2883",2022-04-27,7.479200560361658E-5
"7718,2883",2022-04-27,8.301857754770832E-5
"7723,2883",2022-04-27,8.480697743959164E-5
"7703,2888",2022-04-27,6.40116361420649E-5
"7708,2888",2022-04-27,6.639257166276111E-5
"7713,2888",2022-04-27,7.32039275326014E-5
"7718,2888",2022-04-27,6.937468526214761E-5
"7723,2888",2022-04-27,6.906414538249305E-5
"7713,2843",2022-04-28,1.2289358621163355E-4
"7718,2843",2022-04-28,1.1783452223915453E-4
"7723,2843",2022-04-28,1.0671524354833521E-4
"7708,2848",2022-04-28,1.1610456097985495E-4
"7713,2848",2022-04-28,1.2004007850541821E-4
"7718,2848",2022-04-28,1.1904687230630554E-4
"7723,2848",2022-04-28,1.1717284991598486E-4
"7728,2848",2022-04-28,1.1943489072307994E-4
"7733,2848",2022-04-28,1.2579253847690028E-4
"7688,2853",2022-04-28,9.353453881323718E-5
"7693,2853",2022-04-28,9.601787685060496E-5
"7698,2853",2022-04-28,1.0229579637134049E-4
"7703,2853",2022-04-28,1.0240033657721301E-4
"7708,2853",2022-04-28,1.049427026095721E-4
"7713,2853",2022-04-28,1.056627290951089E-4
"7718,2853",2022-04-28,1.1920003928225725E-4
"7723,2853",2022-04-28,1.2597411370581828E-4
"7728,2853",2022-04-28,1.3554574153212001E-4
"7733,2853",2022-04-28,1.4951798694661214E-4
"7683,2858",2022-04-28,7.093607238654432E-5
"7688,2858",2022-04-28,7.185412305284853E-5
"7693,2858",2022-04-28,8.167582207973115E-5
"7698,2858",2022-04-28,9.528539312254121E-5
"7703,2858",2022-04-28,9.510842225585295E-5
"7708,2858",2022-04-28,9.220746919284176E-5
"7713,2858",2022-04-28,9.226812011900025E-5
"7718,2858",2022-04-28,1.0669652066586327E-4
"7723,2858",2022-04-28,1.1024390124285546E-4
"7728,2858",2022-04-28,1.329401974334831E-4
"7733,2858",2022-04-28,1.4964083077778723E-4
"7688,2863",2022-04-28,8.465908413926591E-5
"7693,2863",2022-04-28,8.575478014466792E-5
"7698,2863",2022-04-28,8.707456123140244E-5
"7703,2863",2022-04-28,8.777887922443542E-5
"7708,2863",2022-04-28,8.979383384702885E-5
"7713,2863",2022-04-28,9.074200106986344E-5
"7718,2863",2022-04-28,1.0909406029608241E-4
"7723,2863",2022-04-28,1.1012810730165916E-4
"7728,2863",2022-04-28,1.3989643242963122E-4
"7733,2863",2022-04-28,1.5035730627202055E-4
"7693,2868",2022-04-28,9.683341748097881E-5
"7698,2868",2022-04-28,1.0115768833180022E-4
"7703,2868",2022-04-28,1.0098924929053588E-4
"7708,2868",2022-04-28,1.0095891208940597E-4
"7713,2868",2022-04-28,1.0251555516393214E-4
"7718,2868",2022-04-28,1.118679796770702E-4
"7723,2868",2022-04-28,1.1220208173491551E-4
"7728,2868",2022-04-28,1.3689658517347149E-4
"7733,2868",2022-04-28,1.4001342454474E-4
"7693,2873",2022-04-28,9.504715518600815E-5
"7698,2873",2022-04-28,9.613183380648546E-5
"7703,2873",2022-04-28,9.083716390641776E-5
"7708,2873",2022-04-28,8.662165668601195E-5
"7713,2873",2022-04-28,9.411930613947966E-5
"7718,2873",2022-04-28,1.0866902007574468E-4
"7723,2873",2022-04-28,1.0796817671035611E-4
"7728,2873",2022-04-28,1.0344554422054467E-4
"7733,2873",2022-04-28,1.0386095669843336E-4
"7693,2878",2022-04-28,8.059668054381317E-5
"7698,2878",2022-04-28,8.07935268463317E-5
"7703,2878",2022-04-28,8.513770726152812E-5
"7708,2878",2022-04-28,8.671945821003889E-5
"7713,2878",2022-04-28,9.436914541089995E-5
"7718,2878",2022-04-28,1.0209782910932439E-4
"7723,2878",2022-04-28,9.816300209351846E-5
"7728,2878",2022-04-28,8.646700199471908E-5
"7693,2883",2022-04-28,7.284584756138354E-5
"7698,2883",2022-04-28,7.294766225117655E-5
"7703,2883",2022-04-28,7.757633246850366E-5
"7708,2883",2022-04-28,7.827136081997871E-5
"7713,2883",2022-04-28,7.4405653356698E-5
"7718,2883",2022-04-28,7.29202549710968E-5
"7723,2883",2022-04-28,7.837558876704034E-5
"7703,2888",2022-04-28,7.14212784477936E-5
"7708,2888",2022-04-28,7.143494399945645E-5
"7713,2888",2022-04-28,7.225147359984655E-5
"7718,2888",2022-04-28,7.23384191880858E-5
"7723,2888",2022-04-28,6.997105640654953E-5
"7713,2843",2022-04-29,9.74621619893263E-5
"7718,2843",2022-04-29,1.0344843691852716E-4
"7723,2843",2022-04-29,1.103978432559893E-4
"7708,2848",2022-04-29,8.69618427622533E-5
"7713,2848",2022-04-29,9.649422916208064E-5
"7718,2848",2022-04-29,1.0164916444096924E-4
"7723,2848",2022-04-29,1.088764339952285E-4
"7728,2848",2022-04-29,1.2662121115887944E-4
"7733,2848",2022-04-29,1.5471784037029512E-4
"7688,2853",2022-04-29,6.552144815579997E-5
"7693,2853",2022-04-29,6.495710747150565E-5
"7698,2853",2022-04-29,6.850268536779011E-5
"7703,2853",2022-04-29,7.911660983725295E-5
"7708,2853",2022-04-29,8.988855662143433E-5
"7713,2853",2022-04-29,9.6970597278432E-5
"7718,2853",2022-04-29,1.0241872522768499E-4
"7723,2853",2022-04-29,1.1965274324470153E-4
"7728,2853",2022-04-29,1.4586064040623004E-4
"7733,2853",2022-04-29,1.510962032537484E-4
"7683,2858",2022-04-29,6.27756504780654E-5
"7688,2858",2022-04-29,6.850162327349513E-5
"7693,2858",2022-04-29,7.005575921251026E-5
"7698,2858",2022-04-29,6.965888922079055E-5
"7703,2858",2022-04-29,8.701516470815115E-5
"7708,2858",2022-04-29,8.752496518728598E-5
"7713,2858",2022-04-29,8.827102609126426E-5
"7718,2858",2022-04-29,9.75468154058444E-5
"7723,2858",2022-04-29,1.208427750114864E-4
"7728,2858",2022-04-29,1.4606780685370155E-4
"7733,2858",2022-04-29,1.5627501966159523E-4
"7688,2863",2022-04-29,7.268244689738644E-5
"7693,2863",2022-04-29,8.158883444727496E-5
"7698,2863",2022-04-29,8.413476759748365E-5
"7703,2863",2022-04-29,8.575906330387591E-5
"7708,2863",2022-04-29,8.233756593479863E-5
"7713,2863",2022-04-29,8.65290541301016E-5
"7718,2863",2022-04-29,1.0312958459562601E-4
"7723,2863",2022-04-29,1.2245464115502597E-4
"7728,2863",2022-04-29,1.258691100777561E-4
"7733,2863",2022-04-29,1.310934448800169E-4
"7693,2868",2022-04-29,9.078926997441622E-5
"7698,2868",2022-04-29,8.582258886563589E-5
"7703,2868",2022-04-29,8.116755567203695E-5
"7708,2868",2022-04-29,8.548448278934711E-5
"7713,2868",2022-04-29,9.989183667504237E-5
"7718,2868",2022-04-29,1.0786118516460593E-4
"7723,2868",2022-04-29,1.1306709627584214E-4
"7728,2868",2022-04-29,1.208458491615965E-4
"7733,2868",2022-04-29,1.1629603105989829E-4
"7693,2873",2022-04-29,8.668386798424925E-5
"7698,2873",2022-04-29,7.734384496833943E-5
"7703,2873",2022-04-29,7.77165527416971E-5
"7708,2873",2022-04-29,8.706597098620228E-5
"7713,2873",2022-04-29,9.540703428458189E-5
"7718,2873",2022-04-29,9.45186981853077E-5
"7723,2873",2022-04-29,9.860971780441796E-5
"7728,2873",2022-04-29,9.878770663945889E-5
"7733,2873",2022-04-29,9.022370895375072E-5
"7693,2878",2022-04-29,7.682277473078089E-5
"7698,2878",2022-04-29,7.943042030769817E-5
"7703,2878",2022-04-29,8.349473021591897E-5
"7708,2878",2022-04-29,8.764435133347893E-5
"7713,2878",2022-04-29,9.206386343184839E-5
"7718,2878",2022-04-29,9.006924588467512E-5
"7723,2878",2022-04-29,8.597518517345551E-5
"7728,2878",2022-04-29,8.363917060615414E-5
"7693,2883",2022-04-29,7.857739650713227E-5
"7698,2883",2022-04-29,8.313332478851907E-5
"7703,2883",2022-04-29,8.833509058166771E-5
"7708,2883",2022-04-29,8.821356957719588E-5
"7713,2883",2022-04-29,8.37940653151546E-5
"7718,2883",2022-04-29,8.641944320665096E-5
"7723,2883",2022-04-29,8.450336604094299E-5
"7703,2888",2022-04-29,8.634094462918813E-5
"7708,2888",2022-04-29,8.362294185752908E-5
"7713,2888",2022-04-29,7.185915366128157E-5
"7718,2888",2022-04-29,7.687811635146872E-5
"7723,2888",2022-04-29,7.516721610592688E-5
"7713,2843",2022-04-30,1.2491503887339912E-4
"7718,2843",2022-04-30,1.406944004421739E-4
"7723,2843",2022-04-30,1.2728133163868288E-4
"7708,2848",2022-04-30,1.2698048194036046E-4
"7713,2848",2022-04-30,1.358715246742195E-4
"7718,2848",2022-04-30,1.4003766368552982E-4
"7723,2848",2022-04-30,1.1632623841239781E-4
"7728,2848",2022-04-30,1.0051946821288252E-4
"7733,2848",2022-04-30,1.1159871849329954E-4
"7688,2853",2022-04-30,7.335899437255066E-5
"7693,2853",2022-04-30,8.0387178936885E-5
"7698,2853",2022-04-30,8.075757287507793E-5
"7703,2853",2022-04-30,8.93827812455054E-5
"7708,2853",2022-04-30,1.1151411472651508E-4
"7713,2853",2022-04-30,1.28686168339244E-4
"7718,2853",2022-04-30,1.3096564973735393E-4
"7723,2853",2022-04-30,1.3570890272221982E-4
"7728,2853",2022-04-30,1.4699929552686446E-4
"7733,2853",2022-04-30,1.4106601624133298E-4
"7683,2858",2022-04-30,9.419448228448736E-5
"7688,2858",2022-04-30,1.0015032132462909E-4
"7693,2858",2022-04-30,9.482439977072852E-5
"7698,2858",2022-04-30,9.335865989303127E-5
"7703,2858",2022-04-30,1.0240326467663676E-4
"7708,2858",2022-04-30,1.3258754657758098E-4
"7713,2858",2022-04-30,1.5189433135663424E-4
"7718,2858",2022-04-30,1.5758946503651965E-4
"7723,2858",2022-04-30,1.609135498752372E-4
"7728,2858",2022-04-30,1.698165039911481E-4
"7733,2858",2022-04-30,1.6923742244360918E-4
"7688,2863",2022-04-30,7.710945726256555E-5
"7693,2863",2022-04-30,7.594137635937082E-5
"7698,2863",2022-04-30,8.453838065877602E-5
"7703,2863",2022-04-30,9.846716665223454E-5
"7708,2863",2022-04-30,1.2160498294769044E-4
"7713,2863",2022-04-30,1.1685101499949073E-4
"7718,2863",2022-04-30,1.2635425174236265E-4
"7723,2863",2022-04-30,1.3560400464183515E-4
"7728,2863",2022-04-30,1.519461444950977E-4
"7733,2863",2022-04-30,1.6576680644540093E-4
"7693,2868",2022-04-30,9.74643233547984E-5
"7698,2868",2022-04-30,1.00517501047457E-4
"7703,2868",2022-04-30,9.749256581199702E-5
"7708,2868",2022-04-30,9.866728535054927E-5
"7713,2868",2022-04-30,1.1865750720214947E-4
"7718,2868",2022-04-30,1.3364462032874305E-4
"7723,2868",2022-04-30,1.3631758191738266E-4
"7728,2868",2022-04-30,1.4352087856266552E-4
"7733,2868",2022-04-30,1.4015210413341117E-4
"7693,2873",2022-04-30,1.1798313005250446E-4
"7698,2873",2022-04-30,1.1116405055235186E-4
"7703,2873",2022-04-30,1.0240511333950891E-4
"7708,2873",2022-04-30,9.582974999252388E-5
"7713,2873",2022-04-30,1.115877103090889E-4
"7718,2873",2022-04-30,1.3498676247508922E-4
"7723,2873",2022-04-30,1.3692132196388993E-4
"7728,2873",2022-04-30,1.3813076586136042E-4
"7733,2873",2022-04-30,1.3641904064203462E-4
"7693,2878",2022-04-30,9.24959535018816E-5
"7698,2878",2022-04-30,9.053430039356634E-5
"7703,2878",2022-04-30,9.010847909112521E-5
"7708,2878",2022-04-30,8.707866379073806E-5
"7713,2878",2022-04-30,9.665702280296236E-5
"7718,2878",2022-04-30,1.0860938095911471E-4
"7723,2878",2022-04-30,1.1993089344234295E-4
"7728,2878",2022-04-30,1.2548551571296465E-4
"7693,2883",2022-04-30,9.080382125647682E-5
"7698,2883",2022-04-30,9.151221748617142E-5
"7703,2883",2022-04-30,8.577295300896014E-5
"7708,2883",2022-04-30,1.0016827682653109E-4
"7713,2883",2022-04-30,1.1429231000050784E-4
"7718,2883",2022-04-30,1.1255876471217787E-4
"7723,2883",2022-04-30,1.1595601983709682E-4
"7703,2888",2022-04-30,8.023712632935778E-5
"7708,2888",2022-04-30,8.679065496024336E-5
"7713,2888",2022-04-30,1.0484676977883566E-4
"7718,2888",2022-04-30,9.762567083739704E-5
"7723,2888",2022-04-30,1.067271722898469E-4
"7713,2843",2022-05-02,6.459538890222026E-5
"7718,2843",2022-05-02,6.22512410075614E-5
"7723,2843",2022-05-02,7.079548591045822E-5
"7708,2848",2022-05-02,9.039747177651303E-5
"7713,2848",2022-05-02,6.564810185488257E-5
"7718,2848",2022-05-02,6.859881358424257E-5
"7723,2848",2022-05-02,6.939203953384858E-5
"7728,2848",2022-05-02,6.78149680183958E-5
"7733,2848",2022-05-02,6.362910999123049E-5
"7688,2853",2022-05-02,5.724611650299172E-5
"7693,2853",2022-05-02,6.103390126168926E-5
"7698,2853",2022-05-02,7.116138594429351E-5
"7703,2853",2022-05-02,8.746854442878562E-5
"7708,2853",2022-05-02,8.728223089528333E-5
"7713,2853",2022-05-02,7.707378000376168E-5
"7718,2853",2022-05-02,8.145960276594972E-5
"7723,2853",2022-05-02,8.223626296921524E-5
"7728,2853",2022-05-02,7.27603231262247E-5
"7733,2853",2022-05-02,6.736634373056638E-5
"7683,2858",2022-05-02,5.805869856068653E-5
"7688,2858",2022-05-02,6.249978754518029E-5
"7693,2858",2022-05-02,6.245970105234898E-5
"7698,2858",2022-05-02,8.12553358037438E-5
"7703,2858",2022-05-02,8.270747092445467E-5
"7708,2858",2022-05-02,9.786406499431255E-5
"7713,2858",2022-05-02,9.466418455596745E-5
"7718,2858",2022-05-02,9.503995967014542E-5
"7723,2858",2022-05-02,9.135725730971284E-5
"7728,2858",2022-05-02,8.23956325473838E-5
"7733,2858",2022-05-02,8.144194499058663E-5
"7688,2863",2022-05-02,7.012076216650368E-5
"7693,2863",2022-05-02,7.301644391822399E-5
"7698,2863",2022-05-02,8.547148108943792E-5
"7703,2863",2022-05-02,9.646055424194972E-5
"7708,2863",2022-05-02,1.1979632947810939E-4
"7713,2863",2022-05-02,1.0868323562476834E-4
"7718,2863",2022-05-02,1.000563214954048E-4
"7723,2863",2022-05-02,9.90613235484215E-5
"7728,2863",2022-05-02,9.537604541090692E-5
"7733,2863",2022-05-02,8.946074353402714E-5
"7693,2868",2022-05-02,7.525611410549208E-5
"7698,2868",2022-05-02,8.082244405403712E-5
"7703,2868",2022-05-02,1.0756957576483717E-4
"7708,2868",2022-05-02,1.246295704215928E-4
"7713,2868",2022-05-02,1.1984393640113762E-4
"7718,2868",2022-05-02,1.1668044737206398E-4
"7723,2868",2022-05-02,1.0624467138357319E-4
"7728,2868",2022-05-02,1.0128749790889469E-4
"7733,2868",2022-05-02,9.13538765398789E-5
"7693,2873",2022-05-02,8.274526068564818E-5
"7698,2873",2022-05-02,8.074548202307644E-5
"7703,2873",2022-05-02,1.0715612169633008E-4
"7708,2873",2022-05-02,1.1456308480778815E-4
"7713,2873",2022-05-02,1.1304941149260846E-4
"7718,2873",2022-05-02,1.0922372789111958E-4
"7723,2873",2022-05-02,1.034699891969686E-4
"7728,2873",2022-05-02,9.204309581969834E-5
"7733,2873",2022-05-02,8.485689759977057E-5
"7693,2878",2022-05-02,8.622350317541864E-5
"7698,2878",2022-05-02,9.399383918457301E-5
"7703,2878",2022-05-02,1.0745603523676515E-4
"7708,2878",2022-05-02,1.0529975949293741E-4
"7713,2878",2022-05-02,1.0467232183679593E-4
"7718,2878",2022-05-02,9.317102622493816E-5
"7723,2878",2022-05-02,9.191634291857738E-5
"7728,2878",2022-05-02,8.010646955668209E-5
"7693,2883",2022-05-02,7.920782600632806E-5
"7698,2883",2022-05-02,9.316701297544842E-5
"7703,2883",2022-05-02,9.889341753164671E-5
"7708,2883",2022-05-02,9.641017631775766E-5
"7713,2883",2022-05-02,9.787116479633065E-5
"7718,2883",2022-05-02,8.130008293455556E-5
"7723,2883",2022-05-02,7.808573887167067E-5
"7703,2888",2022-05-02,8.557238774766582E-5
"7708,2888",2022-05-02,8.290512978702066E-5
"7713,2888",2022-05-02,7.712663121543606E-5
"7718,2888",2022-05-02,7.188439986917856E-5
"7723,2888",2022-05-02,6.890773770982144E-5
"7713,2843",2022-05-03,7.61968496121185E-5
"7718,2843",2022-05-03,8.042810266289577E-5
"7723,2843",2022-05-03,7.471533929019451E-5
"7708,2848",2022-05-03,8.021970005166095E-5
"7713,2848",2022-05-03,7.320139840564884E-5
"7718,2848",2022-05-03,8.096198190969574E-5
"7723,2848",2022-05-03,8.752183153497268E-5
"7728,2848",2022-05-03,7.489132290806644E-5
"7733,2848",2022-05-03,6.905864300725747E-5
"7688,2853",2022-05-03,8.245154399811736E-5
"7693,2853",2022-05-03,8.663612892219852E-5
"7698,2853",2022-05-03,8.717108616813274E-5
"7703,2853",2022-05-03,9.107445817050889E-5
"7708,2853",2022-05-03,7.325341797396406E-5
"7713,2853",2022-05-03,8.018168149081149E-5
"7718,2853",2022-05-03,7.719071462787903E-5
"7723,2853",2022-05-03,8.268070390002232E-5
"7728,2853",2022-05-03,8.226888890217125E-5
"7733,2853",2022-05-03,8.008517188237972E-5
"7683,2858",2022-05-03,7.421769412430006E-5
"7688,2858",2022-05-03,7.6498270066457E-5
"7693,2858",2022-05-03,8.201098705108916E-5
"7698,2858",2022-05-03,8.334594876019365E-5
"7703,2858",2022-05-03,8.255744560779571E-5
"7708,2858",2022-05-03,6.958617705962339E-5
"7713,2858",2022-05-03,7.161139113632244E-5
"7718,2858",2022-05-03,7.796863595602671E-5
"7723,2858",2022-05-03,8.289457085888863E-5
"7728,2858",2022-05-03,8.573496901493903E-5
"7733,2858",2022-05-03,8.491648428953762E-5
"7688,2863",2022-05-03,6.759038971082009E-5
"7693,2863",2022-05-03,8.015105532486826E-5
"7698,2863",2022-05-03,8.324659632135056E-5
"7703,2863",2022-05-03,8.551909095525207E-5
"7708,2863",2022-05-03,8.260160096219233E-5
"7713,2863",2022-05-03,7.821470127840956E-5
"7718,2863",2022-05-03,7.865603900465876E-5
"7723,2863",2022-05-03,8.112628242650075E-5
"7728,2863",2022-05-03,8.164410244485953E-5
"7733,2863",2022-05-03,8.222328917905413E-5
"7693,2868",2022-05-03,8.150188701551542E-5
"7698,2868",2022-05-03,8.244243764654641E-5
"7703,2868",2022-05-03,7.996261248792304E-5
"7708,2868",2022-05-03,7.974242733712693E-5
"7713,2868",2022-05-03,6.991281160083479E-5
"7718,2868",2022-05-03,7.140509764526038E-5
"7723,2868",2022-05-03,7.063478014223704E-5
"7728,2868",2022-05-03,6.693133810288056E-5
"7733,2868",2022-05-03,7.340262703306524E-5
"7693,2873",2022-05-03,7.814418294247069E-5
"7698,2873",2022-05-03,7.898794409260129E-5
"7703,2873",2022-05-03,7.742678291448282E-5
"7708,2873",2022-05-03,6.535759644353782E-5
"7713,2873",2022-05-03,6.282194440924199E-5
"7718,2873",2022-05-03,6.338755163848522E-5
"7723,2873",2022-05-03,6.45184807795348E-5
"7728,2873",2022-05-03,5.438957893969337E-5
"7733,2873",2022-05-03,5.2849348802380034E-5
"7693,2878",2022-05-03,7.449803539892025E-5
"7698,2878",2022-05-03,7.11172826107952E-5
"7703,2878",2022-05-03,7.414880762260595E-5
"7708,2878",2022-05-03,6.521715762829052E-5
"7713,2878",2022-05-03,5.959632256527999E-5
"7718,2878",2022-05-03,5.0404898219960874E-5
"7723,2878",2022-05-03,5.360694253795046E-5
"7728,2878",2022-05-03,5.36137481285551E-5
"7693,2883",2022-05-03,5.757902268693837E-5
"7698,2883",2022-05-03,5.622077277315546E-5
"7703,2883",2022-05-03,6.680292787418618E-5
"7708,2883",2022-05-03,6.930183444042384E-5
"7713,2883",2022-05-03,6.0165306360505504E-5
"7718,2883",2022-05-03,5.6112891554953955E-5
"7723,2883",2022-05-03,5.1249868098099545E-5
"7703,2888",2022-05-03,6.265437131496632E-5
"7708,2888",2022-05-03,6.318491865398436E-5
"7713,2888",2022-05-03,5.6880009964900044E-5
"7718,2888",2022-05-03,5.90699724546703E-5
"7723,2888",2022-05-03,5.431684116936076E-5
"7713,2843",2022-05-03,1.0224900105752218E-4
"7718,2843",2022-05-03,1.0249739345292132E-4
"7723,2843",2022-05-03,1.0358472025134392E-4
"7708,2848",2022-05-03,1.0864393742176616E-4
"7713,2848",2022-05-03,1.1433241085851544E-4
"7718,2848",2022-05-03,1.1438839099530299E-4
"7723,2848",2022-05-03,1.1192853304831858E-4
"7728,2848",2022-05-03,1.0783426975855422E-4
"7733,2848",2022-05-03,1.0786274089516864E-4
"7688,2853",2022-05-03,7.39742548615747E-5
"7693,2853",2022-05-03,8.215971690860278E-5
"7698,2853",2022-05-03,1.0866197637388644E-4
"7703,2853",2022-05-03,1.0865603269636776E-4
"7708,2853",2022-05-03,1.1183654074740605E-4
"7713,2853",2022-05-03,1.1931763828417298E-4
"7718,2853",2022-05-03,1.1929151462166458E-4
"7723,2853",2022-05-03,1.146081970482156E-4
"7728,2853",2022-05-03,1.1001591422459887E-4
"7733,2853",2022-05-03,1.1000297114897814E-4
"7683,2858",2022-05-03,7.806728077473932E-5
"7688,2858",2022-05-03,7.831255329541986E-5
"7693,2858",2022-05-03,9.006068450307331E-5
"7698,2858",2022-05-03,1.0727678934250726E-4
"7703,2858",2022-05-03,1.072770674047137E-4
"7708,2858",2022-05-03,1.0813339384015674E-4
"7713,2858",2022-05-03,1.0964355089920433E-4
"7718,2858",2022-05-03,1.0959374430221325E-4
"7723,2858",2022-05-03,1.0597654753566992E-4
"7728,2858",2022-05-03,1.0407256028128415E-4
"7733,2858",2022-05-03,1.0402381207279359E-4
"7688,2863",2022-05-03,8.016397571211948E-5
"7693,2863",2022-05-03,9.537593308938468E-5
"7698,2863",2022-05-03,1.0758201739211871E-4
"7703,2863",2022-05-03,1.0758336819010068E-4
"7708,2863",2022-05-03,1.0817125790438118E-4
"7713,2863",2022-05-03,1.0822348434452751E-4
"7718,2863",2022-05-03,1.0826712791312458E-4
"7723,2863",2022-05-03,9.664731919710368E-5
"7728,2863",2022-05-03,9.462558466070373E-5
"7733,2863",2022-05-03,9.407531031139833E-5
"7693,2868",2022-05-03,1.0310041739245651E-4
"7698,2868",2022-05-03,1.0974658757963046E-4
"7703,2868",2022-05-03,1.097569821438212E-4
"7708,2868",2022-05-03,1.091170094414648E-4
"7713,2868",2022-05-03,1.0922921360057647E-4
"7718,2868",2022-05-03,1.079915788334188E-4
"7723,2868",2022-05-03,8.317572370785629E-5
"7728,2868",2022-05-03,8.157191481873523E-5
"7733,2868",2022-05-03,8.040876114569373E-5
"7693,2873",2022-05-03,1.0015914866207431E-4
"7698,2873",2022-05-03,1.0267084312630069E-4
"7703,2873",2022-05-03,1.0268605669720874E-4
"7708,2873",2022-05-03,1.0176007502500779E-4
"7713,2873",2022-05-03,1.0152950755594401E-4
"7718,2873",2022-05-03,9.73347699751015E-5
"7723,2873",2022-05-03,7.199292227665554E-5
"7728,2873",2022-05-03,7.186333713725321E-5
"7733,2873",2022-05-03,6.918365895860726E-5
"7693,2878",2022-05-03,9.409009462771505E-5
"7698,2878",2022-05-03,9.452689511263103E-5
"7703,2878",2022-05-03,9.471473388964582E-5
"7708,2878",2022-05-03,9.660042942787633E-5
"7713,2878",2022-05-03,9.662973977249402E-5
"7718,2878",2022-05-03,8.868560261216042E-5
"7723,2878",2022-05-03,6.943069239266054E-5
"7728,2878",2022-05-03,6.942326618482317E-5
"7693,2883",2022-05-03,9.172969962834118E-5
"7698,2883",2022-05-03,9.171880595993635E-5
"7703,2883",2022-05-03,9.015245876219319E-5
"7708,2883",2022-05-03,8.629445621801924E-5
"7713,2883",2022-05-03,8.622697969192598E-5
"7718,2883",2022-05-03,7.771039192275544E-5
"7723,2883",2022-05-03,6.684729336390212E-5
"7703,2888",2022-05-03,8.630377026357785E-5
"7708,2888",2022-05-03,8.303111127101723E-5
"7713,2888",2022-05-03,8.305102509641537E-5
"7718,2888",2022-05-03,6.952805117685433E-5
"7723,2888",2022-05-03,6.103926488463745E-5
"7713,2843",2022-05-04,8.220746574107328E-5
"7718,2843",2022-05-04,6.095022088799343E-5
"7723,2843",2022-05-04,6.279802176273347E-5
"7708,2848",2022-05-04,9.874785536958618E-5
"7713,2848",2022-05-04,8.740372202397952E-5
"7718,2848",2022-05-04,7.893930383694506E-5
"7723,2848",2022-05-04,7.151124707324317E-5
"7728,2848",2022-05-04,7.601273324799664E-5
"7733,2848",2022-05-04,7.939226827661189E-5
"7688,2853",2022-05-04,5.6995990414230526E-5
"7693,2853",2022-05-04,8.197780321957129E-5
"7698,2853",2022-05-04,9.248831783958692E-5
"7703,2853",2022-05-04,1.0697925909667586E-4
"7708,2853",2022-05-04,9.842784150964952E-5
"7713,2853",2022-05-04,9.271348056158566E-5
"7718,2853",2022-05-04,8.689093452969724E-5
"7723,2853",2022-05-04,7.418121976224933E-5
"7728,2853",2022-05-04,9.422132012463515E-5
"7733,2853",2022-05-04,9.689291231199635E-5
"7683,2858",2022-05-04,6.32479620713197E-5
"7688,2858",2022-05-04,6.51212260384498E-5
"7693,2858",2022-05-04,8.691994381708826E-5
"7698,2858",2022-05-04,8.686484251969679E-5
"7703,2858",2022-05-04,9.045784838946577E-5
"7708,2858",2022-05-04,1.0429582901508602E-4
"7713,2858",2022-05-04,1.0263180649648143E-4
"7718,2858",2022-05-04,1.0208030225796043E-4
"7723,2858",2022-05-04,7.415079451695945E-5
"7728,2858",2022-05-04,9.691526260051496E-5
"7733,2858",2022-05-04,9.620668466738684E-5
"7688,2863",2022-05-04,7.806555577500862E-5
"7693,2863",2022-05-04,9.334107337930208E-5
"7698,2863",2022-05-04,9.886605386058653E-5
"7693,2868",2022-05-04,8.518491070211515E-5
"7698,2868",2022-05-04,8.51849113858729E-5
"7718,2883",2022-05-04,9.250164371743026E-5
"7723,2883",2022-05-04,9.250164304355693E-5
"7718,2888",2022-05-04,9.425301011319279E-5
"7723,2888",2022-05-04,9.375904541106756E-5
"7713,2843",2022-05-05,1.3505921996021701E-4
"7718,2843",2022-05-05,9.816220596618488E-5
"7723,2843",2022-05-05,8.598649830606453E-5
"7708,2848",2022-05-05,1.8866094600596177E-4
"7713,2848",2022-05-05,1.9144277101988225E-4
"7718,2848",2022-05-05,1.2908576507360164E-4
"7723,2848",2022-05-05,1.0609863352112988E-4
"7728,2848",2022-05-05,1.313674823283131E-4
"7733,2848",2022-05-05,1.3362469953231027E-4
"7688,2853",2022-05-05,8.200713905287992E-5
"7693,2853",2022-05-05,8.926434507293666E-5
"7698,2853",2022-05-05,1.0297336555358923E-4
"7703,2853",2022-05-05,1.17115466288487E-4
"7708,2853",2022-05-05,1.7299404010172244E-4
"7713,2853",2022-05-05,2.157187834439202E-4
"7718,2853",2022-05-05,1.915565187166538E-4
"7723,2853",2022-05-05,1.833560044055007E-4
"7728,2853",2022-05-05,1.9292224754200073E-4
"7733,2853",2022-05-05,1.5606508175631829E-4
"7683,2858",2022-05-05,8.033557739858485E-5
"7688,2858",2022-05-05,8.448565746624228E-5
"7693,2858",2022-05-05,9.303075725938672E-5
"7698,2858",2022-05-05,1.0644482568275832E-4
"7703,2858",2022-05-05,1.142022597337783E-4
"7708,2858",2022-05-05,1.4889444967314922E-4
"7713,2858",2022-05-05,1.724068583313848E-4
"7718,2858",2022-05-05,2.0334296828203958E-4
"7723,2858",2022-05-05,2.3714365072470124E-4
"7728,2858",2022-05-05,2.2965964838704005E-4
"7733,2858",2022-05-05,1.82934302767589E-4
"7688,2863",2022-05-05,8.373308489920399E-5
"7693,2863",2022-05-05,9.140134891304142E-5
"7698,2863",2022-05-05,9.849289204930613E-5
"7703,2863",2022-05-05,1.0860058795422549E-4
"7708,2863",2022-05-05,1.4111233458259477E-4
"7713,2863",2022-05-05,1.722359599805427E-4
"7718,2863",2022-05-05,1.9859919037587716E-4
"7723,2863",2022-05-05,2.3821380785743444E-4
"7728,2863",2022-05-05,2.17603494734471E-4
"7733,2863",2022-05-05,1.9856505838107745E-4
"7693,2868",2022-05-05,9.233301265419556E-5
"7698,2868",2022-05-05,9.628268030449798E-5
"7703,2868",2022-05-05,9.522608709348248E-5
"7708,2868",2022-05-05,1.354380109297427E-4
"7713,2868",2022-05-05,1.7414466600395212E-4
"7718,2868",2022-05-05,1.8541002897505326E-4
"7723,2868",2022-05-05,1.9211265073069226E-4
"7728,2868",2022-05-05,1.9529749655147874E-4
"7733,2868",2022-05-05,2.119693713250752E-4
"7693,2873",2022-05-05,8.776488579980323E-5
"7698,2873",2022-05-05,8.289339067669453E-5
"7703,2873",2022-05-05,9.190736201167144E-5
"7708,2873",2022-05-05,1.1442713547602853E-4
"7713,2873",2022-05-05,1.3763188457380845E-4
"7718,2873",2022-05-05,1.4259539002079127E-4
"7723,2873",2022-05-05,1.2551278211361708E-4
"7728,2873",2022-05-05,1.4591573762434782E-4
"7733,2873",2022-05-05,1.5726755859698746E-4
"7693,2878",2022-05-05,8.073977480886855E-5
"7698,2878",2022-05-05,8.353312604538356E-5
"7703,2878",2022-05-05,8.85832695359712E-5
"7708,2878",2022-05-05,1.0406685744209244E-4
"7713,2878",2022-05-05,1.1522233918968907E-4
"7718,2878",2022-05-05,1.0557837645894615E-4
"7723,2878",2022-05-05,8.705981882104434E-5
"7728,2878",2022-05-05,1.0027218037554884E-4
"7693,2883",2022-05-05,7.921116002588946E-5
"7698,2883",2022-05-05,8.23114112280093E-5
"7703,2883",2022-05-05,8.428167813056603E-5
"7708,2883",2022-05-05,8.980332234324511E-5
"7713,2883",2022-05-05,9.824287776129349E-5
"7718,2883",2022-05-05,8.716709260988692E-5
"7723,2883",2022-05-05,7.743664460816247E-5
"7703,2888",2022-05-05,8.602636811328963E-5
"7708,2888",2022-05-05,9.110384924745147E-5
"7713,2888",2022-05-05,9.335476315340569E-5
"7718,2888",2022-05-05,7.528217398128247E-5
"7723,2888",2022-05-05,7.040350807428511E-5
"7713,2843",2022-05-06,8.919979566344284E-5
"7718,2843",2022-05-06,1.0776685596764924E-4
"7723,2843",2022-05-06,1.1542667370673644E-4
"7708,2848",2022-05-06,1.0161517696460983E-4
"7713,2848",2022-05-06,9.990007879390577E-5
"7718,2848",2022-05-06,1.288093110213197E-4
"7723,2848",2022-05-06,1.3111015664634115E-4
"7728,2848",2022-05-06,1.6064443987452771E-4
"7733,2848",2022-05-06,1.6929291550080858E-4
"7688,2853",2022-05-06,8.271024361864223E-5
"7693,2853",2022-05-06,8.236414291114602E-5
"7698,2853",2022-05-06,8.87019963885133E-5
"7703,2853",2022-05-06,9.635217512135873E-5
"7708,2853",2022-05-06,9.96846916116535E-5
"7713,2853",2022-05-06,1.043518702406703E-4
"7718,2853",2022-05-06,1.3267562828808214E-4
"7723,2853",2022-05-06,1.6006070060624891E-4
"7728,2853",2022-05-06,1.905073480745909E-4
"7733,2853",2022-05-06,2.0588967057896148E-4
"7683,2858",2022-05-06,7.357416909196252E-5
"7688,2858",2022-05-06,8.291262452232098E-5
"7693,2858",2022-05-06,8.179133680183127E-5
"7698,2858",2022-05-06,9.014287435009504E-5
"7703,2858",2022-05-06,1.0022447989265976E-4
"7708,2858",2022-05-06,1.0264379766288634E-4
"7713,2858",2022-05-06,9.688155176652858E-5
"7718,2858",2022-05-06,1.1040133740426547E-4
"7723,2858",2022-05-06,1.5731239520379005E-4
"7728,2858",2022-05-06,1.7888092974222987E-4
"7733,2858",2022-05-06,1.8793062601402471E-4
"7688,2863",2022-05-06,8.763695942681149E-5
"7693,2863",2022-05-06,8.798589454886827E-5
"7698,2863",2022-05-06,8.332703122415696E-5
"7703,2863",2022-05-06,9.896445754071684E-5
"7708,2863",2022-05-06,1.0714973433183549E-4
"7713,2863",2022-05-06,1.0676495738814479E-4
"7718,2863",2022-05-06,1.0705661704990573E-4
"7723,2863",2022-05-06,1.3344871467509763E-4
"7728,2863",2022-05-06,1.5581499187508393E-4
"7733,2863",2022-05-06,1.7306342277760982E-4
"7693,2868",2022-05-06,9.266066148336366E-5
"7698,2868",2022-05-06,8.649668487706174E-5
"7703,2868",2022-05-06,9.373785551884094E-5
"7708,2868",2022-05-06,1.1623112463215489E-4
"7713,2868",2022-05-06,1.309328165288981E-4
"7718,2868",2022-05-06,1.3061664337308965E-4
"7723,2868",2022-05-06,1.2746171835440414E-4
"7728,2868",2022-05-06,1.4662806294430628E-4
"7733,2868",2022-05-06,1.6354497894916991E-4
"7693,2873",2022-05-06,8.72792076961099E-5
"7698,2873",2022-05-06,9.690040979734861E-5
"7703,2873",2022-05-06,9.744983519746309E-5
"7708,2873",2022-05-06,1.1997055690635361E-4
"7713,2873",2022-05-06,1.3509015506282777E-4
"7718,2873",2022-05-06,1.2107331199817226E-4
"7723,2873",2022-05-06,1.1532277530493865E-4
"7728,2873",2022-05-06,1.3653308223078716E-4
"7733,2873",2022-05-06,1.4602648651796543E-4
"7693,2878",2022-05-06,8.813740875831172E-5
"7698,2878",2022-05-06,9.017709204123387E-5
"7703,2878",2022-05-06,1.0030844348557735E-4
"7708,2878",2022-05-06,1.0932923058222125E-4
"7713,2878",2022-05-06,1.0748783593116796E-4
"7718,2878",2022-05-06,1.0919883224260016E-4
"7723,2878",2022-05-06,1.1014747011360718E-4
"7728,2878",2022-05-06,1.1663653165934014E-4
"7693,2883",2022-05-06,7.725707275543255E-5
"7698,2883",2022-05-06,8.886913022154589E-5
"7703,2883",2022-05-06,9.227336806725411E-5
"7708,2883",2022-05-06,1.033831059219147E-4
"7713,2883",2022-05-06,9.898998818325289E-5
"7718,2883",2022-05-06,9.698958096714827E-5
"7723,2883",2022-05-06,1.0115254549715199E-4
"7703,2888",2022-05-06,8.952407074145403E-5
"7708,2888",2022-05-06,9.89997200739896E-5
"7713,2888",2022-05-06,9.208402124539942E-5
"7718,2888",2022-05-06,9.142063789491994E-5
"7723,2888",2022-05-06,9.335001794352394E-5
"7713,2843",2022-05-07,1.0339867506786576E-4
"7718,2843",2022-05-07,9.918276842974383E-5
"7723,2843",2022-05-07,1.003405836044781E-4
"7708,2848",2022-05-07,1.6490061527008555E-4
"7713,2848",2022-05-07,1.4610254634524433E-4
"7718,2848",2022-05-07,1.2682099345320044E-4
"7723,2848",2022-05-07,1.2644097558275175E-4
"7728,2848",2022-05-07,1.1843952618068166E-4
"7733,2848",2022-05-07,1.1444861347930533E-4
"7688,2853",2022-05-07,1.4330169868195892E-4
"7693,2853",2022-05-07,1.6030519886165123E-4
"7698,2853",2022-05-07,1.6763945403225743E-4
"7703,2853",2022-05-07,1.8060975530790295E-4
"7708,2853",2022-05-07,1.8859683723030483E-4
"7713,2853",2022-05-07,1.8007721676836495E-4
"7718,2853",2022-05-07,1.6409107300619974E-4
"7723,2853",2022-05-07,1.7742647500767705E-4
"7728,2853",2022-05-07,1.6147342119575753E-4
"7733,2853",2022-05-07,1.350333475134673E-4
"7683,2858",2022-05-07,1.3922763787533996E-4
"7688,2858",2022-05-07,1.6150719970202144E-4
"7693,2858",2022-05-07,1.8180485755265192E-4
"7698,2858",2022-05-07,1.961244507438113E-4
"7703,2858",2022-05-07,2.0311776205809507E-4
"7708,2858",2022-05-07,2.14705101486232E-4
"7713,2858",2022-05-07,2.0098029560924438E-4
"7718,2858",2022-05-07,1.939869575249177E-4
"7723,2858",2022-05-07,1.8087632159798257E-4
"7728,2858",2022-05-07,1.795795488569453E-4
"7733,2858",2022-05-07,1.5742538400305146E-4
"7688,2863",2022-05-07,1.5473160059848E-4
"7693,2863",2022-05-07,1.769175251455131E-4
"7698,2863",2022-05-07,2.0076360990697178E-4
"7703,2863",2022-05-07,2.249680913064336E-4
"7708,2863",2022-05-07,2.49008068267405E-4
"7713,2863",2022-05-07,2.452031616265005E-4
"7718,2863",2022-05-07,2.2589609047067339E-4
"7723,2863",2022-05-07,2.2531073923242546E-4
"7728,2863",2022-05-07,2.1844821226209486E-4
"7733,2863",2022-05-07,1.8868827235166719E-4
"7693,2868",2022-05-07,1.5523908245134528E-4
"7698,2868",2022-05-07,1.7393956319269015E-4
"7703,2868",2022-05-07,2.104870911940514E-4
"7708,2868",2022-05-07,2.3463503745414508E-4
"7713,2868",2022-05-07,2.4834219320251445E-4
"7718,2868",2022-05-07,2.2926854968847868E-4
"7723,2868",2022-05-07,2.303423029564632E-4
"7728,2868",2022-05-07,2.248142849693215E-4
"7733,2868",2022-05-07,2.1271431707093108E-4
"7693,2873",2022-05-07,1.249951968924442E-4
"7698,2873",2022-05-07,1.4335284480218317E-4
"7703,2873",2022-05-07,1.7783622530674698E-4
"7708,2873",2022-05-07,1.9500212341333337E-4
"7713,2873",2022-05-07,1.9830947438370555E-4
"7718,2873",2022-05-07,1.9012855930474235E-4
"7723,2873",2022-05-07,1.6791513122161217E-4
"7728,2873",2022-05-07,1.9876160163765662E-4
"7733,2873",2022-05-07,1.9964867164309666E-4
"7693,2878",2022-05-07,1.1113579914007971E-4
"7698,2878",2022-05-07,1.2372930161549985E-4
"7703,2878",2022-05-07,1.3193813321060334E-4
"7708,2878",2022-05-07,1.402540215013445E-4
"7713,2878",2022-05-07,1.4619744987980223E-4
"7718,2878",2022-05-07,1.4594012526628067E-4
"7723,2878",2022-05-07,1.471171549542721E-4
"7728,2878",2022-05-07,1.860903343589207E-4
"7693,2883",2022-05-07,1.1105675171602346E-4
"7698,2883",2022-05-07,1.1344699577785622E-4
"7703,2883",2022-05-07,1.153725608184878E-4
"7708,2883",2022-05-07,1.1806075257170473E-4
"7713,2883",2022-05-07,1.236674579515718E-4
"7718,2883",2022-05-07,1.269982171186007E-4
"7723,2883",2022-05-07,1.2958181132342888E-4
"7703,2888",2022-05-07,1.1256504698491553E-4
"7708,2888",2022-05-07,1.0670344761706039E-4
"7713,2888",2022-05-07,1.0453362196628952E-4
"7718,2888",2022-05-07,9.637560654305085E-5
"7723,2888",2022-05-07,1.0055884384652659E-4
"7713,2843",2022-05-08,7.352698225171299E-5
"7718,2843",2022-05-08,8.023056610163632E-5
"7723,2843",2022-05-08,7.964796967082086E-5
"7708,2848",2022-05-08,7.49126982002178E-5
"7713,2848",2022-05-08,9.6146908867068E-5
"7718,2848",2022-05-08,9.843561775898793E-5
"7723,2848",2022-05-08,9.082782023435399E-5
"7728,2848",2022-05-08,9.24141223897707E-5
"7733,2848",2022-05-08,9.169715934845832E-5
"7688,2853",2022-05-08,6.226512462405562E-5
"7693,2853",2022-05-08,7.360602872706703E-5
"7698,2853",2022-05-08,1.0595358105959807E-4
"7703,2853",2022-05-08,9.938288862669492E-5
"7708,2853",2022-05-08,9.676575680472658E-5
"7713,2853",2022-05-08,1.1686946032541289E-4
"7718,2853",2022-05-08,1.1333777799614266E-4
"7723,2853",2022-05-08,1.0867262451363984E-4
"7728,2853",2022-05-08,1.0889797445321306E-4
"7733,2853",2022-05-08,1.0310644948885252E-4
"7683,2858",2022-05-08,7.65703354052487E-5
"7688,2858",2022-05-08,7.271395405716673E-5
"7693,2858",2022-05-08,9.750604645622947E-5
"7698,2858",2022-05-08,1.1371256432719324E-4
"7703,2858",2022-05-08,1.1358625831550319E-4
"7708,2858",2022-05-08,1.2833658528161508E-4
"7713,2858",2022-05-08,1.3035299542561526E-4
"7718,2858",2022-05-08,1.2248815540077636E-4
"7723,2858",2022-05-08,1.2096085019952704E-4
"7728,2858",2022-05-08,1.1886201067162895E-4
"7733,2858",2022-05-08,1.1492067974789612E-4
"7688,2863",2022-05-08,8.2550163373894E-5
"7693,2863",2022-05-08,1.0783179590163112E-4
"7698,2863",2022-05-08,1.1138979828764482E-4
"7703,2863",2022-05-08,1.1519144457559945E-4
"7708,2863",2022-05-08,1.6199626969032926E-4
"7713,2863",2022-05-08,1.6066331362578473E-4
"7718,2863",2022-05-08,1.475913051929194E-4
"7723,2863",2022-05-08,1.3068199523717778E-4
"7728,2863",2022-05-08,1.26288931181626E-4
"7733,2863",2022-05-08,1.2351418440328395E-4
"7693,2868",2022-05-08,1.0887059781686949E-4
"7698,2868",2022-05-08,1.0784126561095052E-4
"7703,2868",2022-05-08,1.251663843464169E-4
"7708,2868",2022-05-08,1.668799049183075E-4
"7713,2868",2022-05-08,1.7314297766135583E-4
"7718,2868",2022-05-08,1.488855108525261E-4
"7723,2868",2022-05-08,1.3798961519042525E-4
"7728,2868",2022-05-08,1.3843877015037593E-4
"7733,2868",2022-05-08,1.1345643043210578E-4
"7693,2873",2022-05-08,1.0655484437619819E-4
"7698,2873",2022-05-08,1.0960405830985958E-4
"7703,2873",2022-05-08,1.2402157275114654E-4
"7708,2873",2022-05-08,1.4476127381656993E-4
"7713,2873",2022-05-08,1.550536094040054E-4
"7718,2873",2022-05-08,1.2291671723189425E-4
"7723,2873",2022-05-08,1.1851228478765218E-4
"7728,2873",2022-05-08,1.2106088089365821E-4
"7733,2873",2022-05-08,8.728330623515924E-5
"7693,2878",2022-05-08,9.926913350302813E-5
"7698,2878",2022-05-08,1.0156557605278511E-4
"7703,2878",2022-05-08,1.0828266513929964E-4
"7708,2878",2022-05-08,1.1577717753739055E-4
"7713,2878",2022-05-08,1.1649507419126549E-4
"7718,2878",2022-05-08,1.0521101598723461E-4
"7723,2878",2022-05-08,1.1347776747962287E-4
"7728,2878",2022-05-08,9.544903749557929E-5
"7693,2883",2022-05-08,9.27956986124036E-5
"7698,2883",2022-05-08,9.173406839343778E-5
"7703,2883",2022-05-08,9.493340973865369E-5
"7708,2883",2022-05-08,1.0075693863611313E-4
"7713,2883",2022-05-08,9.060110400781054E-5
"7718,2883",2022-05-08,8.65860292252004E-5
"7723,2883",2022-05-08,9.126225886221675E-5
"7703,2888",2022-05-08,8.718027147075693E-5
"7708,2888",2022-05-08,8.54999443996883E-5
"7713,2888",2022-05-08,7.20024893609684E-5
"7718,2888",2022-05-08,7.869793742650995E-5
"7723,2888",2022-05-08,7.552676915967577E-5
"7713,2843",2022-05-08,8.248278867032855E-5
"7718,2843",2022-05-08,7.31055405628033E-5
"7723,2843",2022-05-08,7.19719947399112E-5
"7708,2848",2022-05-08,8.257202452788623E-5
"7713,2848",2022-05-08,8.329877517825932E-5
"7718,2848",2022-05-08,8.643218788687368E-5
"7723,2848",2022-05-08,8.782574764004755E-5
"7728,2848",2022-05-08,9.176745998926062E-5
"7733,2848",2022-05-08,8.854562137040728E-5
"7688,2853",2022-05-08,5.68654162871914E-5
"7693,2853",2022-05-08,6.496103372203488E-5
"7698,2853",2022-05-08,7.768210292376865E-5
"7703,2853",2022-05-08,8.630345836801004E-5
"7708,2853",2022-05-08,1.0385516205668232E-4
"7713,2853",2022-05-08,1.0804856229028521E-4
"7718,2853",2022-05-08,1.0958753389778547E-4
"7723,2853",2022-05-08,1.0724662631242237E-4
"7728,2853",2022-05-08,1.0263881306933024E-4
"7733,2853",2022-05-08,9.892880942552579E-5
"7683,2858",2022-05-08,6.893852540650251E-5
"7688,2858",2022-05-08,7.479362162524749E-5
"7693,2858",2022-05-08,7.907129930852343E-5
"7698,2858",2022-05-08,1.0554253713803496E-4
"7703,2858",2022-05-08,1.1016375221058905E-4
"7708,2858",2022-05-08,1.1489030945883274E-4
"7713,2858",2022-05-08,1.1858933761444504E-4
"7718,2858",2022-05-08,1.2910492625464054E-4
"7723,2858",2022-05-08,1.1999756773000374E-4
"7728,2858",2022-05-08,1.0994192938046023E-4
"7733,2858",2022-05-08,1.0634070216674E-4
"7688,2863",2022-05-08,7.746220132067421E-5
"7693,2863",2022-05-08,8.350428534419432E-5
"7698,2863",2022-05-08,1.0998466852766568E-4
"7703,2863",2022-05-08,1.1117647596475206E-4
"7708,2863",2022-05-08,1.1214087852739159E-4
"7713,2863",2022-05-08,1.1931138579906955E-4
"7718,2863",2022-05-08,1.3136471070098672E-4
"7723,2863",2022-05-08,1.235604044515972E-4
"7728,2863",2022-05-08,1.1843812486722251E-4
"7733,2863",2022-05-08,1.0939799698858415E-4
"7693,2868",2022-05-08,9.407950981230396E-5
"7698,2868",2022-05-08,1.0869126857498622E-4
"7703,2868",2022-05-08,1.0777119072232921E-4
"7708,2868",2022-05-08,1.059211586313493E-4
"7713,2868",2022-05-08,1.1144558854369352E-4
"7718,2868",2022-05-08,1.164565130698321E-4
"7723,2868",2022-05-08,1.1591044953919571E-4
"7728,2868",2022-05-08,1.1517318293691014E-4
"7733,2868",2022-05-08,1.0620086232101279E-4
"7693,2873",2022-05-08,8.731080515732324E-5
"7698,2873",2022-05-08,9.471327038172955E-5
"7703,2873",2022-05-08,9.216712350516569E-5
"7708,2873",2022-05-08,8.831212962713104E-5
"7713,2873",2022-05-08,9.40672914258529E-5
"7718,2873",2022-05-08,9.690240241502149E-5
"7723,2873",2022-05-08,8.607994153074702E-5
"7728,2873",2022-05-08,8.514349792770995E-5
"7733,2873",2022-05-08,8.667723372926036E-5
"7693,2878",2022-05-08,8.728553521730253E-5
"7698,2878",2022-05-08,8.494620881719683E-5
"7703,2878",2022-05-08,8.196730033170796E-5
"7708,2878",2022-05-08,7.954745065842268E-5
"7713,2878",2022-05-08,8.441777120333637E-5
"7718,2878",2022-05-08,8.401097373103446E-5
"7723,2878",2022-05-08,6.687856558324172E-5
"7728,2878",2022-05-08,6.680883148224891E-5
"7693,2883",2022-05-08,7.813953517338638E-5
"7698,2883",2022-05-08,7.40600311899364E-5
"7703,2883",2022-05-08,7.031834164761798E-5
"7708,2883",2022-05-08,6.847649387297019E-5
"7713,2883",2022-05-08,7.432838509264036E-5
"7718,2883",2022-05-08,7.327968068831592E-5
"7723,2883",2022-05-08,6.587529871357054E-5
"7703,2888",2022-05-08,6.855530493306554E-5
"7708,2888",2022-05-08,6.930195310220216E-5
"7713,2888",2022-05-08,7.382224090938924E-5
"7718,2888",2022-05-08,7.045861432035452E-5
"7723,2888",2022-05-08,6.373923976628276E-5
"7713,2843",2022-05-09,5.934610659262605E-5
"7718,2843",2022-05-09,5.876547812530425E-5
"7723,2843",2022-05-09,5.923796803089158E-5
"7708,2848",2022-05-09,6.776537469386445E-5
"7713,2848",2022-05-09,6.548806243319234E-5
"7718,2848",2022-05-09,6.323244934484565E-5
"7723,2848",2022-05-09,6.00003942830604E-5
"7728,2848",2022-05-09,5.82491939719952E-5
"7733,2848",2022-05-09,4.890373128510368E-5
"7688,2853",2022-05-09,5.8214544220526156E-5
"7693,2853",2022-05-09,6.398358544048354E-5
"7698,2853",2022-05-09,7.572182393022995E-5
"7703,2853",2022-05-09,7.44068033000047E-5
"7708,2853",2022-05-09,7.196592524997427E-5
"7713,2853",2022-05-09,7.363164754768401E-5
"7718,2853",2022-05-09,7.308142014101478E-5
"7723,2853",2022-05-09,6.836740181754295E-5
"7728,2853",2022-05-09,6.724254759003117E-5
"7733,2853",2022-05-09,6.411646307577379E-5
"7683,2858",2022-05-09,5.896681594879535E-5
"7688,2858",2022-05-09,6.085608317149617E-5
"7693,2858",2022-05-09,7.022545006041623E-5
"7698,2858",2022-05-09,7.848149478357823E-5
"7703,2858",2022-05-09,8.483279963499096E-5
"7708,2858",2022-05-09,8.751862637126507E-5
"7713,2858",2022-05-09,8.785793954064964E-5
"7718,2858",2022-05-09,8.806142925650305E-5
"7723,2858",2022-05-09,8.18398360532857E-5
"7728,2858",2022-05-09,7.885412875960393E-5
"7733,2858",2022-05-09,7.38987537619718E-5
"7688,2863",2022-05-09,6.400714181743732E-5
"7693,2863",2022-05-09,7.63615664245365E-5
"7698,2863",2022-05-09,8.156350170722937E-5
"7703,2863",2022-05-09,1.012289520644755E-4
"7708,2863",2022-05-09,1.0583154323105558E-4
"7713,2863",2022-05-09,1.0127816416841903E-4
"7718,2863",2022-05-09,9.950079959889948E-5
"7723,2863",2022-05-09,9.801746948633975E-5
"7728,2863",2022-05-09,9.538886760049164E-5
"7733,2863",2022-05-09,9.167007843053366E-5
"7693,2868",2022-05-09,7.852835994426317E-5
"7698,2868",2022-05-09,8.114957523134593E-5
"7703,2868",2022-05-09,1.0708576447578726E-4
"7708,2868",2022-05-09,1.1079682878751357E-4
"7713,2868",2022-05-09,1.1644359498673959E-4
"7718,2868",2022-05-09,1.1308636601073696E-4
"7723,2868",2022-05-09,1.0922622345032912E-4
"7728,2868",2022-05-09,1.1161911852306224E-4
"7733,2868",2022-05-09,1.128586512532231E-4
"7693,2873",2022-05-09,7.902771208859337E-5
"7698,2873",2022-05-09,8.23846783608329E-5
"7703,2873",2022-05-09,1.0040945184388131E-4
"7708,2873",2022-05-09,1.0702084980007006E-4
"7713,2873",2022-05-09,1.1516626973267223E-4
"7718,2873",2022-05-09,1.1082536269196092E-4
"7723,2873",2022-05-09,1.0877247845995236E-4
"7728,2873",2022-05-09,1.028489929960083E-4
"7733,2873",2022-05-09,1.0163739720180636E-4
"7693,2878",2022-05-09,8.678904780627516E-5
"7698,2878",2022-05-09,8.984732534380281E-5
"7703,2878",2022-05-09,9.634527464616708E-5
"7708,2878",2022-05-09,1.0112027208969582E-4
"7713,2878",2022-05-09,1.0513074465760274E-4
"7718,2878",2022-05-09,8.981961056997059E-5
"7723,2878",2022-05-09,8.72170690032511E-5
"7728,2878",2022-05-09,7.432793524655012E-5
"7693,2883",2022-05-09,8.594022467315003E-5
"7698,2883",2022-05-09,8.643570741954114E-5
"7703,2883",2022-05-09,8.777316990757095E-5
"7708,2883",2022-05-09,8.5761679725742E-5
"7713,2883",2022-05-09,8.463524257656033E-5
"7718,2883",2022-05-09,6.423103127288873E-5
"7723,2883",2022-05-09,6.09119849740305E-5
"7703,2888",2022-05-09,7.171689154427934E-5
"7708,2888",2022-05-09,6.552349895202427E-5
"7713,2888",2022-05-09,6.386777431539184E-5
"7718,2888",2022-05-09,5.631610364585053E-5
"7723,2888",2022-05-09,5.158023971006987E-5
"7713,2843",2022-05-10,4.853597282449919E-5
"7718,2843",2022-05-10,5.1588204905054446E-5
"7723,2843",2022-05-10,5.996545967603038E-5
"7708,2848",2022-05-10,6.843318657730864E-5
"7713,2848",2022-05-10,5.788465334611435E-5
"7718,2848",2022-05-10,5.655858501212435E-5
"7723,2848",2022-05-10,5.664158106494844E-5
"7728,2848",2022-05-10,6.276683119675815E-5
"7733,2848",2022-05-10,6.345430860603522E-5
"7688,2853",2022-05-10,6.252494802959164E-5
"7693,2853",2022-05-10,6.662661429110977E-5
"7698,2853",2022-05-10,7.708768013395397E-5
"7703,2853",2022-05-10,8.44532685888294E-5
"7708,2853",2022-05-10,7.609854500961085E-5
"7713,2853",2022-05-10,6.439996583704437E-5
"7718,2853",2022-05-10,6.757574626679153E-5
"7723,2853",2022-05-10,7.071936357688294E-5
"7728,2853",2022-05-10,7.875693818066471E-5
"7733,2853",2022-05-10,7.146076928563256E-5
"7683,2858",2022-05-10,6.539520022919781E-5
"7688,2858",2022-05-10,6.25497889864242E-5
"7693,2858",2022-05-10,6.64981818491854E-5
"7698,2858",2022-05-10,6.876167628251698E-5
"7703,2858",2022-05-10,8.419984584003165E-5
"7708,2858",2022-05-10,8.82292005779993E-5
"7713,2858",2022-05-10,8.077525283806121E-5
"7718,2858",2022-05-10,8.409765074071056E-5
"7723,2858",2022-05-10,8.726549340127189E-5
"7728,2858",2022-05-10,8.463902185140976E-5
"7733,2858",2022-05-10,8.733109396296411E-5
"7688,2863",2022-05-10,6.31291097259371E-5
"7693,2863",2022-05-10,6.500587774418391E-5
"7698,2863",2022-05-10,7.066489427487518E-5
"7703,2863",2022-05-10,9.260017638079723E-5
"7708,2863",2022-05-10,1.0142349151044939E-4
"7713,2863",2022-05-10,9.99325189534186E-5
"7718,2863",2022-05-10,1.0879781208645587E-4
"7723,2863",2022-05-10,9.67859364864959E-5
"7728,2863",2022-05-10,9.264689891620439E-5
"7733,2863",2022-05-10,1.0149407057674425E-4
"7693,2868",2022-05-10,7.515347287862081E-5
"7698,2868",2022-05-10,8.337513503190229E-5
"7703,2868",2022-05-10,9.609349100949541E-5
"7708,2868",2022-05-10,1.0336425930535122E-4
"7713,2868",2022-05-10,1.1871807828859067E-4
"7718,2868",2022-05-10,1.192988868341702E-4
"7723,2868",2022-05-10,1.0762270369909564E-4
"7728,2868",2022-05-10,1.1246052920283766E-4
"7733,2868",2022-05-10,1.0601563504252595E-4
"7693,2873",2022-05-10,8.49895494363948E-5
"7698,2873",2022-05-10,8.689835370579006E-5
"7703,2873",2022-05-10,1.0173599126267157E-4
"7708,2873",2022-05-10,1.189687306520192E-4
"7713,2873",2022-05-10,1.203172532545998E-4
"7718,2873",2022-05-10,1.1726417968728708E-4
"7723,2873",2022-05-10,1.084863014711962E-4
"7728,2873",2022-05-10,1.14626173512184E-4
"7733,2873",2022-05-10,1.0073821488535435E-4
"7693,2878",2022-05-10,8.253284632371806E-5
"7698,2878",2022-05-10,8.992184117915843E-5
"7703,2878",2022-05-10,9.88691737666063E-5
"7708,2878",2022-05-10,1.1032886520922469E-4
"7713,2878",2022-05-10,1.1293927687007458E-4
"7718,2878",2022-05-10,1.0360113348441589E-4
"7723,2878",2022-05-10,9.342941234636951E-5
"7728,2878",2022-05-10,9.236483614427521E-5
"7693,2883",2022-05-10,8.20150534501246E-5
"7698,2883",2022-05-10,8.924200792457481E-5
"7703,2883",2022-05-10,9.452202714811417E-5
"7708,2883",2022-05-10,1.0029837750361766E-4
"7713,2883",2022-05-10,9.873080030807202E-5
"7718,2883",2022-05-10,8.721244975609199E-5
"7723,2883",2022-05-10,7.969998644931283E-5
"7703,2888",2022-05-10,8.989032374583894E-5
"7708,2888",2022-05-10,8.992154762511265E-5
"7713,2888",2022-05-10,9.016226548957968E-5
"7718,2888",2022-05-10,7.707706728888214E-5
"7723,2888",2022-05-10,7.445296561057572E-5
"7713,2843",2022-05-11,7.160839464639332E-5
"7718,2843",2022-05-11,7.193583604144845E-5
"7723,2843",2022-05-11,8.093744858379503E-5
"7708,2848",2022-05-11,1.0746067049917126E-4
"7713,2848",2022-05-11,9.232293568912807E-5
"7718,2848",2022-05-11,7.54001347320347E-5
"7723,2848",2022-05-11,8.34908113163032E-5
"7728,2848",2022-05-11,9.521216502775968E-5
"7733,2848",2022-05-11,8.261995602715134E-5
"7688,2853",2022-05-11,7.073573426235826E-5
"7693,2853",2022-05-11,8.003276947450623E-5
"7698,2853",2022-05-11,9.266536339343068E-5
"7703,2853",2022-05-11,9.365453912713015E-5
"7708,2853",2022-05-11,1.1506427155882014E-4
"7713,2853",2022-05-11,1.0935596367217872E-4
"7718,2853",2022-05-11,8.583405204119943E-5
"7723,2853",2022-05-11,1.0319217857515371E-4
"7728,2853",2022-05-11,1.0955652891626846E-4
"7733,2853",2022-05-11,8.297953874822612E-5
"7683,2858",2022-05-11,6.436253350700721E-5
"7688,2858",2022-05-11,6.589138077608999E-5
"7693,2858",2022-05-11,7.504968545291698E-5
"7698,2858",2022-05-11,7.97317340975709E-5
"7703,2858",2022-05-11,9.017225503947686E-5
"7708,2858",2022-05-11,1.2706758621870237E-4
"7713,2858",2022-05-11,1.233071778941775E-4
"7718,2858",2022-05-11,1.1588881669128967E-4
"7723,2858",2022-05-11,1.3602863329269403E-4
"7728,2858",2022-05-11,1.1668373848147544E-4
"7733,2858",2022-05-11,9.930324170280022E-5
"7688,2863",2022-05-11,7.091802922522783E-5
"7693,2863",2022-05-11,8.183713348753873E-5
"7698,2863",2022-05-11,9.033171544234142E-5
"7703,2863",2022-05-11,9.795463360135739E-5
"7708,2863",2022-05-11,1.3550583335871852E-4
"7713,2863",2022-05-11,1.3026683132415662E-4
"7718,2863",2022-05-11,1.4305673129345883E-4
"7723,2863",2022-05-11,1.4590079719375935E-4
"7728,2863",2022-05-11,1.262548884288656E-4
"7733,2863",2022-05-11,1.2164046969220163E-4
"7693,2868",2022-05-11,8.181323204611813E-5
"7698,2868",2022-05-11,7.853546158381107E-5
"7703,2868",2022-05-11,1.036766057752963E-4
"7708,2868",2022-05-11,1.3602742294607017E-4
"7713,2868",2022-05-11,1.4840139576957704E-4
"7718,2868",2022-05-11,1.681815161097709E-4
"7723,2868",2022-05-11,1.4619092877591223E-4
"7728,2868",2022-05-11,1.3802978508009237E-4
"7733,2868",2022-05-11,1.3956554057222118E-4
"7693,2873",2022-05-11,9.294412069770964E-5
"7698,2873",2022-05-11,9.929450280674729E-5
"7703,2873",2022-05-11,1.0993115570753422E-4
"7708,2873",2022-05-11,1.3588725957540325E-4
"7713,2873",2022-05-11,1.7406598055322994E-4
"7718,2873",2022-05-11,1.7579825246885055E-4
"7723,2873",2022-05-11,1.4094062722776765E-4
"7728,2873",2022-05-11,1.3949427382729178E-4
"7733,2873",2022-05-11,1.362260065653795E-4
"7693,2878",2022-05-11,9.249333609943073E-5
"7698,2878",2022-05-11,9.945900677487895E-5
"7703,2878",2022-05-11,1.105536308481518E-4
"7708,2878",2022-05-11,1.4626935338069873E-4
"7713,2878",2022-05-11,1.67742424285305E-4
"7718,2878",2022-05-11,1.4920497441512338E-4
"7723,2878",2022-05-11,1.1880801878898953E-4
"7728,2878",2022-05-11,1.2597968428117726E-4
"7693,2883",2022-05-11,8.516863375669478E-5
"7698,2883",2022-05-11,9.135835890810196E-5
"7703,2883",2022-05-11,1.1271686233921961E-4
"7708,2883",2022-05-11,1.4372359278695888E-4
"7713,2883",2022-05-11,1.4615715876495312E-4
"7718,2883",2022-05-11,1.2385967232792736E-4
"7723,2883",2022-05-11,1.1077358734765718E-4
"7703,2888",2022-05-11,1.1119779403235138E-4
"7708,2888",2022-05-11,1.3430229679935792E-4
"7713,2888",2022-05-11,1.2856146026635378E-4
"7718,2888",2022-05-11,1.0613387845001144E-4
"7723,2888",2022-05-11,1.0497897814167631E-4
"7713,2843",2022-05-12,5.5109235503561765E-5
"7718,2843",2022-05-12,4.642854425791012E-5
"7723,2843",2022-05-12,5.721880379718773E-5
"7708,2848",2022-05-12,7.503138191488219E-5
"7713,2848",2022-05-12,6.571320644947514E-5
"7718,2848",2022-05-12,5.783320522360533E-5
"7723,2848",2022-05-12,6.634381031127774E-5
"7728,2848",2022-05-12,7.231835746496097E-5
"7733,2848",2022-05-12,7.232680031632281E-5
"7688,2853",2022-05-12,5.831473628608766E-5
"7693,2853",2022-05-12,6.147121898546298E-5
"7698,2853",2022-05-12,6.743785316264646E-5
"7703,2853",2022-05-12,8.058369011551337E-5
"7708,2853",2022-05-12,8.825057620820573E-5
"7713,2853",2022-05-12,7.004301096991037E-5
"7718,2853",2022-05-12,7.139540577714022E-5
"7723,2853",2022-05-12,8.200229683193206E-5
"7728,2853",2022-05-12,8.401615830327391E-5
"7733,2853",2022-05-12,7.299085311168088E-5
"7683,2858",2022-05-12,6.19749629272663E-5
"7688,2858",2022-05-12,5.5584747282947E-5
"7693,2858",2022-05-12,5.544806138794876E-5
"7698,2858",2022-05-12,5.946747354149294E-5
"7703,2858",2022-05-12,7.730704417797126E-5
"7708,2858",2022-05-12,1.016023627211604E-4
"7713,2858",2022-05-12,8.957361702544725E-5
"7718,2858",2022-05-12,9.327083023382472E-5
"7723,2858",2022-05-12,9.937494616599272E-5
"7728,2858",2022-05-12,9.348972066305903E-5
"7733,2858",2022-05-12,7.896815740015832E-5
"7688,2863",2022-05-12,5.6670386884829645E-5
"7693,2863",2022-05-12,6.550401236504446E-5
"7698,2863",2022-05-12,7.093762094446462E-5
"7703,2863",2022-05-12,8.393075522400186E-5
"7708,2863",2022-05-12,1.0111723869813052E-4
"7713,2863",2022-05-12,1.0120096429781264E-4
"7718,2863",2022-05-12,1.048780779704522E-4
"7723,2863",2022-05-12,1.0903922716054211E-4
"7728,2863",2022-05-12,1.1019730865855012E-4
"7733,2863",2022-05-12,9.555329428469744E-5
"7693,2868",2022-05-12,7.365972010134531E-5
"7698,2868",2022-05-12,7.648821764155548E-5
"7703,2868",2022-05-12,8.929719603492155E-5
"7708,2868",2022-05-12,1.0536370714185892E-4
"7713,2868",2022-05-12,1.189839858830853E-4
"7718,2868",2022-05-12,1.229134261252283E-4
"7723,2868",2022-05-12,1.2547446183592393E-4
"7728,2868",2022-05-12,1.2093983020382748E-4
"7733,2868",2022-05-12,1.0694770231756647E-4
"7693,2873",2022-05-12,6.70446575422474E-5
"7698,2873",2022-05-12,6.934288769345221E-5
"7703,2873",2022-05-12,8.27137604120769E-5
"7708,2873",2022-05-12,1.1204719005077613E-4
"7713,2873",2022-05-12,1.3085013764051854E-4
"7718,2873",2022-05-12,1.3204214705595942E-4
"7723,2873",2022-05-12,1.2186161273633696E-4
"7728,2873",2022-05-12,1.1034843067563264E-4
"7733,2873",2022-05-12,1.0258194607500196E-4
"7693,2878",2022-05-12,6.675304522760168E-5
"7698,2878",2022-05-12,6.929801344670203E-5
"7703,2878",2022-05-12,7.799633346842388E-5
"7708,2878",2022-05-12,1.042326393043561E-4
"7713,2878",2022-05-12,1.295879096380703E-4
"7718,2878",2022-05-12,1.2355343516822745E-4
"7723,2878",2022-05-12,1.0455526940462023E-4
"7728,2878",2022-05-12,9.266607125775577E-5
"7693,2883",2022-05-12,5.8690156022970275E-5
"7698,2883",2022-05-12,6.8591000852475E-5
"7703,2883",2022-05-12,8.653589695215457E-5
"7708,2883",2022-05-12,1.0322888320222585E-4
"7713,2883",2022-05-12,1.1137582797778712E-4
"7718,2883",2022-05-12,1.0420778936590382E-4
"7723,2883",2022-05-12,8.971624523905197E-5
"7703,2888",2022-05-12,8.22974051894906E-5
"7708,2888",2022-05-12,1.033584211090532E-4
"7713,2888",2022-05-12,9.84415005391967E-5
"7718,2888",2022-05-12,9.14384021017503E-5
"7723,2888",2022-05-12,8.357425232919028E-5
"7713,2843",2022-05-13,8.422837422191422E-5
"7718,2843",2022-05-13,7.146903712291965E-5
"7723,2843",2022-05-13,9.505089141321433E-5
"7708,2848",2022-05-13,9.035459495946189E-5
"7713,2848",2022-05-13,1.01970451245225E-4
"7718,2848",2022-05-13,1.0160320507441921E-4
"7723,2848",2022-05-13,1.213326646983855E-4
"7728,2848",2022-05-13,1.1761116568650503E-4
"7733,2848",2022-05-13,1.193918081965449E-4
"7688,2853",2022-05-13,5.34639075571771E-5
"7693,2853",2022-05-13,5.611060042638702E-5
"7698,2853",2022-05-13,7.282865977884178E-5
"7703,2853",2022-05-13,7.651268441562112E-5
"7708,2853",2022-05-13,9.231441299211426E-5
"7713,2853",2022-05-13,1.0171028473475577E-4
"7718,2853",2022-05-13,1.1598479857677272E-4
"7723,2853",2022-05-13,1.3113442205655586E-4
"7728,2853",2022-05-13,1.3407242478999498E-4
"7733,2853",2022-05-13,1.4809595185013826E-4
"7683,2858",2022-05-13,5.0641749933626725E-5
"7688,2858",2022-05-13,5.296111648297644E-5
"7693,2858",2022-05-13,5.836101679408523E-5
"7698,2858",2022-05-13,6.430994963173224E-5
"7703,2858",2022-05-13,7.016064088153905E-5
"7708,2858",2022-05-13,9.349955811653922E-5
"7713,2858",2022-05-13,9.51428653338073E-5
"7718,2858",2022-05-13,1.2796780150874565E-4
"7723,2858",2022-05-13,1.3514737188853845E-4
"7728,2858",2022-05-13,1.5123504218890192E-4
"7733,2858",2022-05-13,1.6266043807041167E-4
"7688,2863",2022-05-13,4.875326060179236E-5
"7693,2863",2022-05-13,6.028982375895798E-5
"7698,2863",2022-05-13,5.938542046805509E-5
"7703,2863",2022-05-13,7.24001677012687E-5
"7708,2863",2022-05-13,8.998173166835247E-5
"7713,2863",2022-05-13,9.85615776086403E-5
"7718,2863",2022-05-13,1.272747948301012E-4
"7723,2863",2022-05-13,1.3354748592966402E-4
"7728,2863",2022-05-13,1.4523124204282855E-4
"7733,2863",2022-05-13,1.5506207491134143E-4
"7693,2868",2022-05-13,6.212694363407547E-5
"7698,2868",2022-05-13,6.295901225049992E-5
"7703,2868",2022-05-13,7.637585225402701E-5
"7708,2868",2022-05-13,8.283958594884532E-5
"7713,2868",2022-05-13,1.0068032882389456E-4
"7718,2868",2022-05-13,1.1675421983665024E-4
"7723,2868",2022-05-13,1.193540831624297E-4
"7728,2868",2022-05-13,1.2330783023068386E-4
"7733,2868",2022-05-13,1.2859895850741507E-4
"7693,2873",2022-05-13,5.7616321436753786E-5
"7698,2873",2022-05-13,6.428806249297932E-5
"7703,2873",2022-05-13,7.661638405716157E-5
"7708,2873",2022-05-13,7.769531005764103E-5
"7713,2873",2022-05-13,1.0147163308626942E-4
"7718,2873",2022-05-13,1.0774039807821131E-4
"7723,2873",2022-05-13,8.878183942125064E-5
"7728,2873",2022-05-13,9.030741650370476E-5
"7733,2873",2022-05-13,9.006421829580226E-5
"7693,2878",2022-05-13,5.0668763237035046E-5
"7698,2878",2022-05-13,6.345164236133429E-5
"7703,2878",2022-05-13,7.216444202910362E-5
"7708,2878",2022-05-13,7.805760467049475E-5
"7713,2878",2022-05-13,8.84071588278943E-5
"7718,2878",2022-05-13,9.396422045754875E-5
"7723,2878",2022-05-13,7.660316733660427E-5
"7728,2878",2022-05-13,7.642530242328817E-5
"7693,2883",2022-05-13,5.7132988071094576E-5
"7698,2883",2022-05-13,6.908206595386447E-5
"7703,2883",2022-05-13,6.855300472437961E-5
"7708,2883",2022-05-13,7.763070287840988E-5
"7713,2883",2022-05-13,8.252306634707148E-5
"7718,2883",2022-05-13,7.275160249393366E-5
"7723,2883",2022-05-13,5.9941365772731176E-5
"7703,2888",2022-05-13,6.490969962644556E-5
"7708,2888",2022-05-13,7.702859992358159E-5
"7713,2888",2022-05-13,7.910822269838758E-5
"7718,2888",2022-05-13,7.081729229322994E-5
"7723,2888",2022-05-13,6.685679740601028E-5
"7713,2843",2022-05-14,8.027562057238341E-5
"7718,2843",2022-05-14,9.010498267251216E-5
"7723,2843",2022-05-14,9.228409100836191E-5
"7708,2848",2022-05-14,7.080258071772361E-5
"7713,2848",2022-05-14,8.37790179768773E-5
"7718,2848",2022-05-14,9.31733456222282E-5
"7723,2848",2022-05-14,9.86216984584712E-5
"7728,2848",2022-05-14,1.0801642354785185E-4
"7733,2848",2022-05-14,1.0974233947026105E-4
"7688,2853",2022-05-14,5.106946992820373E-5
"7693,2853",2022-05-14,5.3322709844585654E-5
"7698,2853",2022-05-14,5.3783410017937425E-5
"7703,2853",2022-05-14,7.390022171798683E-5
"7708,2853",2022-05-14,7.569893459036165E-5
"7713,2853",2022-05-14,9.123058193457738E-5
"7718,2853",2022-05-14,9.685733470996902E-5
"7723,2853",2022-05-14,1.069463232454282E-4
"7728,2853",2022-05-14,1.1574017962396699E-4
"7733,2853",2022-05-14,1.224288125139272E-4
"7683,2858",2022-05-14,5.4076538954134646E-5
"7688,2858",2022-05-14,5.359408532446092E-5
"7693,2858",2022-05-14,5.29909226655602E-5
"7698,2858",2022-05-14,5.523252019113812E-5
"7703,2858",2022-05-14,7.486660116931788E-5
"7708,2858",2022-05-14,7.556586299971193E-5
"7713,2858",2022-05-14,9.112773769188643E-5
"7718,2858",2022-05-14,9.298766250879206E-5
"7723,2858",2022-05-14,1.1178948860303502E-4
"7728,2858",2022-05-14,1.1942194670394434E-4
"7733,2858",2022-05-14,1.2902811750436954E-4
"7688,2863",2022-05-14,5.235420976808961E-5
"7693,2863",2022-05-14,5.427944639508985E-5
"7698,2863",2022-05-14,5.984771632254312E-5
"7703,2863",2022-05-14,7.511581445356864E-5
"7708,2863",2022-05-14,7.651724372563107E-5
"7713,2863",2022-05-14,8.935757755902248E-5
"7718,2863",2022-05-14,8.972409364901352E-5
"7723,2863",2022-05-14,1.1238288948678982E-4
"7728,2863",2022-05-14,1.1601381708414774E-4
"7733,2863",2022-05-14,1.1813331687399627E-4
"7693,2868",2022-05-14,6.471767563183777E-5
"7698,2868",2022-05-14,6.819009897441185E-5
"7703,2868",2022-05-14,7.351616947519105E-5
"7708,2868",2022-05-14,7.720264082984277E-5
"7713,2868",2022-05-14,8.752343095188306E-5
"7718,2868",2022-05-14,8.914526924496291E-5
"7723,2868",2022-05-14,1.0851233401675944E-4
"7728,2868",2022-05-14,1.0925295657805925E-4
"7733,2868",2022-05-14,9.572767709148095E-5
"7693,2873",2022-05-14,6.582005058177313E-5
"7698,2873",2022-05-14,6.908236765311956E-5
"7703,2873",2022-05-14,7.035521388267944E-5
"7708,2873",2022-05-14,7.262477215647045E-5
"7713,2873",2022-05-14,7.619606317334836E-5
"7718,2873",2022-05-14,7.691173020893558E-5
"7723,2873",2022-05-14,8.118717303520066E-5
"7728,2873",2022-05-14,8.180317453492268E-5
"7733,2873",2022-05-14,7.981254237118154E-5
"7693,2878",2022-05-14,6.313173791240073E-5
"7698,2878",2022-05-14,6.872157211972138E-5
"7703,2878",2022-05-14,6.907221453438713E-5
"7708,2878",2022-05-14,7.044642654198389E-5
"7713,2878",2022-05-14,7.135090013247333E-5
"7718,2878",2022-05-14,6.922704797391899E-5
"7723,2878",2022-05-14,6.605615334979302E-5
"7728,2878",2022-05-14,6.658459523656598E-5
"7693,2883",2022-05-14,5.997256699394703E-5
"7698,2883",2022-05-14,6.58561989032593E-5
"7703,2883",2022-05-14,6.591573934333166E-5
"7708,2883",2022-05-14,6.90867673806912E-5
"7713,2883",2022-05-14,6.996427894909303E-5
"7718,2883",2022-05-14,6.945112610281375E-5
"7723,2883",2022-05-14,6.876693728806223E-5
"7703,2888",2022-05-14,6.520345496300452E-5
"7708,2888",2022-05-14,6.87563861847827E-5
"7713,2888",2022-05-14,6.907601389663116E-5
"7718,2888",2022-05-14,7.008201971308771E-5
"7723,2888",2022-05-14,7.043403914079595E-5
"7713,2843",2022-05-15,5.501060404821674E-5
"7718,2843",2022-05-15,5.897811793512059E-5
"7723,2843",2022-05-15,6.156699113255477E-5
"7708,2848",2022-05-15,5.386722992890233E-5
"7713,2848",2022-05-15,6.214362315461683E-5
"7718,2848",2022-05-15,6.661079512577352E-5
"7723,2848",2022-05-15,7.595863681443112E-5
"7728,2848",2022-05-15,9.769081572436945E-5
"7733,2848",2022-05-15,1.065912715948895E-4
"7688,2853",2022-05-15,3.7194661405557185E-5
"7693,2853",2022-05-15,4.267658617867106E-5
"7698,2853",2022-05-15,3.912352822253184E-5
"7703,2853",2022-05-15,4.5926610502785336E-5
"7708,2853",2022-05-15,5.603223453712012E-5
"7713,2853",2022-05-15,7.183367276469076E-5
"7718,2853",2022-05-15,8.816904333313293E-5
"7723,2853",2022-05-15,1.0078289719458815E-4
"7728,2853",2022-05-15,1.0471375133986158E-4
"7733,2853",2022-05-15,1.0237556100280565E-4
"7683,2858",2022-05-15,3.7296532421382186E-5
"7688,2858",2022-05-15,3.9276972296120056E-5
"7693,2858",2022-05-15,4.1435373916328766E-5
"7698,2858",2022-05-15,3.860205793779751E-5
"7703,2858",2022-05-15,5.6188641509679875E-5
"7708,2858",2022-05-15,6.310161698133357E-5
"7713,2858",2022-05-15,7.715141013971805E-5
"7718,2858",2022-05-15,8.2211086326236E-5
"7723,2858",2022-05-15,9.339923285454731E-5
"7728,2858",2022-05-15,1.0182537417365926E-4
"7733,2858",2022-05-15,1.1634128782811299E-4
"7688,2863",2022-05-15,4.2175996460081795E-5
"7693,2863",2022-05-15,4.925818769007901E-5
"7698,2863",2022-05-15,5.262822440632322E-5
"7703,2863",2022-05-15,5.634606345278831E-5
"7708,2863",2022-05-15,6.96789187299301E-5
"7713,2863",2022-05-15,6.948103034923922E-5
"7718,2863",2022-05-15,6.78281268800768E-5
"7723,2863",2022-05-15,9.428055481064931E-5
"7728,2863",2022-05-15,1.0520698701493347E-4
"7733,2863",2022-05-15,1.2438780231361477E-4
"7693,2868",2022-05-15,5.526674704981412E-5
"7698,2868",2022-05-15,5.322600575767509E-5
"7703,2868",2022-05-15,5.657876740295757E-5
"7708,2868",2022-05-15,6.541302182597692E-5
"7713,2868",2022-05-15,6.677425848970716E-5
"7718,2868",2022-05-15,8.218907879695419E-5
"7723,2868",2022-05-15,8.829335001307964E-5
"7728,2868",2022-05-15,1.2248862110640825E-4
"7733,2868",2022-05-15,1.2525232995743517E-4
"7693,2873",2022-05-15,4.9395879056680485E-5
"7698,2873",2022-05-15,4.605153314693124E-5
"7703,2873",2022-05-15,4.827913670326649E-5
"7708,2873",2022-05-15,5.516099541110226E-5
"7713,2873",2022-05-15,6.737102680249175E-5
"7718,2873",2022-05-15,8.14169550096868E-5
"7723,2873",2022-05-15,8.81262744004591E-5
"7728,2873",2022-05-15,9.729760956145866E-5
"7733,2873",2022-05-15,1.0448001452394693E-4
"7693,2878",2022-05-15,4.212953823035577E-5
"7698,2878",2022-05-15,4.3518678385892334E-5
"7703,2878",2022-05-15,5.286049592411562E-5
"7708,2878",2022-05-15,6.084359029428122E-5
"7713,2878",2022-05-15,7.185208354639811E-5
"7718,2878",2022-05-15,7.701206141153242E-5
"7723,2878",2022-05-15,7.854538041937451E-5
"7728,2878",2022-05-15,8.222376729067753E-5
"7693,2883",2022-05-15,4.3994510372217185E-5
"7698,2883",2022-05-15,4.6753996445013406E-5
"7703,2883",2022-05-15,6.134393165928149E-5
"7708,2883",2022-05-15,5.435200899468584E-5
"7713,2883",2022-05-15,7.294628993981999E-5
"7718,2883",2022-05-15,8.469686050504233E-5
"7723,2883",2022-05-15,8.2898736248529E-5
"7703,2888",2022-05-15,4.93959582121499E-5
"7708,2888",2022-05-15,6.044506817887413E-5
"7713,2888",2022-05-15,7.271085629517881E-5
"7718,2888",2022-05-15,8.525374714924656E-5
"7723,2888",2022-05-15,8.834344961997911E-5
"7713,2843",2022-05-16,7.074090927198762E-5
"7718,2843",2022-05-16,7.510069840639905E-5
"7723,2843",2022-05-16,8.154608776678624E-5
"7708,2848",2022-05-16,6.926408827159047E-5
"7713,2848",2022-05-16,7.887662442582408E-5
"7718,2848",2022-05-16,7.055608540110589E-5
"7723,2848",2022-05-16,7.285230577195462E-5
"7728,2848",2022-05-16,7.612279263412664E-5
"7733,2848",2022-05-16,9.566836405578917E-5
"7688,2853",2022-05-16,4.6992821734968536E-5
"7693,2853",2022-05-16,4.057849617095223E-5
"7698,2853",2022-05-16,4.4420233682371425E-5
"7703,2853",2022-05-16,5.506124660546916E-5
"7708,2853",2022-05-16,6.537011396298258E-5
"7713,2853",2022-05-16,7.75627402724956E-5
"7718,2853",2022-05-16,8.70443154252482E-5
"7723,2853",2022-05-16,8.865567937720874E-5
"7728,2853",2022-05-16,1.0006661028474085E-4
"7733,2853",2022-05-16,1.233510586744755E-4
"7683,2858",2022-05-16,4.095022793081813E-5
"7688,2858",2022-05-16,4.89155480414075E-5
"7693,2858",2022-05-16,4.8054069594440045E-5
"7698,2858",2022-05-16,5.268264795004575E-5
"7703,2858",2022-05-16,6.198257905283551E-5
"7708,2858",2022-05-16,9.810863853779132E-5
"7713,2858",2022-05-16,8.232320450242317E-5
"7718,2858",2022-05-16,8.133799869187303E-5
"7723,2858",2022-05-16,1.0036446918571849E-4
"7728,2858",2022-05-16,1.0629921477418743E-4
"7733,2858",2022-05-16,1.1965769832278154E-4
"7688,2863",2022-05-16,4.8545157064509575E-5
"7693,2863",2022-05-16,4.861933413022392E-5
"7698,2863",2022-05-16,5.5377718738135165E-5
"7703,2863",2022-05-16,6.633208833661478E-5
"7708,2863",2022-05-16,8.27754280125808E-5
"7713,2863",2022-05-16,7.4251910281224E-5
"7718,2863",2022-05-16,8.066314914598591E-5
"7723,2863",2022-05-16,1.000188128305501E-4
"7728,2863",2022-05-16,1.1200098320441763E-4
"7733,2863",2022-05-16,1.1246040728062393E-4
"7693,2868",2022-05-16,5.806188383113435E-5
"7698,2868",2022-05-16,5.905055574674879E-5
"7703,2868",2022-05-16,5.675685142178122E-5
"7708,2868",2022-05-16,5.832785139698008E-5
"7713,2868",2022-05-16,6.863842015037733E-5
"7718,2868",2022-05-16,8.488502934964951E-5
"7723,2868",2022-05-16,9.229628164645639E-5
"7728,2868",2022-05-16,9.439051095549686E-5
"7733,2868",2022-05-16,9.398174865430471E-5
"7693,2873",2022-05-16,5.823654064281366E-5
"7698,2873",2022-05-16,6.448840589006536E-5
"7703,2873",2022-05-16,5.258805037071471E-5
"7708,2873",2022-05-16,5.500823027148164E-5
"7713,2873",2022-05-16,6.872904807898717E-5
"7718,2873",2022-05-16,7.719907997940833E-5
"7723,2873",2022-05-16,8.402148253136373E-5
"7728,2873",2022-05-16,7.482553238235558E-5
"7733,2873",2022-05-16,7.502414777337366E-5
"7693,2878",2022-05-16,5.182852277045701E-5
"7698,2878",2022-05-16,5.5652210527943205E-5
"7703,2878",2022-05-16,4.842448124499032E-5
"7708,2878",2022-05-16,6.1419382344619E-5
"7713,2878",2022-05-16,6.632168019712245E-5
"7718,2878",2022-05-16,7.305375183685424E-5
"7723,2878",2022-05-16,7.811664047329127E-5
"7728,2878",2022-05-16,7.462911074797982E-5
"7693,2883",2022-05-16,5.3811206029177175E-5
"7698,2883",2022-05-16,6.28418520107675E-5
"7703,2883",2022-05-16,6.165232843445468E-5
"7708,2883",2022-05-16,7.100361060491248E-5
"7713,2883",2022-05-16,6.725384375063758E-5
"7718,2883",2022-05-16,6.422981677494665E-5
"7723,2883",2022-05-16,5.33786346411459E-5
"7703,2888",2022-05-16,6.282122150051257E-5
"7708,2888",2022-05-16,8.198795866346075E-5
"7713,2888",2022-05-16,8.294984170537583E-5
"7718,2888",2022-05-16,6.635854783159385E-5
"7723,2888",2022-05-16,8.711726931256145E-5
"7713,2843",2022-05-17,8.986244928648677E-5
"7718,2843",2022-05-17,8.805515014546748E-5
"7723,2843",2022-05-17,9.34306465139367E-5
"7708,2848",2022-05-17,8.86630609730897E-5
"7713,2848",2022-05-17,8.835969189913017E-5
"7718,2848",2022-05-17,9.980832798626074E-5
"7723,2848",2022-05-17,1.138390856570626E-4
"7728,2848",2022-05-17,1.3461241715336035E-4
"7733,2848",2022-05-17,1.454541890411994E-4
"7688,2853",2022-05-17,4.438417485341028E-5
"7693,2853",2022-05-17,4.794033259365819E-5
"7698,2853",2022-05-17,5.4426649793118107E-5
"7703,2853",2022-05-17,6.947065774780899E-5
"7708,2853",2022-05-17,8.535865454902611E-5
"7713,2853",2022-05-17,1.0598659708948998E-4
"7718,2853",2022-05-17,1.1984296630983148E-4
"7723,2853",2022-05-17,1.4081333594900686E-4
"7728,2853",2022-05-17,1.6380811411803543E-4
"7733,2853",2022-05-17,1.7131857618601728E-4
"7683,2858",2022-05-17,4.799080005427787E-5
"7688,2858",2022-05-17,5.3663054955426566E-5
"7693,2858",2022-05-17,5.788474172392167E-5
"7698,2858",2022-05-17,6.675981047224531E-5
"7703,2858",2022-05-17,7.932547755197762E-5
"7708,2858",2022-05-17,8.935115236614099E-5
"7713,2858",2022-05-17,9.681095991325093E-5
"7718,2858",2022-05-17,1.1815634262506005E-4
"7723,2858",2022-05-17,1.4918706806464358E-4
"7728,2858",2022-05-17,1.885453929815754E-4
"7733,2858",2022-05-17,1.9697665875709615E-4
"7688,2863",2022-05-17,6.358305854974851E-5
"7693,2863",2022-05-17,6.86521387046824E-5
"7698,2863",2022-05-17,8.025180898319405E-5
"7703,2863",2022-05-17,8.33010102550035E-5
"7708,2863",2022-05-17,9.581471831868858E-5
"7713,2863",2022-05-17,1.2217673433383809E-4
"7718,2863",2022-05-17,1.2731171953248903E-4
"7723,2863",2022-05-17,1.6058351739022144E-4
"7728,2863",2022-05-17,1.8847479623241152E-4
"7733,2863",2022-05-17,1.9394029713546134E-4
"7693,2868",2022-05-17,7.358718289505294E-5
"7698,2868",2022-05-17,7.720848191156936E-5
"7703,2868",2022-05-17,7.425421154570309E-5
"7708,2868",2022-05-17,8.897373869536034E-5
"7713,2868",2022-05-17,1.2349914116768597E-4
"7718,2868",2022-05-17,1.4139756701008136E-4
"7723,2868",2022-05-17,1.5001706806208473E-4
"7728,2868",2022-05-17,1.661547353409488E-4
"7733,2868",2022-05-17,1.5974732749069056E-4
"7693,2873",2022-05-17,6.216828791886287E-5
"7698,2873",2022-05-17,6.164977738789839E-5
"7703,2873",2022-05-17,6.400157530980373E-5
"7708,2873",2022-05-17,8.056436294145973E-5
"7713,2873",2022-05-17,1.0508852728646804E-4
"7718,2873",2022-05-17,1.2960898602228167E-4
"7723,2873",2022-05-17,1.2735074206549968E-4
"7728,2873",2022-05-17,1.2348044608191002E-4
"7733,2873",2022-05-17,1.18243379039548E-4
"7693,2878",2022-05-17,6.0407036814499196E-5
"7698,2878",2022-05-17,5.872797924944724E-5
"7703,2878",2022-05-17,6.867619613118034E-5
"7708,2878",2022-05-17,9.364118351731401E-5
"7713,2878",2022-05-17,1.0347705505450587E-4
"7718,2878",2022-05-17,1.1031117941460379E-4
"7723,2878",2022-05-17,1.0635427581722123E-4
"7728,2878",2022-05-17,1.0400158589895732E-4
"7693,2883",2022-05-17,6.0897997305466295E-5
"7698,2883",2022-05-17,6.707479652285836E-5
"7703,2883",2022-05-17,6.805539838668802E-5
"7708,2883",2022-05-17,8.368094680628506E-5
"7713,2883",2022-05-17,1.0034390247936992E-4
"7718,2883",2022-05-17,9.876951139378172E-5
"7723,2883",2022-05-17,9.043865976974696E-5
"7703,2888",2022-05-17,6.269834284582966E-5
"7708,2888",2022-05-17,8.531856889252933E-5
"7713,2888",2022-05-17,9.56756083087439E-5
"7718,2888",2022-05-17,8.900134839614202E-5
"7723,2888",2022-05-17,8.161253476927707E-5
"7713,2843",2022-05-18,1.6342829624356835E-4
"7718,2843",2022-05-18,1.7301982239404566E-4
"7723,2843",2022-05-18,1.4875202557372097E-4
"7708,2848",2022-05-18,1.9699686182459618E-4
"7713,2848",2022-05-18,1.8052652950895036E-4
"7718,2848",2022-05-18,1.7900660697816082E-4
"7723,2848",2022-05-18,1.742490096512658E-4
"7728,2848",2022-05-18,1.4340295462595402E-4
"7733,2848",2022-05-18,1.323731819027292E-4
"7688,2853",2022-05-18,1.0867654503697593E-4
"7693,2853",2022-05-18,1.1774301017521153E-4
"7698,2853",2022-05-18,1.5729676945558117E-4
"7703,2853",2022-05-18,1.764550371437791E-4
"7708,2853",2022-05-18,2.034846563098045E-4
"7713,2853",2022-05-18,1.9489154157092432E-4
"7718,2853",2022-05-18,1.8236778853914935E-4
"7723,2853",2022-05-18,1.6729379302842572E-4
"7728,2853",2022-05-18,1.55925963449301E-4
"7733,2853",2022-05-18,1.501083011940138E-4
"7683,2858",2022-05-18,8.55316222881649E-5
"7688,2858",2022-05-18,9.683674896267566E-5
"7693,2858",2022-05-18,1.1295805657711011E-4
"7698,2858",2022-05-18,1.277152827282053E-4
"7703,2858",2022-05-18,1.5483057635316903E-4
"7708,2858",2022-05-18,1.8477888620779578E-4
"7713,2858",2022-05-18,1.6458542262751206E-4
"7718,2858",2022-05-18,1.560122217180212E-4
"7723,2858",2022-05-18,1.4266618756502482E-4
"7728,2858",2022-05-18,1.438395710764959E-4
"7733,2858",2022-05-18,1.282448068233062E-4
"7688,2863",2022-05-18,7.526284913620105E-5
"7693,2863",2022-05-18,9.313670865110886E-5
"7698,2863",2022-05-18,1.0742270340361142E-4
"7703,2863",2022-05-18,1.3500572587508294E-4
"7708,2863",2022-05-18,1.4994624253854245E-4
"7713,2863",2022-05-18,1.3258722913274412E-4
"7718,2863",2022-05-18,1.3869208033915158E-4
"7723,2863",2022-05-18,1.2654262789668673E-4
"7728,2863",2022-05-18,1.1122912710559248E-4
"7733,2863",2022-05-18,9.985715394900025E-5
"7693,2868",2022-05-18,7.811209021061052E-5
"7698,2868",2022-05-18,7.879685738489639E-5
"7703,2868",2022-05-18,9.007875137612672E-5
"7708,2868",2022-05-18,1.0287732406071529E-4
"7713,2868",2022-05-18,9.388847608356688E-5
"7718,2868",2022-05-18,9.786754572264634E-5
"7723,2868",2022-05-18,8.874240506020625E-5
"7728,2868",2022-05-18,9.38212322941434E-5
"7733,2868",2022-05-18,8.778059852004127E-5
"7698,2873",2022-05-18,7.925773513683388E-5
"7703,2873",2022-05-18,7.994942203921394E-5
"7708,2873",2022-05-18,8.411733183349615E-5
"7713,2873",2022-05-18,8.44934708209748E-5
"7718,2873",2022-05-18,6.701779912045759E-5
"7723,2873",2022-05-18,7.90557966306665E-5
"7728,2873",2022-05-18,7.670645137342038E-5
"7693,2878",2022-05-18,5.697690751822541E-5
"7708,2878",2022-05-18,8.538865802493188E-5
"7713,2878",2022-05-18,7.020257273202075E-5
"7718,2878",2022-05-18,4.894768216975612E-5
"7723,2878",2022-05-18,4.499935743518762E-5
"7728,2878",2022-05-18,4.166144577719093E-5
"7693,2883",2022-05-18,5.3838119298061184E-5
"7698,2883",2022-05-18,3.416394802330501E-5
"7723,2883",2022-05-18,4.1688223493310804E-5
"7703,2888",2022-05-18,4.250518650906392E-5
"7708,2888",2022-05-18,4.45069345148153E-5
"7713,2843",2022-05-19,5.860302336632715E-5
"7718,2843",2022-05-19,5.6818074242686296E-5
"7723,2843",2022-05-19,5.308224372361603E-5
"7708,2848",2022-05-19,8.276124870732195E-5
"7713,2848",2022-05-19,7.98418527303675E-5
"7718,2848",2022-05-19,7.98321660432531E-5
"7723,2848",2022-05-19,7.469780378699136E-5
"7728,2848",2022-05-19,6.638909322564132E-5
"7733,2848",2022-05-19,5.8333949867767915E-5
"7688,2853",2022-05-19,5.052156716940284E-5
"7693,2853",2022-05-19,5.740395106381861E-5
"7698,2853",2022-05-19,6.684346289653249E-5
"7703,2853",2022-05-19,7.53543892830777E-5
"7708,2853",2022-05-19,8.021553447370465E-5
"7713,2853",2022-05-19,9.560746628744891E-5
"7718,2853",2022-05-19,9.832217445725256E-5
"7723,2853",2022-05-19,9.60825922100347E-5
"7728,2853",2022-05-19,8.792360258728033E-5
"7733,2853",2022-05-19,7.848245293059476E-5
"7683,2858",2022-05-19,5.172187026927247E-5
"7688,2858",2022-05-19,5.209451709016181E-5
"7693,2858",2022-05-19,5.9122730873386024E-5
"7698,2858",2022-05-19,6.193360510988047E-5
"7703,2858",2022-05-19,8.159593819636117E-5
"7708,2858",2022-05-19,8.82861019162217E-5
"7713,2858",2022-05-19,1.0963407611364043E-4
"7718,2858",2022-05-19,1.0936255949368371E-4
"7723,2858",2022-05-19,1.0768680019442293E-4
"7728,2858",2022-05-19,9.781454342583585E-5
"7733,2858",2022-05-19,8.814903837345219E-5
"7688,2863",2022-05-19,5.980547063735494E-5
"7693,2863",2022-05-19,6.823589580188185E-5
"7698,2863",2022-05-19,7.015716560238192E-5
"7703,2863",2022-05-19,7.71532559221215E-5
"7708,2863",2022-05-19,9.161538347079926E-5
"7713,2863",2022-05-19,1.1092452800445869E-4
"7718,2863",2022-05-19,1.2039684019830122E-4
"7723,2863",2022-05-19,1.1713523343101242E-4
"7728,2863",2022-05-19,1.0248278508250771E-4
"7733,2863",2022-05-19,9.684103782737539E-5
"7693,2868",2022-05-19,6.724116235961474E-5
"7698,2868",2022-05-19,8.282213300880349E-5
"7703,2868",2022-05-19,9.117702335976288E-5
"7708,2868",2022-05-19,9.840566290105886E-5
"7713,2868",2022-05-19,1.0498775114894628E-4
"7718,2868",2022-05-19,1.2460918533922734E-4
"7723,2868",2022-05-19,1.2093576325747048E-4
"7728,2868",2022-05-19,1.0981568071817434E-4
"7733,2868",2022-05-19,9.790266192285264E-5
"7693,2873",2022-05-19,6.6794480066139E-5
"7698,2873",2022-05-19,7.628834837685046E-5
"7703,2873",2022-05-19,8.278998477935669E-5
"7708,2873",2022-05-19,9.595012031718596E-5
"7713,2873",2022-05-19,9.87899747611555E-5
"7718,2873",2022-05-19,1.0781981874815272E-4
"7723,2873",2022-05-19,1.1045212106358326E-4
"7728,2873",2022-05-19,1.0841565928222548E-4
"7733,2873",2022-05-19,8.491676073294636E-5
"7693,2878",2022-05-19,6.406864756641531E-5
"7698,2878",2022-05-19,7.340531223320962E-5
"7703,2878",2022-05-19,7.94957999699287E-5
"7708,2878",2022-05-19,8.77482809731588E-5
"7713,2878",2022-05-19,1.023424687271565E-4
"7718,2878",2022-05-19,9.68219661304379E-5
"7723,2878",2022-05-19,8.948181269183717E-5
"7728,2878",2022-05-19,8.82385616356321E-5
"7693,2883",2022-05-19,5.973998307480308E-5
"7698,2883",2022-05-19,6.175737575486671E-5
"7703,2883",2022-05-19,7.279498638955187E-5
"7708,2883",2022-05-19,7.788540925151904E-5
"7713,2883",2022-05-19,8.411810994329767E-5
"7718,2883",2022-05-19,7.783085739435802E-5
"7723,2883",2022-05-19,6.615399166178549E-5
"7703,2888",2022-05-19,7.66978156078766E-5
"7708,2888",2022-05-19,8.655771853437876E-5
"7713,2888",2022-05-19,8.693776933798646E-5
"7718,2888",2022-05-19,6.604722937399229E-5
"7723,2888",2022-05-19,6.113101579836509E-5
"7713,2843",2022-05-19,5.672667733960166E-5
"7718,2843",2022-05-19,6.846316913296155E-5
"7723,2843",2022-05-19,7.207386316516121E-5
"7708,2848",2022-05-19,5.330213078109735E-5
"7713,2848",2022-05-19,5.3910945164340007E-5
"7718,2848",2022-05-19,8.547903264216471E-5
"7723,2848",2022-05-19,8.855582481147785E-5
"7728,2848",2022-05-19,9.02429640188183E-5
"7733,2848",2022-05-19,1.0093055561449376E-4
"7688,2853",2022-05-19,2.932143832127029E-5
"7693,2853",2022-05-19,3.077789441396549E-5
"7698,2853",2022-05-19,3.0773586618369926E-5
"7703,2853",2022-05-19,4.885113147161405E-5
"7708,2853",2022-05-19,5.276487243880011E-5
"7713,2853",2022-05-19,5.630439334359417E-5
"7718,2853",2022-05-19,8.878224369715746E-5
"7723,2853",2022-05-19,8.940168549051725E-5
"7728,2853",2022-05-19,9.566850041088121E-5
"7733,2853",2022-05-19,1.1067899280491188E-4
"7683,2858",2022-05-19,2.788043903887632E-5
"7688,2858",2022-05-19,3.3070177699273326E-5
"7693,2858",2022-05-19,3.388310546931233E-5
"7698,2858",2022-05-19,3.490315057713884E-5
"7703,2858",2022-05-19,5.758139499503173E-5
"7708,2858",2022-05-19,5.907302680138001E-5
"7713,2858",2022-05-19,6.511682983987575E-5
"7718,2858",2022-05-19,8.463920702802447E-5
"7723,2858",2022-05-19,8.462126530344963E-5
"7728,2858",2022-05-19,1.0037379953720021E-4
"7733,2858",2022-05-19,1.1956622993293002E-4
"7688,2863",2022-05-19,3.9441836856490705E-5
"7693,2863",2022-05-19,3.971520797561753E-5
"7698,2863",2022-05-19,4.2150006188227625E-5
"7703,2863",2022-05-19,5.707904929706207E-5
"7708,2863",2022-05-19,5.7148384930986055E-5
"7713,2863",2022-05-19,7.003287814445781E-5
"7718,2863",2022-05-19,8.916302586201083E-5
"7723,2863",2022-05-19,8.918711819206442E-5
"7728,2863",2022-05-19,1.1143008139424506E-4
"7733,2863",2022-05-19,1.260050555624142E-4
"7693,2868",2022-05-19,4.2223022032207126E-5
"7698,2868",2022-05-19,4.454603627581931E-5
"7703,2868",2022-05-19,5.0257493434741834E-5
"7708,2868",2022-05-19,5.023701525812981E-5
"7713,2868",2022-05-19,6.802950541093837E-5
"7718,2868",2022-05-19,8.220348566264374E-5
"7723,2868",2022-05-19,8.216797834554444E-5
"7728,2868",2022-05-19,1.1118765322754625E-4
"7733,2868",2022-05-19,1.2031478179287055E-4
"7693,2873",2022-05-19,3.467986760685824E-5
"7698,2873",2022-05-19,3.8450379540443026E-5
"7703,2873",2022-05-19,4.28773750416335E-5
"7708,2873",2022-05-19,4.285603127044078E-5
"7713,2873",2022-05-19,7.001653240005494E-5
"7718,2873",2022-05-19,8.086636358643848E-5
"7723,2873",2022-05-19,8.098106894405068E-5
"7728,2873",2022-05-19,9.389044327008689E-5
"7733,2873",2022-05-19,9.52713127396087E-5
"7693,2878",2022-05-19,3.209130927384238E-5
"7698,2878",2022-05-19,4.508286561258923E-5
"7703,2878",2022-05-19,5.001525993092224E-5
"7708,2878",2022-05-19,5.008457651406432E-5
"7713,2878",2022-05-19,6.44224630847383E-5
"7718,2878",2022-05-19,6.672493931209752E-5
"7723,2878",2022-05-19,6.839481088984126E-5
"7728,2878",2022-05-19,8.502101735019372E-5
"7693,2883",2022-05-19,3.9355651684864464E-5
"7698,2883",2022-05-19,4.703122966460898E-5
"7703,2883",2022-05-19,4.7607796204023116E-5
"7708,2883",2022-05-19,4.875400951143157E-5
"7713,2883",2022-05-19,6.461298013928484E-5
"7718,2883",2022-05-19,6.525724849775929E-5
"7723,2883",2022-05-19,6.71358825072861E-5
"7703,2888",2022-05-19,4.6347362202223945E-5
"7708,2888",2022-05-19,4.998849003511957E-5
"7713,2888",2022-05-19,6.580190490967425E-5
"7718,2888",2022-05-19,6.58264720601376E-5
"7723,2888",2022-05-19,6.665888969315748E-5
"7713,2843",2022-05-20,6.0101300245007404E-5
"7718,2843",2022-05-20,5.770986671953511E-5
"7723,2843",2022-05-20,8.030976835198132E-5
"7708,2848",2022-05-20,5.634632846842514E-5
"7713,2848",2022-05-20,6.49954571078687E-5
"7718,2848",2022-05-20,7.245847764060432E-5
"7723,2848",2022-05-20,8.72049999675649E-5
"7728,2848",2022-05-20,1.2848699631396682E-4
"7733,2848",2022-05-20,1.4905829642180375E-4
"7688,2853",2022-05-20,3.35269955707673E-5
"7693,2853",2022-05-20,3.52454146544582E-5
"7698,2853",2022-05-20,4.1674222139733136E-5
"7703,2853",2022-05-20,4.791151154502799E-5
"7708,2853",2022-05-20,4.593510518461352E-5
"7713,2853",2022-05-20,6.690416871922588E-5
"7718,2853",2022-05-20,7.947396792102999E-5
"7723,2853",2022-05-20,8.994309265716847E-5
"7728,2853",2022-05-20,1.441600871992606E-4
"7733,2853",2022-05-20,1.659931949281733E-4
"7683,2858",2022-05-20,3.3432989852818E-5
"7688,2858",2022-05-20,3.575572925159446E-5
"7693,2858",2022-05-20,3.546950573763276E-5
"7698,2858",2022-05-20,3.5437135796730434E-5
"7703,2858",2022-05-20,4.1516753999354286E-5
"7708,2858",2022-05-20,5.3148951067638564E-5
"7713,2858",2022-05-20,7.801758121700635E-5
"7718,2858",2022-05-20,8.542902873795804E-5
"7723,2858",2022-05-20,9.554572723361799E-5
"7728,2858",2022-05-20,1.34548091566492E-4
"7733,2858",2022-05-20,1.8054310794748124E-4
"7688,2863",2022-05-20,3.942062434717969E-5
"7693,2863",2022-05-20,3.5713807579165394E-5
"7698,2863",2022-05-20,4.089216818327424E-5
"7703,2863",2022-05-20,4.8721222056175486E-5
"7708,2863",2022-05-20,5.797129530130803E-5
"7713,2863",2022-05-20,6.971537877675077E-5
"7718,2863",2022-05-20,8.191882854509843E-5
"7723,2863",2022-05-20,1.0543025716381808E-4
"7728,2863",2022-05-20,1.4391047644713917E-4
"7733,2863",2022-05-20,1.9160310617105132E-4
"7693,2868",2022-05-20,4.560013038401264E-5
"7698,2868",2022-05-20,5.2663784619330134E-5
"7703,2868",2022-05-20,5.3028891620308734E-5
"7708,2868",2022-05-20,5.5412581482991434E-5
"7713,2868",2022-05-20,6.020677943902141E-5
"7718,2868",2022-05-20,7.719263686908719E-5
"7723,2868",2022-05-20,1.1030657023013355E-4
"7728,2868",2022-05-20,1.4161874567583183E-4
"7733,2868",2022-05-20,1.5872407996609997E-4
"7693,2873",2022-05-20,4.5550476512332016E-5
"7698,2873",2022-05-20,4.142967034768743E-5
"7703,2873",2022-05-20,4.5291576311163645E-5
"7708,2873",2022-05-20,5.4329659281163856E-5
"7713,2873",2022-05-20,6.386185842530959E-5
"7718,2873",2022-05-20,7.964229542130884E-5
"7723,2873",2022-05-20,1.0860307063081138E-4
"7728,2873",2022-05-20,1.1853212153655001E-4
"7733,2873",2022-05-20,1.148477467522588E-4
"7693,2878",2022-05-20,3.529866226980497E-5
"7698,2878",2022-05-20,3.970350888958661E-5
"7703,2878",2022-05-20,5.2583303463265165E-5
"7708,2878",2022-05-20,5.373957122884276E-5
"7713,2878",2022-05-20,6.178794694672253E-5
"7718,2878",2022-05-20,7.606076783623657E-5
"7723,2878",2022-05-20,9.398639627367489E-5
"7728,2878",2022-05-20,9.181828053925705E-5
"7693,2883",2022-05-20,3.105270940024984E-5
"7698,2883",2022-05-20,3.654083207894644E-5
"7703,2883",2022-05-20,4.7663053578141856E-5
"7708,2883",2022-05-20,5.221635967070801E-5
"7713,2883",2022-05-20,6.341295761162762E-5
"7718,2883",2022-05-20,7.624321569011519E-5
"7723,2883",2022-05-20,9.676006782084318E-5
"7703,2888",2022-05-20,3.211933621175489E-5
"7708,2888",2022-05-20,5.0365722088370966E-5
"7713,2888",2022-05-20,7.822623588419229E-5
"7718,2888",2022-05-20,8.578310767276461E-5
"7723,2888",2022-05-20,8.600733496361653E-5
"7713,2843",2022-05-21,9.740289826885073E-5
"7718,2843",2022-05-21,8.61805264050393E-5
"7723,2843",2022-05-21,7.007548928749475E-5
"7708,2848",2022-05-21,9.215369520502519E-5
"7713,2848",2022-05-21,1.0326533885947602E-4
"7718,2848",2022-05-21,1.0629058941089676E-4
"7723,2848",2022-05-21,8.487834128985096E-5
"7728,2848",2022-05-21,9.511110288157214E-5
"7733,2848",2022-05-21,1.1705447664243892E-4
"7688,2853",2022-05-21,5.938847160195026E-5
"7693,2853",2022-05-21,6.0404219433967585E-5
"7698,2853",2022-05-21,5.764287760347436E-5
"7703,2853",2022-05-21,7.22168323197951E-5
"7708,2853",2022-05-21,8.451906465613131E-5
"7713,2853",2022-05-21,1.0389897680671619E-4
"7718,2853",2022-05-21,1.066351577501999E-4
"7723,2853",2022-05-21,1.0085898452174667E-4
"7728,2853",2022-05-21,1.1603369773056723E-4
"7733,2853",2022-05-21,1.4272953202807459E-4
"7683,2858",2022-05-21,5.459864866173362E-5
"7688,2858",2022-05-21,6.750633524687814E-5
"7693,2858",2022-05-21,5.9038504107397196E-5
"7698,2858",2022-05-21,6.132603915415952E-5
"7703,2858",2022-05-21,6.733313530723211E-5
"7708,2858",2022-05-21,8.479834829062706E-5
"7713,2858",2022-05-21,1.2014713489940628E-4
"7718,2858",2022-05-21,1.476462719433915E-4
"7723,2858",2022-05-21,1.5132267267524706E-4
"7728,2858",2022-05-21,1.5196492467506653E-4
"7733,2858",2022-05-21,1.813156125092996E-4
"7688,2863",2022-05-21,7.169775825068591E-5
"7693,2863",2022-05-21,7.78142421239968E-5
"7698,2863",2022-05-21,6.890328590514624E-5
"7703,2863",2022-05-21,7.588212930791955E-5
"7708,2863",2022-05-21,1.0370323057466806E-4
"7713,2863",2022-05-21,1.4432879881256502E-4
"7718,2863",2022-05-21,1.6637821144456258E-4
"7723,2863",2022-05-21,1.707639639717225E-4
"7728,2863",2022-05-21,1.754090139321849E-4
"7733,2863",2022-05-21,1.9504120437370168E-4
"7693,2868",2022-05-21,8.568627062840152E-5
"7698,2868",2022-05-21,7.974303981212388E-5
"7703,2868",2022-05-21,9.34230031477689E-5
"7708,2868",2022-05-21,1.2030245294816063E-4
"7713,2868",2022-05-21,1.5514578227336114E-4
"7718,2868",2022-05-21,1.6811222134627442E-4
"7723,2868",2022-05-21,1.6623685033323218E-4
"7728,2868",2022-05-21,2.044492960387815E-4
"7733,2868",2022-05-21,2.1498891759270247E-4
"7693,2873",2022-05-21,8.161642550239876E-5
"7698,2873",2022-05-21,8.695969031574613E-5
"7703,2873",2022-05-21,9.635632112956994E-5
"7708,2873",2022-05-21,1.1319379207024912E-4
"7713,2873",2022-05-21,1.3681794274774536E-4
"7718,2873",2022-05-21,1.4882666406417665E-4
"7723,2873",2022-05-21,1.6648408019333784E-4
"7728,2873",2022-05-21,1.818628547988042E-4
"7733,2873",2022-05-21,1.8215612008880353E-4
"7693,2878",2022-05-21,7.193567365393841E-5
"7698,2878",2022-05-21,9.529716196491605E-5
"7703,2878",2022-05-21,1.0338694809778206E-4
"7708,2878",2022-05-21,1.060027710405451E-4
"7713,2878",2022-05-21,1.2254880091143238E-4
"7718,2878",2022-05-21,1.4182979570204503E-4
"7723,2878",2022-05-21,1.505604542851896E-4
"7728,2878",2022-05-21,1.550886759104662E-4
"7693,2883",2022-05-21,7.195766089285786E-5
"7698,2883",2022-05-21,9.630003365685243E-5
"7703,2883",2022-05-21,1.0699374949996194E-4
"7708,2883",2022-05-21,1.0285991946011934E-4
"7713,2883",2022-05-21,1.1267013768313489E-4
"7718,2883",2022-05-21,1.23520185172468E-4
"7723,2883",2022-05-21,1.2920608540413804E-4
"7703,2888",2022-05-21,1.0392698135384409E-4
"7708,2888",2022-05-21,1.0917588605529622E-4
"7713,2888",2022-05-21,1.1043276118136931E-4
"7718,2888",2022-05-21,1.1024704418401765E-4
"7723,2888",2022-05-21,1.120699133484293E-4
"7713,2843",2022-05-22,8.569002801243265E-5
"7718,2843",2022-05-22,7.651302374428736E-5
"7723,2843",2022-05-22,8.71494579514777E-5
"7708,2848",2022-05-22,1.1093557161195461E-4
"7713,2848",2022-05-22,9.74959980159133E-5
"7718,2848",2022-05-22,9.030656004208925E-5
"7723,2848",2022-05-22,9.103918124952581E-5
"7728,2848",2022-05-22,1.0381801744275086E-4
"7733,2848",2022-05-22,8.460585584686077E-5
"7688,2853",2022-05-22,8.865325619238608E-5
"7693,2853",2022-05-22,8.417268732283582E-5
"7698,2853",2022-05-22,8.19108430277028E-5
"7703,2853",2022-05-22,9.784337291738434E-5
"7708,2853",2022-05-22,1.2223467289829772E-4
"7713,2853",2022-05-22,1.3269998545285168E-4
"7718,2853",2022-05-22,1.132654192554626E-4
"7723,2853",2022-05-22,1.2066558460284256E-4
"7728,2853",2022-05-22,1.2972323036460745E-4
"7733,2853",2022-05-22,1.002335722745686E-4
"7683,2858",2022-05-22,7.752762021064772E-5
"7688,2858",2022-05-22,8.22542064572961E-5
"7693,2858",2022-05-22,8.465238766081941E-5
"7698,2858",2022-05-22,8.164621442461829E-5
"7703,2858",2022-05-22,1.005715199234318E-4
"7708,2858",2022-05-22,1.536631350800263E-4
"7713,2858",2022-05-22,1.502574991116893E-4
"7718,2858",2022-05-22,1.2970068161035625E-4
"7723,2858",2022-05-22,1.5071680116559622E-4
"7728,2858",2022-05-22,1.27989244402386E-4
"7733,2858",2022-05-22,1.1083042271483537E-4
"7688,2863",2022-05-22,8.642046360346209E-5
"7693,2863",2022-05-22,8.946581325189048E-5
"7698,2863",2022-05-22,9.473266274930857E-5
"7703,2863",2022-05-22,1.2076452653708411E-4
"7708,2863",2022-05-22,1.4295994149848457E-4
"7713,2863",2022-05-22,1.4469908942195208E-4
"7718,2863",2022-05-22,1.4234498863905832E-4
"7723,2863",2022-05-22,1.5429647702596693E-4
"7728,2863",2022-05-22,1.2535792760104154E-4
"7733,2863",2022-05-22,1.2694766850732383E-4
"7693,2868",2022-05-22,9.407753740452491E-5
"7698,2868",2022-05-22,1.0110715967779654E-4
"7703,2868",2022-05-22,1.1291679952846659E-4
"7708,2868",2022-05-22,1.3257935654210134E-4
"7713,2868",2022-05-22,1.4845332741460007E-4
"7718,2868",2022-05-22,1.4431651122955656E-4
"7723,2868",2022-05-22,1.4042342033548558E-4
"7728,2868",2022-05-22,1.25155773225775E-4
"7733,2868",2022-05-22,1.2412922803773765E-4
"7693,2873",2022-05-22,7.898452384100471E-5
"7698,2873",2022-05-22,8.587493800013831E-5
"7703,2873",2022-05-22,1.0172852890941292E-4
"7708,2873",2022-05-22,1.2339241631914772E-4
"7713,2873",2022-05-22,1.3335779778366442E-4
"7718,2873",2022-05-22,1.2100310885072198E-4
"7723,2873",2022-05-22,1.0140402421592887E-4
"7728,2873",2022-05-22,1.2402802900509768E-4
"7733,2873",2022-05-22,1.109785781441168E-4
"7693,2878",2022-05-22,6.599260761001264E-5
"7698,2878",2022-05-22,7.541126556301284E-5
"7703,2878",2022-05-22,8.122636921238366E-5
"7708,2878",2022-05-22,9.970686361517827E-5
"7713,2878",2022-05-22,1.1653018410584224E-4
"7718,2878",2022-05-22,1.0920001088526743E-4
"7723,2878",2022-05-22,9.948714489047933E-5
"7728,2878",2022-05-22,1.254125719922575E-4
"7693,2883",2022-05-22,7.818201239396054E-5
"7698,2883",2022-05-22,8.720450447024425E-5
"7703,2883",2022-05-22,8.882005400276472E-5
"7708,2883",2022-05-22,1.0537791831890096E-4
"7713,2883",2022-05-22,1.0441866413585032E-4
"7718,2883",2022-05-22,1.0971475627603693E-4
"7703,2888",2022-05-22,8.422849963258195E-5
"7708,2888",2022-05-22,1.0235727928137875E-4
"7713,2888",2022-05-22,1.0100560877719654E-4
"7718,2888",2022-05-22,1.0507059595203952E-4
"7723,2888",2022-05-22,8.632864027125021E-5
"7713,2843",2022-05-23,3.97536649443023E-5
"7718,2843",2022-05-23,4.8446450348974336E-5
"7723,2843",2022-05-23,5.119783898221039E-5
"7708,2848",2022-05-23,5.64072973114173E-5
"7713,2848",2022-05-23,4.833555319097943E-5
"7718,2848",2022-05-23,4.7483310306645084E-5
"7723,2848",2022-05-23,5.11683284603263E-5
"7728,2848",2022-05-23,5.004733311159149E-5
"7733,2848",2022-05-23,4.826027818252625E-5
"7688,2853",2022-05-23,6.525728027783618E-5
"7693,2853",2022-05-23,6.606912097967477E-5
"7698,2853",2022-05-23,6.455840234225203E-5
"7703,2853",2022-05-23,6.947881257708018E-5
"7708,2853",2022-05-23,6.225570309162067E-5
"7713,2853",2022-05-23,5.768437178154107E-5
"7718,2853",2022-05-23,5.4394210604647675E-5
"7723,2853",2022-05-23,6.526771769063797E-5
"7728,2853",2022-05-23,6.130991004792525E-5
"7733,2853",2022-05-23,5.434589262135677E-5
"7683,2858",2022-05-23,7.323493352869655E-5
"7688,2858",2022-05-23,7.301273532890496E-5
"7693,2858",2022-05-23,7.46250884382328E-5
"7698,2858",2022-05-23,6.76900957018141E-5
"7703,2858",2022-05-23,7.274124348725625E-5
"7708,2858",2022-05-23,7.915949487847184E-5
"7713,2858",2022-05-23,5.737178107812853E-5
"7718,2858",2022-05-23,6.109851239814444E-5
"7723,2858",2022-05-23,6.415593630422599E-5
"7728,2858",2022-05-23,5.949582691878782E-5
"7733,2858",2022-05-23,5.832742674406958E-5
"7688,2863",2022-05-23,7.398888789052393E-5
"7693,2863",2022-05-23,7.473354610870344E-5
"7698,2863",2022-05-23,7.499400106953905E-5
"7703,2863",2022-05-23,8.64250325992241E-5
"7708,2863",2022-05-23,8.40762494910052E-5
"7713,2863",2022-05-23,6.650648381396127E-5
"7718,2863",2022-05-23,6.003432625614087E-5
"7723,2863",2022-05-23,6.263328330030819E-5
"7728,2863",2022-05-23,6.40414334304039E-5
"7733,2863",2022-05-23,6.338226245605217E-5
"7693,2868",2022-05-23,8.15135112808842E-5
"7698,2868",2022-05-23,8.306873656076266E-5
"7703,2868",2022-05-23,9.30615216408097E-5
"7708,2868",2022-05-23,8.850907316876663E-5
"7713,2868",2022-05-23,8.215509366519354E-5
"7718,2868",2022-05-23,7.80528009878823E-5
"7723,2868",2022-05-23,7.131934145547936E-5
"7728,2868",2022-05-23,6.789676625196936E-5
"7733,2868",2022-05-23,6.519508071076197E-5
"7693,2873",2022-05-23,8.618810169495143E-5
"7698,2873",2022-05-23,9.204557594605275E-5
"7703,2873",2022-05-23,1.0036616567346497E-4
"7708,2873",2022-05-23,9.405837168272637E-5
"7713,2873",2022-05-23,8.333755014043615E-5
"7718,2873",2022-05-23,7.971732259462293E-5
"7723,2873",2022-05-23,6.0024291515371575E-5
"7728,2873",2022-05-23,5.409813156393997E-5
"7733,2873",2022-05-23,5.119403237040619E-5
"7693,2878",2022-05-23,8.667834614086883E-5
"7698,2878",2022-05-23,8.391921904494278E-5
"7703,2878",2022-05-23,8.088813909315041E-5
"7708,2878",2022-05-23,6.884733805225391E-5
"7713,2878",2022-05-23,5.93005616227157E-5
"7718,2878",2022-05-23,5.357224455712094E-5
"7723,2878",2022-05-23,4.607088768952274E-5
"7728,2878",2022-05-23,3.872243198211038E-5
"7693,2883",2022-05-23,6.0638660775283304E-5
"7698,2883",2022-05-23,5.526571930648576E-5
"7703,2883",2022-05-23,4.328876901793212E-5
"7708,2883",2022-05-23,4.256944639772901E-5
"7713,2883",2022-05-23,3.941817534767215E-5
"7718,2883",2022-05-23,2.955514087978964E-5
"7723,2883",2022-05-23,3.187879911250294E-5
"7703,2888",2022-05-23,3.556442997979091E-5
"7708,2888",2022-05-23,3.6847613666974856E-5
"7713,2888",2022-05-23,3.932509344909006E-5
"7718,2888",2022-05-23,3.646200990790545E-5
"7723,2888",2022-05-23,3.465386577984165E-5
"7713,2843",2022-05-24,5.892050429566369E-5
"7718,2843",2022-05-24,5.9455288386457874E-5
"7723,2843",2022-05-24,6.922137382719035E-5
"7708,2848",2022-05-24,7.113274673674919E-5
"7713,2848",2022-05-24,6.465167105422003E-5
"7718,2848",2022-05-24,6.370182405389122E-5
"7723,2848",2022-05-24,6.869993457050761E-5
"7728,2848",2022-05-24,6.855362258077252E-5
"7733,2848",2022-05-24,6.5468024225592E-5
"7688,2853",2022-05-24,5.905852696995956E-5
"7693,2853",2022-05-24,6.192336317231488E-5
"7698,2853",2022-05-24,6.503754507398448E-5
"7703,2853",2022-05-24,7.614133827006471E-5
"7708,2853",2022-05-24,7.683208901557395E-5
"7713,2853",2022-05-24,7.495424810308154E-5
"7718,2853",2022-05-24,7.582937900956402E-5
"7723,2853",2022-05-24,7.287744951456042E-5
"7728,2853",2022-05-24,6.950790054499166E-5
"7733,2853",2022-05-24,6.815661794476649E-5
"7683,2858",2022-05-24,5.431169398503871E-5
"7688,2858",2022-05-24,6.121072535600987E-5
"7693,2858",2022-05-24,6.0950887989684053E-5
"7698,2858",2022-05-24,6.616964051727905E-5
"7703,2858",2022-05-24,9.39316856352089E-5
"7708,2858",2022-05-24,8.801686781371644E-5
"7713,2858",2022-05-24,8.383049938775576E-5
"7718,2858",2022-05-24,8.972276111990525E-5
"7723,2858",2022-05-24,8.284749674964932E-5
"7728,2858",2022-05-24,8.09559409530165E-5
"7733,2858",2022-05-24,7.989008537825015E-5
"7688,2863",2022-05-24,6.267914645687973E-5
"7693,2863",2022-05-24,6.197901595337211E-5
"7698,2863",2022-05-24,8.774176442591223E-5
"7703,2863",2022-05-24,1.0678282789649686E-4
"7708,2863",2022-05-24,1.0119637342156878E-4
"7713,2863",2022-05-24,1.0327420753735891E-4
"7718,2863",2022-05-24,1.031948107965446E-4
"7723,2863",2022-05-24,9.642113642424857E-5
"7728,2863",2022-05-24,8.863251670028453E-5
"7733,2863",2022-05-24,8.784640034814813E-5
"7693,2868",2022-05-24,6.947652801160739E-5
"7698,2868",2022-05-24,1.0562824392762666E-4
"7703,2868",2022-05-24,1.0841506513976629E-4
"7708,2868",2022-05-24,1.0824707661703242E-4
"7713,2868",2022-05-24,1.0784331410288939E-4
"7718,2868",2022-05-24,1.0800124347646807E-4
"7723,2868",2022-05-24,1.0442548574557959E-4
"7728,2868",2022-05-24,8.809613802827565E-5
"7733,2868",2022-05-24,8.759796653042074E-5
"7693,2873",2022-05-24,7.768017142281008E-5
"7698,2873",2022-05-24,9.451545142280544E-5
"7703,2873",2022-05-24,9.932993058195959E-5
"7708,2873",2022-05-24,1.043821969587094E-4
"7713,2873",2022-05-24,1.0509741051136583E-4
"7718,2873",2022-05-24,1.0650428195258222E-4
"7723,2873",2022-05-24,9.273022757075634E-5
"7728,2873",2022-05-24,8.336814758529937E-5
"7733,2873",2022-05-24,8.655010312209135E-5
"7693,2878",2022-05-24,7.703782955627941E-5
"7698,2878",2022-05-24,8.229197573973489E-5
"7703,2878",2022-05-24,8.756064035511588E-5
"7708,2878",2022-05-24,9.637430280075768E-5
"7713,2878",2022-05-24,9.961198938744153E-5
"7718,2878",2022-05-24,1.0131574911602666E-4
"7723,2878",2022-05-24,8.070167400345003E-5
"7728,2878",2022-05-24,7.955016957924893E-5
"7693,2883",2022-05-24,7.235307906315812E-5
"7698,2883",2022-05-24,7.403610416765093E-5
"7703,2883",2022-05-24,7.983427230527298E-5
"7708,2883",2022-05-24,9.04937048079346E-5
"7713,2883",2022-05-24,9.336055299676336E-5
"7718,2883",2022-05-24,8.40211948492637E-5
"7723,2883",2022-05-24,6.457592307988622E-5
"7703,2888",2022-05-24,7.763110240093704E-5
"7708,2888",2022-05-24,8.390093861380611E-5
"7713,2888",2022-05-24,8.689044786186199E-5
"7718,2888",2022-05-24,6.713891368887287E-5
"7723,2888",2022-05-24,6.0502106660204084E-5
"7713,2843",2022-05-24,5.9783614889361873E-5
"7718,2843",2022-05-24,5.455195737178148E-5
"7723,2843",2022-05-24,5.5747332233930864E-5
"7708,2848",2022-05-24,7.98811030458796E-5
"7713,2848",2022-05-24,7.39825462959638E-5
"7718,2848",2022-05-24,6.205437483910398E-5
"7723,2848",2022-05-24,5.9797082733695346E-5
"7728,2848",2022-05-24,5.8489808451795535E-5
"7733,2848",2022-05-24,5.9633477922261157E-5
"7688,2853",2022-05-24,5.2638223869208436E-5
"7693,2853",2022-05-24,5.435367068848016E-5
"7698,2853",2022-05-24,6.770989394869659E-5
"7703,2853",2022-05-24,6.904416372318861E-5
"7708,2853",2022-05-24,7.329520714403308E-5
"7713,2853",2022-05-24,7.394152880623024E-5
"7718,2853",2022-05-24,7.472217500644673E-5
"7723,2853",2022-05-24,7.26418479008901E-5
"7728,2853",2022-05-24,7.144268026504508E-5
"7733,2853",2022-05-24,6.147285422570918E-5
"7683,2858",2022-05-24,4.5711359187273284E-5
"7688,2858",2022-05-24,4.8597752399021724E-5
"7693,2858",2022-05-24,5.367385056457403E-5
"7698,2858",2022-05-24,6.829674277224562E-5
"7703,2858",2022-05-24,7.345128559029314E-5
"7708,2858",2022-05-24,8.249648015539521E-5
"7713,2858",2022-05-24,8.000754721658561E-5
"7718,2858",2022-05-24,7.869586921007968E-5
"7723,2858",2022-05-24,9.089575294182512E-5
"7728,2858",2022-05-24,9.152066878418866E-5
"7733,2858",2022-05-24,8.485486462339608E-5
"7688,2863",2022-05-24,6.333383480243959E-5
"7693,2863",2022-05-24,6.571972986533057E-5
"7698,2863",2022-05-24,6.860167609240162E-5
"7703,2863",2022-05-24,8.187019984675059E-5
"7708,2863",2022-05-24,9.53188291983348E-5
"7713,2863",2022-05-24,9.946396533011575E-5
"7718,2863",2022-05-24,1.0034398579949032E-4
"7723,2863",2022-05-24,9.664847043085291E-5
"7728,2863",2022-05-24,9.56323684387666E-5
"7733,2863",2022-05-24,9.323862464427584E-5
"7693,2868",2022-05-24,6.962775010781538E-5
"7698,2868",2022-05-24,7.724697361500983E-5
"7703,2868",2022-05-24,9.060237079415297E-5
"7708,2868",2022-05-24,9.830722483465474E-5
"7713,2868",2022-05-24,1.1159219482956837E-4
"7718,2868",2022-05-24,1.1163132854418158E-4
"7723,2868",2022-05-24,1.067733810248282E-4
"7728,2868",2022-05-24,1.0350750562036326E-4
"7733,2868",2022-05-24,9.89646478590259E-5
"7693,2873",2022-05-24,7.896958087605702E-5
"7698,2873",2022-05-24,8.440644827347741E-5
"7703,2873",2022-05-24,1.011953573392575E-4
"7708,2873",2022-05-24,1.0677739173140527E-4
"7713,2873",2022-05-24,1.1787626537799587E-4
"7718,2873",2022-05-24,1.1084030518914308E-4
"7723,2873",2022-05-24,9.585355240531914E-5
"7728,2873",2022-05-24,9.320677107685699E-5
"7733,2873",2022-05-24,9.117647046754593E-5
"7693,2878",2022-05-24,7.380033369898837E-5
"7698,2878",2022-05-24,7.605307048282625E-5
"7703,2878",2022-05-24,9.064928175715423E-5
"7708,2878",2022-05-24,9.346195474357197E-5
"7713,2878",2022-05-24,1.0023269624074617E-4
"7718,2878",2022-05-24,9.163658628981473E-5
"7723,2878",2022-05-24,8.184366288448248E-5
"7728,2878",2022-05-24,7.813234516796932E-5
"7693,2883",2022-05-24,6.57720527093636E-5
"7698,2883",2022-05-24,6.639061403465485E-5
"7703,2883",2022-05-24,7.169181304946734E-5
"7708,2883",2022-05-24,7.32056364666825E-5
"7713,2883",2022-05-24,7.533434259328739E-5
"7718,2883",2022-05-24,6.914084311036235E-5
"7723,2883",2022-05-24,6.502402076285359E-5
"7703,2888",2022-05-24,6.223390180808995E-5
"7708,2888",2022-05-24,6.658576497609324E-5
"7713,2888",2022-05-24,7.13236507096986E-5
"7718,2888",2022-05-24,6.707685817568506E-5
"7723,2888",2022-05-24,6.510534738295643E-5
"7713,2843",2022-05-25,9.477180496909803E-5
"7718,2843",2022-05-25,9.458905709121638E-5
"7723,2843",2022-05-25,9.45890570908859E-5
"7708,2848",2022-05-25,7.874529149532747E-5
"7713,2848",2022-05-25,9.098399915542644E-5
"7718,2848",2022-05-25,9.28439958693074E-5
"7723,2848",2022-05-25,9.458905901811808E-5
"7688,2853",2022-05-25,4.31843010610775E-5
"7693,2853",2022-05-25,4.350562310771166E-5
"7698,2853",2022-05-25,4.3920036005873745E-5
"7703,2853",2022-05-25,5.684703334921426E-5
"7708,2853",2022-05-25,6.323794423654306E-5
"7713,2853",2022-05-25,8.789106639628618E-5
"7718,2853",2022-05-25,8.828349768220852E-5
"7683,2858",2022-05-25,4.543021744317153E-5
"7688,2858",2022-05-25,4.5123240181281854E-5
"7693,2858",2022-05-25,4.2691874179135074E-5
"7698,2858",2022-05-25,4.3211716932302814E-5
"7703,2858",2022-05-25,6.206680314427233E-5
"7708,2858",2022-05-25,7.039988350308456E-5
"7713,2858",2022-05-25,9.406530076406121E-5
"7718,2858",2022-05-25,9.327806467677922E-5
"7688,2863",2022-05-25,4.601411463783834E-5
"7693,2863",2022-05-25,4.769486145777355E-5
"7698,2863",2022-05-25,5.00831117849253E-5
"7703,2863",2022-05-25,6.866544131745774E-5
"7708,2863",2022-05-25,8.179576813416931E-5
"7713,2863",2022-05-25,9.844957882653358E-5
"7718,2863",2022-05-25,9.9105237599124E-5
"7693,2868",2022-05-25,6.122414029088944E-5
"7698,2868",2022-05-25,6.113316505785151E-5
"7703,2868",2022-05-25,6.245191659543822E-5
"7708,2868",2022-05-25,8.134379319083483E-5
"7713,2868",2022-05-25,9.471945643530965E-5
"7718,2868",2022-05-25,9.471945799170066E-5
"7693,2873",2022-05-25,7.050652847887133E-5
"7698,2873",2022-05-25,7.254313116433624E-5
"7703,2873",2022-05-25,7.641668629539693E-5
"7708,2873",2022-05-25,8.618784271095184E-5
"7713,2873",2022-05-25,8.785313513367022E-5
"7718,2873",2022-05-25,8.785313589835191E-5
"7733,2873",2022-05-25,6.904598578903452E-5
"7693,2878",2022-05-25,6.621590597823352E-5
"7698,2878",2022-05-25,6.702987015197135E-5
"7703,2878",2022-05-25,6.850884844654168E-5
"7708,2878",2022-05-25,8.032705058791028E-5
"7713,2878",2022-05-25,8.132684420312668E-5
"7718,2878",2022-05-25,7.539834073747925E-5
"7723,2878",2022-05-25,6.957446340392642E-5
"7728,2878",2022-05-25,6.480657646819818E-5
"7693,2883",2022-05-25,5.746799967734214E-5
"7698,2883",2022-05-25,5.825278084417478E-5
"7703,2883",2022-05-25,5.919263872349735E-5
"7708,2883",2022-05-25,6.591112859247625E-5
"7713,2883",2022-05-25,7.081746770993153E-5
"7718,2883",2022-05-25,7.598985302044429E-5
"7723,2883",2022-05-25,6.724834521937387E-5
"7703,2888",2022-05-25,6.264938054336413E-5
"7708,2888",2022-05-25,6.569814408355349E-5
"7713,2888",2022-05-25,7.216827805947532E-5
"7718,2888",2022-05-25,7.68149551240221E-5
"7723,2888",2022-05-25,6.557366874647281E-5
"7713,2843",2022-05-26,9.865551406544035E-5
"7718,2843",2022-05-26,8.016617240301574E-5
"7723,2843",2022-05-26,8.542649133515669E-5
"7708,2848",2022-05-26,1.0637598072470325E-4
"7713,2848",2022-05-26,1.145735246139434E-4
"7718,2848",2022-05-26,1.0037261234279819E-4
"7723,2848",2022-05-26,9.707784663047538E-5
"7728,2848",2022-05-26,1.1724417207720393E-4
"7733,2848",2022-05-26,1.2217753437733677E-4
"7688,2853",2022-05-26,4.778588516894277E-5
"7693,2853",2022-05-26,5.9853440338121934E-5
"7698,2853",2022-05-26,7.895098774970094E-5
"7703,2853",2022-05-26,9.535534113892888E-5
"7708,2853",2022-05-26,1.2155956762717776E-4
"7713,2853",2022-05-26,1.4427765407151172E-4
"7718,2853",2022-05-26,1.3557532847938597E-4
"7723,2853",2022-05-26,1.4948091366618854E-4
"7728,2853",2022-05-26,1.6719374391174495E-4
"7733,2853",2022-05-26,1.5540202502639186E-4
"7683,2858",2022-05-26,4.4176939981066527E-5
"7688,2858",2022-05-26,5.7478249227554035E-5
"7693,2858",2022-05-26,6.804367346884784E-5
"7698,2858",2022-05-26,9.455191504461424E-5
"7703,2858",2022-05-26,1.0282449340370418E-4
"7708,2858",2022-05-26,1.315447893390375E-4
"7713,2858",2022-05-26,1.4089412494422166E-4
"7718,2858",2022-05-26,1.5606587037766235E-4
"7723,2858",2022-05-26,1.9695570057703412E-4
"7728,2858",2022-05-26,1.9895396961136188E-4
"7733,2858",2022-05-26,1.8044085296914014E-4
"7688,2863",2022-05-26,7.035064233673822E-5
"7693,2863",2022-05-26,7.421290510132356E-5
"7698,2863",2022-05-26,1.0832980659839883E-4
"7703,2863",2022-05-26,1.0952411850025222E-4
"7708,2863",2022-05-26,1.3724126917803806E-4
"7713,2863",2022-05-26,1.6077226676076162E-4
"7718,2863",2022-05-26,1.8637758637827045E-4
"7723,2863",2022-05-26,2.075475421851947E-4
"7728,2863",2022-05-26,2.0312551908369594E-4
"7733,2863",2022-05-26,2.0747276003850584E-4
"7693,2868",2022-05-26,1.0051052256311843E-4
"7698,2868",2022-05-26,1.1721446331550564E-4
"7703,2868",2022-05-26,1.201458017315309E-4
"7708,2868",2022-05-26,1.5047868136856149E-4
"7713,2868",2022-05-26,1.726114360353941E-4
"7718,2868",2022-05-26,1.819537139859437E-4
"7723,2868",2022-05-26,1.8206459741456168E-4
"7728,2868",2022-05-26,1.9497890728851786E-4
"7733,2868",2022-05-26,2.0734092317273151E-4
"7693,2873",2022-05-26,9.752197004237708E-5
"7698,2873",2022-05-26,1.0649202999191284E-4
"7703,2873",2022-05-26,1.1369932728925737E-4
"7708,2873",2022-05-26,1.300945346623378E-4
"7713,2873",2022-05-26,1.5769199806380834E-4
"7718,2873",2022-05-26,1.5573628765149885E-4
"7723,2873",2022-05-26,1.3884957134611953E-4
"7728,2873",2022-05-26,1.5463607357342097E-4
"7733,2873",2022-05-26,1.4729495622209005E-4
"7693,2878",2022-05-26,7.73608857469218E-5
"7698,2878",2022-05-26,8.452328973072134E-5
"7703,2878",2022-05-26,9.2888679795079E-5
"7708,2878",2022-05-26,1.1876781011928566E-4
"7713,2878",2022-05-26,1.252799696549332E-4
"7718,2878",2022-05-26,1.1666246314270092E-4
"7723,2878",2022-05-26,1.0481334534516311E-4
"7728,2878",2022-05-26,1.066644625508119E-4
"7693,2883",2022-05-26,6.938052524860126E-5
"7698,2883",2022-05-26,7.629300793389442E-5
"7703,2883",2022-05-26,8.409709218234003E-5
"7708,2883",2022-05-26,8.846617413339502E-5
"7713,2883",2022-05-26,1.0213144011324652E-4
"7718,2883",2022-05-26,8.648589398315742E-5
"7723,2883",2022-05-26,7.705676228967594E-5
"7703,2888",2022-05-26,8.078876910468603E-5
"7708,2888",2022-05-26,9.07055007685045E-5
"7713,2888",2022-05-26,8.903990946781283E-5
"7718,2888",2022-05-26,7.034035950716854E-5
"7723,2888",2022-05-26,5.86851060027254E-5
"7713,2843",2022-05-27,9.87802813085157E-5
"7718,2843",2022-05-27,8.583233210782686E-5
"7723,2843",2022-05-27,7.922931926863504E-5
"7708,2848",2022-05-27,7.76332740864814E-5
"7713,2848",2022-05-27,8.533099606674404E-5
"7718,2848",2022-05-27,8.19220553854346E-5
"7723,2848",2022-05-27,8.392505734759643E-5
"7728,2848",2022-05-27,8.225429618281841E-5
"7733,2848",2022-05-27,9.730329377115993E-5
"7688,2853",2022-05-27,7.007764511042785E-5
"7693,2853",2022-05-27,6.581530055641424E-5
"7698,2853",2022-05-27,6.724483874049261E-5
"7703,2853",2022-05-27,6.875933553225112E-5
"7708,2853",2022-05-27,7.052007477090169E-5
"7713,2853",2022-05-27,8.318675533020738E-5
"7718,2853",2022-05-27,8.849931841413319E-5
"7723,2853",2022-05-27,9.2439072777999E-5
"7728,2853",2022-05-27,1.0922919772152598E-4
"7733,2853",2022-05-27,1.2218847482143086E-4
"7683,2858",2022-05-27,6.523023676847405E-5
"7688,2858",2022-05-27,7.138928857535796E-5
"7693,2858",2022-05-27,6.949539066113622E-5
"7698,2858",2022-05-27,6.181877111165434E-5
"7703,2858",2022-05-27,6.901412235892239E-5
"7708,2858",2022-05-27,7.483454457805456E-5
"7713,2858",2022-05-27,9.106454364753782E-5
"7718,2858",2022-05-27,9.485745370964448E-5
"7723,2858",2022-05-27,1.0428964901280974E-4
"7728,2858",2022-05-27,1.0810756952756767E-4
"7733,2858",2022-05-27,1.22733564101262E-4
"7688,2863",2022-05-27,6.498064036506529E-5
"7693,2863",2022-05-27,7.210794357039508E-5
"7698,2863",2022-05-27,7.220344752637292E-5
"7703,2863",2022-05-27,7.382303465448531E-5
"7708,2863",2022-05-27,8.235070425739122E-5
"7713,2863",2022-05-27,8.855177997474473E-5
"7718,2863",2022-05-27,9.316410471895806E-5
"7723,2863",2022-05-27,9.936602286615745E-5
"7728,2863",2022-05-27,1.2380822996825835E-4
"7733,2863",2022-05-27,1.4000898086162196E-4
"7693,2868",2022-05-27,7.39438952193772E-5
"7698,2868",2022-05-27,7.242615916113787E-5
"7703,2868",2022-05-27,8.35712887224263E-5
"7708,2868",2022-05-27,7.387444287926499E-5
"7713,2868",2022-05-27,8.501650393889781E-5
"7718,2868",2022-05-27,1.0803365350754761E-4
"7723,2868",2022-05-27,1.2509649435118745E-4
"7728,2868",2022-05-27,1.3251437099477033E-4
"7733,2868",2022-05-27,1.3713628672302073E-4
"7693,2873",2022-05-27,7.871129947848509E-5
"7698,2873",2022-05-27,7.269566878815582E-5
"7703,2873",2022-05-27,7.629680219038929E-5
"7708,2873",2022-05-27,7.545971517753927E-5
"7713,2873",2022-05-27,8.906263711716234E-5
"7718,2873",2022-05-27,1.0667864286757621E-4
"7723,2873",2022-05-27,1.0870710477372781E-4
"7728,2873",2022-05-27,1.0861568516068538E-4
"7733,2873",2022-05-27,1.1176834543230797E-4
"7693,2878",2022-05-27,7.207714810996239E-5
"7698,2878",2022-05-27,6.103612534730253E-5
"7703,2878",2022-05-27,6.726352668204883E-5
"7708,2878",2022-05-27,7.537728397231546E-5
"7713,2878",2022-05-27,8.098995479758454E-5
"7718,2878",2022-05-27,8.998829855551525E-5
"7723,2878",2022-05-27,8.923839284209237E-5
"7728,2878",2022-05-27,8.965347201188875E-5
"7693,2883",2022-05-27,7.287666825206685E-5
"7698,2883",2022-05-27,7.315198644820604E-5
"7703,2883",2022-05-27,7.526359663510165E-5
"7708,2883",2022-05-27,7.300926863740056E-5
"7713,2883",2022-05-27,8.153090434924013E-5
"7718,2883",2022-05-27,8.065920321880237E-5
"7723,2883",2022-05-27,7.877136047737834E-5
"7703,2888",2022-05-27,7.003262064390699E-5
"7708,2888",2022-05-27,7.326927054834113E-5
"7713,2888",2022-05-27,7.931188045073891E-5
"7718,2888",2022-05-27,8.108795252254103E-5
"7723,2888",2022-05-27,8.858549627011508E-5
"7713,2843",2022-05-28,8.104071883675063E-5
"7718,2843",2022-05-28,7.138570481400503E-5
"7723,2843",2022-05-28,7.130618252865327E-5
"7708,2848",2022-05-28,8.312024337356276E-5
"7713,2848",2022-05-28,7.793690062709324E-5
"7718,2848",2022-05-28,6.378579200840322E-5
"7723,2848",2022-05-28,7.957218665827134E-5
"7728,2848",2022-05-28,9.493687638286935E-5
"7733,2848",2022-05-28,1.000839233217909E-4
"7688,2853",2022-05-28,7.188119325546581E-5
"7693,2853",2022-05-28,6.964199064636405E-5
"7698,2853",2022-05-28,6.247364174174739E-5
"7703,2853",2022-05-28,6.18760446153874E-5
"7708,2853",2022-05-28,7.34259371567415E-5
"7713,2853",2022-05-28,6.746863893261791E-5
"7718,2853",2022-05-28,6.599748257633084E-5
"7723,2853",2022-05-28,9.673313627677753E-5
"7728,2853",2022-05-28,1.1804011432759172E-4
"7733,2853",2022-05-28,1.2759370050056926E-4
"7683,2858",2022-05-28,5.27661964413685E-5
"7688,2858",2022-05-28,5.6439137530084475E-5
"7693,2858",2022-05-28,5.734848856881877E-5
"7698,2858",2022-05-28,5.838406911578499E-5
"7703,2858",2022-05-28,6.154633094557063E-5
"7708,2858",2022-05-28,7.8213299165729E-5
"7713,2858",2022-05-28,7.533339449968042E-5
"7718,2858",2022-05-28,7.560858909018944E-5
"7723,2858",2022-05-28,9.377464948766412E-5
"7728,2858",2022-05-28,1.1139317105684354E-4
"7733,2858",2022-05-28,1.2968693152640872E-4
"7688,2863",2022-05-28,4.700879365421215E-5
"7693,2863",2022-05-28,4.886019978289573E-5
"7698,2863",2022-05-28,5.356527367841662E-5
"7703,2863",2022-05-28,6.48655799898533E-5
"7708,2863",2022-05-28,7.547448862869262E-5
"7713,2863",2022-05-28,7.752209391791393E-5
"7718,2863",2022-05-28,7.934177341975639E-5
"7723,2863",2022-05-28,8.707717039261161E-5
"7728,2863",2022-05-28,1.1329489515836306E-4
"7733,2863",2022-05-28,1.4366068028745475E-4
"7693,2868",2022-05-28,5.378556265315064E-5
"7698,2868",2022-05-28,6.776523313398949E-5
"7703,2868",2022-05-28,6.844160252448373E-5
"7708,2868",2022-05-28,7.90389109394575E-5
"7713,2868",2022-05-28,8.842484979982383E-5
"7718,2868",2022-05-28,9.057397309664587E-5
"7723,2868",2022-05-28,1.202884961737716E-4
"7728,2868",2022-05-28,1.3697295500013964E-4
"7733,2868",2022-05-28,1.3176144391760438E-4
"7693,2873",2022-05-28,5.92377037023799E-5
"7698,2873",2022-05-28,6.311960094333886E-5
"7703,2873",2022-05-28,6.499193763528657E-5
"7708,2873",2022-05-28,6.755228185291174E-5
"7713,2873",2022-05-28,7.851472246190767E-5
"7718,2873",2022-05-28,9.401959698625294E-5
"7723,2873",2022-05-28,1.1043283696128606E-4
"7728,2873",2022-05-28,1.0212142988906947E-4
"7733,2873",2022-05-28,9.120205949830307E-5
"7693,2878",2022-05-28,5.735950515932447E-5
"7698,2878",2022-05-28,6.058844149923239E-5
"7703,2878",2022-05-28,6.295293498439541E-5
"7708,2878",2022-05-28,6.275207497894361E-5
"7713,2878",2022-05-28,7.61088940049099E-5
"7718,2878",2022-05-28,8.255582668313602E-5
"7723,2878",2022-05-28,7.665415636056915E-5
"7728,2878",2022-05-28,6.836198196902144E-5
"7693,2883",2022-05-28,4.699800205886475E-5
"7698,2883",2022-05-28,5.0747596697398124E-5
"7703,2883",2022-05-28,5.568510096129842E-5
"7708,2883",2022-05-28,5.948624730863353E-5
"7713,2883",2022-05-28,6.791990645707924E-5
"7718,2883",2022-05-28,7.111758558040235E-5
"7723,2883",2022-05-28,6.335957539480316E-5
"7703,2888",2022-05-28,5.729787614713685E-5
"7708,2888",2022-05-28,6.0080174652337556E-5
"7713,2888",2022-05-28,6.466153646768382E-5
"7718,2888",2022-05-28,7.033475514325121E-5
"7723,2888",2022-05-28,7.227034847797695E-5
"7713,2843",2022-05-29,8.51024184477555E-5
"7718,2843",2022-05-29,8.790705649691329E-5
"7723,2843",2022-05-29,8.577301811720809E-5
"7708,2848",2022-05-29,8.270376962701371E-5
"7713,2848",2022-05-29,8.054684439223803E-5
"7718,2848",2022-05-29,1.000247181104884E-4
"7723,2848",2022-05-29,9.690107520313654E-5
"7728,2848",2022-05-29,1.0963229340868607E-4
"7733,2848",2022-05-29,1.1532994559448057E-4
"7688,2853",2022-05-29,5.712085926877861E-5
"7693,2853",2022-05-29,5.696591681264901E-5
"7698,2853",2022-05-29,5.665611148680922E-5
"7703,2853",2022-05-29,7.14323896705726E-5
"7708,2853",2022-05-29,8.363876670399498E-5
"7713,2853",2022-05-29,8.80463786448136E-5
"7718,2853",2022-05-29,9.975230327653875E-5
"7723,2853",2022-05-29,1.0480376774708672E-4
"7728,2853",2022-05-29,1.2501109273296281E-4
"7733,2853",2022-05-29,1.2520154776330512E-4
"7683,2858",2022-05-29,5.2739007349743194E-5
"7688,2858",2022-05-29,5.786815971074594E-5
"7693,2858",2022-05-29,6.0618267527003874E-5
"7698,2858",2022-05-29,5.897239781646276E-5
"7703,2858",2022-05-29,7.71963454481705E-5
"7708,2858",2022-05-29,8.057284943488875E-5
"7713,2858",2022-05-29,9.21041323537556E-5
"7718,2858",2022-05-29,9.78516550711395E-5
"7723,2858",2022-05-29,1.0603397009339993E-4
"7728,2858",2022-05-29,1.2433713947641097E-4
"7733,2858",2022-05-29,1.2405239880583654E-4
"7688,2863",2022-05-29,6.192328434304578E-5
"7693,2863",2022-05-29,6.364045227834021E-5
"7698,2863",2022-05-29,6.699149652561085E-5
"7703,2863",2022-05-29,7.430977164210392E-5
"7708,2863",2022-05-29,7.84111954728464E-5
"7713,2863",2022-05-29,9.940224055161848E-5
"7718,2863",2022-05-29,9.959505297071844E-5
"7723,2863",2022-05-29,1.0647639266830919E-4
"7728,2863",2022-05-29,1.1421105262902376E-4
"7733,2863",2022-05-29,1.0870617665559464E-4
"7693,2868",2022-05-29,6.316172129697625E-5
"7698,2868",2022-05-29,7.160828739751191E-5
"7703,2868",2022-05-29,7.307313450212977E-5
"7708,2868",2022-05-29,8.067386572840313E-5
"7713,2868",2022-05-29,9.635186340722211E-5
"7718,2868",2022-05-29,9.726981352533544E-5
"7723,2868",2022-05-29,9.409852238475324E-5
"7728,2868",2022-05-29,9.987022739214367E-5
"7733,2868",2022-05-29,8.038118940544723E-5
"7693,2873",2022-05-29,6.075379549813427E-5
"7698,2873",2022-05-29,5.5443443190870604E-5
"7703,2873",2022-05-29,6.394290741777221E-5
"7708,2873",2022-05-29,7.298199238988713E-5
"7713,2873",2022-05-29,7.96750099898318E-5
"7718,2873",2022-05-29,8.146259469128904E-5
"7723,2873",2022-05-29,7.774250827357342E-5
"7728,2873",2022-05-29,7.794634113521247E-5
"7733,2873",2022-05-29,6.262555947236385E-5
"7693,2878",2022-05-29,5.751210538963877E-5
"7698,2878",2022-05-29,5.52624789690073E-5
"7703,2878",2022-05-29,5.614585617683044E-5
"7708,2878",2022-05-29,6.95568204636427E-5
"7713,2878",2022-05-29,7.10383394228766E-5
"7718,2878",2022-05-29,6.710063894023666E-5
"7723,2878",2022-05-29,6.832273770587138E-5
"7728,2878",2022-05-29,5.8481295942448896E-5
"7693,2883",2022-05-29,5.399473112129499E-5
"7698,2883",2022-05-29,5.468568882835299E-5
"7703,2883",2022-05-29,6.0535366008591784E-5
"7708,2883",2022-05-29,6.452303495828245E-5
"7713,2883",2022-05-29,6.607790586065152E-5
"7718,2883",2022-05-29,6.341116461357786E-5
"7723,2883",2022-05-29,6.361803405551368E-5
"7703,2888",2022-05-29,6.687669615381733E-5
"7708,2888",2022-05-29,6.777444592828345E-5
"7713,2888",2022-05-29,6.572388715361337E-5
"7718,2888",2022-05-29,6.373047203445867E-5
"7723,2888",2022-05-29,6.0228669187248495E-5
"7713,2843",2022-05-30,8.13348881092119E-5
"7718,2843",2022-05-30,8.083921402879705E-5
"7723,2843",2022-05-30,7.749876943777648E-5
"7708,2848",2022-05-30,1.0899804279660708E-4
"7713,2848",2022-05-30,9.388813861895646E-5
"7718,2848",2022-05-30,9.381738346860969E-5
"7723,2848",2022-05-30,9.36585765285724E-5
"7728,2848",2022-05-30,9.319195780615082E-5
"7733,2848",2022-05-30,8.92129789700221E-5
"7688,2853",2022-05-30,7.93460485022569E-5
"7693,2853",2022-05-30,8.162401803406265E-5
"7698,2853",2022-05-30,9.011311893048232E-5
"7703,2853",2022-05-30,9.607391929842346E-5
"7708,2853",2022-05-30,1.0416274341191315E-4
"7713,2853",2022-05-30,1.1252240965706649E-4
"7718,2853",2022-05-30,1.131263915429207E-4
"7723,2853",2022-05-30,1.1565362846217386E-4
"7728,2853",2022-05-30,1.1424442247831645E-4
"7733,2853",2022-05-30,1.0075903431902842E-4
"7683,2858",2022-05-30,5.1577820236999386E-5
"7688,2858",2022-05-30,6.409432637078066E-5
"7693,2858",2022-05-30,6.511251466879168E-5
"7698,2858",2022-05-30,7.683661461726352E-5
"7703,2858",2022-05-30,7.811619234951732E-5
"7708,2858",2022-05-30,1.0246161175983794E-4
"7713,2858",2022-05-30,1.1831009309331197E-4
"7718,2858",2022-05-30,1.2236794947328877E-4
"7723,2858",2022-05-30,1.273835645058013E-4
"7728,2858",2022-05-30,1.2454383241648312E-4
"7733,2858",2022-05-30,1.1287307765245473E-4
"7688,2863",2022-05-30,5.2820075917241256E-5
"7693,2863",2022-05-30,5.7808596308667896E-5
"7698,2863",2022-05-30,8.857587957086785E-5
"7703,2863",2022-05-30,8.84423470622899E-5
"7708,2863",2022-05-30,1.1229599375738784E-4
"7713,2863",2022-05-30,1.1982763361329976E-4
"7718,2863",2022-05-30,1.3301392091296413E-4
"7723,2863",2022-05-30,1.4146725861216965E-4
"7728,2863",2022-05-30,1.353833709447197E-4
"7733,2863",2022-05-30,1.2604786526036825E-4
"7693,2868",2022-05-30,6.466075125149243E-5
"7698,2868",2022-05-30,8.435201390070407E-5
"7703,2868",2022-05-30,8.591001446310915E-5
"7708,2868",2022-05-30,1.2933384384886644E-4
"7713,2868",2022-05-30,1.3259921436081898E-4
"7718,2868",2022-05-30,1.3957577106817057E-4
"7723,2868",2022-05-30,1.424483292827722E-4
"7728,2868",2022-05-30,1.356760787256878E-4
"7733,2868",2022-05-30,1.2979358712114777E-4
"7693,2873",2022-05-30,6.966031884867094E-5
"7698,2873",2022-05-30,7.865407499871318E-5
"7703,2873",2022-05-30,8.185638614218809E-5
"7708,2873",2022-05-30,1.0763809649020317E-4
"7713,2873",2022-05-30,1.0913075915991618E-4
"7718,2873",2022-05-30,1.2683764561819853E-4
"7723,2873",2022-05-30,1.2836557397206825E-4
"7728,2873",2022-05-30,1.195814883372678E-4
"7733,2873",2022-05-30,1.1640830894944568E-4
"7693,2878",2022-05-30,7.048576478727846E-5
"7698,2878",2022-05-30,7.747283300644764E-5
"7703,2878",2022-05-30,7.875925205678993E-5
"7708,2878",2022-05-30,9.706739410703491E-5
"7713,2878",2022-05-30,1.0237424652370299E-4
"7718,2878",2022-05-30,1.1470312474224856E-4
"7723,2878",2022-05-30,1.149001659748531E-4
"7728,2878",2022-05-30,1.008257719875104E-4
"7693,2883",2022-05-30,8.6085358901545E-5
"7698,2883",2022-05-30,9.000699739005562E-5
"7703,2883",2022-05-30,9.893260990618756E-5
"7708,2883",2022-05-30,1.1148390333561202E-4
"7713,2883",2022-05-30,1.0747202060492313E-4
"7718,2883",2022-05-30,9.887737689935441E-5
"7723,2883",2022-05-30,9.84854122199591E-5
"7703,2888",2022-05-30,9.771896723295015E-5
"7708,2888",2022-05-30,1.0226936690742032E-4
"7713,2888",2022-05-30,9.643437087111831E-5
"7718,2888",2022-05-30,8.917801816919741E-5
"7723,2888",2022-05-30,8.538712376572187E-5
"7713,2843",2022-05-31,7.877022501142473E-5
"7718,2843",2022-05-31,6.598194510222225E-5
"7723,2843",2022-05-31,7.1958623110423E-5
"7708,2848",2022-05-31,8.865196438766908E-5
"7713,2848",2022-05-31,8.790025359266386E-5
"7718,2848",2022-05-31,7.688471124542588E-5
"7723,2848",2022-05-31,8.695609599200056E-5
"7728,2848",2022-05-31,1.151022517059848E-4
"7733,2848",2022-05-31,1.4611471405377602E-4
"7688,2853",2022-05-31,8.482205801614024E-5
"7693,2853",2022-05-31,7.906016748150466E-5
"7698,2853",2022-05-31,7.493436779052621E-5
"7703,2853",2022-05-31,7.373519842921387E-5
"7708,2853",2022-05-31,7.835138255950257E-5
"7713,2853",2022-05-31,9.133035488981538E-5
"7718,2853",2022-05-31,1.0690157942235656E-4
"7723,2853",2022-05-31,1.1288029553771113E-4
"7728,2853",2022-05-31,1.4256938288420323E-4
"7733,2853",2022-05-31,1.5052444804325443E-4
"7683,2858",2022-05-31,8.567591319000743E-5
"7688,2858",2022-05-31,8.238777769798489E-5
"7693,2858",2022-05-31,7.500648375844238E-5
"7698,2858",2022-05-31,7.330217423611058E-5
"7703,2858",2022-05-31,7.47841976184127E-5
"7708,2858",2022-05-31,8.634763395581023E-5
"7713,2858",2022-05-31,9.767128182329351E-5
"7718,2858",2022-05-31,1.0996904278181753E-4
"7723,2858",2022-05-31,1.260482916442962E-4
"7728,2858",2022-05-31,1.4066135464133912E-4
"7733,2858",2022-05-31,1.3507953405997254E-4
"7688,2863",2022-05-31,7.821073977577938E-5
"7693,2863",2022-05-31,6.610314925520694E-5
"7698,2863",2022-05-31,6.998123529801197E-5
"7703,2863",2022-05-31,7.35928155449632E-5
"7708,2863",2022-05-31,8.006009285198007E-5
"7713,2863",2022-05-31,1.0018838902081239E-4
"7718,2863",2022-05-31,1.100931799070896E-4
"7723,2863",2022-05-31,1.0897199607017892E-4
"7728,2863",2022-05-31,1.0929573378691051E-4
"7733,2863",2022-05-31,1.1317972070082344E-4
"7693,2868",2022-05-31,6.850159684655274E-5
"7698,2868",2022-05-31,7.168244345815062E-5
"7703,2868",2022-05-31,7.462218937441841E-5
"7708,2868",2022-05-31,8.697538086424177E-5
"7713,2868",2022-05-31,9.741600380453223E-5
"7718,2868",2022-05-31,9.778105794821215E-5
"7723,2868",2022-05-31,8.69920995494923E-5
"7728,2868",2022-05-31,8.861368629367353E-5
"7733,2868",2022-05-31,8.793923462342011E-5
"7693,2873",2022-05-31,6.846885527562494E-5
"7698,2873",2022-05-31,6.95021106565505E-5
"7703,2873",2022-05-31,7.664848306161174E-5
"7708,2873",2022-05-31,7.514266607972507E-5
"7713,2873",2022-05-31,6.908818080377466E-5
"7718,2873",2022-05-31,7.427090276244811E-5
"7723,2873",2022-05-31,6.712314934558271E-5
"7728,2873",2022-05-31,6.876167009094469E-5
"7733,2873",2022-05-31,6.288125673551208E-5
"7693,2878",2022-05-31,6.301435775850623E-5
"7698,2878",2022-05-31,6.842794526673151E-5
"7703,2878",2022-05-31,7.083183236001826E-5
"7708,2878",2022-05-31,6.627604900903363E-5
"7713,2878",2022-05-31,5.936528146064579E-5
"7718,2878",2022-05-31,5.631080903198742E-5
"7723,2878",2022-05-31,5.08684438937125E-5
"7728,2878",2022-05-31,5.068514457648005E-5
"7693,2883",2022-05-31,6.876559116718642E-5
"7698,2883",2022-05-31,7.154624450781896E-5
"7703,2883",2022-05-31,6.212383948854772E-5
"7708,2883",2022-05-31,5.8533894220432426E-5
"7713,2883",2022-05-31,5.862935120764143E-5
"7718,2883",2022-05-31,5.251169031866771E-5
"7723,2883",2022-05-31,4.121978230722256E-5
"7703,2888",2022-05-31,6.441462753925575E-5
"7708,2888",2022-05-31,6.223288357649507E-5
"7713,2888",2022-05-31,5.557612301881838E-5
"7718,2888",2022-05-31,4.743272211639595E-5
"7723,2888",2022-05-31,3.9806171630832225E-5
"7713,2843",2022-06-01,1.3972632126225184E-4
"7718,2843",2022-06-01,1.3160775474485532E-4
"7723,2843",2022-06-01,1.3397882622044586E-4
"7708,2848",2022-06-01,1.410168872161296E-4
"7713,2848",2022-06-01,1.437549479727613E-4
"7718,2848",2022-06-01,1.5573819383852048E-4
"7723,2848",2022-06-01,1.6622969889777626E-4
"7728,2848",2022-06-01,1.566663114028167E-4
"7733,2848",2022-06-01,1.857192159770079E-4
"7688,2853",2022-06-01,9.304591254930801E-5
"7693,2853",2022-06-01,7.832909473962748E-5
"7698,2853",2022-06-01,7.760831217654443E-5
"7703,2853",2022-06-01,1.048252977851449E-4
"7708,2853",2022-06-01,1.4558489586524124E-4
"7713,2853",2022-06-01,1.453156214839771E-4
"7718,2853",2022-06-01,1.5519821970594002E-4
"7723,2853",2022-06-01,1.9261398751716272E-4
"7728,2853",2022-06-01,2.300149942096033E-4
"7733,2853",2022-06-01,2.2902986764994E-4
"7683,2858",2022-06-01,7.688679316592039E-5
"7688,2858",2022-06-01,7.104339784618783E-5
"7693,2858",2022-06-01,4.611037150138657E-5
"7698,2858",2022-06-01,5.68350547663862E-5
"7703,2858",2022-06-01,9.782648222187645E-5
"7708,2858",2022-06-01,1.2853072750073242E-4
"7713,2858",2022-06-01,1.3349052202432058E-4
"7718,2858",2022-06-01,1.4739034444789237E-4
"7723,2858",2022-06-01,1.920184149249976E-4
"7728,2858",2022-06-01,2.125655800671628E-4
"7733,2858",2022-06-01,2.0102108297491412E-4
"7688,2863",2022-06-01,7.247338557990212E-5
"7693,2863",2022-06-01,7.451838896667553E-5
"7698,2863",2022-06-01,7.61451957161647E-5
"7703,2863",2022-06-01,1.0230491507995323E-4
"7708,2863",2022-06-01,1.3109952550289134E-4
"7713,2863",2022-06-01,1.313808217806564E-4
"7718,2863",2022-06-01,1.4285367826894906E-4
"7723,2863",2022-06-01,1.77003872704347E-4
"7728,2863",2022-06-01,1.8192438560999907E-4
"7733,2863",2022-06-01,1.6203932730242052E-4
"7693,2868",2022-06-01,8.966182844803967E-5
"7698,2868",2022-06-01,9.084952750622175E-5
"7703,2868",2022-06-01,9.988957663086195E-5
"7708,2868",2022-06-01,1.1968279556378728E-4
"7713,2868",2022-06-01,1.26321452018837E-4
"7718,2868",2022-06-01,1.3716645320255164E-4
"7723,2868",2022-06-01,1.3931659990493436E-4
"7728,2868",2022-06-01,1.3095003337288354E-4
"7733,2868",2022-06-01,1.242340147320848E-4
"7693,2873",2022-06-01,8.708544603924555E-5
"7698,2873",2022-06-01,7.923969735503519E-5
"7703,2873",2022-06-01,7.877406126029893E-5
"7708,2873",2022-06-01,9.412230251339585E-5
"7713,2873",2022-06-01,9.803027054318945E-5
"7718,2873",2022-06-01,1.074203765621859E-4
"7723,2873",2022-06-01,9.774597285666948E-5
"7728,2873",2022-06-01,9.397648178840653E-5
"7733,2873",2022-06-01,9.076692937185823E-5
"7693,2878",2022-06-01,8.146231053406381E-5
"7698,2878",2022-06-01,7.30938757641431E-5
"7703,2878",2022-06-01,7.209330831788314E-5
"7708,2878",2022-06-01,8.619566653110754E-5
"7713,2878",2022-06-01,8.007597385160814E-5
"7718,2878",2022-06-01,8.148113465948198E-5
"7723,2878",2022-06-01,8.254999202764124E-5
"7728,2878",2022-06-01,7.917190870721899E-5
"7693,2883",2022-06-01,8.032162936941592E-5
"7698,2883",2022-06-01,6.834123019529525E-5
"7703,2883",2022-06-01,7.149783669565454E-5
"7708,2883",2022-06-01,7.847640596125405E-5
"7713,2883",2022-06-01,8.298678387962836E-5
"7718,2883",2022-06-01,8.343895216450551E-5
"7723,2883",2022-06-01,8.565192329254077E-5
"7703,2888",2022-06-01,7.179575576566499E-5
"7708,2888",2022-06-01,7.3448190739616E-5
"7713,2888",2022-06-01,8.356528381369843E-5
"7718,2888",2022-06-01,8.497325576603105E-5
"7723,2888",2022-06-01,7.802287918916542E-5
"7713,2843",2022-06-02,1.2938255207809067E-4
"7718,2843",2022-06-02,1.2521695900360148E-4
"7723,2843",2022-06-02,1.2886905156091498E-4
"7708,2848",2022-06-02,1.42514800425404E-4
"7713,2848",2022-06-02,1.55497814348749E-4
"7718,2848",2022-06-02,1.4384050514780646E-4
"7723,2848",2022-06-02,1.4597372900757399E-4
"7728,2848",2022-06-02,1.8020543161761368E-4
"7733,2848",2022-06-02,1.98852970999173E-4
"7688,2853",2022-06-02,7.663803193322633E-5
"7693,2853",2022-06-02,7.80507868142384E-5
"7698,2853",2022-06-02,9.687065201136674E-5
"7703,2853",2022-06-02,1.2195258379232305E-4
"7708,2853",2022-06-02,1.399810836838521E-4
"7713,2853",2022-06-02,1.4872994753628468E-4
"7718,2853",2022-06-02,1.4947416660837816E-4
"7723,2853",2022-06-02,1.7145039478599696E-4
"7728,2853",2022-06-02,1.8865405140300283E-4
"7733,2853",2022-06-02,1.7534131670638044E-4
"7683,2858",2022-06-02,7.103580287892143E-5
"7688,2858",2022-06-02,7.37648779344693E-5
"7693,2858",2022-06-02,7.922040912007764E-5
"7698,2858",2022-06-02,9.550605800999641E-5
"7703,2858",2022-06-02,1.083611394900146E-4
"7708,2858",2022-06-02,1.3717424588761992E-4
"7713,2858",2022-06-02,1.3380226188378013E-4
"7718,2858",2022-06-02,1.4778607816360952E-4
"7723,2858",2022-06-02,1.7812147948921935E-4
"7728,2858",2022-06-02,1.69365530786171E-4
"7733,2858",2022-06-02,1.5202881872095842E-4
"7688,2863",2022-06-02,7.156460191995982E-5
"7693,2863",2022-06-02,6.989398956751372E-5
"7698,2863",2022-06-02,8.260725084593551E-5
"7703,2863",2022-06-02,9.425669915683018E-5
"7708,2863",2022-06-02,1.1895772248120082E-4
"7713,2863",2022-06-02,1.247942559906415E-4
"7718,2863",2022-06-02,1.4897225243283043E-4
"7723,2863",2022-06-02,1.6293235137147566E-4
"7728,2863",2022-06-02,1.4843380131300549E-4
"7733,2863",2022-06-02,1.3842960404049633E-4
"7693,2868",2022-06-02,8.240013965896035E-5
"7698,2868",2022-06-02,8.162134790183704E-5
"7703,2868",2022-06-02,8.567062456610228E-5
"7708,2868",2022-06-02,1.0519720223505232E-4
"7713,2868",2022-06-02,1.239174971770611E-4
"7718,2868",2022-06-02,1.39472121997181E-4
"7723,2868",2022-06-02,1.3437170740551312E-4
"7728,2868",2022-06-02,1.1721810662318283E-4
"7733,2868",2022-06-02,1.120073407017537E-4
"7693,2873",2022-06-02,7.934656403336675E-5
"7698,2873",2022-06-02,7.17141057138157E-5
"7703,2873",2022-06-02,7.518606714511368E-5
"7708,2873",2022-06-02,8.678154273257879E-5
"7713,2873",2022-06-02,1.0077333826040668E-4
"7718,2873",2022-06-02,1.068318344105845E-4
"7723,2873",2022-06-02,8.853803923751647E-5
"7728,2873",2022-06-02,8.266862013688863E-5
"7733,2873",2022-06-02,8.15549789458948E-5
"7693,2878",2022-06-02,7.051008451336784E-5
"7698,2878",2022-06-02,7.008101081501599E-5
"7703,2878",2022-06-02,7.304443820612547E-5
"7708,2878",2022-06-02,8.15061863406636E-5
"7713,2878",2022-06-02,8.29734861322747E-5
"7718,2878",2022-06-02,8.411720520723172E-5
"7723,2878",2022-06-02,7.36756719566541E-5
"7728,2878",2022-06-02,6.6763482668637E-5
"7693,2883",2022-06-02,7.188706259890558E-5
"7698,2883",2022-06-02,7.309052999813287E-5
"7703,2883",2022-06-02,7.131915584978021E-5
"7708,2883",2022-06-02,6.845298979950401E-5
"7713,2883",2022-06-02,7.821790014081692E-5
"7718,2883",2022-06-02,8.089023889694223E-5
"7723,2883",2022-06-02,7.320289410407197E-5
"7703,2888",2022-06-02,7.245740444750668E-5
"7708,2888",2022-06-02,7.21673304731289E-5
"7713,2888",2022-06-02,8.472789163370855E-5
"7718,2888",2022-06-02,7.560803133049592E-5
"7723,2888",2022-06-02,6.225911169374009E-5
"7713,2843",2022-06-03,8.63607542059385E-5
"7718,2843",2022-06-03,8.672862477065279E-5
"7723,2843",2022-06-03,8.189139427231799E-5
"7708,2848",2022-06-03,1.045898581259363E-4
"7713,2848",2022-06-03,1.0665989415572697E-4
"7718,2848",2022-06-03,1.1055699329511919E-4
"7723,2848",2022-06-03,1.2328841493461766E-4
"7728,2848",2022-06-03,1.4491225591777688E-4
"7733,2848",2022-06-03,1.4572773485918805E-4
"7688,2853",2022-06-03,6.492463288769024E-5
"7693,2853",2022-06-03,6.933596829607182E-5
"7698,2853",2022-06-03,7.448640016784258E-5
"7703,2853",2022-06-03,8.614087035625473E-5
"7708,2853",2022-06-03,1.0555454087734603E-4
"7713,2853",2022-06-03,1.1945628323457095E-4
"7718,2853",2022-06-03,1.3103584155392593E-4
"7723,2853",2022-06-03,1.6302688340902544E-4
"7728,2853",2022-06-03,1.695199852194245E-4
"7733,2853",2022-06-03,1.6101021211341766E-4
"7683,2858",2022-06-03,5.500692118847933E-5
"7688,2858",2022-06-03,6.020007828719439E-5
"7693,2858",2022-06-03,6.262024206195863E-5
"7698,2858",2022-06-03,6.570130315289986E-5
"7703,2858",2022-06-03,8.295858540018964E-5
"7708,2858",2022-06-03,8.961869602364112E-5
"7713,2858",2022-06-03,1.0873421446131671E-4
"7718,2858",2022-06-03,1.254391780124435E-4
"7723,2858",2022-06-03,1.5485559478094235E-4
"7728,2858",2022-06-03,1.658113761594585E-4
"7733,2858",2022-06-03,1.7267903300561557E-4
"7688,2863",2022-06-03,5.41999721513978E-5
"7693,2863",2022-06-03,5.9952083849477395E-5
"7698,2863",2022-06-03,6.401833131218448E-5
"7703,2863",2022-06-03,8.031576459686189E-5
"7708,2863",2022-06-03,8.982344285406013E-5
"7713,2863",2022-06-03,1.0317926790744271E-4
"7718,2863",2022-06-03,1.2272716967694827E-4
"7723,2863",2022-06-03,1.4990329383766558E-4
"7728,2863",2022-06-03,1.498289808585384E-4
"7733,2863",2022-06-03,1.6148723382588743E-4
"7693,2868",2022-06-03,6.20779540394034E-5
"7698,2868",2022-06-03,7.038913878389024E-5
"7703,2868",2022-06-03,7.804957219976227E-5
"7708,2868",2022-06-03,9.291637220023549E-5
"7713,2868",2022-06-03,1.0453094057460218E-4
"7718,2868",2022-06-03,1.2602313624982878E-4
"7723,2868",2022-06-03,1.3473394057128543E-4
"7728,2868",2022-06-03,1.187336199292821E-4
"7733,2868",2022-06-03,1.1931418329363582E-4
"7693,2873",2022-06-03,6.375469742639024E-5
"7698,2873",2022-06-03,7.151035414447609E-5
"7703,2873",2022-06-03,7.592164658985965E-5
"7708,2873",2022-06-03,8.909922916844467E-5
"7713,2873",2022-06-03,9.285712372798486E-5
"7718,2873",2022-06-03,9.615874479593747E-5
"7723,2873",2022-06-03,1.0236149431199234E-4
"7728,2873",2022-06-03,9.714916898940701E-5
"7733,2873",2022-06-03,8.609663018578237E-5
"7693,2878",2022-06-03,5.922225267769761E-5
"7698,2878",2022-06-03,6.539162247079518E-5
"7703,2878",2022-06-03,7.078891284446446E-5
"7708,2878",2022-06-03,8.09298399412479E-5
"7713,2878",2022-06-03,8.014244321400076E-5
"7718,2878",2022-06-03,7.974507393073624E-5
"7723,2878",2022-06-03,8.042397539700078E-5
"7728,2878",2022-06-03,8.226163710076962E-5
"7693,2883",2022-06-03,5.4786947777562155E-5
"7698,2883",2022-06-03,6.207025053326148E-5
"7703,2883",2022-06-03,7.041035101351975E-5
"7708,2883",2022-06-03,7.441046556158435E-5
"7713,2883",2022-06-03,7.538787337766785E-5
"7718,2883",2022-06-03,7.461453621481684E-5
"7723,2883",2022-06-03,7.210153939111575E-5
"7703,2888",2022-06-03,6.548720434572558E-5
"7708,2888",2022-06-03,7.17108301917358E-5
"7713,2888",2022-06-03,8.174736094885616E-5
"7718,2888",2022-06-03,7.781456889000299E-5
"7723,2888",2022-06-03,7.238297760462076E-5
"7713,2843",2022-06-04,8.77212928622304E-5
"7718,2843",2022-06-04,9.195998963366299E-5
"7723,2843",2022-06-04,8.856116107653428E-5
"7708,2848",2022-06-04,9.636187843103833E-5
"7713,2848",2022-06-04,1.0410844971720738E-4
"7718,2848",2022-06-04,1.0219692353889683E-4
"7723,2848",2022-06-04,1.1730346142277995E-4
"7728,2848",2022-06-04,1.1877301787777646E-4
"7733,2848",2022-06-04,1.243812794777377E-4
"7688,2853",2022-06-04,5.7643176124701124E-5
"7693,2853",2022-06-04,6.739182827566384E-5
"7698,2853",2022-06-04,7.294560133148821E-5
"7703,2853",2022-06-04,7.525779212262064E-5
"7708,2853",2022-06-04,9.867918233860225E-5
"7713,2853",2022-06-04,1.2113350412517053E-4
"7718,2853",2022-06-04,1.2395230987073674E-4
"7723,2853",2022-06-04,1.3433268961677119E-4
"7728,2853",2022-06-04,1.3985387638285328E-4
"7733,2853",2022-06-04,1.4423058468304622E-4
"7683,2858",2022-06-04,9.641173233571969E-5
"7688,2858",2022-06-04,8.324316758465265E-5
"7693,2858",2022-06-04,7.190361276777605E-5
"7698,2858",2022-06-04,7.217301732984428E-5
"7703,2858",2022-06-04,7.245567334411584E-5
"7708,2858",2022-06-04,1.1123078178425574E-4
"7713,2858",2022-06-04,1.1823839535550998E-4
"7718,2858",2022-06-04,1.2529226714541746E-4
"7723,2858",2022-06-04,1.313672986316154E-4
"7728,2858",2022-06-04,1.419557960851229E-4
"7733,2858",2022-06-04,1.480228320767795E-4
"7688,2863",2022-06-04,7.796533073497809E-5
"7693,2863",2022-06-04,6.657962040692887E-5
"7698,2863",2022-06-04,6.938183370869148E-5
"7708,2863",2022-06-04,1.0504297941379704E-4
"7713,2863",2022-06-04,1.0532848758408687E-4
"7718,2863",2022-06-04,1.0980314032073781E-4
"7723,2863",2022-06-04,1.2303438645229484E-4
"7728,2863",2022-06-04,1.4281547836031026E-4
"7733,2863",2022-06-04,1.3464519474915568E-4
"7693,2868",2022-06-04,6.446548347753885E-5
"7698,2868",2022-06-04,6.583971803680318E-5
"7703,2868",2022-06-04,7.091363730433641E-5
"7708,2868",2022-06-04,7.115649329438145E-5
"7713,2868",2022-06-04,9.637126432085667E-5
"7718,2868",2022-06-04,9.886318337916892E-5
"7723,2868",2022-06-04,9.48812276135221E-5
"7728,2868",2022-06-04,7.443116849464087E-5
"7733,2868",2022-06-04,9.397947486141613E-5
"7693,2873",2022-06-04,6.249132290922718E-5
"7698,2873",2022-06-04,6.566216158349724E-5
"7703,2873",2022-06-04,6.053815875591874E-5
"7708,2873",2022-06-04,6.638882888848171E-5
"7713,2873",2022-06-04,6.884196391170493E-5
"7718,2873",2022-06-04,6.691669424972538E-5
"7723,2873",2022-06-04,6.256297432303888E-5
"7728,2873",2022-06-04,6.343762818577881E-5
"7733,2873",2022-06-04,7.231613817742918E-5
"7693,2878",2022-06-04,5.485518368802432E-5
"7698,2878",2022-06-04,5.4481729575078555E-5
"7703,2878",2022-06-04,5.719409615554942E-5
"7708,2878",2022-06-04,5.208791206840958E-5
"7713,2878",2022-06-04,6.49526571690092E-5
"7718,2878",2022-06-04,6.16232614748149E-5
"7723,2878",2022-06-04,5.304424186196871E-5
"7728,2878",2022-06-04,5.596879405445041E-5
"7693,2883",2022-06-04,5.707849152483987E-5
"7698,2883",2022-06-04,5.736375947555308E-5
"7703,2883",2022-06-04,6.107381021445154E-5
"7708,2883",2022-06-04,6.012618649429928E-5
"7713,2883",2022-06-04,5.984292851918566E-5
"7718,2883",2022-06-04,5.866838927432159E-5
"7723,2883",2022-06-04,5.361859011145682E-5
"7703,2888",2022-06-04,5.14539193055964E-5
"7708,2888",2022-06-04,5.57925745838819E-5
"7713,2888",2022-06-04,5.740805804365608E-5
"7718,2888",2022-06-04,6.892861745521118E-5
"7723,2888",2022-06-04,5.7127839281116085E-5
"7713,2843",2022-06-04,1.1078471814633137E-4
"7718,2843",2022-06-04,1.0724570811805525E-4
"7723,2843",2022-06-04,1.0696579925079638E-4
"7708,2848",2022-06-04,1.3241378487834283E-4
"7713,2848",2022-06-04,1.3187276095882292E-4
"7718,2848",2022-06-04,1.3161372806396232E-4
"7723,2848",2022-06-04,1.3332679824624546E-4
"7728,2848",2022-06-04,1.3647317461167583E-4
"7733,2848",2022-06-04,1.3660841522785197E-4
"7688,2853",2022-06-04,8.669521539032187E-5
"7693,2853",2022-06-04,8.970086783827784E-5
"7698,2853",2022-06-04,1.1432487088388681E-4
"7703,2853",2022-06-04,1.1466081228645495E-4
"7708,2853",2022-06-04,1.1816011766219614E-4
"7713,2853",2022-06-04,1.3053488341893018E-4
"7718,2853",2022-06-04,1.3047363264124837E-4
"7723,2853",2022-06-04,1.380093742862372E-4
"7728,2853",2022-06-04,1.4558580074216026E-4
"7733,2853",2022-06-04,1.455478982009785E-4
"7683,2858",2022-06-04,7.920002387537458E-5
"7688,2858",2022-06-04,7.852518710627177E-5
"7693,2858",2022-06-04,8.256715197448245E-5
"7698,2858",2022-06-04,9.45488117921283E-5
"7703,2858",2022-06-04,9.452827036510463E-5
"7708,2858",2022-06-04,1.011046721228943E-4
"7713,2858",2022-06-04,1.1183360141049874E-4
"7718,2858",2022-06-04,1.1179529348426975E-4
"7723,2858",2022-06-04,1.3184396428650395E-4
"7728,2858",2022-06-04,1.4268009507523293E-4
"7733,2858",2022-06-04,1.426830409129746E-4
"7688,2863",2022-06-04,7.036095351907042E-5
"7693,2863",2022-06-04,7.670629887381049E-5
"7698,2863",2022-06-04,8.514000662435978E-5
"7703,2863",2022-06-04,8.513310110748755E-5
"7708,2863",2022-06-04,9.876581450763404E-5
"7713,2863",2022-06-04,1.1013870831923631E-4
"7718,2863",2022-06-04,1.1015421867419827E-4
"7723,2863",2022-06-04,1.2624470437647083E-4
"7728,2863",2022-06-04,1.308081120228929E-4
"7733,2863",2022-06-04,1.3035946081603038E-4
"7693,2868",2022-06-04,6.865600368088393E-5
"7698,2868",2022-06-04,7.662785899965726E-5
"7703,2868",2022-06-04,7.661266382083518E-5
"7708,2868",2022-06-04,8.874348332534074E-5
"7713,2868",2022-06-04,9.437952918163795E-5
"7718,2868",2022-06-04,9.45308922344179E-5
"7723,2868",2022-06-04,1.0306014581861901E-4
"7728,2868",2022-06-04,1.0367479702824345E-4
"7733,2868",2022-06-04,1.0018643258619648E-4
"7693,2873",2022-06-04,6.12570530506016E-5
"7698,2873",2022-06-04,6.461387981923461E-5
"7703,2873",2022-06-04,6.459307267799239E-5
"7708,2873",2022-06-04,6.754321546650975E-5
"7713,2873",2022-06-04,6.823050706730831E-5
"7718,2873",2022-06-04,6.945682539278118E-5
"7723,2873",2022-06-04,7.848432156677543E-5
"7728,2873",2022-06-04,7.846301905849856E-5
"7733,2873",2022-06-04,7.601073851656638E-5
"7693,2878",2022-06-04,5.4227151863873494E-5
"7698,2878",2022-06-04,5.5577590625240474E-5
"7703,2878",2022-06-04,5.540112366043972E-5
"7708,2878",2022-06-04,5.32578861535786E-5
"7713,2878",2022-06-04,5.3147336423772864E-5
"7718,2878",2022-06-04,5.612059871878034E-5
"7723,2878",2022-06-04,6.421624666203544E-5
"7728,2878",2022-06-04,6.416821154620198E-5
"7693,2883",2022-06-04,4.799668318638529E-5
"7698,2883",2022-06-04,4.8096958393893016E-5
"7703,2883",2022-06-04,4.897448755240663E-5
"7708,2883",2022-06-04,5.241594433992867E-5
"7713,2883",2022-06-04,5.242246979588676E-5
"7718,2883",2022-06-04,5.612316932608868E-5
"7723,2883",2022-06-04,6.117344304816897E-5
"7703,2888",2022-06-04,4.940580235216709E-5
"7708,2888",2022-06-04,5.3503386865477186E-5
"7713,2888",2022-06-04,5.350551024997213E-5
"7718,2888",2022-06-04,5.826427046194466E-5
"7723,2888",2022-06-04,6.164994698570356E-5
"7713,2843",2022-06-05,8.534320975022401E-5
"7718,2843",2022-06-05,8.414981333636248E-5
"7723,2843",2022-06-05,7.723506636822776E-5
"7708,2848",2022-06-05,7.514318248592783E-5
"7713,2848",2022-06-05,7.524434655359839E-5
"7718,2848",2022-06-05,7.151004984921231E-5
"7723,2848",2022-06-05,6.547113885064792E-5
"7728,2848",2022-06-05,7.448419811812954E-5
"7733,2848",2022-06-05,8.520576907376085E-5
"7688,2853",2022-06-05,4.855773354622773E-5
"7693,2853",2022-06-05,4.899723363916615E-5
"7698,2853",2022-06-05,5.3273088075275686E-5
"7703,2853",2022-06-05,6.237166998840001E-5
"7708,2853",2022-06-05,7.224443728231938E-5
"7713,2853",2022-06-05,8.077414635090508E-5
"7718,2853",2022-06-05,8.828605321742991E-5
"7723,2853",2022-06-05,1.003923077978608E-4
"7728,2853",2022-06-05,1.2049644719883457E-4
"7733,2853",2022-06-05,1.27563591565725E-4
"7683,2858",2022-06-05,4.796405502407269E-5
"7688,2858",2022-06-05,4.560398897911242E-5
"7693,2858",2022-06-05,4.243345058427452E-5
"7698,2858",2022-06-05,5.208097178179368E-5
"7703,2858",2022-06-05,6.796292588289077E-5
"7708,2858",2022-06-05,8.249785515578984E-5
"7713,2858",2022-06-05,9.953098361849712E-5
"7718,2858",2022-06-05,1.1186631990673813E-4
"7723,2858",2022-06-05,1.2124604383568248E-4
"7728,2858",2022-06-05,1.3215166827114732E-4
"7733,2858",2022-06-05,1.3141166412417154E-4
"7688,2863",2022-06-05,4.3576390050493265E-5
"7693,2863",2022-06-05,5.074431082907231E-5
"7698,2863",2022-06-05,5.739145241037126E-5
"7703,2863",2022-06-05,6.436732289071208E-5
"7708,2863",2022-06-05,7.451144352518822E-5
"7713,2863",2022-06-05,8.646873452632754E-5
"7718,2863",2022-06-05,9.162704109100917E-5
"7723,2863",2022-06-05,9.877182548826312E-5
"7728,2863",2022-06-05,1.2689531905489426E-4
"7733,2863",2022-06-05,1.4687401883859812E-4
"7693,2868",2022-06-05,5.7079925086500696E-5
"7698,2868",2022-06-05,6.099123914492958E-5
"7703,2868",2022-06-05,6.227180254569811E-5
"7708,2868",2022-06-05,6.68902971794605E-5
"7713,2868",2022-06-05,8.645035442171627E-5
"7718,2868",2022-06-05,9.79121602446501E-5
"7723,2868",2022-06-05,1.0948552501688812E-4
"7728,2868",2022-06-05,1.2730196720461901E-4
"7733,2868",2022-06-05,1.3041367703040625E-4
"7693,2873",2022-06-05,5.2049931722826356E-5
"7698,2873",2022-06-05,5.510643920991935E-5
"7703,2873",2022-06-05,5.6827998572769866E-5
"7708,2873",2022-06-05,6.314491680925856E-5
"7713,2873",2022-06-05,7.725723740833875E-5
"7718,2873",2022-06-05,9.164240762029929E-5
"7723,2873",2022-06-05,9.335039044381377E-5
"7728,2873",2022-06-05,9.402334111909824E-5
"7733,2873",2022-06-05,9.476440069425286E-5
"7693,2878",2022-06-05,4.565366499284917E-5
"7698,2878",2022-06-05,4.450737722841217E-5
"7703,2878",2022-06-05,4.633702120004487E-5
"7708,2878",2022-06-05,5.290091869482319E-5
"7713,2878",2022-06-05,6.056755573929157E-5
"7718,2878",2022-06-05,6.634156135282414E-5
"7723,2878",2022-06-05,6.194826455205647E-5
"7728,2878",2022-06-05,5.983372162625569E-5
"7693,2883",2022-06-05,4.5024231201188465E-5
"7698,2883",2022-06-05,4.5144464698694516E-5
"7703,2883",2022-06-05,4.523856655522345E-5
"7708,2883",2022-06-05,4.891309484391655E-5
"7713,2883",2022-06-05,5.194387931844556E-5
"7718,2883",2022-06-05,5.708032502654885E-5
"7723,2883",2022-06-05,6.374672153269227E-5
"7703,2888",2022-06-05,4.5725693675061565E-5
"7708,2888",2022-06-05,5.111857695306226E-5
"7713,2888",2022-06-05,5.254173995639329E-5
"7718,2888",2022-06-05,5.176645172632746E-5
"7723,2888",2022-06-05,5.3437313724913056E-5
"7713,2843",2022-06-06,1.305693258484702E-4
"7718,2843",2022-06-06,1.2050682937366636E-4
"7723,2843",2022-06-06,1.0022102971931516E-4
"7708,2848",2022-06-06,1.503051456802876E-4
"7713,2848",2022-06-06,1.4423699644812397E-4
"7718,2848",2022-06-06,1.3206951025345693E-4
"7723,2848",2022-06-06,1.2118242702879298E-4
"7728,2848",2022-06-06,1.4508478242405718E-4
"7733,2848",2022-06-06,1.6256435267949132E-4
"7688,2853",2022-06-06,5.661840935167865E-5
"7693,2853",2022-06-06,6.211120899320318E-5
"7698,2853",2022-06-06,8.656107388687676E-5
"7703,2853",2022-06-06,1.0469905844657991E-4
"7708,2853",2022-06-06,1.425757283903049E-4
"7713,2853",2022-06-06,1.4723941782011717E-4
"7718,2853",2022-06-06,1.4943954910081147E-4
"7723,2853",2022-06-06,1.7884405177489164E-4
"7728,2853",2022-06-06,1.8966379915074E-4
"7733,2853",2022-06-06,1.6379130958033122E-4
"7683,2858",2022-06-06,6.134198532526231E-5
"7688,2858",2022-06-06,6.286315725480195E-5
"7693,2858",2022-06-06,7.747962386836114E-5
"7698,2858",2022-06-06,8.943223335217579E-5
"7703,2858",2022-06-06,1.018977868496438E-4
"7708,2858",2022-06-06,1.2451126731045323E-4
"7713,2858",2022-06-06,1.3440437677257283E-4
"7718,2858",2022-06-06,1.6988850997362684E-4
"7723,2858",2022-06-06,2.0239675260182041E-4
"7728,2858",2022-06-06,1.8449574317079675E-4
"7733,2858",2022-06-06,1.8689298552844843E-4
"7688,2863",2022-06-06,5.894792778680172E-5
"7693,2863",2022-06-06,7.785798689527271E-5
"7698,2863",2022-06-06,8.790369266142244E-5
"7703,2863",2022-06-06,1.0073016586504055E-4
"7708,2863",2022-06-06,1.2652644059540536E-4
"7713,2863",2022-06-06,1.499312063130427E-4
"7718,2863",2022-06-06,1.4552037262550562E-4
"7723,2863",2022-06-06,1.8380225337126535E-4
"7728,2863",2022-06-06,1.7504564846593484E-4
"7733,2863",2022-06-06,2.1636560699795772E-4
"7693,2868",2022-06-06,7.053095024292691E-5
"7698,2868",2022-06-06,7.839802606766287E-5
"7703,2868",2022-06-06,8.906808606018655E-5
"7708,2868",2022-06-06,1.1424089016073777E-4
"7713,2868",2022-06-06,1.7097531340517865E-4
"7718,2868",2022-06-06,1.499668880887744E-4
"7723,2868",2022-06-06,1.58667267564737E-4
"7728,2868",2022-06-06,1.7162952479419675E-4
"7733,2868",2022-06-06,2.0070260907207888E-4
"7693,2873",2022-06-06,5.81581136275287E-5
"7698,2873",2022-06-06,6.202636992962496E-5
"7703,2873",2022-06-06,7.911108028799294E-5
"7708,2873",2022-06-06,9.676375267601762E-5
"7713,2873",2022-06-06,1.50591781154343E-4
"7718,2873",2022-06-06,1.430915887941414E-4
"7723,2873",2022-06-06,1.1278348353230333E-4
"7728,2873",2022-06-06,1.4069917270270456E-4
"7733,2873",2022-06-06,1.5153549729385538E-4
"7693,2878",2022-06-06,4.972347709281811E-5
"7698,2878",2022-06-06,5.6571157555695776E-5
"7703,2878",2022-06-06,7.601502338758715E-5
"7708,2878",2022-06-06,9.578328365885807E-5
"7713,2878",2022-06-06,9.134318004532471E-5
"7718,2878",2022-06-06,7.770680603313823E-5
"7723,2878",2022-06-06,7.032864245927885E-5
"7728,2878",2022-06-06,9.848335812349387E-5
"7693,2883",2022-06-06,5.002761622745171E-5
"7698,2883",2022-06-06,6.16240208249616E-5
"7703,2883",2022-06-06,6.980658539007604E-5
"7708,2883",2022-06-06,7.847635260657313E-5
"7713,2883",2022-06-06,7.936615040437315E-5
"7718,2883",2022-06-06,6.663777144141205E-5
"7723,2883",2022-06-06,5.201304281826295E-5
"7703,2888",2022-06-06,6.785697379979617E-5
"7708,2888",2022-06-06,7.951877800119416E-5
"7713,2888",2022-06-06,8.223717218290174E-5
"7718,2888",2022-06-06,6.0024115133954704E-5
"7723,2888",2022-06-06,5.603669652308612E-5
"7713,2843",2022-06-07,7.125856058866937E-5
"7718,2843",2022-06-07,7.602612286734791E-5
"7723,2843",2022-06-07,7.045624470370042E-5
"7708,2848",2022-06-07,8.40799357265152E-5
"7713,2848",2022-06-07,7.815074148142783E-5
"7718,2848",2022-06-07,8.145442326267591E-5
"7723,2848",2022-06-07,8.050209964565697E-5
"7728,2848",2022-06-07,9.413304154260341E-5
"7733,2848",2022-06-07,1.1749181670013333E-4
"7688,2853",2022-06-07,4.693363680455664E-5
"7693,2853",2022-06-07,4.8205829910873635E-5
"7698,2853",2022-06-07,5.011765840933546E-5
"7703,2853",2022-06-07,5.465015758731693E-5
"7708,2853",2022-06-07,7.256526810389463E-5
"7713,2853",2022-06-07,8.465825763937641E-5
"7718,2853",2022-06-07,8.607685284215202E-5
"7723,2853",2022-06-07,1.0182430158194624E-4
"7728,2853",2022-06-07,1.1399235464983627E-4
"7733,2853",2022-06-07,1.2317509405635558E-4
"7683,2858",2022-06-07,4.652978469388284E-5
"7688,2858",2022-06-07,4.8424519323860956E-5
"7693,2858",2022-06-07,4.665805975724368E-5
"7698,2858",2022-06-07,5.41809842454393E-5
"7703,2858",2022-06-07,6.466405958388854E-5
"7708,2858",2022-06-07,7.397044901040802E-5
"7713,2858",2022-06-07,8.286717195498457E-5
"7718,2858",2022-06-07,9.330679225993954E-5
"7723,2858",2022-06-07,1.0446124499336815E-4
"7728,2858",2022-06-07,1.2507040992946753E-4
"7733,2858",2022-06-07,1.322408518658341E-4
"7688,2863",2022-06-07,4.8494731632394005E-5
"7693,2863",2022-06-07,4.6661525897828716E-5
"7698,2863",2022-06-07,5.7506025519117135E-5
"7703,2863",2022-06-07,6.071022539499527E-5
"7708,2863",2022-06-07,7.407429356229047E-5
"7713,2863",2022-06-07,8.509650832013913E-5
"7718,2863",2022-06-07,9.408631941196632E-5
"7723,2863",2022-06-07,1.221403226416608E-4
"7728,2863",2022-06-07,1.3256414745952384E-4
"7733,2863",2022-06-07,1.4418583417021418E-4
"7693,2868",2022-06-07,5.4230460560232036E-5
"7698,2868",2022-06-07,6.216062199030167E-5
"7703,2868",2022-06-07,7.317381921515269E-5
"7708,2868",2022-06-07,8.282816184706652E-5
"7713,2868",2022-06-07,8.863146840035024E-5
"7718,2868",2022-06-07,1.0031687161965326E-4
"7723,2868",2022-06-07,1.099042906066727E-4
"7728,2868",2022-06-07,1.2314510372546692E-4
"7733,2868",2022-06-07,1.2063301093695716E-4
"7693,2873",2022-06-07,6.056536547769757E-5
"7698,2873",2022-06-07,6.29775952045307E-5
"7703,2873",2022-06-07,6.319780999343185E-5
"7708,2873",2022-06-07,8.003620312850172E-5
"7713,2873",2022-06-07,8.150397518617463E-5
"7718,2873",2022-06-07,1.0345718794590234E-4
"7723,2873",2022-06-07,1.0657703817052949E-4
"7728,2873",2022-06-07,1.1878772742109549E-4
"7733,2873",2022-06-07,9.819091269415779E-5
"7693,2878",2022-06-07,5.63952121129121E-5
"7698,2878",2022-06-07,6.750323843435869E-5
"7703,2878",2022-06-07,7.819844155056084E-5
"7708,2878",2022-06-07,8.250985451512776E-5
"7713,2878",2022-06-07,8.556231149411997E-5
"7718,2878",2022-06-07,9.860881641894735E-5
"7723,2878",2022-06-07,1.0047550961043347E-4
"7728,2878",2022-06-07,1.1326177386701672E-4
"7693,2883",2022-06-07,5.316975834526147E-5
"7698,2883",2022-06-07,5.1081532207010796E-5
"7703,2883",2022-06-07,6.123208814292559E-5
"7708,2883",2022-06-07,7.322109039886124E-5
"7713,2883",2022-06-07,7.971937274650928E-5
"7718,2883",2022-06-07,8.891882241618235E-5
"7723,2883",2022-06-07,9.344565078284506E-5
"7703,2888",2022-06-07,5.477140847124251E-5
"7708,2888",2022-06-07,5.51871446620059E-5
"7713,2888",2022-06-07,7.080816466818659E-5
"7718,2888",2022-06-07,8.768000404824784E-5
"7723,2888",2022-06-07,8.420591374516647E-5
"7713,2843",2022-06-08,8.506365020240905E-5
"7718,2843",2022-06-08,7.657893161257183E-5
"7723,2843",2022-06-08,8.673484432868717E-5
"7708,2848",2022-06-08,7.991902037632439E-5
"7713,2848",2022-06-08,8.272888995006445E-5
"7718,2848",2022-06-08,6.589685259244336E-5
"7723,2848",2022-06-08,7.863660689841126E-5
"7728,2848",2022-06-08,9.16169607716261E-5
"7733,2848",2022-06-08,1.0169629417633662E-4
"7688,2853",2022-06-08,4.203070300398511E-5
"7693,2853",2022-06-08,3.626837985703466E-5
"7698,2853",2022-06-08,4.2345807377130974E-5
"7703,2853",2022-06-08,4.689513721161905E-5
"7708,2853",2022-06-08,6.0670626850693315E-5
"7713,2853",2022-06-08,6.994814259063142E-5
"7718,2853",2022-06-08,7.846416057320037E-5
"7723,2853",2022-06-08,9.067817484774361E-5
"7728,2853",2022-06-08,9.37703151970302E-5
"7733,2853",2022-06-08,1.0049048714426E-4
"7683,2858",2022-06-08,3.498679959833077E-5
"7688,2858",2022-06-08,3.404463697783088E-5
"7693,2858",2022-06-08,3.0516008426323696E-5
"7698,2858",2022-06-08,4.0287780209116886E-5
"7703,2858",2022-06-08,4.446249780895156E-5
"7708,2858",2022-06-08,5.490727450695992E-5
"7713,2858",2022-06-08,5.6045927117098326E-5
"7718,2858",2022-06-08,6.458745171274606E-5
"7723,2858",2022-06-08,7.550402080919606E-5
"7728,2858",2022-06-08,9.17029722697527E-5
"7733,2858",2022-06-08,1.0006285745359306E-4
"7688,2863",2022-06-08,3.329439953252016E-5
"7693,2863",2022-06-08,3.5726119280458134E-5
"7698,2863",2022-06-08,4.204582927431352E-5
"7703,2863",2022-06-08,4.4248208370163043E-5
"7708,2863",2022-06-08,4.7843555365021734E-5
"7713,2863",2022-06-08,4.693906282947897E-5
"7718,2863",2022-06-08,6.367904201392864E-5
"7723,2863",2022-06-08,7.591633573178896E-5
"7728,2863",2022-06-08,9.221710794775046E-5
"7733,2863",2022-06-08,9.770784424879257E-5
"7693,2868",2022-06-08,4.11328834446554E-5
"7698,2868",2022-06-08,4.2138373369834205E-5
"7703,2868",2022-06-08,4.0029267929228485E-5
"7708,2868",2022-06-08,4.6807597371268E-5
"7713,2868",2022-06-08,4.949316805059697E-5
"7718,2868",2022-06-08,6.486636532976211E-5
"7723,2868",2022-06-08,7.097446299461421E-5
"7728,2868",2022-06-08,8.165771210995229E-5
"7733,2868",2022-06-08,7.286921929202955E-5
"7693,2873",2022-06-08,3.6584119248074943E-5
"7698,2873",2022-06-08,3.571035622947702E-5
"7703,2873",2022-06-08,3.232213853609575E-5
"7708,2873",2022-06-08,4.369219510523694E-5
"7713,2873",2022-06-08,5.364262228490203E-5
"7718,2873",2022-06-08,5.998344752219006E-5
"7723,2873",2022-06-08,5.668966331997894E-5
"7728,2873",2022-06-08,6.138155228568249E-5
"7733,2873",2022-06-08,6.437193327562815E-5
"7693,2878",2022-06-08,3.586146205752832E-5
"7698,2878",2022-06-08,2.805077586966251E-5
"7703,2878",2022-06-08,2.835889351711469E-5
"7708,2878",2022-06-08,3.801816897052152E-5
"7713,2878",2022-06-08,4.4172371277031854E-5
"7718,2878",2022-06-08,4.7360549364077626E-5
"7723,2878",2022-06-08,4.610944854792559E-5
"7728,2878",2022-06-08,4.829207042702211E-5
"7693,2883",2022-06-08,3.493466060380327E-5
"7698,2883",2022-06-08,3.321714326573277E-5
"7703,2883",2022-06-08,3.4103613848475206E-5
"7708,2883",2022-06-08,3.7217937817374234E-5
"7713,2883",2022-06-08,4.441613597184742E-5
"7718,2883",2022-06-08,4.0332195627390914E-5
"7723,2883",2022-06-08,3.936628788295587E-5
"7703,2888",2022-06-08,3.137102303729604E-5
"7708,2888",2022-06-08,3.4100057774242485E-5
"7713,2888",2022-06-08,3.704259192895909E-5
"7718,2888",2022-06-08,4.096646322040865E-5
"7723,2888",2022-06-08,4.1204337862678095E-5
"7713,2843",2022-06-09,7.783800054972725E-5
"7718,2843",2022-06-09,8.133702783497488E-5
"7723,2843",2022-06-09,7.363977092796896E-5
"7708,2848",2022-06-09,7.003646030464801E-5
"7713,2848",2022-06-09,7.418787478966185E-5
"7718,2848",2022-06-09,8.513439960721161E-5
"7723,2848",2022-06-09,9.054187429993804E-5
"7728,2848",2022-06-09,8.71611653704317E-5
"7733,2848",2022-06-09,9.17111265667894E-5
"7688,2853",2022-06-09,3.806501224871428E-5
"7693,2853",2022-06-09,4.131512305635782E-5
"7698,2853",2022-06-09,5.2843278434440274E-5
"7703,2853",2022-06-09,5.613685007071409E-5
"7708,2853",2022-06-09,5.937818672396782E-5
"7713,2853",2022-06-09,6.828764441941985E-5
"7718,2853",2022-06-09,6.913200742879022E-5
"7723,2853",2022-06-09,7.303289939789999E-5
"7728,2853",2022-06-09,8.504700096512381E-5
"7733,2853",2022-06-09,8.520971402777284E-5
"7683,2858",2022-06-09,4.1087982884205606E-5
"7688,2858",2022-06-09,3.964818100546687E-5
"7693,2858",2022-06-09,4.745039305869265E-5
"7698,2858",2022-06-09,5.297287860495716E-5
"7703,2858",2022-06-09,5.233473680263249E-5
"7708,2858",2022-06-09,5.269069820076082E-5
"7718,2858",2022-06-09,6.90884403291487E-5
"7723,2858",2022-06-09,6.908844187913624E-5
"7728,2858",2022-06-09,8.491312439437507E-5
"7733,2858",2022-06-09,8.500728344453157E-5
"7688,2863",2022-06-09,4.027907609869913E-5
"7693,2863",2022-06-09,4.821921446810285E-5
"7698,2863",2022-06-09,5.026636645628432E-5
"7703,2863",2022-06-09,5.235971913730556E-5
"7708,2863",2022-06-09,5.327147094625945E-5
"7733,2863",2022-06-09,7.573069550082019E-5
"7693,2868",2022-06-09,4.452268293251987E-5
"7698,2868",2022-06-09,4.616750327295066E-5
"7703,2868",2022-06-09,5.163173356893067E-5
"7708,2868",2022-06-09,6.273730742639195E-5
"7713,2868",2022-06-09,6.279275787201037E-5
"7718,2868",2022-06-09,6.279275596507964E-5
"7733,2868",2022-06-09,6.537251658567411E-5
"7693,2873",2022-06-09,4.503011464807923E-5
"7698,2873",2022-06-09,4.447074630461038E-5
"7703,2873",2022-06-09,4.975575727364138E-5
"7708,2873",2022-06-09,5.6121491578508267E-5
"7713,2873",2022-06-09,6.089921197761729E-5
"7718,2873",2022-06-09,5.7028495621537216E-5
"7723,2873",2022-06-09,5.493630653437917E-5
"7728,2873",2022-06-09,5.1905284830483755E-5
"7733,2873",2022-06-09,5.4116222153662445E-5
"7693,2878",2022-06-09,4.464925618321531E-5
"7698,2878",2022-06-09,4.624109739658007E-5
"7703,2878",2022-06-09,5.786154614856383E-5
"7708,2878",2022-06-09,5.548503095379226E-5
"7713,2878",2022-06-09,5.310412000955237E-5
"7718,2878",2022-06-09,5.4604878514575615E-5
"7723,2878",2022-06-09,5.481422576341433E-5
"7728,2878",2022-06-09,5.211792631592002E-5
"7693,2883",2022-06-09,4.178925985183212E-5
"7698,2883",2022-06-09,4.6716194732062104E-5
"7703,2883",2022-06-09,5.252178211940736E-5
"7708,2883",2022-06-09,5.617589940218678E-5
"7713,2883",2022-06-09,5.5609759172620455E-5
"7718,2883",2022-06-09,5.370316319921461E-5
"7723,2883",2022-06-09,5.426360973641343E-5
"7703,2888",2022-06-09,4.593691456003367E-5
"7708,2888",2022-06-09,4.918263658182357E-5
"7713,2888",2022-06-09,4.9659757725856215E-5
"7718,2888",2022-06-09,5.1242207531962164E-5
"7723,2888",2022-06-09,5.142789751137385E-5
"7713,2843",2022-06-09,6.93859928870895E-5
"7718,2843",2022-06-09,7.056062232296515E-5
"7723,2843",2022-06-09,7.191844718815703E-5
"7708,2848",2022-06-09,5.622080922785836E-5
"7713,2848",2022-06-09,6.0267085808897644E-5
"7718,2848",2022-06-09,6.704929505017092E-5
"7723,2848",2022-06-09,7.801543513792814E-5
"7728,2848",2022-06-09,8.351061609880903E-5
"7733,2848",2022-06-09,9.253765873485095E-5
"7688,2853",2022-06-09,3.860528174759518E-5
"7693,2853",2022-06-09,3.953378940744548E-5
"7698,2853",2022-06-09,4.316753160989588E-5
"7703,2853",2022-06-09,4.632658367968947E-5
"7708,2853",2022-06-09,5.735306372007272E-5
"7713,2853",2022-06-09,5.964491819034763E-5
"7718,2853",2022-06-09,6.172179290227915E-5
"7723,2853",2022-06-09,8.357123028984494E-5
"7728,2853",2022-06-09,8.900781526072768E-5
"7733,2853",2022-06-09,8.893383677441538E-5
"7683,2858",2022-06-09,3.784792706685201E-5
"7688,2858",2022-06-09,3.6885116363376166E-5
"7693,2858",2022-06-09,3.9182448416689575E-5
"7698,2858",2022-06-09,4.703189503290252E-5
"7703,2858",2022-06-09,5.1718443891553765E-5
"7708,2858",2022-06-09,6.0158441088707554E-5
"7713,2858",2022-06-09,6.348298080806697E-5
"7718,2858",2022-06-09,6.585932555920153E-5
"7723,2858",2022-06-09,9.118734046731221E-5
"7728,2858",2022-06-09,9.452294663783461E-5
"7733,2858",2022-06-09,1.0034632882700975E-4
"7688,2863",2022-06-09,4.1746838938862597E-5
"7693,2863",2022-06-09,4.354738870824966E-5
"7698,2863",2022-06-09,4.64017454141702E-5
"7703,2863",2022-06-09,5.038101795462722E-5
"7708,2863",2022-06-09,5.406341300215702E-5
"7713,2863",2022-06-09,5.727338561988646E-5
"7718,2863",2022-06-09,6.155299686539588E-5
"7723,2863",2022-06-09,9.168150280391475E-5
"7728,2863",2022-06-09,9.270743021406616E-5
"7733,2863",2022-06-09,9.339741052920354E-5
"7693,2868",2022-06-09,4.391647573206635E-5
"7698,2868",2022-06-09,4.9262917119834513E-5
"7703,2868",2022-06-09,5.6799477345942073E-5
"7708,2868",2022-06-09,6.126575137485597E-5
"7713,2868",2022-06-09,6.526480343576139E-5
"7718,2868",2022-06-09,7.077140745006572E-5
"7723,2868",2022-06-09,8.799157719514322E-5
"7728,2868",2022-06-09,9.060548844702082E-5
"7733,2868",2022-06-09,9.347299963421799E-5
"7693,2873",2022-06-09,5.141758450959993E-5
"7698,2873",2022-06-09,5.4413565028672913E-5
"7703,2873",2022-06-09,5.7255282718792E-5
"7708,2873",2022-06-09,5.819823058313143E-5
"7713,2873",2022-06-09,6.275856698607129E-5
"7718,2873",2022-06-09,6.790422676863793E-5
"7723,2873",2022-06-09,7.687911481976415E-5
"7728,2873",2022-06-09,8.042174927578471E-5
"7733,2873",2022-06-09,8.204999978951555E-5
"7693,2878",2022-06-09,4.1947922427668635E-5
"7698,2878",2022-06-09,4.0311294488538285E-5
"7703,2878",2022-06-09,5.296286936835938E-5
"7708,2878",2022-06-09,5.624755162940921E-5
"7713,2878",2022-06-09,6.25042089166514E-5
"7718,2878",2022-06-09,6.304360361422101E-5
"7723,2878",2022-06-09,6.357842017666577E-5
"7728,2878",2022-06-09,7.137060301412686E-5
"7693,2883",2022-06-09,4.075422068607716E-5
"7698,2883",2022-06-09,4.144364895849049E-5
"7703,2883",2022-06-09,4.7585872415909635E-5
"7708,2883",2022-06-09,5.25124106953828E-5
"7713,2883",2022-06-09,6.0362917688379134E-5
"7718,2883",2022-06-09,6.021201990156907E-5
"7723,2883",2022-06-09,6.006402851645831E-5
"7703,2888",2022-06-09,4.939828906622742E-5
"7708,2888",2022-06-09,5.188000191156239E-5
"7713,2888",2022-06-09,5.4293755161205795E-5
"7718,2888",2022-06-09,5.487337419684143E-5
"7723,2888",2022-06-09,5.459040183921878E-5
"7713,2843",2022-06-10,6.159102542942818E-5
"7718,2843",2022-06-10,5.809528965377845E-5
"7723,2843",2022-06-10,5.500116668436744E-5
"7708,2848",2022-06-10,5.905342816217768E-5
"7713,2848",2022-06-10,5.9594603890525374E-5
"7718,2848",2022-06-10,5.937818586734555E-5
"7723,2848",2022-06-10,5.824461390070769E-5
"7728,2848",2022-06-10,6.777419843415372E-5
"7733,2848",2022-06-10,7.68996109300174E-5
"7688,2853",2022-06-10,3.794429130913177E-5
"7693,2853",2022-06-10,3.6933945052413855E-5
"7698,2853",2022-06-10,3.68910353785064E-5
"7703,2853",2022-06-10,4.319778032519029E-5
"7708,2853",2022-06-10,4.6269870348549335E-5
"7713,2853",2022-06-10,5.80143678321424E-5
"7718,2853",2022-06-10,6.25378447214269E-5
"7723,2853",2022-06-10,6.764039990678139E-5
"7728,2853",2022-06-10,8.360326282626667E-5
"7733,2853",2022-06-10,9.130492953770856E-5
"7683,2858",2022-06-10,3.1449665471587344E-5
"7688,2858",2022-06-10,3.012601745096124E-5
"7693,2858",2022-06-10,3.21306068087344E-5
"7698,2858",2022-06-10,3.2403885527369336E-5
"7703,2858",2022-06-10,3.860920038347117E-5
"7708,2858",2022-06-10,4.6013389774222495E-5
"7713,2858",2022-06-10,5.937100764569252E-5
"7718,2858",2022-06-10,6.881772429348657E-5
"7723,2858",2022-06-10,7.536277754520298E-5
"7728,2858",2022-06-10,9.438667508379514E-5
"7733,2858",2022-06-10,9.868229245880521E-5
"7688,2863",2022-06-10,3.3487248878224866E-5
"7693,2863",2022-06-10,2.8475563976772907E-5
"7698,2863",2022-06-10,3.251227463939516E-5
"7703,2863",2022-06-10,4.3288098181634314E-5
"7708,2863",2022-06-10,4.979674419644716E-5
"7713,2863",2022-06-10,5.7331515674699296E-5
"7718,2863",2022-06-10,7.122025859417195E-5
"7723,2863",2022-06-10,7.649408511491443E-5
"7728,2863",2022-06-10,9.978913844337705E-5
"7733,2863",2022-06-10,1.0140959755779867E-4
"7693,2868",2022-06-10,3.761591990676359E-5
"7698,2868",2022-06-10,3.966257850735212E-5
"7703,2868",2022-06-10,4.5348913373616534E-5
"7708,2868",2022-06-10,5.0583469887111514E-5
"7713,2868",2022-06-10,5.3317553008307907E-5
"7718,2868",2022-06-10,7.121643305209186E-5
"7723,2868",2022-06-10,7.572962482995461E-5
"7728,2868",2022-06-10,8.907819919262925E-5
"7733,2868",2022-06-10,8.667404349491202E-5
"7693,2873",2022-06-10,4.203382484142766E-5
"7698,2873",2022-06-10,4.098245671646265E-5
"7703,2873",2022-06-10,4.020703272247017E-5
"7708,2873",2022-06-10,4.479861194159403E-5
"7713,2873",2022-06-10,4.8047941351571084E-5
"7718,2873",2022-06-10,5.948255999898163E-5
"7723,2873",2022-06-10,5.8480189914030176E-5
"7728,2873",2022-06-10,5.678414056771703E-5
"7733,2873",2022-06-10,5.834070668330222E-5
"7693,2878",2022-06-10,3.3954418897917764E-5
"7698,2878",2022-06-10,3.734736950014746E-5
"7703,2878",2022-06-10,3.7818167825304526E-5
"7708,2878",2022-06-10,3.9790299274560344E-5
"7713,2878",2022-06-10,4.253687923943943E-5
"7718,2878",2022-06-10,4.784916010273431E-5
"7723,2878",2022-06-10,4.785165536045298E-5
"7728,2878",2022-06-10,4.7645564122577084E-5
"7693,2883",2022-06-10,3.27179840937909E-5
"7698,2883",2022-06-10,3.377340363230513E-5
"7703,2883",2022-06-10,3.639467013100023E-5
"7708,2883",2022-06-10,4.215899906710044E-5
"7713,2883",2022-06-10,4.0888521582194893E-5
"7718,2883",2022-06-10,4.068906890522306E-5
"7723,2883",2022-06-10,4.011511751136164E-5
"7703,2888",2022-06-10,3.2465397398484205E-5
"7708,2888",2022-06-10,3.641747572712816E-5
"7713,2888",2022-06-10,3.793692882922451E-5
"7718,2888",2022-06-10,3.7872410508375325E-5
"7723,2888",2022-06-10,3.718406584549691E-5
"7713,2843",2022-06-11,6.782535993825147E-5
"7718,2843",2022-06-11,5.966590318400113E-5
"7723,2843",2022-06-11,5.63123398788559E-5
"7708,2848",2022-06-11,6.166703672444929E-5
"7713,2848",2022-06-11,5.538770974181825E-5
"7718,2848",2022-06-11,5.770605642733603E-5
"7723,2848",2022-06-11,6.486061976393344E-5
"7728,2848",2022-06-11,6.196850839287156E-5
"7733,2848",2022-06-11,9.016563191061071E-5
"7688,2853",2022-06-11,4.148376094735691E-5
"7693,2853",2022-06-11,3.633319409897766E-5
"7698,2853",2022-06-11,3.950689790864269E-5
"7703,2853",2022-06-11,4.069795360475188E-5
"7708,2853",2022-06-11,4.96298962756435E-5
"7713,2853",2022-06-11,5.376995804882373E-5
"7718,2853",2022-06-11,6.478882317704076E-5
"7723,2853",2022-06-11,8.347234678540537E-5
"7728,2853",2022-06-11,8.466261081290734E-5
"7733,2853",2022-06-11,1.0206219899360423E-4
"7683,2858",2022-06-11,3.276071482522164E-5
"7688,2858",2022-06-11,2.8796807335553397E-5
"7693,2858",2022-06-11,3.5900236828492694E-5
"7698,2858",2022-06-11,3.878363152767085E-5
"7703,2858",2022-06-11,4.849212969937006E-5
"7708,2858",2022-06-11,6.029334109382477E-5
"7713,2858",2022-06-11,5.3308257327455045E-5
"7718,2858",2022-06-11,7.009213536609963E-5
"7723,2858",2022-06-11,8.236847198756564E-5
"7728,2858",2022-06-11,8.709372427792099E-5
"7733,2858",2022-06-11,9.901899000830086E-5
"7688,2863",2022-06-11,3.0554728694576196E-5
"7693,2863",2022-06-11,3.452216106782556E-5
"7698,2863",2022-06-11,3.56905332969572E-5
"7703,2863",2022-06-11,4.52809371261624E-5
"7708,2863",2022-06-11,5.212167701771348E-5
"7713,2863",2022-06-11,5.6681507018838286E-5
"7718,2863",2022-06-11,7.10296798161628E-5
"7723,2863",2022-06-11,8.160687311786039E-5
"7728,2863",2022-06-11,9.386396022675976E-5
"7733,2863",2022-06-11,1.1531400265989656E-4
"7693,2868",2022-06-11,3.640227923112092E-5
"7698,2868",2022-06-11,3.845504884386071E-5
"7703,2868",2022-06-11,3.965871363617737E-5
"7708,2868",2022-06-11,5.062424168890718E-5
"7713,2868",2022-06-11,5.692557579427947E-5
"7718,2868",2022-06-11,6.709726735477422E-5
"7723,2868",2022-06-11,8.029910688085635E-5
"7728,2868",2022-06-11,1.0477557845591191E-4
"7733,2868",2022-06-11,1.1246655212747527E-4
"7693,2873",2022-06-11,3.729261612140914E-5
"7698,2873",2022-06-11,3.611406072567294E-5
"7703,2873",2022-06-11,4.015875911106699E-5
"7708,2873",2022-06-11,5.210324342990166E-5
"7713,2873",2022-06-11,4.635116724083875E-5
"7718,2873",2022-06-11,6.027275983509129E-5
"7723,2873",2022-06-11,6.579037360018882E-5
"7728,2873",2022-06-11,7.932793248021595E-5
"7733,2873",2022-06-11,7.486481171386888E-5
"7693,2878",2022-06-11,3.6740227583425E-5
"7698,2878",2022-06-11,3.475048657108445E-5
"7703,2878",2022-06-11,3.704789346098101E-5
"7708,2878",2022-06-11,3.775913917958793E-5
"7713,2878",2022-06-11,4.6472479508765876E-5
"7718,2878",2022-06-11,4.8555463038745894E-5
"7723,2878",2022-06-11,5.0185255332452E-5
"7728,2878",2022-06-11,5.644261492222152E-5
"7693,2883",2022-06-11,3.4466057760349257E-5
"7698,2883",2022-06-11,3.4703573090510414E-5
"7703,2883",2022-06-11,3.3326726966215076E-5
"7708,2883",2022-06-11,3.8043239637241184E-5
"7713,2883",2022-06-11,4.4770223577762525E-5
"7718,2883",2022-06-11,4.619322994472324E-5
"7723,2883",2022-06-11,4.266854164944795E-5
"7703,2888",2022-06-11,3.7805673088684094E-5
"7708,2888",2022-06-11,3.976594867256037E-5
"7713,2888",2022-06-11,4.684638569967948E-5
"7718,2888",2022-06-11,4.882760102808119E-5
"7723,2888",2022-06-11,4.783146775167869E-5
"7713,2843",2022-06-12,7.308703750141564E-5
"7718,2843",2022-06-12,7.37118472276408E-5
"7723,2843",2022-06-12,7.604411469458398E-5
"7708,2848",2022-06-12,6.655915185281535E-5
"7713,2848",2022-06-12,8.775027179842837E-5
"7718,2848",2022-06-12,8.864782880356473E-5
"7723,2848",2022-06-12,8.91361530511861E-5
"7728,2848",2022-06-12,9.729997021492926E-5
"7733,2848",2022-06-12,1.2187743291218394E-4
"7688,2853",2022-06-12,4.542300885676445E-5
"7693,2853",2022-06-12,4.036436951462802E-5
"7698,2853",2022-06-12,4.465929804095778E-5
"7703,2853",2022-06-12,6.001973939479138E-5
"7708,2853",2022-06-12,7.494821644603747E-5
"7713,2853",2022-06-12,8.534119167516923E-5
"7718,2853",2022-06-12,8.393318223215668E-5
"7723,2853",2022-06-12,9.508087870465399E-5
"7728,2853",2022-06-12,1.082253776695662E-4
"7733,2853",2022-06-12,1.2904051342063424E-4
"7683,2858",2022-06-12,4.3242382212210785E-5
"7688,2858",2022-06-12,4.4693120829154096E-5
"7693,2858",2022-06-12,4.629066072683013E-5
"7698,2858",2022-06-12,5.076096387634867E-5
"7703,2858",2022-06-12,6.281065216181362E-5
"7708,2858",2022-06-12,7.400663308417338E-5
"7713,2858",2022-06-12,7.454044074248685E-5
"7718,2858",2022-06-12,8.42861205807279E-5
"7723,2858",2022-06-12,1.0827072756628525E-4
"7728,2858",2022-06-12,1.1173615584496642E-4
"7733,2858",2022-06-12,1.1520212170325022E-4
"7688,2863",2022-06-12,4.113853487012402E-5
"7693,2863",2022-06-12,4.422470252193991E-5
"7698,2863",2022-06-12,5.147983667874902E-5
"7703,2863",2022-06-12,5.5617823555036287E-5
"7708,2863",2022-06-12,6.034185755390634E-5
"7713,2863",2022-06-12,7.750663786180152E-5
"7718,2863",2022-06-12,9.519037691918952E-5
"7723,2863",2022-06-12,9.66586609519958E-5
"7728,2863",2022-06-12,1.0243711881367055E-4
"7733,2863",2022-06-12,1.1288754294054421E-4
"7693,2868",2022-06-12,5.0609071477300406E-5
"7698,2868",2022-06-12,4.701157062571207E-5
"7703,2868",2022-06-12,4.792833482675312E-5
"7708,2868",2022-06-12,5.852209887445496E-5
"7713,2868",2022-06-12,7.142321717510663E-5
"7718,2868",2022-06-12,7.438075804430174E-5
"7723,2868",2022-06-12,8.27746004606658E-5
"7728,2868",2022-06-12,8.97692953129021E-5
"7733,2868",2022-06-12,9.464904628015623E-5
"7693,2873",2022-06-12,4.564525757689682E-5
"7698,2873",2022-06-12,4.312643922198842E-5
"7703,2873",2022-06-12,4.2797293750072895E-5
"7708,2873",2022-06-12,5.00140435100027E-5
"7713,2873",2022-06-12,6.093773293299691E-5
"7718,2873",2022-06-12,7.015712723844058E-5
"7723,2873",2022-06-12,7.519050932405028E-5
"7728,2873",2022-06-12,7.732238564541423E-5
"7733,2873",2022-06-12,7.402920810940774E-5
"7693,2878",2022-06-12,3.752423559402419E-5
"7698,2878",2022-06-12,3.754071975594566E-5
"7703,2878",2022-06-12,4.179871836964251E-5
"7708,2878",2022-06-12,5.322270868719112E-5
"7713,2878",2022-06-12,5.453389975308057E-5
"7718,2878",2022-06-12,5.9697781961374546E-5
"7723,2878",2022-06-12,6.0010961675393794E-5
"7728,2878",2022-06-12,5.832897060108245E-5
"7693,2883",2022-06-12,3.802991712200415E-5
"7698,2883",2022-06-12,3.9495998871808875E-5
"7703,2883",2022-06-12,4.778748751306763E-5
"7708,2883",2022-06-12,5.147003332037304E-5
"7713,2883",2022-06-12,5.215467901119127E-5
"7718,2883",2022-06-12,5.7766921973019044E-5
"7723,2883",2022-06-12,4.97029194790133E-5
"7703,2888",2022-06-12,4.4923043892401734E-5
"7708,2888",2022-06-12,4.633723261075162E-5
"7713,2888",2022-06-12,5.531270060767177E-5
"7718,2888",2022-06-12,4.940878567739275E-5
"7723,2888",2022-06-12,5.532771472456166E-5
"7708,2848",2022-06-13,5.1864160684418425E-5
"7713,2848",2022-06-13,5.186416122233042E-5
"7688,2853",2022-06-13,4.159538602699673E-5
"7693,2853",2022-06-13,4.7769355538253206E-5
"7698,2853",2022-06-13,4.982532580168147E-5
"7708,2853",2022-06-13,5.186416097721201E-5
"7713,2853",2022-06-13,5.217404438053106E-5
"7718,2853",2022-06-13,5.255817830018687E-5
"7683,2858",2022-06-13,2.8632885996810938E-5
"7688,2858",2022-06-13,3.8847031183031054E-5
"7693,2858",2022-06-13,4.1604088569291824E-5
"7698,2858",2022-06-13,4.908534687527072E-5
"7708,2858",2022-06-13,4.7916734880553105E-5
"7713,2858",2022-06-13,4.507906429756691E-5
"7718,2858",2022-06-13,4.764990094705916E-5
"7723,2858",2022-06-13,7.722830235900804E-5
"7728,2858",2022-06-13,7.72283016001065E-5
"7688,2863",2022-06-13,3.964587713667572E-5
"7693,2863",2022-06-13,4.814508078377412E-5
"7698,2863",2022-06-13,4.908534560517586E-5
"7708,2863",2022-06-13,4.3969309463836425E-5
"7713,2863",2022-06-13,4.3969310324413416E-5
"7718,2863",2022-06-13,4.396930994930388E-5
"7723,2863",2022-06-13,7.722830252709524E-5
"7728,2863",2022-06-13,7.722830178229203E-5
"7733,2863",2022-06-13,8.121422419939885E-5
"7693,2868",2022-06-13,4.4384169355274623E-5
"7698,2868",2022-06-13,4.704967579627917E-5
"7703,2868",2022-06-13,4.965495598265497E-5
"7708,2868",2022-06-13,5.1795208891731184E-5
"7713,2868",2022-06-13,6.880106255959698E-5
"7718,2868",2022-06-13,6.880106218251818E-5
"7723,2868",2022-06-13,7.722830088588168E-5
"7728,2868",2022-06-13,7.904545494555161E-5
"7733,2868",2022-06-13,8.446591169073819E-5
"7693,2873",2022-06-13,3.674249877325023E-5
"7698,2873",2022-06-13,3.688091088243573E-5
"7703,2873",2022-06-13,4.727366761767335E-5
"7708,2873",2022-06-13,5.3002653986321394E-5
"7713,2873",2022-06-13,5.932900002315993E-5
"7718,2873",2022-06-13,6.405322569930733E-5
"7723,2873",2022-06-13,7.264345485936675E-5
"7728,2873",2022-06-13,7.65687502079776E-5
"7733,2873",2022-06-13,8.147390712719806E-5
"7693,2878",2022-06-13,3.8446102041336505E-5
"7698,2878",2022-06-13,3.5787489522119666E-5
"7703,2878",2022-06-13,3.9375642261210234E-5
"7708,2878",2022-06-13,4.351116402630566E-5
"7713,2878",2022-06-13,4.916009757689733E-5
"7718,2878",2022-06-13,5.4901768366055774E-5
"7723,2878",2022-06-13,5.6310170683274875E-5
"7728,2878",2022-06-13,5.9929151696883E-5
"7693,2883",2022-06-13,3.8214162617786015E-5
"7698,2883",2022-06-13,3.868938306922003E-5
"7703,2883",2022-06-13,4.1233332759831486E-5
"7708,2883",2022-06-13,4.533779823530862E-5
"7713,2883",2022-06-13,4.8265995522964316E-5
"7718,2883",2022-06-13,4.942398446404774E-5
"7723,2883",2022-06-13,6.275635562739828E-5
"7703,2888",2022-06-13,4.98277142725962E-5
"7708,2888",2022-06-13,5.035384912233165E-5
"7713,2888",2022-06-13,5.218975145223405E-5
"7718,2888",2022-06-13,5.685442001804105E-5
"7723,2888",2022-06-13,5.0944509865993235E-5
"7713,2843",2022-06-14,4.016154300485244E-5
"7718,2843",2022-06-14,4.018557399874989E-5
"7723,2843",2022-06-14,6.398047087001195E-5
"7708,2848",2022-06-14,6.627620386522475E-5
"7713,2848",2022-06-14,6.705029959192426E-5
"7718,2848",2022-06-14,7.001850106874766E-5
"7723,2848",2022-06-14,9.022102349129077E-5
"7728,2848",2022-06-14,8.875873043838352E-5
"7733,2848",2022-06-14,1.0365099696027631E-4
"7688,2853",2022-06-14,3.8860922324030746E-5
"7693,2853",2022-06-14,4.18516019219787E-5
"7698,2853",2022-06-14,4.843101417644308E-5
"7703,2853",2022-06-14,5.577287855873444E-5
"7708,2853",2022-06-14,6.0826171829445126E-5
"7713,2853",2022-06-14,6.43385778921868E-5
"7718,2853",2022-06-14,6.634007219629399E-5
"7723,2853",2022-06-14,7.470012810364335E-5
"7728,2853",2022-06-14,8.710263922561305E-5
"7733,2853",2022-06-14,8.753131392721991E-5
"7683,2858",2022-06-14,4.009464099407846E-5
"7688,2858",2022-06-14,3.921905562447076E-5
"7693,2858",2022-06-14,4.521126760624543E-5
"7698,2858",2022-06-14,4.5975791811716034E-5
"7703,2858",2022-06-14,4.2890226403329675E-5
"7708,2858",2022-06-14,5.499269339185442E-5
"7713,2858",2022-06-14,5.844347576419666E-5
"7718,2858",2022-06-14,6.238654111485024E-5
"7723,2858",2022-06-14,6.364894540725167E-5
"7728,2858",2022-06-14,7.104454812084414E-5
"7733,2858",2022-06-14,8.20929866795402E-5
"7688,2863",2022-06-14,4.09876373160269E-5
"7693,2863",2022-06-14,4.846633460785143E-5
"7698,2863",2022-06-14,5.2105955151482575E-5
"7703,2863",2022-06-14,5.272514313547888E-5
"7708,2863",2022-06-14,5.402055173927916E-5
"7713,2863",2022-06-14,5.4541873640302664E-5
"7718,2863",2022-06-14,6.10574263130017E-5
"7723,2863",2022-06-14,6.330593957372444E-5
"7728,2863",2022-06-14,7.250622945406782E-5
"7733,2863",2022-06-14,7.744320415498408E-5
"7693,2868",2022-06-14,5.7096345076601134E-5
"7698,2868",2022-06-14,5.711901236268119E-5
"7703,2868",2022-06-14,5.4159157255047276E-5
"7708,2868",2022-06-14,5.417670035761286E-5
"7713,2868",2022-06-14,6.35189494948868E-5
"7718,2868",2022-06-14,7.543338138626238E-5
"7723,2868",2022-06-14,7.241888297338394E-5
"7728,2868",2022-06-14,6.886379473407967E-5
"7733,2868",2022-06-14,7.136895455149987E-5
"7693,2873",2022-06-14,4.9874955545338415E-5
"7698,2873",2022-06-14,5.525885401851109E-5
"7703,2873",2022-06-14,5.719865755776821E-5
"7708,2873",2022-06-14,5.1531315239947676E-5
"7713,2873",2022-06-14,5.2527569563366936E-5
"7718,2873",2022-06-14,6.04229608430169E-5
"7723,2873",2022-06-14,6.783848767606606E-5
"7728,2873",2022-06-14,6.784785079079548E-5
"7733,2873",2022-06-14,6.812750940205708E-5
"7693,2878",2022-06-14,4.228273258891637E-5
"7698,2878",2022-06-14,4.26075284734243E-5
"7708,2878",2022-06-14,5.1531313376445235E-5
"7713,2878",2022-06-14,5.153131463894766E-5
"7718,2878",2022-06-14,5.1019327108356346E-5
"7723,2878",2022-06-14,5.6544771054103716E-5
"7728,2878",2022-06-14,6.094668883428274E-5
"7693,2883",2022-06-14,4.228273072251887E-5
"7698,2883",2022-06-14,4.228273224106991E-5
"7718,2883",2022-06-14,4.8731208723095704E-5
"7723,2883",2022-06-14,4.539713278147379E-5
"7718,2888",2022-06-14,5.581805543583442E-5
"7723,2888",2022-06-14,5.484603542340343E-5
"7713,2843",2022-06-15,7.651953000770038E-5
"7718,2843",2022-06-15,6.910085722553291E-5
"7723,2843",2022-06-15,6.937976471866116E-5
"7708,2848",2022-06-15,7.027624443131559E-5
"7713,2848",2022-06-15,6.706430966854896E-5
"7718,2848",2022-06-15,5.939270637000438E-5
"7723,2848",2022-06-15,6.367571204869941E-5
"7728,2848",2022-06-15,8.264420217930141E-5
"7733,2848",2022-06-15,8.260089640719264E-5
"7688,2853",2022-06-15,4.1102801882507946E-5
"7693,2853",2022-06-15,4.178356829026461E-5
"7698,2853",2022-06-15,4.196904103055223E-5
"7703,2853",2022-06-15,4.810136226409667E-5
"7708,2853",2022-06-15,5.093244113654208E-5
"7713,2853",2022-06-15,5.695560332514607E-5
"7718,2853",2022-06-15,6.15581479746509E-5
"7723,2853",2022-06-15,6.952918336765203E-5
"7728,2853",2022-06-15,8.59382551873626E-5
"7733,2853",2022-06-15,8.663699168162312E-5
"7683,2858",2022-06-15,3.77807226465782E-5
"7688,2858",2022-06-15,3.831167679184177E-5
"7693,2858",2022-06-15,3.985865562897855E-5
"7698,2858",2022-06-15,3.973049463232683E-5
"7703,2858",2022-06-15,4.653658346823198E-5
"7708,2858",2022-06-15,4.8170674521248014E-5
"7713,2858",2022-06-15,6.444161845997694E-5
"7718,2858",2022-06-15,7.151975343957353E-5
"7723,2858",2022-06-15,7.723784438464792E-5
"7728,2858",2022-06-15,8.218560742985656E-5
"7733,2858",2022-06-15,8.558440321927299E-5
"7688,2863",2022-06-15,3.7434940639907356E-5
"7693,2863",2022-06-15,4.233075121935171E-5
"7698,2863",2022-06-15,4.2733346363096386E-5
"7703,2863",2022-06-15,4.569349618934562E-5
"7708,2863",2022-06-15,4.57918775350456E-5
"7713,2863",2022-06-15,6.147800924287622E-5
"7718,2863",2022-06-15,6.42341522204757E-5
"7723,2863",2022-06-15,7.823411892894335E-5
"7728,2863",2022-06-15,8.398960880906425E-5
"7733,2863",2022-06-15,8.472493581411523E-5
"7693,2868",2022-06-15,3.933432693771454E-5
"7698,2868",2022-06-15,4.154399742771007E-5
"7703,2868",2022-06-15,5.0179747724957134E-5
"7708,2868",2022-06-15,5.057596489873219E-5
"7713,2868",2022-06-15,5.792847753222798E-5
"7718,2868",2022-06-15,5.819812031922411E-5
"7723,2868",2022-06-15,7.647989737767468E-5
"7728,2868",2022-06-15,7.998830997924635E-5
"7733,2868",2022-06-15,8.029001962102261E-5
"7693,2873",2022-06-15,4.038528850671036E-5
"7698,2873",2022-06-15,4.445620847112618E-5
"7703,2873",2022-06-15,5.1970656944777215E-5
"7708,2873",2022-06-15,5.338121668787386E-5
"7713,2873",2022-06-15,5.7583038784645926E-5
"7718,2873",2022-06-15,5.771398164035515E-5
"7723,2873",2022-06-15,6.0131733187592254E-5
"7728,2873",2022-06-15,6.061409436679781E-5
"7733,2873",2022-06-15,6.043242246218155E-5
"7693,2878",2022-06-15,3.800545976581261E-5
"7698,2878",2022-06-15,4.119298081936795E-5
"7703,2878",2022-06-15,4.3648012210636344E-5
"7708,2878",2022-06-15,4.5984330412072796E-5
"7713,2878",2022-06-15,4.977019014587159E-5
"7718,2878",2022-06-15,4.936729809557799E-5
"7723,2878",2022-06-15,4.669391115428192E-5
"7728,2878",2022-06-15,4.6984101722964276E-5
"7693,2883",2022-06-15,3.645262834314045E-5
"7698,2883",2022-06-15,4.260726621956055E-5
"7703,2883",2022-06-15,4.3258139275992105E-5
"7708,2883",2022-06-15,4.497456692266464E-5
"7713,2883",2022-06-15,4.640000279954396E-5
"7718,2883",2022-06-15,4.674358153031384E-5
"7723,2883",2022-06-15,4.751437567221686E-5
"7703,2888",2022-06-15,4.237838301894499E-5
"7708,2888",2022-06-15,4.245149713705708E-5
"7713,2888",2022-06-15,4.265571159735681E-5
"7718,2888",2022-06-15,4.430310802553663E-5
"7723,2888",2022-06-15,4.5241448803647996E-5
"7713,2843",2022-06-16,1.0847574576324701E-4
"7718,2843",2022-06-16,9.490695119242524E-5
"7723,2843",2022-06-16,9.095620582117159E-5
"7708,2848",2022-06-16,1.2189616502972827E-4
"7713,2848",2022-06-16,1.0246005696408798E-4
"7718,2848",2022-06-16,9.251419064878631E-5
"7723,2848",2022-06-16,9.331865354806133E-5
"7728,2848",2022-06-16,9.643815485442884E-5
"7733,2848",2022-06-16,8.93023997433886E-5
"7688,2853",2022-06-16,6.342347824926378E-5
"7693,2853",2022-06-16,7.215246609536377E-5
"7698,2853",2022-06-16,7.65180797970489E-5
"7703,2853",2022-06-16,9.398743937740481E-5
"7708,2853",2022-06-16,9.903717203981429E-5
"7713,2853",2022-06-16,9.360090348926054E-5
"7718,2853",2022-06-16,9.192605724399195E-5
"7723,2853",2022-06-16,9.386993640744905E-5
"7728,2853",2022-06-16,8.777074718980893E-5
"7733,2853",2022-06-16,9.037876613856372E-5
"7683,2858",2022-06-16,6.883567062995638E-5
"7688,2858",2022-06-16,6.795963781187088E-5
"7693,2858",2022-06-16,6.995997620047603E-5
"7698,2858",2022-06-16,7.323476934373395E-5
"7703,2858",2022-06-16,8.267336883782508E-5
"7708,2858",2022-06-16,8.846437064669587E-5
"7713,2858",2022-06-16,8.41409449932779E-5
"7718,2858",2022-06-16,8.414807613321617E-5
"7723,2858",2022-06-16,9.000785105062458E-5
"7728,2858",2022-06-16,8.790439619997583E-5
"7733,2858",2022-06-16,8.367016922559429E-5
"7688,2863",2022-06-16,7.253538372221067E-5
"7693,2863",2022-06-16,6.803690281142437E-5
"7698,2863",2022-06-16,6.943177514440776E-5
"7703,2863",2022-06-16,8.008473563433422E-5
"7708,2863",2022-06-16,7.987854199404003E-5
"7713,2863",2022-06-16,7.098945185167163E-5
"7718,2863",2022-06-16,7.810905591949005E-5
"7723,2863",2022-06-16,7.338391209316354E-5
"7728,2863",2022-06-16,6.938208579375008E-5
"7733,2863",2022-06-16,7.126012927468525E-5
"7693,2868",2022-06-16,6.333165172464087E-5
"7698,2868",2022-06-16,6.277149981124762E-5
"7703,2868",2022-06-16,6.980114463419021E-5
"7708,2868",2022-06-16,7.153338995175611E-5
"7713,2868",2022-06-16,6.520483991496604E-5
"7718,2868",2022-06-16,6.8328254244634E-5
"7723,2868",2022-06-16,6.214353368669467E-5
"7728,2868",2022-06-16,6.382461524052316E-5
"7733,2868",2022-06-16,6.0749750663030424E-5
"7693,2873",2022-06-16,6.0431857707443675E-5
"7698,2873",2022-06-16,5.902875202977383E-5
"7703,2873",2022-06-16,6.322657079221999E-5
"7708,2873",2022-06-16,6.500741707060988E-5
"7713,2873",2022-06-16,6.393952468236105E-5
"7718,2873",2022-06-16,5.977129887804748E-5
"7723,2873",2022-06-16,4.911915058978486E-5
"7728,2873",2022-06-16,5.7146486424271E-5
"7733,2873",2022-06-16,5.726685461243668E-5
"7693,2878",2022-06-16,5.535273697657201E-5
"7698,2878",2022-06-16,6.0703231970116474E-5
"7703,2878",2022-06-16,6.145795994109884E-5
"7708,2878",2022-06-16,5.8121658470091246E-5
"7713,2878",2022-06-16,6.198570066749035E-5
"7718,2878",2022-06-16,5.24406589845216E-5
"7723,2878",2022-06-16,3.973836395029107E-5
"7728,2878",2022-06-16,4.137148571148967E-5
"7693,2883",2022-06-16,5.0286446570479014E-5
"7698,2883",2022-06-16,6.0287119503295776E-5
"7703,2883",2022-06-16,6.06346137470391E-5
"7708,2883",2022-06-16,6.211249271667546E-5
"7713,2883",2022-06-16,6.602770852222874E-5
"7718,2883",2022-06-16,5.376929078392318E-5
"7723,2883",2022-06-16,4.652009745453374E-5
"7703,2888",2022-06-16,6.150188384667051E-5
"7708,2888",2022-06-16,6.689412403398682E-5
"7713,2888",2022-06-16,8.146937804170473E-5
"7718,2888",2022-06-16,6.250945525222544E-5
"7723,2888",2022-06-16,5.3695270415653614E-5
"7713,2843",2022-06-17,6.57706111245949E-5
"7718,2843",2022-06-17,6.436278001540191E-5
"7723,2843",2022-06-17,6.607053595626207E-5
"7708,2848",2022-06-17,5.128118022256219E-5
"7713,2848",2022-06-17,7.792624673008067E-5
"7718,2848",2022-06-17,6.141718051405875E-5
"7723,2848",2022-06-17,7.584042745845958E-5
"7728,2848",2022-06-17,8.631192066819813E-5
"7733,2848",2022-06-17,8.273720167949704E-5
"7723,2853",2022-06-17,1.0026249862164145E-4
"7728,2853",2022-06-17,1.251316552692313E-4
"7733,2853",2022-06-17,1.1259402552776977E-4
"7683,2858",2022-06-17,3.8526087455956326E-5
"7718,2858",2022-06-17,1.3090066298597158E-4
"7723,2858",2022-06-17,1.3752925176888374E-4
"7728,2858",2022-06-17,1.3715941644781173E-4
"7733,2858",2022-06-17,9.52387940690646E-5
"7718,2863",2022-06-17,1.3090066024118536E-4
"7723,2863",2022-06-17,1.2262331875973514E-4
"7728,2863",2022-06-17,1.0206673960353458E-4
"7733,2863",2022-06-17,9.872511981429668E-5
"7723,2868",2022-06-17,9.947749383947305E-5
"7728,2868",2022-06-17,8.805304181657262E-5
"7733,2868",2022-06-17,9.184127152916682E-5
"7728,2873",2022-06-17,4.951117566745578E-5
"7733,2873",2022-06-17,5.367965077091271E-5
"7728,2878",2022-06-17,4.947517272812753E-5
"7703,2888",2022-06-17,3.602807246362653E-5
"7713,2843",2022-06-18,5.5967089283670946E-5
"7718,2843",2022-06-18,7.066160644507034E-5
"7723,2843",2022-06-18,5.185298177454666E-5
"7708,2848",2022-06-18,6.37007349819193E-5
"7713,2848",2022-06-18,9.216889900126157E-5
"7718,2848",2022-06-18,9.063551261659703E-5
"7723,2848",2022-06-18,7.345867067708525E-5
"7728,2848",2022-06-18,9.560020350970257E-5
"7733,2848",2022-06-18,7.22856027336742E-5
"7708,2853",2022-06-18,8.265901364348819E-5
"7713,2853",2022-06-18,8.897354141651369E-5
"7718,2853",2022-06-18,9.255048173096092E-5
"7723,2853",2022-06-18,7.935299121429078E-5
"7728,2853",2022-06-18,1.0416057295218597E-4
"7733,2853",2022-06-18,8.822591333193524E-5
"7708,2858",2022-06-18,7.973319607199736E-5
"7713,2858",2022-06-18,7.973319635165698E-5
"7728,2858",2022-06-18,1.0371299101477832E-4
"7733,2858",2022-06-18,1.0371299187394497E-4
"7703,2868",2022-06-18,7.911110109230215E-5
"7708,2868",2022-06-18,7.911110174959566E-5
"7713,2868",2022-06-18,7.911110192614902E-5
"7693,2873",2022-06-18,4.946590186826867E-5
"7698,2873",2022-06-18,5.190599024191693E-5
"7703,2873",2022-06-18,7.911110149813927E-5
"7708,2873",2022-06-18,7.911110224087313E-5
"7693,2878",2022-06-18,4.8104665200827945E-5
"7698,2878",2022-06-18,5.101299805912998E-5
"7703,2878",2022-06-18,4.870594603082626E-5
"7693,2883",2022-06-18,4.31472021720134E-5
"7698,2883",2022-06-18,4.787230617468128E-5
"7703,2883",2022-06-18,4.401705084949853E-5
"7708,2883",2022-06-18,3.826519720137779E-5
"7713,2883",2022-06-18,3.278155786755953E-5
"7703,2888",2022-06-18,4.459282193453426E-5
"7708,2888",2022-06-18,3.6747222882240745E-5
"7713,2888",2022-06-18,3.194898851791927E-5
"7718,2868",2022-06-19,1.1979456180983353E-4
"7723,2868",2022-06-19,1.1979456010261518E-4
"7728,2868",2022-06-19,1.1979455704431809E-4
"7713,2873",2022-06-19,1.0597330001655223E-4
"7718,2873",2022-06-19,1.1289385355364387E-4
"7723,2873",2022-06-19,1.1741989424890847E-4
"7728,2873",2022-06-19,1.1979456170431134E-4
"7713,2878",2022-06-19,1.0557533850594847E-4
"7718,2878",2022-06-19,1.0557533796550391E-4
"7723,2878",2022-06-19,9.791334220408338E-5
"7728,2878",2022-06-19,9.08826275537429E-5
"7718,2883",2022-06-19,1.0557533689711449E-4
"7723,2883",2022-06-19,9.222835134548129E-5
"7713,2883",2022-06-20,1.0561348122189383E-4
"7718,2883",2022-06-20,1.0561347840867927E-4
"7723,2883",2022-06-20,8.862971609075052E-5
"7713,2888",2022-06-20,1.0561348081074435E-4
"7718,2888",2022-06-20,1.0561347915751037E-4
"7723,2888",2022-06-20,9.243473008365802E-5
"7713,2843",2022-06-21,7.642992325513854E-5
"7718,2843",2022-06-21,6.71817187175766E-5
"7723,2843",2022-06-21,6.65298461871692E-5
"7708,2848",2022-06-21,9.277167978458833E-5
"7713,2848",2022-06-21,8.519195915795618E-5
"7718,2848",2022-06-21,8.305740781106568E-5
"7723,2848",2022-06-21,7.670495714213056E-5
"7728,2848",2022-06-21,6.801279934207139E-5
"7733,2848",2022-06-21,6.076171309750714E-5
"7688,2853",2022-06-21,6.689020714615336E-5
"7693,2853",2022-06-21,8.721433154232206E-5
"7698,2853",2022-06-21,9.747221188676995E-5
"7703,2853",2022-06-21,1.1804222502245438E-4
"7708,2853",2022-06-21,1.3700122762508446E-4
"7713,2853",2022-06-21,1.3713751626765993E-4
"7718,2853",2022-06-21,1.3521146800433894E-4
"7723,2853",2022-06-21,1.2415912384554516E-4
"7728,2853",2022-06-21,9.564025960687915E-5
"7733,2853",2022-06-21,8.147208639283215E-5
"7683,2858",2022-06-21,7.478113209068285E-5
"7688,2858",2022-06-21,9.043750771013442E-5
"7693,2858",2022-06-21,1.1750814326248403E-4
"7698,2858",2022-06-21,1.2491437141551955E-4
"7703,2858",2022-06-21,1.3921654772034735E-4
"7708,2858",2022-06-21,1.947393312826168E-4
"7713,2858",2022-06-21,1.9228978403849995E-4
"7718,2858",2022-06-21,1.893241402401834E-4
"7723,2858",2022-06-21,1.823531686411419E-4
"7728,2858",2022-06-21,1.240564181944836E-4
"7733,2858",2022-06-21,1.0536490376025652E-4
"7688,2863",2022-06-21,8.69118083963358E-5
"7693,2863",2022-06-21,1.0882524477276013E-4
"7698,2863",2022-06-21,1.2485770814333697E-4
"7703,2863",2022-06-21,1.4532278139997167E-4
"7708,2863",2022-06-21,1.8735007773463757E-4
"7713,2863",2022-06-21,1.9327790810885203E-4
"7718,2863",2022-06-21,1.8778151405714902E-4
"7723,2863",2022-06-21,1.7734562538194044E-4
"7728,2863",2022-06-21,1.3619509165032945E-4
"7733,2863",2022-06-21,1.2172878867013797E-4
"7693,2868",2022-06-21,8.010730293751353E-5
"7698,2868",2022-06-21,1.0081356757682285E-4
"7703,2868",2022-06-21,1.261770433315257E-4
"7708,2868",2022-06-21,1.5223255451613264E-4
"7713,2868",2022-06-21,1.6319916803323248E-4
"7718,2868",2022-06-21,1.552905505489724E-4
"7723,2868",2022-06-21,1.4790910686369085E-4
"7728,2868",2022-06-21,1.3389144817502603E-4
"7733,2868",2022-06-21,1.2969945503378647E-4
"7693,2873",2022-06-21,6.954381300323655E-5
"7698,2873",2022-06-21,7.508908875395144E-5
"7703,2873",2022-06-21,9.625776215208439E-5
"7708,2873",2022-06-21,1.0767145410980738E-4
"7713,2873",2022-06-21,1.0702421699891181E-4
"7718,2873",2022-06-21,9.899903364334156E-5
"7723,2873",2022-06-21,9.379752408795477E-5
"7728,2873",2022-06-21,9.09292495572768E-5
"7733,2873",2022-06-21,8.457422890703204E-5
"7693,2878",2022-06-21,6.436445803890042E-5
"7698,2878",2022-06-21,6.70550286753151E-5
"7703,2878",2022-06-21,7.710397534622159E-5
"7708,2878",2022-06-21,7.691089006989368E-5
"7713,2878",2022-06-21,7.459509085050675E-5
"7718,2878",2022-06-21,6.990581144635832E-5
"7723,2878",2022-06-21,5.859708811210854E-5
"7728,2878",2022-06-21,5.6616859280076016E-5
"7693,2883",2022-06-21,6.258739626615893E-5
"7698,2883",2022-06-21,6.549750920642702E-5
"7703,2883",2022-06-21,7.272193381719959E-5
"7708,2883",2022-06-21,7.212352317618426E-5
"7713,2883",2022-06-21,6.731665434676926E-5
"7718,2883",2022-06-21,5.838789064370704E-5
"7723,2883",2022-06-21,4.750170308716176E-5
"7703,2888",2022-06-21,6.999355383170079E-5
"7708,2888",2022-06-21,7.678506363227158E-5
"7713,2888",2022-06-21,7.144384987408119E-5
"7718,2888",2022-06-21,6.554643936834124E-5
"7723,2888",2022-06-21,5.823198800925614E-5
"7713,2843",2022-06-22,6.377834315164945E-5
"7718,2843",2022-06-22,6.543501601785054E-5
"7723,2843",2022-06-22,7.219675054736247E-5
"7708,2848",2022-06-22,9.935446450614692E-5
"7713,2848",2022-06-22,7.913167945865408E-5
"7718,2848",2022-06-22,7.283213337082397E-5
"7723,2848",2022-06-22,8.018039578446536E-5
"7728,2848",2022-06-22,9.750868748517403E-5
"7733,2848",2022-06-22,1.0514846530713484E-4
"7688,2853",2022-06-22,8.012660187669994E-5
"7693,2853",2022-06-22,7.520534211762066E-5
"7698,2853",2022-06-22,8.90997420927322E-5
"7703,2853",2022-06-22,1.0815886705467582E-4
"7708,2853",2022-06-22,1.1990469564701861E-4
"7713,2853",2022-06-22,1.0439857810354141E-4
"7718,2853",2022-06-22,1.0087082753230238E-4
"7723,2853",2022-06-22,1.0131246402109632E-4
"7728,2853",2022-06-22,1.1118751116046686E-4
"7733,2853",2022-06-22,1.0513053987157719E-4
"7683,2858",2022-06-22,6.499561394927706E-5
"7688,2858",2022-06-22,7.154272563739074E-5
"7693,2858",2022-06-22,8.428298224821417E-5
"7698,2858",2022-06-22,8.863202095927341E-5
"7703,2858",2022-06-22,1.1462074982953475E-4
"7708,2858",2022-06-22,1.517682479306971E-4
"7713,2858",2022-06-22,1.2960385070513012E-4
"7718,2858",2022-06-22,1.1365343023377092E-4
"7723,2858",2022-06-22,1.2236622268238398E-4
"7728,2858",2022-06-22,1.0862474346878256E-4
"7733,2858",2022-06-22,1.1134128683203439E-4
"7688,2863",2022-06-22,8.166102395148351E-5
"7693,2863",2022-06-22,9.10933578981615E-5
"7698,2863",2022-06-22,9.593273861887223E-5
"7703,2863",2022-06-22,1.2503514160056419E-4
"7708,2863",2022-06-22,1.3562808413289384E-4
"7713,2863",2022-06-22,1.1792309215082819E-4
"7718,2863",2022-06-22,1.075782064451438E-4
"7723,2863",2022-06-22,1.2962940372528107E-4
"7728,2863",2022-06-22,1.1881209170130548E-4
"7733,2863",2022-06-22,1.235946687895988E-4
"7693,2868",2022-06-22,8.825544622571866E-5
"7698,2868",2022-06-22,9.557698422547317E-5
"7703,2868",2022-06-22,1.1347528557336863E-4
"7708,2868",2022-06-22,1.3906058104795022E-4
"7713,2868",2022-06-22,1.4063195922971847E-4
"7718,2868",2022-06-22,1.226321176288766E-4
"7723,2868",2022-06-22,1.0623504286661934E-4
"7728,2868",2022-06-22,1.1447572297804682E-4
"7733,2868",2022-06-22,1.0912717053582521E-4
"7693,2873",2022-06-22,8.603525724209768E-5
"7698,2873",2022-06-22,8.631952211557771E-5
"7703,2873",2022-06-22,9.961858607203519E-5
"7708,2873",2022-06-22,1.250246825880164E-4
"7713,2873",2022-06-22,1.217305537134272E-4
"7718,2873",2022-06-22,1.1008404264356146E-4
"7723,2873",2022-06-22,9.135781216960185E-5
"7728,2873",2022-06-22,8.899254024988884E-5
"7733,2873",2022-06-22,7.375083388214319E-5
"7693,2878",2022-06-22,7.374742715086417E-5
"7698,2878",2022-06-22,7.016557121925338E-5
"7703,2878",2022-06-22,7.422581349594476E-5
"7708,2878",2022-06-22,8.350425617206444E-5
"7713,2878",2022-06-22,7.779826050374933E-5
"7718,2878",2022-06-22,7.584908683720443E-5
"7723,2878",2022-06-22,6.427361256873428E-5
"7728,2878",2022-06-22,6.308830240413707E-5
"7693,2883",2022-06-22,6.596788239271138E-5
"7698,2883",2022-06-22,6.069472876808292E-5
"7703,2883",2022-06-22,6.456829617044343E-5
"7708,2883",2022-06-22,7.137815817321161E-5
"7713,2883",2022-06-22,6.222155250308735E-5
"7718,2883",2022-06-22,5.9102034169573344E-5
"7723,2883",2022-06-22,5.017588055709907E-5
"7703,2888",2022-06-22,5.950824270019557E-5
"7708,2888",2022-06-22,6.207945911971469E-5
"7713,2888",2022-06-22,5.921933846654363E-5
"7718,2888",2022-06-22,5.3006847463769205E-5
"7723,2888",2022-06-22,4.8683565361892686E-5
"7713,2843",2022-06-23,9.166729021824729E-5
"7718,2843",2022-06-23,8.350933097482905E-5
"7723,2843",2022-06-23,9.291158869142951E-5
"7708,2848",2022-06-23,1.1191143925523479E-4
"7713,2848",2022-06-23,9.886158466027745E-5
"7718,2848",2022-06-23,9.246784258018212E-5
"7723,2848",2022-06-23,1.0090207658952187E-4
"7728,2848",2022-06-23,1.229945409567478E-4
"7733,2848",2022-06-23,1.5832036406437998E-4
"7688,2853",2022-06-23,6.977826811902952E-5
"7693,2853",2022-06-23,6.026799459562252E-5
"7698,2853",2022-06-23,7.209431468406505E-5
"7703,2853",2022-06-23,8.121062966241775E-5
"7708,2853",2022-06-23,8.95659398331809E-5
"7713,2853",2022-06-23,9.62912953834407E-5
"7718,2853",2022-06-23,9.948340483658623E-5
"7723,2853",2022-06-23,1.092468319212052E-4
"7728,2853",2022-06-23,1.3591066578201596E-4
"7733,2853",2022-06-23,1.5376690162055115E-4
"7683,2858",2022-06-23,6.429806031329558E-5
"7688,2858",2022-06-23,7.276542821475157E-5
"7693,2858",2022-06-23,6.518729332714562E-5
"7698,2858",2022-06-23,7.641209247875672E-5
"7703,2858",2022-06-23,8.45160110234811E-5
"7708,2858",2022-06-23,9.40224580656755E-5
"7713,2858",2022-06-23,9.545052127150754E-5
"7718,2858",2022-06-23,1.008681151748306E-4
"7723,2858",2022-06-23,1.0655858055260395E-4
"7728,2858",2022-06-23,1.3341580492379662E-4
"7733,2858",2022-06-23,1.3913837606488311E-4
"7688,2863",2022-06-23,6.775976502083791E-5
"7693,2863",2022-06-23,7.335527805663648E-5
"7698,2863",2022-06-23,7.579250630519953E-5
"7703,2863",2022-06-23,7.854402564442399E-5
"7708,2863",2022-06-23,8.043816273227132E-5
"7713,2863",2022-06-23,9.105411881402441E-5
"7718,2863",2022-06-23,9.66261671255459E-5
"7723,2863",2022-06-23,1.0288235359544242E-4
"7728,2863",2022-06-23,1.1983221536160104E-4
"7733,2863",2022-06-23,1.253686474798346E-4
"7693,2868",2022-06-23,7.063828907125403E-5
"7698,2868",2022-06-23,7.106169305288682E-5
"7703,2868",2022-06-23,8.086080918901544E-5
"7708,2868",2022-06-23,7.713114910321139E-5
"7713,2868",2022-06-23,9.073846294389055E-5
"7718,2868",2022-06-23,9.541609198715945E-5
"7723,2868",2022-06-23,9.99736390661476E-5
"7728,2868",2022-06-23,1.0270533621089091E-4
"7733,2868",2022-06-23,9.842479401389969E-5
"7693,2873",2022-06-23,6.61843104549518E-5
"7698,2873",2022-06-23,6.8132227647764E-5
"7703,2873",2022-06-23,7.474838367652658E-5
"7708,2873",2022-06-23,7.572606319169862E-5
"7713,2873",2022-06-23,9.281047549398064E-5
"7718,2873",2022-06-23,9.117592981381777E-5
"7723,2873",2022-06-23,7.670297295847771E-5
"7728,2873",2022-06-23,7.590414957691567E-5
"7733,2873",2022-06-23,7.166916545122174E-5
"7693,2878",2022-06-23,6.688657317522047E-5
"7698,2878",2022-06-23,6.860877265293524E-5
"7703,2878",2022-06-23,7.451974082922413E-5
"7708,2878",2022-06-23,7.81718082926912E-5
"7713,2878",2022-06-23,8.467601483451708E-5
"7718,2878",2022-06-23,7.918551607625043E-5
"7723,2878",2022-06-23,7.44148441842594E-5
"7728,2878",2022-06-23,7.111395011924815E-5
"7693,2883",2022-06-23,7.089318305816522E-5
"7698,2883",2022-06-23,7.65805736081917E-5
"7703,2883",2022-06-23,7.066406286932077E-5
"7708,2883",2022-06-23,7.397166298054019E-5
"7713,2883",2022-06-23,7.208238201927202E-5
"7718,2883",2022-06-23,7.373973106093712E-5
"7723,2883",2022-06-23,7.328876782888152E-5
"7703,2888",2022-06-23,7.18883030717034E-5
"7708,2888",2022-06-23,7.043757049959134E-5
"7713,2888",2022-06-23,7.503987302713779E-5
"7718,2888",2022-06-23,7.776742951682903E-5
"7723,2888",2022-06-23,7.488249782640905E-5
"7713,2843",2022-06-24,1.082012415063447E-4
"7718,2843",2022-06-24,1.0748406098145486E-4
"7723,2843",2022-06-24,1.0523000458823355E-4
"7708,2848",2022-06-24,1.1357758783182151E-4
"7713,2848",2022-06-24,1.1474782621308074E-4
"7718,2848",2022-06-24,1.1569735918969749E-4
"7723,2848",2022-06-24,1.2160857071399657E-4
"7728,2848",2022-06-24,1.5139162177571912E-4
"7733,2848",2022-06-24,1.583434044323404E-4
"7688,2853",2022-06-24,6.757555459853084E-5
"7693,2853",2022-06-24,6.427558642526949E-5
"7698,2853",2022-06-24,7.562376415931307E-5
"7703,2853",2022-06-24,8.805065969238644E-5
"7708,2853",2022-06-24,9.922269804051964E-5
"7713,2853",2022-06-24,1.27574314386138E-4
"7718,2853",2022-06-24,1.3242605540706148E-4
"7723,2853",2022-06-24,1.4559067167984395E-4
"7728,2853",2022-06-24,1.7269037862417414E-4
"7733,2853",2022-06-24,1.6315269403179437E-4
"7683,2858",2022-06-24,6.16099396785354E-5
"7688,2858",2022-06-24,6.34737067605994E-5
"7693,2858",2022-06-24,6.455835666522002E-5
"7698,2858",2022-06-24,6.896803208276337E-5
"7703,2858",2022-06-24,9.159948349891938E-5
"7708,2858",2022-06-24,1.0559064142740493E-4
"7713,2858",2022-06-24,1.1970602507877995E-4
"7718,2858",2022-06-24,1.39980491179401E-4
"7723,2858",2022-06-24,1.4740384825408963E-4
"7728,2858",2022-06-24,1.6268400275545048E-4
"7733,2858",2022-06-24,1.6312939110899342E-4
"7688,2863",2022-06-24,6.856717709499458E-5
"7693,2863",2022-06-24,7.971257384254725E-5
"7698,2863",2022-06-24,7.938613613540552E-5
"7703,2863",2022-06-24,8.738647477534415E-5
"7708,2863",2022-06-24,1.0254859648172719E-4
"7713,2863",2022-06-24,1.1566093903663655E-4
"7718,2863",2022-06-24,1.4056569374199833E-4
"7723,2863",2022-06-24,1.4776389540166373E-4
"7728,2863",2022-06-24,1.4676618853686014E-4
"7733,2863",2022-06-24,1.466539428827739E-4
"7693,2868",2022-06-24,8.80548541157533E-5
"7698,2868",2022-06-24,8.160965926808877E-5
"7703,2868",2022-06-24,8.675023258669058E-5
"7708,2868",2022-06-24,9.28335996713974E-5
"7713,2868",2022-06-24,1.1181188299036525E-4
"7718,2868",2022-06-24,1.2387591212089887E-4
"7723,2868",2022-06-24,1.239090325255999E-4
"7728,2868",2022-06-24,1.1851677571249866E-4
"7733,2868",2022-06-24,1.143611162188825E-4
"7693,2873",2022-06-24,7.945000493588565E-5
"7698,2873",2022-06-24,6.981917963949577E-5
"7703,2873",2022-06-24,7.482326811167705E-5
"7708,2873",2022-06-24,8.707386106401367E-5
"7713,2873",2022-06-24,1.0586802395952188E-4
"7718,2873",2022-06-24,1.1060651267046892E-4
"7723,2873",2022-06-24,1.0598063890613382E-4
"7728,2873",2022-06-24,9.038170524470069E-5
"7733,2873",2022-06-24,8.703130478709476E-5
"7693,2878",2022-06-24,7.160548448902526E-5
"7698,2878",2022-06-24,6.818637373443759E-5
"7703,2878",2022-06-24,7.624226940717126E-5
"7708,2878",2022-06-24,8.188716009176918E-5
"7713,2878",2022-06-24,8.963439067601736E-5
"7718,2878",2022-06-24,8.458994450545502E-5
"7723,2878",2022-06-24,8.391342070037994E-5
"7728,2878",2022-06-24,7.569603086192676E-5
"7693,2883",2022-06-24,6.968242680461464E-5
"7698,2883",2022-06-24,6.756158962726581E-5
"7703,2883",2022-06-24,6.535853338906186E-5
"7708,2883",2022-06-24,7.768735489543838E-5
"7713,2883",2022-06-24,8.05594109852693E-5
"7718,2883",2022-06-24,8.534235977897016E-5
"7723,2883",2022-06-24,7.689178163141306E-5
"7703,2888",2022-06-24,6.97670000726695E-5
"7708,2888",2022-06-24,7.887990699276879E-5
"7713,2888",2022-06-24,7.596283997476206E-5
"7718,2888",2022-06-24,6.91459384597959E-5
"7723,2888",2022-06-24,7.373928566077277E-5
"7713,2843",2022-06-25,1.0921490486384088E-4
"7718,2843",2022-06-25,1.0289637313018617E-4
"7723,2843",2022-06-25,1.0590999871001217E-4
"7708,2848",2022-06-25,1.5076839719147653E-4
"7713,2848",2022-06-25,1.432667170066322E-4
"7718,2848",2022-06-25,1.307532874831651E-4
"7723,2848",2022-06-25,1.1495853105660773E-4
"7728,2848",2022-06-25,1.1278967674469925E-4
"7733,2848",2022-06-25,1.0830048249196839E-4
"7688,2853",2022-06-25,1.0825571409428976E-4
"7693,2853",2022-06-25,1.4780358350127576E-4
"7698,2853",2022-06-25,1.5212917830248327E-4
"7703,2853",2022-06-25,1.5344568075038964E-4
"7708,2853",2022-06-25,1.6437405589375575E-4
"7713,2853",2022-06-25,1.6361222143649896E-4
"7718,2853",2022-06-25,1.5536185223103847E-4
"7723,2853",2022-06-25,1.323778377658985E-4
"7728,2853",2022-06-25,1.2124030172685303E-4
"7733,2853",2022-06-25,1.1869183035557457E-4
"7683,2858",2022-06-25,1.1160186771569776E-4
"7688,2858",2022-06-25,1.2316231091422325E-4
"7693,2858",2022-06-25,1.5240890988344675E-4
"7698,2858",2022-06-25,1.5512112217653626E-4
"7703,2858",2022-06-25,1.5704041760824998E-4
"7708,2858",2022-06-25,1.6871463210596667E-4
"7713,2858",2022-06-25,1.6805027239647012E-4
"7718,2858",2022-06-25,1.6506853518441394E-4
"7723,2858",2022-06-25,1.6097637215650577E-4
"7728,2858",2022-06-25,1.5021626753088446E-4
"7733,2858",2022-06-25,1.4793408177874858E-4
"7688,2863",2022-06-25,1.3667430064568935E-4
"7693,2863",2022-06-25,1.4803449523487696E-4
"7698,2863",2022-06-25,1.4845660082081738E-4
"7703,2863",2022-06-25,1.6344967313315355E-4
"7708,2863",2022-06-25,1.714996579604186E-4
"7713,2863",2022-06-25,1.7007089674580712E-4
"7718,2863",2022-06-25,1.6125626814693592E-4
"7723,2863",2022-06-25,1.6045624799469185E-4
"7728,2863",2022-06-25,1.6097540550830795E-4
"7733,2863",2022-06-25,1.701895248868559E-4
"7693,2868",2022-06-25,1.4690286608457054E-4
"7698,2868",2022-06-25,1.475352988303916E-4
"7703,2868",2022-06-25,1.5788078995702303E-4
"7708,2868",2022-06-25,1.7332700838565743E-4
"7713,2868",2022-06-25,1.6925969053742875E-4
"7718,2868",2022-06-25,1.389661519216483E-4
"7723,2868",2022-06-25,1.5073313540569572E-4
"7728,2868",2022-06-25,1.4673831271111505E-4
"7733,2868",2022-06-25,1.2985901778467775E-4
"7693,2873",2022-06-25,1.4367682140756295E-4
"7698,2873",2022-06-25,1.3853082180391552E-4
"7703,2873",2022-06-25,1.3495014432712116E-4
"7708,2873",2022-06-25,1.4302694687917385E-4
"7713,2873",2022-06-25,1.3089921979459956E-4
"7718,2873",2022-06-25,1.0183870839202712E-4
"7723,2873",2022-06-25,1.1272162135239984E-4
"7728,2873",2022-06-25,1.0478280626027255E-4
"7733,2873",2022-06-25,9.006487132776852E-5
"7693,2878",2022-06-25,1.4016366135584924E-4
"7698,2878",2022-06-25,1.148342408091693E-4
"7703,2878",2022-06-25,1.1867600121243234E-4
"7708,2878",2022-06-25,1.2479183620002973E-4
"7713,2878",2022-06-25,9.552000760993232E-5
"7718,2878",2022-06-25,9.414199002190943E-5
"7723,2878",2022-06-25,9.707279241146705E-5
"7728,2878",2022-06-25,8.328378735144847E-5
"7693,2883",2022-06-25,1.0983157351371142E-4
"7698,2883",2022-06-25,9.479820974915793E-5
"7703,2883",2022-06-25,1.0261867928291853E-4
"7708,2883",2022-06-25,1.0244519260296018E-4
"7713,2883",2022-06-25,7.948048209225765E-5
"7718,2883",2022-06-25,7.93787867601791E-5
"7723,2883",2022-06-25,8.347141621210089E-5
"7703,2888",2022-06-25,8.652201521578994E-5
"7708,2888",2022-06-25,8.679734628952877E-5
"7713,2888",2022-06-25,8.227526357410436E-5
"7718,2888",2022-06-25,8.096493462730218E-5
"7723,2888",2022-06-25,7.197280857528807E-5
"7713,2843",2022-06-25,1.1935869841552222E-4
"7718,2843",2022-06-25,1.0535208434425316E-4
"7723,2843",2022-06-25,1.1990690844177137E-4
"7708,2848",2022-06-25,1.5228037735772235E-4
"7713,2848",2022-06-25,1.495257915552187E-4
"7718,2848",2022-06-25,1.4983375194228235E-4
"7728,2848",2022-06-25,1.2340632387358648E-4
"7733,2848",2022-06-25,1.2295624637100703E-4
"7688,2853",2022-06-25,8.98684733505228E-5
"7693,2853",2022-06-25,9.780825181261722E-5
"7698,2853",2022-06-25,1.0173507690738152E-4
"7703,2853",2022-06-25,1.3612700393909896E-4
"7708,2853",2022-06-25,1.4800628853926492E-4
"7713,2853",2022-06-25,1.6839385263155517E-4
"7718,2853",2022-06-25,1.684308158879426E-4
"7728,2853",2022-06-25,1.460828894211597E-4
"7733,2853",2022-06-25,1.460964247927537E-4
"7683,2858",2022-06-25,9.292138838433755E-5
"7688,2858",2022-06-25,9.843367853556431E-5
"7693,2858",2022-06-25,1.0743115675141872E-4
"7698,2858",2022-06-25,1.1060389498327237E-4
"7703,2858",2022-06-25,1.5145552240405837E-4
"7708,2858",2022-06-25,1.6158498198464856E-4
"7713,2858",2022-06-25,1.820591964065607E-4
"7718,2858",2022-06-25,1.816434281087346E-4
"7728,2858",2022-06-25,1.734750984902363E-4
"7733,2858",2022-06-25,1.7324903979601863E-4
"7688,2863",2022-06-25,1.0096765450077081E-4
"7693,2863",2022-06-25,1.194078161276053E-4
"7698,2863",2022-06-25,1.2459830995584174E-4
"7703,2863",2022-06-25,1.5795709522695256E-4
"7708,2863",2022-06-25,1.629496828413294E-4
"7713,2863",2022-06-25,1.8405306044269574E-4
"7718,2863",2022-06-25,1.8405305951967044E-4
"7728,2863",2022-06-25,1.7958709206973737E-4
"7733,2863",2022-06-25,1.7568515120135625E-4
"7693,2868",2022-06-25,1.314304007487863E-4
"7698,2868",2022-06-25,1.3836243795291287E-4
"7703,2868",2022-06-25,1.5997653829269618E-4
"7708,2868",2022-06-25,1.5983266078995278E-4
"7733,2868",2022-06-25,1.3073809238386524E-4
"7693,2873",2022-06-25,1.1855582359121991E-4
"7698,2873",2022-06-25,1.281269168469055E-4
"7703,2873",2022-06-25,1.437265940749226E-4
"7708,2873",2022-06-25,1.366549686932644E-4
"7713,2873",2022-06-25,1.3230481983738624E-4
"7718,2873",2022-06-25,1.3230481804378218E-4
"7723,2873",2022-06-25,1.1083269742617977E-4
"7728,2873",2022-06-25,1.108326978600108E-4
"7733,2873",2022-06-25,1.011127907242187E-4
"7693,2878",2022-06-25,1.1140341569690209E-4
"7698,2878",2022-06-25,1.1581411614227939E-4
"7703,2878",2022-06-25,1.1968828544606609E-4
"7708,2878",2022-06-25,1.0874179047546321E-4
"7713,2878",2022-06-25,1.0567496762040473E-4
"7718,2878",2022-06-25,9.915122368340092E-5
"7723,2878",2022-06-25,9.455756743022196E-5
"7728,2878",2022-06-25,8.774826972262224E-5
"7693,2883",2022-06-25,1.0040598241057696E-4
"7698,2883",2022-06-25,9.122889085241537E-5
"7703,2883",2022-06-25,8.967437516251979E-5
"7708,2883",2022-06-25,9.402717917017341E-5
"7713,2883",2022-06-25,9.259893263840324E-5
"7718,2883",2022-06-25,8.80511051928628E-5
"7723,2883",2022-06-25,8.490050598391066E-5
"7703,2888",2022-06-25,8.185556981786986E-5
"7708,2888",2022-06-25,7.306384556947055E-5
"7713,2888",2022-06-25,7.247542892382637E-5
"7718,2888",2022-06-25,7.173542622123297E-5
"7723,2888",2022-06-25,7.443164424887683E-5
"7713,2843",2022-06-26,5.187581013208203E-5
"7718,2843",2022-06-26,5.865744192794468E-5
"7723,2843",2022-06-26,6.24377395109709E-5
"7708,2848",2022-06-26,6.950646363810888E-5
"7713,2848",2022-06-26,6.218844812614239E-5
"7718,2848",2022-06-26,6.240734668740407E-5
"7723,2848",2022-06-26,6.220031170696535E-5
"7728,2848",2022-06-26,6.954357318943E-5
"7733,2848",2022-06-26,5.3977652999341796E-5
"7688,2853",2022-06-26,5.1152425940503206E-5
"7693,2853",2022-06-26,5.408832129319584E-5
"7698,2853",2022-06-26,6.26155447142563E-5
"7703,2853",2022-06-26,6.948097382058703E-5
"7708,2853",2022-06-26,7.018225192840915E-5
"7713,2853",2022-06-26,7.032479418831541E-5
"7718,2853",2022-06-26,7.79060181478681E-5
"7723,2853",2022-06-26,7.719322542209041E-5
"7728,2853",2022-06-26,7.594428219108538E-5
"7733,2853",2022-06-26,6.672424798210709E-5
"7683,2858",2022-06-26,4.060597902149279E-5
"7688,2858",2022-06-26,4.489883053043651E-5
"7693,2858",2022-06-26,5.2230032112613695E-5
"7698,2858",2022-06-26,6.974875871415659E-5
"7703,2858",2022-06-26,7.189593341175544E-5
"7708,2858",2022-06-26,9.057278879446232E-5
"7713,2858",2022-06-26,9.01646162221365E-5
"7718,2858",2022-06-26,9.175574762331549E-5
"7723,2858",2022-06-26,9.067251644360521E-5
"7728,2858",2022-06-26,9.094110557516063E-5
"7733,2858",2022-06-26,7.352347589728422E-5
"7688,2863",2022-06-26,6.065212106996649E-5
"7693,2863",2022-06-26,7.442267387788211E-5
"7698,2863",2022-06-26,8.430434496093792E-5
"7703,2863",2022-06-26,8.977970674102289E-5
"7708,2863",2022-06-26,1.1091921231877567E-4
"7713,2863",2022-06-26,1.018092412674234E-4
"7718,2863",2022-06-26,9.209535438541356E-5
"7723,2863",2022-06-26,8.004507315077738E-5
"7728,2863",2022-06-26,7.634823400100108E-5
"7733,2863",2022-06-26,8.024779998899263E-5
"7693,2868",2022-06-26,7.98724944370368E-5
"7698,2868",2022-06-26,8.653869894313906E-5
"7703,2868",2022-06-26,9.85126730178505E-5
"7708,2868",2022-06-26,1.1546365063887072E-4
"7713,2868",2022-06-26,1.048579443370351E-4
"7718,2868",2022-06-26,9.930715529814541E-5
"7723,2868",2022-06-26,8.334945622647005E-5
"7728,2868",2022-06-26,8.514098680035985E-5
"7733,2868",2022-06-26,1.000721112244654E-4
"7693,2873",2022-06-26,8.016755582970008E-5
"7698,2873",2022-06-26,8.144390544820964E-5
"7703,2873",2022-06-26,9.635713810327099E-5
"7708,2873",2022-06-26,1.0829121567217098E-4
"7713,2873",2022-06-26,1.0460235642796409E-4
"7718,2873",2022-06-26,1.0200326338678E-4
"7723,2873",2022-06-26,8.942481547870028E-5
"7728,2873",2022-06-26,9.236649475277287E-5
"7733,2873",2022-06-26,1.0121258615915213E-4
"7693,2878",2022-06-26,7.440624504637413E-5
"7698,2878",2022-06-26,7.723561690478533E-5
"7703,2878",2022-06-26,8.410522599006287E-5
"7708,2878",2022-06-26,8.672346277658634E-5
"7713,2878",2022-06-26,9.096538282768994E-5
"7718,2878",2022-06-26,8.940181236086626E-5
"7723,2878",2022-06-26,8.588090452726605E-5
"7728,2878",2022-06-26,7.853350834298574E-5
"7693,2883",2022-06-26,7.079991063061268E-5
"7698,2883",2022-06-26,7.243964404366992E-5
"7703,2883",2022-06-26,8.141613666951432E-5
"7708,2883",2022-06-26,8.001129417165007E-5
"7713,2883",2022-06-26,7.497661065175674E-5
"7718,2883",2022-06-26,6.881035149554984E-5
"7723,2883",2022-06-26,6.210258969586181E-5
"7703,2888",2022-06-26,7.36646598539173E-5
"7708,2888",2022-06-26,7.267957159995274E-5
"7713,2888",2022-06-26,6.988403842762555E-5
"7718,2888",2022-06-26,6.071976543124207E-5
"7723,2888",2022-06-26,5.70928309613405E-5
"7713,2848",2022-06-27,6.322931577710782E-5
"7718,2848",2022-06-27,6.32293162920547E-5
"7728,2848",2022-06-27,5.675717704587555E-5
"7733,2848",2022-06-27,4.238961899646174E-5
"7688,2853",2022-06-27,5.468851712584858E-5
"7693,2853",2022-06-27,7.515261977457544E-5
"7698,2853",2022-06-27,6.668097049592922E-5
"7703,2853",2022-06-27,6.0751572648203835E-5
"7708,2853",2022-06-27,9.246586096313593E-5
"7713,2853",2022-06-27,6.754875718703448E-5
"7718,2853",2022-06-27,7.880753676661772E-5
"7723,2853",2022-06-27,7.960232038441988E-5
"7728,2853",2022-06-27,8.378584923532513E-5
"7733,2853",2022-06-27,7.534691994774948E-5
"7683,2858",2022-06-27,5.4098212420438664E-5
"7688,2858",2022-06-27,5.841742182353712E-5
"7693,2858",2022-06-27,6.831890476330977E-5
"7698,2858",2022-06-27,7.343316462440649E-5
"7703,2858",2022-06-27,6.545423909374318E-5
"7708,2858",2022-06-27,9.24658594826252E-5
"7713,2858",2022-06-27,9.37718025467828E-5
"7718,2858",2022-06-27,1.0348439795688399E-4
"7723,2858",2022-06-27,9.58456545203595E-5
"7728,2858",2022-06-27,9.563372999189083E-5
"7733,2858",2022-06-27,9.766185637359465E-5
"7688,2863",2022-06-27,6.75077390854272E-5
"7693,2863",2022-06-27,7.255903148383005E-5
"7698,2863",2022-06-27,8.824985667154468E-5
"7703,2863",2022-06-27,8.825079402572166E-5
"7713,2863",2022-06-27,1.1633887617054663E-4
"7718,2863",2022-06-27,1.0342777323638409E-4
"7723,2863",2022-06-27,1.0731245244982532E-4
"7728,2863",2022-06-27,1.1474537188717779E-4
"7733,2863",2022-06-27,1.1176487456280302E-4
"7693,2868",2022-06-27,7.588926618289007E-5
"7698,2868",2022-06-27,8.07793798530811E-5
"7703,2868",2022-06-27,8.298685128439784E-5
"7708,2868",2022-06-27,1.2202477748867916E-4
"7713,2868",2022-06-27,1.2874878249058416E-4
"7718,2868",2022-06-27,1.2755385695715653E-4
"7723,2868",2022-06-27,1.2817588768795844E-4
"7728,2868",2022-06-27,1.3503027500456094E-4
"7733,2868",2022-06-27,1.3090893160896635E-4
"7693,2873",2022-06-27,7.765101458193026E-5
"7698,2873",2022-06-27,8.147148370192123E-5
"7703,2873",2022-06-27,9.652545908277753E-5
"7708,2873",2022-06-27,1.1967031337467266E-4
"7713,2873",2022-06-27,1.207841846713196E-4
"7718,2873",2022-06-27,1.1411510125504504E-4
"7723,2873",2022-06-27,1.094311395254437E-4
"7728,2873",2022-06-27,1.324970910771281E-4
"7733,2873",2022-06-27,1.1501185624791543E-4
"7693,2878",2022-06-27,8.486527919818555E-5
"7698,2878",2022-06-27,8.523044392108795E-5
"7703,2878",2022-06-27,1.0225425836199511E-4
"7708,2878",2022-06-27,1.0711166654070334E-4
"7713,2878",2022-06-27,9.64743280151373E-5
"7718,2878",2022-06-27,8.974131391207078E-5
"7723,2878",2022-06-27,7.778863647618909E-5
"7728,2878",2022-06-27,7.787566434875271E-5
"7693,2883",2022-06-27,7.102071897907697E-5
"7698,2883",2022-06-27,7.805255224294845E-5
"7703,2883",2022-06-27,8.10072855512082E-5
"7708,2883",2022-06-27,7.55491930717893E-5
"7713,2883",2022-06-27,6.70863343813821E-5
"7718,2883",2022-06-27,6.465895747002514E-5
"7723,2883",2022-06-27,6.175757332637848E-5
"7703,2888",2022-06-27,6.577407548481692E-5
"7708,2888",2022-06-27,6.260596583390815E-5
"7713,2888",2022-06-27,6.53364686335342E-5
"7718,2888",2022-06-27,5.2474674032294185E-5
"7723,2888",2022-06-27,4.3658922472342444E-5
"7683,2858",2022-06-28,4.9563265121944174E-5
"7693,2873",2022-06-28,6.658741775046041E-5
"7693,2878",2022-06-28,6.658741763695356E-5
"7708,2848",2022-06-29,1.334351851019255E-4
"7688,2853",2022-06-29,8.432987307177302E-5
"7693,2853",2022-06-29,8.939315661593286E-5
"7698,2853",2022-06-29,1.1051249713913355E-4
"7703,2853",2022-06-29,1.284114287477142E-4
"7708,2853",2022-06-29,1.334351851019255E-4
"7683,2858",2022-06-29,8.340560541465956E-5
"7688,2858",2022-06-29,9.291111818927115E-5
"7693,2858",2022-06-29,8.563722982856505E-5
"7698,2858",2022-06-29,1.050166251587371E-4
"7703,2858",2022-06-29,1.0625280378764522E-4
"7688,2863",2022-06-29,1.0839138298882802E-4
"7693,2863",2022-06-29,1.1441778893421468E-4
"7733,2863",2022-06-29,2.0233104237891227E-4
"7693,2868",2022-06-29,1.1441778761160701E-4
"7733,2868",2022-06-29,2.0233103919723545E-4
"7713,2843",2023-04-01,6.862408872940213E-5
"7718,2843",2023-04-01,5.8395983764800774E-5
"7723,2843",2023-04-01,5.419328211894227E-5
"7708,2848",2023-04-01,9.21405958397418E-5
"7713,2848",2023-04-01,7.748674310870921E-5
"7718,2848",2023-04-01,7.633777552505182E-5
"7723,2848",2023-04-01,5.4428296173940375E-5
"7728,2848",2023-04-01,7.837881693898387E-5
"7733,2848",2023-04-01,6.762192917649717E-5
"7688,2853",2023-04-01,4.345455399436834E-5
"7693,2853",2023-04-01,4.1595751560484674E-5
"7698,2853",2023-04-01,4.825650532328003E-5
"7703,2853",2023-04-01,7.714539801987125E-5
"7708,2853",2023-04-01,8.693161242688499E-5
"7713,2853",2023-04-01,9.058257678897267E-5
"7718,2853",2023-04-01,8.130476194934084E-5
"7723,2853",2023-04-01,1.6047275543315642E-4
"7728,2853",2023-04-01,1.4169154091126816E-4
"7733,2853",2023-04-01,9.11228434063449E-5
"7683,2858",2023-04-01,3.7354248602609976E-5
"7688,2858",2023-04-01,4.1516796349492493E-5
"7693,2858",2023-04-01,3.884094719724857E-5
"7698,2858",2023-04-01,4.846430305646155E-5
"7703,2858",2023-04-01,6.955382712131864E-5
"7708,2858",2023-04-01,6.916299076721153E-5
"7713,2858",2023-04-01,1.6421027146620347E-4
"7718,2858",2023-04-01,1.7187736943867921E-4
"7723,2858",2023-04-01,1.9413986096353475E-4
"7728,2858",2023-04-01,1.5720342934339975E-4
"7733,2858",2023-04-01,1.2732365141690345E-4
"7693,2863",2023-04-01,3.740848640410857E-5
"7698,2863",2023-04-01,6.607933568205148E-5
"7703,2863",2023-04-01,8.519497610997427E-5
"7708,2863",2023-04-01,1.2128826445516521E-4
"7713,2863",2023-04-01,1.6421027002218487E-4
"7718,2863",2023-04-01,1.90927834054136E-4
"7723,2863",2023-04-01,2.129499141162444E-4
"7728,2863",2023-04-01,1.8834811931619006E-4
"7733,2863",2023-04-01,1.5293470058736842E-4
"7693,2868",2023-04-01,8.062909213869524E-5
"7698,2868",2023-04-01,8.061898871207686E-5
"7703,2868",2023-04-01,1.019599777872701E-4
"7708,2868",2023-04-01,1.2128826316099016E-4
"7713,2868",2023-04-01,2.6744313410276396E-4
"7718,2868",2023-04-01,2.5884707861688816E-4
"7723,2868",2023-04-01,2.2365351983135923E-4
"7728,2868",2023-04-01,1.9464260410288124E-4
"7733,2868",2023-04-01,1.6043625608275306E-4
"7713,2873",2023-04-01,2.6740248027111197E-4
"7718,2873",2023-04-01,2.3158891310162078E-4
"7723,2873",2023-04-01,1.6737568226917902E-4
"7728,2873",2023-04-01,1.4921166009594644E-4
"7733,2873",2023-04-01,1.1779093289511831E-4
"7713,2878",2023-04-01,2.0553680600905104E-4
"7718,2878",2023-04-01,1.3896899771115515E-4
"7723,2878",2023-04-01,1.0797610255876962E-4
"7728,2878",2023-04-01,9.541008699963736E-5
"7713,2883",2023-04-01,1.2011515445216433E-4
"7718,2883",2023-04-01,9.497248251060382E-5
"7723,2883",2023-04-01,7.156030997692371E-5
"7703,2888",2023-04-01,4.391082253624468E-5
"7708,2888",2023-04-01,7.402433212550102E-5
"7713,2888",2023-04-01,7.40243342828574E-5
"7718,2888",2023-04-01,8.243822828415324E-5
"7723,2888",2023-04-01,5.4896749000976134E-5
"7713,2843",2023-04-02,4.20801982678331E-5
"7718,2843",2023-04-02,4.820021804041389E-5
"7723,2843",2023-04-02,4.256190310473969E-5
"7708,2848",2023-04-02,4.503854735807678E-5
"7713,2848",2023-04-02,4.6699075102751906E-5
"7718,2848",2023-04-02,1.6241941101124763E-5
"7723,2848",2023-04-02,2.2410083614380065E-5
"7728,2848",2023-04-02,4.190533453573648E-5
"7733,2848",2023-04-02,5.988718988861402E-5
"7688,2853",2023-04-02,1.778915003937819E-5
"7693,2853",2023-04-02,1.787934362826632E-5
"7698,2853",2023-04-02,1.828681524067577E-5
"7703,2853",2023-04-02,2.8614478338876098E-5
"7708,2853",2023-04-02,4.2858307028479594E-5
"7713,2853",2023-04-02,4.530693670485576E-5
"7718,2853",2023-04-02,8.559969890378742E-5
"7723,2853",2023-04-02,6.064142042799462E-5
"7728,2853",2023-04-02,3.1098174060260216E-5
"7733,2853",2023-04-02,8.401867240451E-5
"7683,2858",2023-04-02,3.3937877980604517E-5
"7688,2858",2023-04-02,3.324368704191277E-5
"7693,2858",2023-04-02,3.3064614883169114E-5
"7698,2858",2023-04-02,4.213449878125405E-5
"7703,2858",2023-04-02,4.168378270422668E-5
"7708,2858",2023-04-02,4.8004744385343015E-5
"7713,2858",2023-04-02,5.424111813963755E-5
"7718,2858",2023-04-02,5.89970902066549E-5
"7723,2858",2023-04-02,6.50274795012113E-5
"7728,2858",2023-04-02,8.406503881729698E-5
"7733,2858",2023-04-02,8.973630748929422E-5
"7688,2863",2023-04-02,3.4638832107353314E-5
"7693,2863",2023-04-02,3.0506198915525414E-5
"7698,2863",2023-04-02,4.234751882107745E-5
"7703,2863",2023-04-02,6.974647415671879E-5
"7708,2863",2023-04-02,5.7202645344112715E-5
"7713,2863",2023-04-02,5.305882772585256E-5
"7718,2863",2023-04-02,7.060288108965902E-5
"7723,2863",2023-04-02,6.410488294333641E-5
"7728,2863",2023-04-02,8.993653411757248E-5
"7733,2863",2023-04-02,9.839975708300617E-5
"7693,2868",2023-04-02,3.112425453085882E-5
"7698,2868",2023-04-02,3.6493535683231284E-5
"7703,2868",2023-04-02,5.555118185497201E-5
"7708,2868",2023-04-02,6.422167869517456E-5
"7713,2868",2023-04-02,7.105025602018914E-5
"7718,2868",2023-04-02,7.369655455056695E-5
"7723,2868",2023-04-02,9.456598525573592E-5
"7728,2868",2023-04-02,8.60994814216859E-5
"7733,2868",2023-04-02,1.0257108324781816E-4
"7693,2873",2023-04-02,4.088165742023791E-5
"7698,2873",2023-04-02,4.372466471093608E-5
"7703,2873",2023-04-02,4.5691813073109464E-5
"7708,2873",2023-04-02,5.8135125485142634E-5
"7713,2873",2023-04-02,6.601703593990386E-5
"7718,2873",2023-04-02,9.166148462343619E-5
"7723,2873",2023-04-02,7.956092069447689E-5
"7728,2873",2023-04-02,8.01041353521486E-5
"7733,2873",2023-04-02,7.01198116180075E-5
"7693,2878",2023-04-02,4.032639427787739E-5
"7698,2878",2023-04-02,4.190192792231656E-5
"7703,2878",2023-04-02,4.492241471006122E-5
"7708,2878",2023-04-02,5.8599208644589804E-5
"7713,2878",2023-04-02,6.689849195970019E-5
"7718,2878",2023-04-02,7.103744913951874E-5
"7723,2878",2023-04-02,6.723448029707848E-5
"7728,2878",2023-04-02,6.980778843309933E-5
"7693,2883",2023-04-02,4.0613623608843444E-5
"7698,2883",2023-04-02,4.0725911712017446E-5
"7703,2883",2023-04-02,4.7823970550204874E-5
"7708,2883",2023-04-02,5.00462780563422E-5
"7713,2883",2023-04-02,4.7484165567296026E-5
"7718,2883",2023-04-02,5.410517468555613E-5
"7723,2883",2023-04-02,6.034211195664844E-5
"7703,2888",2023-04-02,5.213304381126773E-5
"7708,2888",2023-04-02,5.722919477008578E-5
"7713,2888",2023-04-02,6.717266061418883E-5
"7718,2888",2023-04-02,4.7082719345070124E-5
"7723,2888",2023-04-02,4.7425346391180504E-5
"7713,2843",2023-04-03,9.774650710747152E-5
"7718,2843",2023-04-03,9.403068807569511E-5
"7723,2843",2023-04-03,1.0350354275281023E-4
"7708,2848",2023-04-03,1.7499615830145172E-4
"7713,2848",2023-04-03,1.4084772505586305E-4
"7718,2848",2023-04-03,1.3440384951060003E-4
"7723,2848",2023-04-03,1.1155205546771354E-4
"7728,2848",2023-04-03,1.241954342041514E-4
"7733,2848",2023-04-03,1.1129560469192863E-4
"7688,2853",2023-04-03,1.1950565915136335E-4
"7693,2853",2023-04-03,1.2972413490408696E-4
"7698,2853",2023-04-03,1.724436323704E-4
"7703,2853",2023-04-03,1.8943835268826837E-4
"7708,2853",2023-04-03,2.0667440840216761E-4
"7713,2853",2023-04-03,1.936698557340632E-4
"7718,2853",2023-04-03,1.967241244763737E-4
"7723,2853",2023-04-03,1.7752148989470083E-4
"7728,2853",2023-04-03,1.6199802918143397E-4
"7733,2853",2023-04-03,1.3105347703137906E-4
"7683,2858",2023-04-03,8.212915618503798E-5
"7688,2858",2023-04-03,1.0182160235349715E-4
"7693,2858",2023-04-03,1.2503691086923065E-4
"7698,2858",2023-04-03,1.713090984819499E-4
"7703,2858",2023-04-03,1.9532933180280932E-4
"7708,2858",2023-04-03,2.538878231862574E-4
"7713,2858",2023-04-03,2.354558519994958E-4
"7718,2858",2023-04-03,2.3149911152842712E-4
"7723,2858",2023-04-03,2.1192937136668894E-4
"7728,2858",2023-04-03,1.9249577484547768E-4
"7733,2858",2023-04-03,1.6105161580476227E-4
"7688,2863",2023-04-03,8.154525829992815E-5
"7693,2863",2023-04-03,9.760761365600739E-5
"7698,2863",2023-04-03,1.26357541219806E-4
"7703,2863",2023-04-03,1.6962664918037385E-4
"7708,2863",2023-04-03,2.0389174284205167E-4
"7713,2863",2023-04-03,2.218224528640196E-4
"7718,2863",2023-04-03,2.2577158062448053E-4
"7723,2863",2023-04-03,2.1933190185386472E-4
"7728,2863",2023-04-03,2.0175192147953432E-4
"7733,2863",2023-04-03,1.766145844685245E-4
"7693,2868",2023-04-03,7.652586968713541E-5
"7698,2868",2023-04-03,8.76565136481938E-5
"7703,2868",2023-04-03,1.0773995591914082E-4
"7708,2868",2023-04-03,1.3245329127693225E-4
"7713,2868",2023-04-03,1.7563765439392333E-4
"7718,2868",2023-04-03,1.8072829683136196E-4
"7723,2868",2023-04-03,1.6521863362067678E-4
"7728,2868",2023-04-03,1.5890893819943413E-4
"7733,2868",2023-04-03,1.54970219413074E-4
"7693,2873",2023-04-03,5.575429700285188E-5
"7698,2873",2023-04-03,6.18966101073366E-5
"7703,2873",2023-04-03,6.145261699287566E-5
"7708,2873",2023-04-03,7.778358874762384E-5
"7713,2873",2023-04-03,1.0637911524674743E-4
"7718,2873",2023-04-03,8.509219403153389E-5
"7723,2873",2023-04-03,9.572939360899397E-5
"7728,2873",2023-04-03,8.571968303874705E-5
"7733,2873",2023-04-03,8.679928456697211E-5
"7693,2878",2023-04-03,4.4257831843711744E-5
"7698,2878",2023-04-03,5.383722110842627E-5
"7703,2878",2023-04-03,5.505332919159128E-5
"7708,2878",2023-04-03,5.8418127448416995E-5
"7713,2878",2023-04-03,5.995246240357011E-5
"7718,2878",2023-04-03,5.3394343907593935E-5
"7723,2878",2023-04-03,5.47713369578709E-5
"7728,2878",2023-04-03,4.887706019497578E-5
"7693,2883",2023-04-03,4.061948613194873E-5
"7698,2883",2023-04-03,5.134051375376878E-5
"7703,2883",2023-04-03,5.453684598065003E-5
"7708,2883",2023-04-03,5.380498715041906E-5
"7713,2883",2023-04-03,5.220965778590659E-5
"7718,2883",2023-04-03,4.909731117927197E-5
"7723,2883",2023-04-03,4.279333426097873E-5
"7703,2888",2023-04-03,4.870813389691591E-5
"7708,2888",2023-04-03,5.2097434337706276E-5
"7713,2888",2023-04-03,5.1251597326493844E-5
"7718,2888",2023-04-03,5.0568741101478506E-5
"7723,2888",2023-04-03,4.0599446343866214E-5
"7713,2843",2023-04-04,6.747124698446418E-5
"7718,2843",2023-04-04,6.398811249532132E-5
"7723,2843",2023-04-04,5.579448220437871E-5
"7708,2848",2023-04-04,9.728545299850805E-5
"7713,2848",2023-04-04,9.694991588106814E-5
"7718,2848",2023-04-04,9.761299727275601E-5
"7723,2848",2023-04-04,8.554347049423455E-5
"7728,2848",2023-04-04,7.088537977028198E-5
"7733,2848",2023-04-04,8.274468401243772E-5
"7688,2853",2023-04-04,5.304806744127926E-5
"7693,2853",2023-04-04,6.15743118324242E-5
"7698,2853",2023-04-04,6.97348843289748E-5
"7703,2853",2023-04-04,7.516344682424832E-5
"7708,2853",2023-04-04,9.086811215661266E-5
"7713,2853",2023-04-04,1.2144256246927865E-4
"7718,2853",2023-04-04,1.266772412078075E-4
"7723,2853",2023-04-04,1.2717937593794256E-4
"7728,2853",2023-04-04,1.1455916268990376E-4
"7733,2853",2023-04-04,1.1802236305266743E-4
"7683,2858",2023-04-04,4.6537105876290325E-5
"7688,2858",2023-04-04,5.048358731728549E-5
"7693,2858",2023-04-04,6.695886994915768E-5
"7698,2858",2023-04-04,7.54252837707122E-5
"7703,2858",2023-04-04,8.013072826243551E-5
"7708,2858",2023-04-04,8.735407647993166E-5
"7713,2858",2023-04-04,1.2757563667021083E-4
"7718,2858",2023-04-04,1.4304404056854098E-4
"7723,2858",2023-04-04,1.629837827753777E-4
"7728,2858",2023-04-04,1.628643004245625E-4
"7733,2858",2023-04-04,1.5411886166401408E-4
"7688,2863",2023-04-04,4.683726061782677E-5
"7693,2863",2023-04-04,6.426798422802222E-5
"7698,2863",2023-04-04,7.121319007853348E-5
"7703,2863",2023-04-04,8.097732051479352E-5
"7708,2863",2023-04-04,9.165826273647375E-5
"7713,2863",2023-04-04,1.0741573989797235E-4
"7718,2863",2023-04-04,1.4761172040525373E-4
"7723,2863",2023-04-04,1.6861154609409355E-4
"7728,2863",2023-04-04,1.762465037557114E-4
"7733,2863",2023-04-04,1.7050118353810484E-4
"7693,2868",2023-04-04,5.231920115924623E-5
"7698,2868",2023-04-04,5.956239602703131E-5
"7703,2868",2023-04-04,6.491863319598342E-5
"7708,2868",2023-04-04,8.504606335867101E-5
"7713,2868",2023-04-04,9.914212960118048E-5
"7718,2868",2023-04-04,1.367811233455251E-4
"7723,2868",2023-04-04,1.4554599115229762E-4
"7728,2868",2023-04-04,1.556972944321338E-4
"7733,2868",2023-04-04,1.5874422038288276E-4
"7693,2873",2023-04-04,5.416514368823102E-5
"7698,2873",2023-04-04,6.5384042691273E-5
"7703,2873",2023-04-04,6.383738944442172E-5
"7708,2873",2023-04-04,6.812206103491007E-5
"7713,2873",2023-04-04,9.09701886897175E-5
"7718,2873",2023-04-04,1.1512799460694234E-4
"7723,2873",2023-04-04,1.2230001766862475E-4
"7728,2873",2023-04-04,1.2866279495480742E-4
"7733,2873",2023-04-04,1.2126983487145472E-4
"7693,2878",2023-04-04,5.495191239204665E-5
"7698,2878",2023-04-04,5.7350073832649614E-5
"7703,2878",2023-04-04,5.5948542955082154E-5
"7708,2878",2023-04-04,6.173190577610689E-5
"7713,2878",2023-04-04,8.014723131939206E-5
"7718,2878",2023-04-04,9.08149636319558E-5
"7723,2878",2023-04-04,9.425701227412879E-5
"7728,2878",2023-04-04,9.224853735057486E-5
"7693,2883",2023-04-04,4.4188062894849625E-5
"7698,2883",2023-04-04,4.783577293960302E-5
"7703,2883",2023-04-04,4.883177706570892E-5
"7708,2883",2023-04-04,5.296103205304407E-5
"7713,2883",2023-04-04,6.601212714296713E-5
"7718,2883",2023-04-04,7.159682707434141E-5
"7723,2883",2023-04-04,7.643430170401598E-5
"7703,2888",2023-04-04,5.345299423965718E-5
"7708,2888",2023-04-04,4.557693216001193E-5
"7713,2888",2023-04-04,5.258641900981905E-5
"7718,2888",2023-04-04,6.51669758821611E-5
"7723,2888",2023-04-04,6.232186379591749E-5
"7713,2843",2023-04-04,6.661084699242279E-5
"7718,2843",2023-04-04,6.310267615798197E-5
"7723,2843",2023-04-04,5.987678677622495E-5
"7708,2848",2023-04-04,5.928426638558107E-5
"7713,2848",2023-04-04,5.929138182483499E-5
"7718,2848",2023-04-04,6.632735784124996E-5
"7723,2848",2023-04-04,6.915926034786781E-5
"7728,2848",2023-04-04,6.944169149628958E-5
"7733,2848",2023-04-04,9.41770727038183E-5
"7688,2853",2023-04-04,5.1355941772820365E-5
"7693,2853",2023-04-04,6.518991477202385E-5
"7698,2853",2023-04-04,6.516691171020667E-5
"7703,2853",2023-04-04,6.331901957890067E-5
"7708,2853",2023-04-04,6.161371275105529E-5
"7713,2853",2023-04-04,6.170453991816595E-5
"7718,2853",2023-04-04,8.656668510467802E-5
"7723,2853",2023-04-04,9.099581049959184E-5
"7728,2853",2023-04-04,9.244813829403195E-5
"7733,2853",2023-04-04,1.141285427321062E-4
"7683,2858",2023-04-04,3.963806264944284E-5
"7688,2858",2023-04-04,4.00168926869912E-5
"7693,2858",2023-04-04,4.048731800842082E-5
"7698,2858",2023-04-04,4.048692852532531E-5
"7703,2858",2023-04-04,5.257972936572738E-5
"7708,2858",2023-04-04,5.655289919902857E-5
"7713,2858",2023-04-04,5.751225870562304E-5
"7718,2858",2023-04-04,8.337177449607434E-5
"7723,2858",2023-04-04,8.392203528552747E-5
"7728,2858",2023-04-04,8.996448565576828E-5
"7733,2858",2023-04-04,1.1145173117191663E-4
"7688,2863",2023-04-04,3.839698351449597E-5
"7693,2863",2023-04-04,3.9445464026076074E-5
"7698,2863",2023-04-04,3.957089840732565E-5
"7703,2863",2023-04-04,5.370833823989696E-5
"7708,2863",2023-04-04,5.51988004215314E-5
"7713,2863",2023-04-04,6.057111644570574E-5
"7718,2863",2023-04-04,8.738713826517863E-5
"7723,2863",2023-04-04,8.737196005970913E-5
"7728,2863",2023-04-04,9.842677877412911E-5
"7733,2863",2023-04-04,1.1777653263887932E-4
"7693,2868",2023-04-04,4.103693918903963E-5
"7698,2868",2023-04-04,4.1882796152426595E-5
"7703,2868",2023-04-04,5.5036107251986E-5
"7708,2868",2023-04-04,5.5043505508280304E-5
"7713,2868",2023-04-04,6.325240441043134E-5
"7718,2868",2023-04-04,8.034162799740295E-5
"7723,2868",2023-04-04,8.028748261089076E-5
"7728,2868",2023-04-04,8.652115690923355E-5
"7733,2868",2023-04-04,9.248380154772477E-5
"7693,2873",2023-04-04,4.082889025427395E-5
"7698,2873",2023-04-04,4.1784635820666725E-5
"7703,2873",2023-04-04,4.5060619484446744E-5
"7708,2873",2023-04-04,4.5041371810268634E-5
"7713,2873",2023-04-04,5.469813611060849E-5
"7718,2873",2023-04-04,6.513503708637255E-5
"7723,2873",2023-04-04,6.507815804621436E-5
"7728,2873",2023-04-04,6.512786751515054E-5
"7733,2873",2023-04-04,6.513974185236891E-5
"7693,2878",2023-04-04,3.617336483013101E-5
"7698,2878",2023-04-04,3.795561530997038E-5
"7703,2878",2023-04-04,4.056513539646113E-5
"7708,2878",2023-04-04,4.057414596125783E-5
"7713,2878",2023-04-04,4.7298475934706E-5
"7718,2878",2023-04-04,5.1294056693365E-5
"7723,2878",2023-04-04,5.125306774585907E-5
"7728,2878",2023-04-04,5.06118631634619E-5
"7693,2883",2023-04-04,3.471517969421145E-5
"7698,2883",2023-04-04,3.8464439837225455E-5
"7703,2883",2023-04-04,4.1472968740683604E-5
"7708,2883",2023-04-04,4.147549669657408E-5
"7713,2883",2023-04-04,4.582283799820068E-5
"7718,2883",2023-04-04,4.6671024112308566E-5
"7723,2883",2023-04-04,4.668364817904829E-5
"7703,2888",2023-04-04,3.577714211035643E-5
"7708,2888",2023-04-04,3.5918161708945426E-5
"7713,2888",2023-04-04,4.72820229844966E-5
"7718,2888",2023-04-04,4.790616480989575E-5
"7723,2888",2023-04-04,4.739377775597555E-5
"7713,2843",2023-04-05,5.953588244327256E-5
"7718,2843",2023-04-05,6.04257072106719E-5
"7723,2843",2023-04-05,5.9869349348652036E-5
"7708,2848",2023-04-05,6.316372238523399E-5
"7713,2848",2023-04-05,7.317401244150654E-5
"7718,2848",2023-04-05,7.987637517372093E-5
"7723,2848",2023-04-05,7.644154923129737E-5
"7728,2848",2023-04-05,1.0725232331990802E-4
"7733,2848",2023-04-05,1.1864707482754393E-4
"7688,2853",2023-04-05,4.182509024656012E-5
"7693,2853",2023-04-05,3.1604267331591215E-5
"7698,2853",2023-04-05,3.819462867961498E-5
"7703,2853",2023-04-05,4.814021310391516E-5
"7708,2853",2023-04-05,6.26660551305485E-5
"7713,2853",2023-04-05,7.162115285281681E-5
"7718,2853",2023-04-05,8.289099461453156E-5
"7723,2853",2023-04-05,9.530212351657178E-5
"7728,2853",2023-04-05,1.263490996981561E-4
"7733,2853",2023-04-05,1.3555489454540566E-4
"7683,2858",2023-04-05,3.493920959425639E-5
"7688,2858",2023-04-05,3.748788115713161E-5
"7693,2858",2023-04-05,2.907112754720639E-5
"7698,2858",2023-04-05,4.5550032840292974E-5
"7703,2858",2023-04-05,5.955476746733438E-5
"7708,2858",2023-04-05,7.387441238983679E-5
"7713,2858",2023-04-05,6.00350008580525E-5
"7718,2858",2023-04-05,7.888757770151367E-5
"7723,2858",2023-04-05,1.0087503182922912E-4
"7728,2858",2023-04-05,1.304625022492058E-4
"7733,2858",2023-04-05,1.3989315102399294E-4
"7688,2863",2023-04-05,3.040514482241688E-5
"7693,2863",2023-04-05,2.7947772505607357E-5
"7698,2863",2023-04-05,4.418377082182956E-5
"7703,2863",2023-04-05,5.449119892991017E-5
"7708,2863",2023-04-05,6.314954333477774E-5
"7713,2863",2023-04-05,7.414453418069107E-5
"7718,2863",2023-04-05,8.735411378338253E-5
"7723,2863",2023-04-05,1.0273059346902008E-4
"7728,2863",2023-04-05,1.2352123694361861E-4
"7733,2863",2023-04-05,1.2743531555617693E-4
"7693,2868",2023-04-05,3.344758055600577E-5
"7698,2868",2023-04-05,4.515240828763879E-5
"7703,2868",2023-04-05,5.748571223829321E-5
"7708,2868",2023-04-05,6.9662403225202E-5
"7713,2868",2023-04-05,8.338978026886177E-5
"7718,2868",2023-04-05,8.361770354692597E-5
"7723,2868",2023-04-05,9.378451258841668E-5
"7728,2868",2023-04-05,1.0228276663043975E-4
"7733,2868",2023-04-05,9.726364692589128E-5
"7693,2873",2023-04-05,4.02251325087538E-5
"7698,2873",2023-04-05,4.8560510817386724E-5
"7703,2873",2023-04-05,5.0965267693772006E-5
"7708,2873",2023-04-05,5.6942467691750885E-5
"7713,2873",2023-04-05,6.368199323224775E-5
"7718,2873",2023-04-05,7.492966842454728E-5
"7723,2873",2023-04-05,7.294431581166698E-5
"7728,2873",2023-04-05,6.860317883472232E-5
"7733,2873",2023-04-05,5.9739221472908276E-5
"7693,2878",2023-04-05,3.4206648557891674E-5
"7698,2878",2023-04-05,3.3980769033507987E-5
"7703,2878",2023-04-05,3.6643144850801954E-5
"7708,2878",2023-04-05,4.346656388372505E-5
"7713,2878",2023-04-05,5.073982366616621E-5
"7718,2878",2023-04-05,6.0536748919117745E-5
"7723,2878",2023-04-05,5.052106109483711E-5
"7728,2878",2023-04-05,4.647533454231414E-5
"7693,2883",2023-04-05,3.60626580394051E-5
"7698,2883",2023-04-05,3.721461542119985E-5
"7703,2883",2023-04-05,4.091961183870542E-5
"7708,2883",2023-04-05,4.452346731634597E-5
"7713,2883",2023-04-05,4.380894796711687E-5
"7718,2883",2023-04-05,4.212825059831169E-5
"7723,2883",2023-04-05,3.6879475603308015E-5
"7703,2888",2023-04-05,3.889213504048048E-5
"7708,2888",2023-04-05,4.2942590996359635E-5
"7713,2888",2023-04-05,4.322976091856355E-5
"7718,2888",2023-04-05,4.5108337038935236E-5
"7723,2888",2023-04-05,4.927771729685281E-5
"7713,2843",2023-04-06,8.647899777143341E-5
"7718,2843",2023-04-06,7.993752478482832E-5
"7723,2843",2023-04-06,7.579476653994301E-5
"7708,2848",2023-04-06,7.192880334132706E-5
"7713,2848",2023-04-06,8.252124032272848E-5
"7718,2848",2023-04-06,8.465603635758656E-5
"7723,2848",2023-04-06,9.379567857057014E-5
"7728,2848",2023-04-06,1.1223406948137772E-4
"7733,2848",2023-04-06,1.5108912829734148E-4
"7688,2853",2023-04-06,3.5162528266453794E-5
"7693,2853",2023-04-06,3.0216735838428648E-5
"7698,2853",2023-04-06,4.0016949283022744E-5
"7703,2853",2023-04-06,5.352326769138117E-5
"7708,2853",2023-04-06,7.481633628148257E-5
"7713,2853",2023-04-06,9.276529724754918E-5
"7718,2853",2023-04-06,1.0506661737231388E-4
"7723,2853",2023-04-06,1.1920316812728285E-4
"7728,2853",2023-04-06,1.4493558734671392E-4
"7733,2853",2023-04-06,1.6056794536529939E-4
"7683,2858",2023-04-06,4.363513666239041E-5
"7688,2858",2023-04-06,3.339845174534765E-5
"7693,2858",2023-04-06,3.284529182941737E-5
"7698,2858",2023-04-06,4.350522082666813E-5
"7703,2858",2023-04-06,5.90191326999074E-5
"7708,2858",2023-04-06,7.824631532599514E-5
"7713,2858",2023-04-06,9.169954896922318E-5
"7718,2858",2023-04-06,1.0008832861107892E-4
"7723,2858",2023-04-06,1.1338831799414806E-4
"7728,2858",2023-04-06,1.4060947148052672E-4
"7733,2858",2023-04-06,1.5630768412994573E-4
"7688,2863",2023-04-06,3.6755256936472935E-5
"7693,2863",2023-04-06,4.1838211847142315E-5
"7698,2863",2023-04-06,5.025309954376001E-5
"7703,2863",2023-04-06,5.98677347416326E-5
"7708,2863",2023-04-06,7.07294167657476E-5
"7713,2863",2023-04-06,8.028500208960713E-5
"7718,2863",2023-04-06,8.985306342173062E-5
"7723,2863",2023-04-06,1.0872968103168861E-4
"7728,2863",2023-04-06,1.353493754330251E-4
"7733,2863",2023-04-06,1.421048627064998E-4
"7693,2868",2023-04-06,5.101122189773673E-5
"7698,2868",2023-04-06,5.10133278880072E-5
"7703,2868",2023-04-06,5.808508900587894E-5
"7708,2868",2023-04-06,6.405350791831444E-5
"7713,2868",2023-04-06,8.577683755135165E-5
"7718,2868",2023-04-06,9.455522268542078E-5
"7723,2868",2023-04-06,9.94604423102871E-5
"7728,2868",2023-04-06,1.0585926044562758E-4
"7733,2868",2023-04-06,1.1061500403862211E-4
"7693,2873",2023-04-06,4.541242931396245E-5
"7698,2873",2023-04-06,4.274222351182552E-5
"7703,2873",2023-04-06,4.908508035788988E-5
"7708,2873",2023-04-06,5.361684671520193E-5
"7713,2873",2023-04-06,6.809543596094291E-5
"7718,2873",2023-04-06,7.434079853262052E-5
"7723,2873",2023-04-06,7.70677131525184E-5
"7728,2873",2023-04-06,8.462800573964599E-5
"7733,2873",2023-04-06,8.03065483491696E-5
"7693,2878",2023-04-06,3.6931759752322404E-5
"7698,2878",2023-04-06,4.3124244816560635E-5
"7703,2878",2023-04-06,4.583693016204678E-5
"7708,2878",2023-04-06,4.44183901426054E-5
"7713,2878",2023-04-06,5.501659084682618E-5
"7718,2878",2023-04-06,5.898236818613592E-5
"7723,2878",2023-04-06,6.128236727816128E-5
"7728,2878",2023-04-06,7.386971541117253E-5
"7693,2883",2023-04-06,3.783519652942053E-5
"7698,2883",2023-04-06,4.573105995052065E-5
"7703,2883",2023-04-06,4.783014852930608E-5
"7708,2883",2023-04-06,4.529608592583361E-5
"7713,2883",2023-04-06,4.7898889909004005E-5
"7718,2883",2023-04-06,6.268213454811937E-5
"7723,2883",2023-04-06,5.357631668745052E-5
"7703,2888",2023-04-06,4.848288493940499E-5
"7708,2888",2023-04-06,4.582853654276323E-5
"7713,2888",2023-04-06,5.589656947723152E-5
"7718,2888",2023-04-06,4.766443624598608E-5
"7723,2888",2023-04-06,4.5492603844812346E-5
"7713,2843",2023-04-07,8.204926510537526E-5
"7718,2843",2023-04-07,7.622548551750277E-5
"7723,2843",2023-04-07,8.588249930957306E-5
"7708,2848",2023-04-07,6.952009623351523E-5
"7713,2848",2023-04-07,8.341796519021385E-5
"7718,2848",2023-04-07,8.839761072215251E-5
"7723,2848",2023-04-07,1.0224172381864753E-4
"7728,2848",2023-04-07,1.2234777806486622E-4
"7733,2848",2023-04-07,1.3488792606816365E-4
"7688,2853",2023-04-07,5.041852488510624E-5
"7693,2853",2023-04-07,5.450707819910634E-5
"7698,2853",2023-04-07,5.338603430765149E-5
"7703,2853",2023-04-07,5.3232406269226466E-5
"7708,2853",2023-04-07,6.805502152486442E-5
"7713,2853",2023-04-07,9.12971065343535E-5
"7718,2853",2023-04-07,1.1226335047707676E-4
"7723,2853",2023-04-07,1.135030447241102E-4
"7728,2853",2023-04-07,1.4739784570481156E-4
"7733,2853",2023-04-07,1.5200495724863807E-4
"7683,2858",2023-04-07,4.8196677638452225E-5
"7688,2858",2023-04-07,4.789383034081236E-5
"7693,2858",2023-04-07,4.844099997292131E-5
"7698,2858",2023-04-07,5.260756596115803E-5
"7703,2858",2023-04-07,5.84082708515531E-5
"7708,2858",2023-04-07,7.645407626073346E-5
"7713,2858",2023-04-07,9.299104933996354E-5
"7718,2858",2023-04-07,1.1567041256441802E-4
"7723,2858",2023-04-07,1.0731174460395884E-4
"7728,2858",2023-04-07,1.3540992520472557E-4
"7733,2858",2023-04-07,1.4811960274279073E-4
"7688,2863",2023-04-07,5.116033057494889E-5
"7693,2863",2023-04-07,5.473520431666272E-5
"7698,2863",2023-04-07,5.405718696657303E-5
"7703,2863",2023-04-07,6.141364349303326E-5
"7708,2863",2023-04-07,7.596307953805308E-5
"7713,2863",2023-04-07,8.383120352416924E-5
"7718,2863",2023-04-07,1.0563384079632748E-4
"7723,2863",2023-04-07,1.1206820240243236E-4
"7728,2863",2023-04-07,1.1263109364768271E-4
"7733,2863",2023-04-07,1.2519442864350656E-4
"7693,2868",2023-04-07,5.8457047741321855E-5
"7698,2868",2023-04-07,6.117727581083812E-5
"7703,2868",2023-04-07,5.296591235131536E-5
"7708,2868",2023-04-07,6.075796848641361E-5
"7713,2868",2023-04-07,8.232798222544596E-5
"7718,2868",2023-04-07,9.477190126838676E-5
"7723,2868",2023-04-07,1.0455752789462256E-4
"7728,2868",2023-04-07,9.381863705048242E-5
"7733,2868",2023-04-07,1.0002717009932927E-4
"7693,2873",2023-04-07,5.1156474961660316E-5
"7698,2873",2023-04-07,4.7867797113365075E-5
"7703,2873",2023-04-07,5.449118023504405E-5
"7708,2873",2023-04-07,5.326467353282454E-5
"7713,2873",2023-04-07,6.907800271608919E-5
"7718,2873",2023-04-07,7.297770338823332E-5
"7723,2873",2023-04-07,7.861560508762846E-5
"7728,2873",2023-04-07,6.874876525370491E-5
"7733,2873",2023-04-07,5.3760829252446353E-5
"7693,2878",2023-04-07,4.8099610233373925E-5
"7698,2878",2023-04-07,5.531004648838904E-5
"7703,2878",2023-04-07,5.861720246209464E-5
"7708,2878",2023-04-07,5.891456170944449E-5
"7713,2878",2023-04-07,7.203529037116929E-5
"7718,2878",2023-04-07,5.8747649813700826E-5
"7723,2878",2023-04-07,6.0066338102456524E-5
"7728,2878",2023-04-07,6.771811243880399E-5
"7693,2883",2023-04-07,4.6768181795945204E-5
"7698,2883",2023-04-07,4.0982418374579096E-5
"7703,2883",2023-04-07,5.4531003807085266E-5
"7708,2883",2023-04-07,4.7565251242212164E-5
"7713,2883",2023-04-07,5.88192545907518E-5
"7718,2883",2023-04-07,6.186398519036784E-5
"7723,2883",2023-04-07,6.0855377017222976E-5
"7703,2888",2023-04-07,5.144759541845247E-5
"7708,2888",2023-04-07,5.2351821459505745E-5
"7713,2888",2023-04-07,5.9358172076216865E-5
"7718,2888",2023-04-07,5.9457096602589226E-5
"7723,2888",2023-04-07,6.0005782082891286E-5
"7713,2843",2023-04-08,9.020754803804853E-5
"7718,2843",2023-04-08,8.659295873002662E-5
"7723,2843",2023-04-08,9.056919648040552E-5
"7708,2848",2023-04-08,1.0148567447293243E-4
"7713,2848",2023-04-08,1.085537242936594E-4
"7718,2848",2023-04-08,1.1936130982408975E-4
"7723,2848",2023-04-08,1.293643165279942E-4
"7728,2848",2023-04-08,1.6010523420186378E-4
"7733,2848",2023-04-08,1.6131611566256617E-4
"7688,2853",2023-04-08,5.2739223254614595E-5
"7693,2853",2023-04-08,5.507513025331636E-5
"7698,2853",2023-04-08,5.9474436049056536E-5
"7703,2853",2023-04-08,7.907873559013141E-5
"7708,2853",2023-04-08,9.692231209541671E-5
"7713,2853",2023-04-08,1.1721946505250111E-4
"7718,2853",2023-04-08,1.5946278889379114E-4
"7723,2853",2023-04-08,1.7436928234938097E-4
"7728,2853",2023-04-08,1.8655564020220064E-4
"7733,2853",2023-04-08,1.9663912478246154E-4
"7683,2858",2023-04-08,4.3274066668016484E-5
"7688,2858",2023-04-08,4.548237395109408E-5
"7693,2858",2023-04-08,5.4927284398314636E-5
"7698,2858",2023-04-08,6.246660052075501E-5
"7703,2858",2023-04-08,7.994350647120828E-5
"7708,2858",2023-04-08,1.0068023196747036E-4
"7713,2858",2023-04-08,1.1680807769377865E-4
"7718,2858",2023-04-08,1.3282869394666956E-4
"7723,2858",2023-04-08,1.789534562304335E-4
"7728,2858",2023-04-08,1.9639116074527047E-4
"7733,2858",2023-04-08,2.033951268975943E-4
"7688,2863",2023-04-08,4.5712289938986874E-5
"7693,2863",2023-04-08,5.9217552096166506E-5
"7698,2863",2023-04-08,6.499230938888218E-5
"7703,2863",2023-04-08,7.321129151252969E-5
"7708,2863",2023-04-08,9.884081868967982E-5
"7713,2863",2023-04-08,1.1706743009799229E-4
"7718,2863",2023-04-08,1.336837045618803E-4
"7723,2863",2023-04-08,1.737854795967315E-4
"7728,2863",2023-04-08,1.9320258698350505E-4
"7733,2863",2023-04-08,1.977216555628572E-4
"7693,2868",2023-04-08,5.913117845925963E-5
"7698,2868",2023-04-08,6.29326387069528E-5
"7703,2868",2023-04-08,7.462760648349193E-5
"7708,2868",2023-04-08,8.984834138232395E-5
"7713,2868",2023-04-08,1.1742973664988805E-4
"7718,2868",2023-04-08,1.289015812417511E-4
"7723,2868",2023-04-08,1.4550505967814948E-4
"7728,2868",2023-04-08,1.497791514795221E-4
"7733,2868",2023-04-08,1.4256203907681808E-4
"7693,2873",2023-04-08,5.4881239050965755E-5
"7698,2873",2023-04-08,5.0023938369461356E-5
"7703,2873",2023-04-08,5.3186155699804356E-5
"7708,2873",2023-04-08,7.446180531651413E-5
"7713,2873",2023-04-08,1.0579365319292575E-4
"7718,2873",2023-04-08,9.93854792239834E-5
"7723,2873",2023-04-08,1.0054943243425082E-4
"7728,2873",2023-04-08,9.185795191625955E-5
"7733,2873",2023-04-08,8.007583560508252E-5
"7693,2878",2023-04-08,5.3066308253649104E-5
"7698,2878",2023-04-08,5.290132509780276E-5
"7703,2878",2023-04-08,5.4956448845472766E-5
"7708,2878",2023-04-08,6.140396949600613E-5
"7713,2878",2023-04-08,7.439445237301404E-5
"7718,2878",2023-04-08,6.715946299688756E-5
"7723,2878",2023-04-08,6.781785067697423E-5
"7728,2878",2023-04-08,6.20491599520789E-5
"7693,2883",2023-04-08,5.41122926895299E-5
"7698,2883",2023-04-08,4.902074924108367E-5
"7703,2883",2023-04-08,4.4795017696188624E-5
"7708,2883",2023-04-08,5.1264403650604426E-5
"7713,2883",2023-04-08,6.206076058754181E-5
"7718,2883",2023-04-08,6.558621893090312E-5
"7723,2883",2023-04-08,5.779377347235801E-5
"7703,2888",2023-04-08,4.528507655015831E-5
"7708,2888",2023-04-08,5.212500069015335E-5
"7713,2888",2023-04-08,6.773356792808342E-5
"7718,2888",2023-04-08,6.158278034199291E-5
"7723,2888",2023-04-08,4.425426353330876E-5
"7713,2843",2023-04-09,9.249246671788265E-5
"7718,2843",2023-04-09,1.054318758237646E-4
"7723,2843",2023-04-09,1.0462153098932337E-4
"7708,2848",2023-04-09,9.980148927785891E-5
"7713,2848",2023-04-09,1.0943845917127661E-4
"7718,2848",2023-04-09,1.281561508517453E-4
"7723,2848",2023-04-09,1.2024937406833349E-4
"7728,2848",2023-04-09,1.5729638504871686E-4
"7733,2848",2023-04-09,2.1114711190468367E-4
"7688,2853",2023-04-09,6.352107120430733E-5
"7693,2853",2023-04-09,6.621861488553863E-5
"7698,2853",2023-04-09,8.359337009143246E-5
"7703,2853",2023-04-09,9.864947145638733E-5
"7708,2853",2023-04-09,1.00188374691173E-4
"7713,2853",2023-04-09,1.245175262197127E-4
"7718,2853",2023-04-09,1.4347281125884134E-4
"7723,2853",2023-04-09,1.3777790265309084E-4
"7728,2853",2023-04-09,2.0196050032821194E-4
"7733,2853",2023-04-09,2.185708758448854E-4
"7683,2858",2023-04-09,6.50537399700804E-5
"7688,2858",2023-04-09,6.134537292183819E-5
"7693,2858",2023-04-09,6.171072058469035E-5
"7698,2858",2023-04-09,8.799516909062574E-5
"7703,2858",2023-04-09,9.057750776375258E-5
"7708,2858",2023-04-09,9.514118296145518E-5
"7713,2858",2023-04-09,1.154845311784149E-4
"7718,2858",2023-04-09,1.2267645051081762E-4
"7723,2858",2023-04-09,1.4419886585993763E-4
"7728,2858",2023-04-09,1.9448099910717923E-4
"7733,2858",2023-04-09,2.0459669904171335E-4
"7688,2863",2023-04-09,6.53720456891936E-5
"7693,2863",2023-04-09,7.151366033803645E-5
"7698,2863",2023-04-09,8.550453278523561E-5
"7703,2863",2023-04-09,8.866616043914219E-5
"7708,2863",2023-04-09,9.833463706827831E-5
"7713,2863",2023-04-09,1.0502807086735205E-4
"7718,2863",2023-04-09,1.0755807131148492E-4
"7723,2863",2023-04-09,1.3297431568650223E-4
"7728,2863",2023-04-09,1.5655282951682907E-4
"7733,2863",2023-04-09,1.7343059931606493E-4
"7693,2868",2023-04-09,7.499064464318731E-5
"7698,2868",2023-04-09,7.927898079607113E-5
"7703,2868",2023-04-09,8.122596898019402E-5
"7708,2868",2023-04-09,1.0382806604101701E-4
"7713,2868",2023-04-09,1.0997105298429662E-4
"7718,2868",2023-04-09,1.0802641809998691E-4
"7723,2868",2023-04-09,1.1619015642019588E-4
"7728,2868",2023-04-09,1.2551318992318962E-4
"7733,2868",2023-04-09,1.3092170299917712E-4
"7693,2873",2023-04-09,7.166293886719356E-5
"7698,2873",2023-04-09,7.62325324062444E-5
"7703,2873",2023-04-09,8.236932134250214E-5
"7708,2873",2023-04-09,9.837573273893938E-5
"7713,2873",2023-04-09,1.0259569371239967E-4
"7718,2873",2023-04-09,1.0114227495327232E-4
"7723,2873",2023-04-09,1.0038175835050219E-4
"7728,2873",2023-04-09,1.0658028531885455E-4
"7733,2873",2023-04-09,9.225042799011934E-5
"7693,2878",2023-04-09,6.276478480365602E-5
"7698,2878",2023-04-09,6.700671722137536E-5
"7703,2878",2023-04-09,8.194001044917608E-5
"7708,2878",2023-04-09,8.953118209420412E-5
"7713,2878",2023-04-09,9.213437610646705E-5
"7718,2878",2023-04-09,8.4472398405371E-5
"7723,2878",2023-04-09,8.797649920999523E-5
"7728,2878",2023-04-09,9.21778655178846E-5
"7693,2883",2023-04-09,5.693423612394808E-5
"7698,2883",2023-04-09,5.953132726821774E-5
"7703,2883",2023-04-09,7.822941820320801E-5
"7708,2883",2023-04-09,8.409162477586217E-5
"7713,2883",2023-04-09,8.498430237076055E-5
"7718,2883",2023-04-09,7.52098320784113E-5
"7723,2883",2023-04-09,7.397767411966264E-5
"7703,2888",2023-04-09,6.759633860784343E-5
"7708,2888",2023-04-09,7.272008115173721E-5
"7713,2888",2023-04-09,7.282522953914691E-5
"7718,2888",2023-04-09,7.787928374444092E-5
"7723,2888",2023-04-09,7.953721253064016E-5
"7713,2843",2023-04-09,7.086201164818506E-5
"7718,2843",2023-04-09,7.197908552730019E-5
"7723,2843",2023-04-09,8.430837250044197E-5
"7708,2848",2023-04-09,6.327797615662288E-5
"7713,2848",2023-04-09,7.525292559202039E-5
"7718,2848",2023-04-09,8.019685863886509E-5
"7723,2848",2023-04-09,8.99918515831243E-5
"7728,2848",2023-04-09,1.0308725058093343E-4
"7733,2848",2023-04-09,1.1414370206489718E-4
"7688,2853",2023-04-09,4.6972120634408316E-5
"7693,2853",2023-04-09,5.2962857233592764E-5
"7698,2853",2023-04-09,5.7221206684902984E-5
"7703,2853",2023-04-09,6.941941250019528E-5
"7708,2853",2023-04-09,7.326698783411884E-5
"7713,2853",2023-04-09,8.356024615431513E-5
"7718,2853",2023-04-09,9.260455231633657E-5
"7723,2853",2023-04-09,1.0414262702452161E-4
"7728,2853",2023-04-09,1.2124648492011368E-4
"7733,2853",2023-04-09,1.291072152313997E-4
"7683,2858",2023-04-09,6.10554084021709E-5
"7688,2858",2023-04-09,5.3877557603590755E-5
"7693,2858",2023-04-09,5.9219743881147656E-5
"7698,2858",2023-04-09,6.317242684378225E-5
"7703,2858",2023-04-09,8.642673012066292E-5
"7708,2858",2023-04-09,8.718605635994646E-5
"7713,2858",2023-04-09,8.843254601324546E-5
"7718,2858",2023-04-09,9.63893629336466E-5
"7723,2858",2023-04-09,1.0177440494069563E-4
"7728,2858",2023-04-09,1.1793415282117584E-4
"7733,2858",2023-04-09,1.2166608639685771E-4
"7688,2863",2023-04-09,5.236638451986303E-5
"7693,2863",2023-04-09,5.797572360268489E-5
"7698,2863",2023-04-09,6.429203651249118E-5
"7703,2863",2023-04-09,8.936276394808877E-5
"7708,2863",2023-04-09,8.751635419337971E-5
"7713,2863",2023-04-09,8.492562773194156E-5
"7718,2863",2023-04-09,9.777616272772652E-5
"7723,2863",2023-04-09,1.0313198641726048E-4
"7728,2863",2023-04-09,1.1810606559222318E-4
"7733,2863",2023-04-09,1.2293108378304214E-4
"7693,2868",2023-04-09,5.342541561958798E-5
"7698,2868",2023-04-09,5.8943675073435874E-5
"7703,2868",2023-04-09,6.985899009836463E-5
"7708,2868",2023-04-09,7.70976806199693E-5
"7713,2868",2023-04-09,8.148773033650212E-5
"7718,2868",2023-04-09,1.0134835948743172E-4
"7723,2868",2023-04-09,1.0458082804918524E-4
"7728,2868",2023-04-09,1.1033448332679202E-4
"7733,2868",2023-04-09,1.1248832095206845E-4
"7693,2873",2023-04-09,5.4531005861885105E-5
"7698,2873",2023-04-09,5.708312243361256E-5
"7703,2873",2023-04-09,5.971782181925971E-5
"7708,2873",2023-04-09,6.839159674474084E-5
"7713,2873",2023-04-09,7.187631059093774E-5
"7718,2873",2023-04-09,8.373928505699574E-5
"7723,2873",2023-04-09,8.523151078449369E-5
"7728,2873",2023-04-09,8.746604266216623E-5
"7733,2873",2023-04-09,8.342096092292857E-5
"7693,2878",2023-04-09,5.641659795828665E-5
"7698,2878",2023-04-09,6.031397368249341E-5
"7703,2878",2023-04-09,6.267996671299367E-5
"7708,2878",2023-04-09,6.532055685734606E-5
"7713,2878",2023-04-09,6.659999709918806E-5
"7718,2878",2023-04-09,7.042610967095803E-5
"7723,2878",2023-04-09,6.802936641377794E-5
"7728,2878",2023-04-09,6.519567578236769E-5
"7693,2883",2023-04-09,4.7298071616180136E-5
"7698,2883",2023-04-09,5.050019282301794E-5
"7703,2883",2023-04-09,5.1772436417989466E-5
"7708,2883",2023-04-09,5.6479116613491046E-5
"7713,2883",2023-04-09,6.130080444035599E-5
"7718,2883",2023-04-09,7.198143346356544E-5
"7723,2883",2023-04-09,6.474568099216719E-5
"7703,2888",2023-04-09,4.715474096471918E-5
"7708,2888",2023-04-09,5.567950278676325E-5
"7713,2888",2023-04-09,6.25309885663843E-5
"7718,2888",2023-04-09,7.10697026895081E-5
"7723,2888",2023-04-09,6.047612295255541E-5
"7713,2843",2023-04-10,7.393443519566373E-5
"7718,2843",2023-04-10,7.66345344145717E-5
"7723,2843",2023-04-10,8.060785576259368E-5
"7708,2848",2023-04-10,6.17639477798784E-5
"7713,2848",2023-04-10,6.595501966113604E-5
"7718,2848",2023-04-10,7.222637743611232E-5
"7723,2848",2023-04-10,7.851313448266948E-5
"7728,2848",2023-04-10,9.408245932620947E-5
"7733,2848",2023-04-10,1.2608466154956477E-4
"7688,2853",2023-04-10,5.379233824459328E-5
"7693,2853",2023-04-10,6.121064052281758E-5
"7698,2853",2023-04-10,5.948912689558929E-5
"7703,2853",2023-04-10,5.8528433698464294E-5
"7708,2853",2023-04-10,6.140439094723194E-5
"7713,2853",2023-04-10,6.381697409769029E-5
"7718,2853",2023-04-10,7.158972560900663E-5
"7723,2853",2023-04-10,7.953975821837488E-5
"7728,2853",2023-04-10,9.058757105038412E-5
"7733,2853",2023-04-10,1.7210650706537287E-4
"7683,2858",2023-04-10,4.246681323405609E-5
"7688,2858",2023-04-10,4.764032841117294E-5
"7693,2858",2023-04-10,5.167687494332477E-5
"7698,2858",2023-04-10,5.964315813874137E-5
"7703,2858",2023-04-10,6.232169466689583E-5
"7708,2858",2023-04-10,7.068216664704505E-5
"7713,2858",2023-04-10,7.877874307444159E-5
"7718,2858",2023-04-10,8.867923302083823E-5
"7723,2858",2023-04-10,9.809014117801485E-5
"7728,2858",2023-04-10,1.0272523301207483E-4
"7733,2858",2023-04-10,1.4867632399266482E-4
"7688,2863",2023-04-10,4.105076817127401E-5
"7693,2863",2023-04-10,4.3315839073780916E-5
"7698,2863",2023-04-10,6.0480582709102294E-5
"7703,2863",2023-04-10,6.374270617925964E-5
"7708,2863",2023-04-10,6.91140304000005E-5
"7713,2863",2023-04-10,8.016477475103018E-5
"7718,2863",2023-04-10,8.718050097295357E-5
"7723,2863",2023-04-10,1.1126908901237791E-4
"7728,2863",2023-04-10,1.1633790540424051E-4
"7733,2863",2023-04-10,1.3509441485909157E-4
"7693,2868",2023-04-10,3.6266324687285015E-5
"7698,2868",2023-04-10,5.021758645653698E-5
"7703,2868",2023-04-10,6.41826546458829E-5
"7708,2868",2023-04-10,7.496253724466399E-5
"7713,2868",2023-04-10,7.963897953747657E-5
"7718,2868",2023-04-10,8.270111841869009E-5
"7723,2868",2023-04-10,1.0316204049651548E-4
"7728,2868",2023-04-10,1.1078818645354772E-4
"7733,2868",2023-04-10,1.2870757301648763E-4
"7693,2873",2023-04-10,3.852162818143732E-5
"7698,2873",2023-04-10,4.9579939346965765E-5
"7703,2873",2023-04-10,5.748814711800737E-5
"7708,2873",2023-04-10,5.925043595586311E-5
"7713,2873",2023-04-10,6.216422988862907E-5
"7718,2873",2023-04-10,6.876634321544955E-5
"7723,2873",2023-04-10,8.852332625923369E-5
"7728,2873",2023-04-10,9.137782445407538E-5
"7733,2873",2023-04-10,9.660288948183811E-5
"7693,2878",2023-04-10,5.503496295770569E-5
"7698,2878",2023-04-10,5.498460930755002E-5
"7703,2878",2023-04-10,5.5428535228928125E-5
"7708,2878",2023-04-10,5.868005833352003E-5
"7713,2878",2023-04-10,7.210301664504314E-5
"7718,2878",2023-04-10,7.083538258330404E-5
"7723,2878",2023-04-10,7.108013368120652E-5
"7728,2878",2023-04-10,7.524141250307974E-5
"7693,2883",2023-04-10,5.090184441796494E-5
"7698,2883",2023-04-10,4.974203094052466E-5
"7703,2883",2023-04-10,6.82803126467107E-5
"7708,2883",2023-04-10,6.049416272883984E-5
"7713,2883",2023-04-10,4.938288169300442E-5
"7718,2883",2023-04-10,5.8187260577467824E-5
"7723,2883",2023-04-10,6.317111552177269E-5
"7703,2888",2023-04-10,6.218271841111747E-5
"7708,2888",2023-04-10,5.408793313794545E-5
"7713,2888",2023-04-10,4.727437116143147E-5
"7718,2888",2023-04-10,6.118490493835406E-5
"7723,2888",2023-04-10,6.47868485310796E-5
"7713,2843",2023-04-11,7.560612578966415E-5
"7718,2843",2023-04-11,8.133514392690316E-5
"7723,2843",2023-04-11,8.325587426635585E-5
"7708,2848",2023-04-11,7.418503094128185E-5
"7713,2848",2023-04-11,7.852842898779073E-5
"7718,2848",2023-04-11,8.892466974869481E-5
"7723,2848",2023-04-11,8.495486543344686E-5
"7728,2848",2023-04-11,9.36413679397786E-5
"7733,2848",2023-04-11,1.1828458207679596E-4
"7688,2853",2023-04-11,4.4975629108382944E-5
"7693,2853",2023-04-11,4.723981215891491E-5
"7698,2853",2023-04-11,5.266576593603038E-5
"7703,2853",2023-04-11,6.59409324336395E-5
"7708,2853",2023-04-11,7.6119374666479E-5
"7713,2853",2023-04-11,8.677390854207242E-5
"7718,2853",2023-04-11,9.447532863433896E-5
"7723,2853",2023-04-11,1.032061234996774E-4
"7728,2853",2023-04-11,1.3511568253530258E-4
"7733,2853",2023-04-11,1.413663629966749E-4
"7683,2858",2023-04-11,4.583625412552851E-5
"7688,2858",2023-04-11,4.770328152428915E-5
"7693,2858",2023-04-11,4.963597122703997E-5
"7698,2858",2023-04-11,5.808520977084889E-5
"7703,2858",2023-04-11,6.534751293357055E-5
"7708,2858",2023-04-11,7.850727835651743E-5
"7713,2858",2023-04-11,9.618457774484936E-5
"7718,2858",2023-04-11,9.136919701000758E-5
"7723,2858",2023-04-11,1.1411027021679525E-4
"7728,2858",2023-04-11,1.2789574064213068E-4
"7733,2858",2023-04-11,1.5839724184374675E-4
"7688,2863",2023-04-11,4.038595740067547E-5
"7693,2863",2023-04-11,5.855492775679452E-5
"7698,2863",2023-04-11,6.642006937214195E-5
"7703,2863",2023-04-11,6.883788598323481E-5
"7708,2863",2023-04-11,7.988218505985868E-5
"7713,2863",2023-04-11,8.720033897391885E-5
"7718,2863",2023-04-11,9.885974295531817E-5
"7723,2863",2023-04-11,1.2268437678211367E-4
"7728,2863",2023-04-11,1.4516170454079182E-4
"7733,2863",2023-04-11,1.4492256996340963E-4
"7693,2868",2023-04-11,5.2759906386609865E-5
"7698,2868",2023-04-11,6.471361888528581E-5
"7703,2868",2023-04-11,6.838299419033575E-5
"7708,2868",2023-04-11,7.634212789947571E-5
"7713,2868",2023-04-11,8.608973623144126E-5
"7718,2868",2023-04-11,9.960768395222485E-5
"7723,2868",2023-04-11,1.0930607945116476E-4
"7728,2868",2023-04-11,1.0676998831546395E-4
"7733,2868",2023-04-11,1.0025690976852451E-4
"7693,2873",2023-04-11,5.525926597340604E-5
"7698,2873",2023-04-11,5.781149214254384E-5
"7703,2873",2023-04-11,6.157702991177371E-5
"7708,2873",2023-04-11,6.548585943838812E-5
"7713,2873",2023-04-11,7.608934508367416E-5
"7718,2873",2023-04-11,8.797201308168274E-5
"7723,2873",2023-04-11,7.873026691266401E-5
"7728,2873",2023-04-11,6.728914271353504E-5
"7733,2873",2023-04-11,7.246217479351583E-5
"7693,2878",2023-04-11,4.8910500616533035E-5
"7698,2878",2023-04-11,5.1078471494764816E-5
"7703,2878",2023-04-11,5.683835493724391E-5
"7708,2878",2023-04-11,5.948263045703584E-5
"7713,2878",2023-04-11,7.523158684083706E-5
"7718,2878",2023-04-11,6.474561099764028E-5
"7723,2878",2023-04-11,5.631397395803379E-5
"7728,2878",2023-04-11,6.147619396675995E-5
"7693,2883",2023-04-11,4.875084034946145E-5
"7698,2883",2023-04-11,5.112493456088274E-5
"7703,2883",2023-04-11,5.5523173304512814E-5
"7708,2883",2023-04-11,5.721956066375482E-5
"7713,2883",2023-04-11,6.08475189962734E-5
"7718,2883",2023-04-11,6.182260774296967E-5
"7723,2883",2023-04-11,6.224714561151056E-5
"7703,2888",2023-04-11,4.7580936751769E-5
"7708,2888",2023-04-11,5.4478301407523854E-5
"7713,2888",2023-04-11,5.538652279512137E-5
"7718,2888",2023-04-11,5.898199899472371E-5
"7723,2888",2023-04-11,6.310724556824859E-5
"7713,2843",2023-04-12,4.542445620182385E-5
"7718,2843",2023-04-12,5.2737580439293994E-5
"7723,2843",2023-04-12,5.749083011594255E-5
"7708,2848",2023-04-12,4.791906745321569E-5
"7713,2848",2023-04-12,4.817780236118683E-5
"7718,2848",2023-04-12,6.0726017421665586E-5
"7723,2848",2023-04-12,7.419783524173342E-5
"7728,2848",2023-04-12,8.547239961131531E-5
"7733,2848",2023-04-12,9.458513455317277E-5
"7688,2853",2023-04-12,3.6874094525421256E-5
"7698,2853",2023-04-12,2.2907617879180925E-5
"7703,2853",2023-04-12,2.260097202497049E-5
"7708,2853",2023-04-12,2.9603330083110002E-5
"7713,2853",2023-04-12,5.2499562963665526E-5
"7718,2853",2023-04-12,6.448508324029322E-5
"7723,2853",2023-04-12,8.400687479538153E-5
"7728,2853",2023-04-12,1.0348161586466834E-4
"7733,2853",2023-04-12,1.2151824966443048E-4
"7683,2858",2023-04-12,2.5979210563673573E-5
"7688,2858",2023-04-12,3.588952695423667E-5
"7708,2858",2023-04-12,4.625782183290797E-5
"7713,2858",2023-04-12,5.59018031578932E-5
"7718,2858",2023-04-12,5.954878453313724E-5
"7723,2858",2023-04-12,8.530609141102132E-5
"7728,2858",2023-04-12,1.0363783641702831E-4
"7733,2858",2023-04-12,1.0646708801083502E-4
"7688,2863",2023-04-12,2.727939942122678E-5
"7693,2863",2023-04-12,1.9170031514524786E-5
"7708,2863",2023-04-12,6.055131733168015E-5
"7713,2863",2023-04-12,6.0551314955911026E-5
"7728,2863",2023-04-12,1.0660215617943048E-4
"7733,2863",2023-04-12,1.0660215588917678E-4
"7693,2868",2023-04-12,1.8928845692147512E-5
"7708,2868",2023-04-12,6.040516946847715E-5
"7713,2868",2023-04-12,6.299862404779332E-5
"7718,2868",2023-04-12,6.45096295971435E-5
"7703,2873",2023-04-12,4.1044823929163586E-5
"7708,2873",2023-04-12,4.275252906186232E-5
"7713,2873",2023-04-12,5.7905689876624985E-5
"7718,2873",2023-04-12,5.556661341636291E-5
"7723,2873",2023-04-12,5.456876152426004E-5
"7693,2878",2023-04-12,3.6328576208266676E-5
"7698,2878",2023-04-12,3.9377313293838815E-5
"7703,2878",2023-04-12,3.5967786525811206E-5
"7708,2878",2023-04-12,4.1044823683211625E-5
"7713,2878",2023-04-12,3.0314975738632576E-5
"7718,2878",2023-04-12,4.529469480147879E-5
"7723,2878",2023-04-12,5.173518370234856E-5
"7693,2883",2023-04-12,3.911131748419998E-5
"7698,2883",2023-04-12,3.729746356377728E-5
"7703,2883",2023-04-12,3.481921724507212E-5
"7713,2883",2023-04-12,2.9388591679948235E-5
"7718,2883",2023-04-12,3.321299823940734E-5
"7723,2883",2023-04-12,3.6795688765935626E-5
"7703,2888",2023-04-12,4.277076787478891E-5
"7708,2888",2023-04-12,5.928591595988537E-5
"7713,2888",2023-04-12,4.431685385312538E-5
"7718,2888",2023-04-12,3.2651967401023285E-5
"7723,2888",2023-04-12,4.4955176260547864E-5
"7713,2843",2023-04-13,8.591063352067081E-5
"7718,2843",2023-04-13,9.086009079161086E-5
"7723,2843",2023-04-13,1.0135223024470579E-4
"7708,2848",2023-04-13,9.327992919205991E-5
"7713,2848",2023-04-13,9.35051600475513E-5
"7718,2848",2023-04-13,1.0865197999280105E-4
"7723,2848",2023-04-13,1.307381454500573E-4
"7728,2848",2023-04-13,1.42786654405199E-4
"7733,2848",2023-04-13,1.8081307052162382E-4
"7688,2853",2023-04-13,5.9221216267903326E-5
"7693,2853",2023-04-13,6.13292351921317E-5
"7698,2853",2023-04-13,5.90632161037524E-5
"7703,2853",2023-04-13,7.559061144289934E-5
"7708,2853",2023-04-13,9.168709977443802E-5
"7713,2853",2023-04-13,1.0975691649669617E-4
"7718,2853",2023-04-13,1.2844581553542422E-4
"7723,2853",2023-04-13,1.5642086668148908E-4
"7728,2853",2023-04-13,1.6949245015029913E-4
"7733,2853",2023-04-13,1.7790459290793577E-4
"7683,2858",2023-04-13,6.265103382028036E-5
"7688,2858",2023-04-13,6.505452327221163E-5
"7693,2858",2023-04-13,6.632776449497899E-5
"7698,2858",2023-04-13,6.720052424696261E-5
"7703,2858",2023-04-13,7.637050793177969E-5
"7708,2858",2023-04-13,9.773634124291522E-5
"7713,2858",2023-04-13,1.0181867104636207E-4
"7718,2858",2023-04-13,1.2392427833321485E-4
"7723,2858",2023-04-13,1.3881548374754593E-4
"7728,2858",2023-04-13,1.5092263391071865E-4
"7733,2858",2023-04-13,1.551791850126482E-4
"7688,2863",2023-04-13,6.115108289779713E-5
"7693,2863",2023-04-13,5.495480723063015E-5
"7698,2863",2023-04-13,6.778254632092369E-5
"7703,2863",2023-04-13,7.700754317004715E-5
"7708,2863",2023-04-13,8.996207703391345E-5
"7713,2863",2023-04-13,9.346437366003664E-5
"7718,2863",2023-04-13,1.1514644163925774E-4
"7723,2863",2023-04-13,1.2027664537787725E-4
"7728,2863",2023-04-13,1.408075886680782E-4
"7733,2863",2023-04-13,1.4713129780219317E-4
"7693,2868",2023-04-13,5.423928401993829E-5
"7698,2868",2023-04-13,5.577958450827351E-5
"7703,2868",2023-04-13,6.389136100672908E-5
"7708,2868",2023-04-13,7.552002717569124E-5
"7713,2868",2023-04-13,8.43849269570167E-5
"7718,2868",2023-04-13,9.441996045306299E-5
"7723,2868",2023-04-13,1.0537469674582034E-4
"7728,2868",2023-04-13,1.0686668085182051E-4
"7733,2868",2023-04-13,1.0368517979325433E-4
"7693,2873",2023-04-13,5.021258432331326E-5
"7698,2873",2023-04-13,4.645110952230526E-5
"7703,2873",2023-04-13,5.8516031813491884E-5
"7708,2873",2023-04-13,5.729361601593989E-5
"7713,2873",2023-04-13,6.975480371309701E-5
"7718,2873",2023-04-13,7.23400149678565E-5
"7723,2873",2023-04-13,7.377744057395309E-5
"7728,2873",2023-04-13,7.377487906887705E-5
"7733,2873",2023-04-13,6.397307411190556E-5
"7693,2878",2023-04-13,4.752567903905479E-5
"7698,2878",2023-04-13,4.4885049807292535E-5
"7703,2878",2023-04-13,4.702349121755765E-5
"7708,2878",2023-04-13,5.598172493361407E-5
"7713,2878",2023-04-13,7.108606260882491E-5
"7718,2878",2023-04-13,6.714465260125294E-5
"7723,2878",2023-04-13,6.0856196914099204E-5
"7728,2878",2023-04-13,6.225902799321402E-5
"7693,2883",2023-04-13,4.608382051278007E-5
"7698,2883",2023-04-13,4.342904004871868E-5
"7703,2883",2023-04-13,4.329657156501275E-5
"7708,2883",2023-04-13,5.281938969917288E-5
"7713,2883",2023-04-13,6.735878145676318E-5
"7718,2883",2023-04-13,6.411690039205312E-5
"7723,2883",2023-04-13,5.769464869250412E-5
"7703,2888",2023-04-13,4.6829460137889625E-5
"7708,2888",2023-04-13,5.513961600916091E-5
"7713,2888",2023-04-13,5.891849240680421E-5
"7718,2888",2023-04-13,5.919413150667518E-5
"7723,2888",2023-04-13,5.671218976181609E-5
"7713,2843",2023-04-14,9.315032065294418E-5
"7718,2843",2023-04-14,8.43440620907503E-5
"7723,2843",2023-04-14,1.0535188723477938E-4
"7708,2848",2023-04-14,1.0213120050562442E-4
"7713,2848",2023-04-14,1.109043494190673E-4
"7718,2848",2023-04-14,1.0975507574678338E-4
"7723,2848",2023-04-14,1.2700341912101826E-4
"7728,2848",2023-04-14,1.1979345774488152E-4
"7733,2848",2023-04-14,1.4289017516761645E-4
"7688,2853",2023-04-14,6.641262625103112E-5
"7693,2853",2023-04-14,6.922715176362763E-5
"7698,2853",2023-04-14,7.395157359612012E-5
"7703,2853",2023-04-14,7.520741746330001E-5
"7708,2853",2023-04-14,1.0270368571250729E-4
"7713,2853",2023-04-14,1.1509705637200015E-4
"7718,2853",2023-04-14,1.3246858723241483E-4
"7723,2853",2023-04-14,1.3824390002788338E-4
"7728,2853",2023-04-14,1.4854213829471605E-4
"7733,2853",2023-04-14,1.7140771019515794E-4
"7683,2858",2023-04-14,6.763988891520435E-5
"7688,2858",2023-04-14,6.485961072056858E-5
"7693,2858",2023-04-14,6.792093885275498E-5
"7698,2858",2023-04-14,7.083213106101144E-5
"7703,2858",2023-04-14,7.742189970905588E-5
"7708,2858",2023-04-14,9.5141379315242E-5
"7713,2858",2023-04-14,1.0215296136305747E-4
"7718,2858",2023-04-14,1.4533078376901187E-4
"7723,2858",2023-04-14,1.457898316532433E-4
"7728,2858",2023-04-14,1.5815048734991845E-4
"7733,2858",2023-04-14,1.6759117878980108E-4
"7688,2863",2023-04-14,6.918076699178393E-5
"7693,2863",2023-04-14,6.422758280449858E-5
"7698,2863",2023-04-14,6.611633435518783E-5
"7703,2863",2023-04-14,8.363970829936895E-5
"7708,2863",2023-04-14,9.252515388505249E-5
"7713,2863",2023-04-14,1.0330732049925561E-4
"7718,2863",2023-04-14,1.3252594344660503E-4
"7723,2863",2023-04-14,1.4408242652992108E-4
"7728,2863",2023-04-14,1.6653224043157745E-4
"7733,2863",2023-04-14,1.6567766189882804E-4
"7693,2868",2023-04-14,6.440673145086444E-5
"7698,2868",2023-04-14,6.353105589947098E-5
"7703,2868",2023-04-14,7.334731513244672E-5
"7708,2868",2023-04-14,8.361605633863521E-5
"7713,2868",2023-04-14,9.298895846310517E-5
"7718,2868",2023-04-14,1.042620585440354E-4
"7723,2868",2023-04-14,1.2388151591368775E-4
"7728,2868",2023-04-14,1.4111604166931196E-4
"7733,2868",2023-04-14,1.4338779506846032E-4
"7693,2873",2023-04-14,6.615249442854623E-5
"7698,2873",2023-04-14,6.784218640709007E-5
"7703,2873",2023-04-14,7.024201772131195E-5
"7708,2873",2023-04-14,7.202952558600542E-5
"7713,2873",2023-04-14,8.609014204026125E-5
"7718,2873",2023-04-14,8.90770357718542E-5
"7723,2873",2023-04-14,9.645632101163662E-5
"7728,2873",2023-04-14,1.0745999836750704E-4
"7733,2873",2023-04-14,1.0718576098375953E-4
"7693,2878",2023-04-14,6.375359243251969E-5
"7698,2878",2023-04-14,7.23369096836695E-5
"7703,2878",2023-04-14,7.219564128716096E-5
"7708,2878",2023-04-14,7.436880499691581E-5
"7713,2878",2023-04-14,8.035169786029257E-5
"7718,2878",2023-04-14,8.229622463102424E-5
"7723,2878",2023-04-14,8.150613309532323E-5
"7728,2878",2023-04-14,8.748746708659648E-5
"7693,2883",2023-04-14,5.64027913735982E-5
"7698,2883",2023-04-14,6.180047394339607E-5
"7703,2883",2023-04-14,6.687631319806936E-5
"7708,2883",2023-04-14,7.007506597919393E-5
"7713,2883",2023-04-14,7.229541239848397E-5
"7718,2883",2023-04-14,7.468766959609234E-5
"7723,2883",2023-04-14,7.673638441221508E-5
"7703,2888",2023-04-14,5.955732199754028E-5
"7708,2888",2023-04-14,6.66787686496216E-5
"7713,2888",2023-04-14,6.789028361292136E-5
"7718,2888",2023-04-14,6.711026038915779E-5
"7723,2888",2023-04-14,6.854847110522122E-5
"7713,2843",2023-04-15,9.754170570300997E-5
"7718,2843",2023-04-15,9.216634510186374E-5
"7723,2843",2023-04-15,9.247989096650875E-5
"7708,2848",2023-04-15,1.0447748425393186E-4
"7713,2848",2023-04-15,1.131412768960568E-4
"7718,2848",2023-04-15,1.227987593372916E-4
"7723,2848",2023-04-15,1.258714437587663E-4
"7728,2848",2023-04-15,1.3849208724157067E-4
"7733,2848",2023-04-15,1.375352340948294E-4
"7688,2853",2023-04-15,7.805309058045298E-5
"7693,2853",2023-04-15,8.348896997971493E-5
"7698,2853",2023-04-15,8.354231064043572E-5
"7703,2853",2023-04-15,9.738535237360674E-5
"7708,2853",2023-04-15,1.0179928025995735E-4
"7713,2853",2023-04-15,1.2211895387489354E-4
"7718,2853",2023-04-15,1.3757567286746858E-4
"7723,2853",2023-04-15,1.5328986659821084E-4
"7728,2853",2023-04-15,1.7932189647746133E-4
"7733,2853",2023-04-15,1.7943689939144285E-4
"7683,2858",2023-04-15,7.256171631915717E-5
"7688,2858",2023-04-15,7.600164437491217E-5
"7693,2858",2023-04-15,8.471310697835791E-5
"7698,2858",2023-04-15,8.542583114137953E-5
"7703,2858",2023-04-15,1.1783719103247996E-4
"7708,2858",2023-04-15,1.205418328927681E-4
"7713,2858",2023-04-15,1.433687005816653E-4
"7718,2858",2023-04-15,1.5113981764463812E-4
"7723,2858",2023-04-15,1.687172988534212E-4
"7728,2858",2023-04-15,1.8568294753327133E-4
"7733,2858",2023-04-15,1.9373341458856253E-4
"7688,2863",2023-04-15,7.84323980956482E-5
"7693,2863",2023-04-15,8.81931533727369E-5
"7698,2863",2023-04-15,9.183030784001194E-5
"7703,2863",2023-04-15,1.2266973009807735E-4
"7708,2863",2023-04-15,1.2390836832238382E-4
"7713,2863",2023-04-15,1.5728014475547105E-4
"7718,2863",2023-04-15,1.6072919127827284E-4
"7723,2863",2023-04-15,1.7347046666577366E-4
"7728,2863",2023-04-15,1.7911167865752446E-4
"7733,2863",2023-04-15,1.8309942303100139E-4
"7693,2868",2023-04-15,9.185075380491813E-5
"7698,2868",2023-04-15,9.601453373522299E-5
"7703,2868",2023-04-15,1.086701749886964E-4
"7708,2868",2023-04-15,1.1347817343658982E-4
"7713,2868",2023-04-15,1.5161376296950568E-4
"7718,2868",2023-04-15,1.5237065111646766E-4
"7723,2868",2023-04-15,1.5730851703115055E-4
"7728,2868",2023-04-15,1.586194541880841E-4
"7733,2868",2023-04-15,1.526913286875353E-4
"7693,2873",2023-04-15,8.755379248921884E-5
"7698,2873",2023-04-15,9.634061659484536E-5
"7703,2873",2023-04-15,1.066526672752784E-4
"7708,2873",2023-04-15,1.1327426080498652E-4
"7713,2873",2023-04-15,1.3360359484036616E-4
"7718,2873",2023-04-15,1.3304257302981445E-4
"7723,2873",2023-04-15,1.2565517843637114E-4
"7728,2873",2023-04-15,1.2586851773288272E-4
"7733,2873",2023-04-15,1.1753189820448661E-4
"7693,2878",2023-04-15,7.507652380221261E-5
"7698,2878",2023-04-15,8.838282526066125E-5
"7703,2878",2023-04-15,9.368641937156681E-5
"7708,2878",2023-04-15,9.948172490645991E-5
"7713,2878",2023-04-15,1.0735611138756972E-4
"7718,2878",2023-04-15,1.0490579479704846E-4
"7723,2878",2023-04-15,9.524237039417667E-5
"7728,2878",2023-04-15,9.506364426351607E-5
"7693,2883",2023-04-15,7.127266883264082E-5
"7698,2883",2023-04-15,8.243159515810306E-5
"7703,2883",2023-04-15,8.322954929960802E-5
"7708,2883",2023-04-15,8.04142267781461E-5
"7713,2883",2023-04-15,7.931162865562628E-5
"7718,2883",2023-04-15,8.280054562055486E-5
"7723,2883",2023-04-15,8.674337559249735E-5
"7703,2888",2023-04-15,7.258332747129E-5
"7708,2888",2023-04-15,6.904152300787146E-5
"7713,2888",2023-04-15,6.798068985938374E-5
"7718,2888",2023-04-15,7.708181178681147E-5
"7723,2888",2023-04-15,8.414000020249181E-5
"7713,2843",2023-04-16,6.990622302378139E-5
"7718,2843",2023-04-16,6.286512744241745E-5
"7723,2843",2023-04-16,5.361159895228789E-5
"7708,2848",2023-04-16,6.826756442963027E-5
"7713,2848",2023-04-16,6.692106713160418E-5
"7718,2848",2023-04-16,6.529429449705038E-5
"7723,2848",2023-04-16,6.510209686561083E-5
"7728,2848",2023-04-16,7.156712728574126E-5
"7733,2848",2023-04-16,7.217826206126026E-5
"7688,2853",2023-04-16,6.466041985472374E-5
"7693,2853",2023-04-16,5.238290232649562E-5
"7698,2853",2023-04-16,4.505058764875258E-5
"7703,2853",2023-04-16,5.7266337766435254E-5
"7708,2853",2023-04-16,6.130356795450261E-5
"7713,2853",2023-04-16,7.060736468537162E-5
"7718,2853",2023-04-16,7.204681653313994E-5
"7723,2853",2023-04-16,7.870253470769727E-5
"7728,2853",2023-04-16,8.99296095056879E-5
"7733,2853",2023-04-16,9.748298641748769E-5
"7683,2858",2023-04-16,5.313209259013902E-5
"7688,2858",2023-04-16,5.2528353794141596E-5
"7693,2858",2023-04-16,4.7226972054803517E-5
"7698,2858",2023-04-16,4.574140150664548E-5
"7703,2858",2023-04-16,5.526188734305409E-5
"7708,2858",2023-04-16,5.913056157102564E-5
"7713,2858",2023-04-16,7.177986459759207E-5
"7718,2858",2023-04-16,7.704720645126146E-5
"7723,2858",2023-04-16,8.821754827530637E-5
"7728,2858",2023-04-16,1.023413941740332E-4
"7733,2858",2023-04-16,1.0451083727545855E-4
"7688,2863",2023-04-16,4.222508474179125E-5
"7693,2863",2023-04-16,3.974365025608799E-5
"7698,2863",2023-04-16,4.1290132779815266E-5
"7703,2863",2023-04-16,4.8440524166152015E-5
"7708,2863",2023-04-16,5.42062587997162E-5
"7713,2863",2023-04-16,5.968083774672791E-5
"7718,2863",2023-04-16,7.107526542027496E-5
"7723,2863",2023-04-16,8.374663651680725E-5
"7728,2863",2023-04-16,1.0334363534875828E-4
"7733,2863",2023-04-16,1.1385535054749125E-4
"7693,2868",2023-04-16,3.907319514107073E-5
"7698,2868",2023-04-16,4.909693165186029E-5
"7703,2868",2023-04-16,5.570638338712005E-5
"7708,2868",2023-04-16,6.157481780657068E-5
"7713,2868",2023-04-16,6.596969761097431E-5
"7718,2868",2023-04-16,7.45012763199861E-5
"7723,2868",2023-04-16,8.796849008987318E-5
"7728,2868",2023-04-16,9.067785335352197E-5
"7733,2868",2023-04-16,1.0245418647156903E-4
"7693,2873",2023-04-16,5.410087307619946E-5
"7698,2873",2023-04-16,4.366293219080582E-5
"7703,2873",2023-04-16,4.999698903030111E-5
"7708,2873",2023-04-16,5.470204922408339E-5
"7713,2873",2023-04-16,6.310333226869544E-5
"7718,2873",2023-04-16,7.145704257141611E-5
"7723,2873",2023-04-16,7.753406942952567E-5
"7728,2873",2023-04-16,8.427956455339027E-5
"7733,2873",2023-04-16,7.171985109485203E-5
"7693,2878",2023-04-16,4.4438455628938255E-5
"7698,2878",2023-04-16,3.7790895520019646E-5
"7703,2878",2023-04-16,4.4860413027073894E-5
"7708,2878",2023-04-16,4.4714261453142006E-5
"7713,2878",2023-04-16,5.613600256645406E-5
"7718,2878",2023-04-16,6.164765702235609E-5
"7723,2878",2023-04-16,6.162360660008618E-5
"7728,2878",2023-04-16,5.814226706158975E-5
"7693,2883",2023-04-16,3.886287937129263E-5
"7698,2883",2023-04-16,3.639648072759736E-5
"7703,2883",2023-04-16,4.084702308487487E-5
"7708,2883",2023-04-16,4.658504691043554E-5
"7713,2883",2023-04-16,5.620375850776968E-5
"7718,2883",2023-04-16,5.341594461578074E-5
"7723,2883",2023-04-16,4.7623666167492454E-5
"7703,2888",2023-04-16,3.944441836311083E-5
"7708,2888",2023-04-16,4.9192058678216196E-5
"7713,2888",2023-04-16,5.4494673182375516E-5
"7718,2888",2023-04-16,5.1309939876565925E-5
"7723,2888",2023-04-16,4.6328841964133194E-5
"7713,2843",2023-04-17,1.0404058498402688E-4
"7718,2843",2023-04-17,9.525546405172987E-5
"7723,2843",2023-04-17,9.052262015542355E-5
"7708,2848",2023-04-17,1.0972491093601795E-4
"7713,2848",2023-04-17,1.267359853148375E-4
"7718,2848",2023-04-17,1.1806189989371728E-4
"7723,2848",2023-04-17,1.0932200552368319E-4
"7728,2848",2023-04-17,1.2994989700226416E-4
"7733,2848",2023-04-17,1.682359976853358E-4
"7688,2853",2023-04-17,6.36460500194043E-5
"7693,2853",2023-04-17,6.294829886561427E-5
"7698,2853",2023-04-17,5.5107510653829056E-5
"7703,2853",2023-04-17,8.028888743515576E-5
"7708,2853",2023-04-17,1.1501600299494434E-4
"7713,2853",2023-04-17,1.3049656592236696E-4
"7718,2853",2023-04-17,1.465050274841208E-4
"7723,2853",2023-04-17,1.507161912274591E-4
"7728,2853",2023-04-17,1.7021297689518707E-4
"7733,2853",2023-04-17,1.8324328664035916E-4
"7683,2858",2023-04-17,5.7651209313773285E-5
"7688,2858",2023-04-17,5.88878451613692E-5
"7693,2858",2023-04-17,5.18403512841091E-5
"7698,2858",2023-04-17,6.652280859040227E-5
"7703,2858",2023-04-17,9.195719731556639E-5
"7708,2858",2023-04-17,1.1900603087702844E-4
"7713,2858",2023-04-17,1.3766257912667303E-4
"7718,2858",2023-04-17,1.482260741857998E-4
"7723,2858",2023-04-17,1.453934828542913E-4
"7728,2858",2023-04-17,1.9222555831803002E-4
"7733,2858",2023-04-17,1.9509096703216954E-4
"7688,2863",2023-04-17,6.11864355344758E-5
"7693,2863",2023-04-17,6.38912058164957E-5
"7698,2863",2023-04-17,7.950079457838958E-5
"7703,2863",2023-04-17,9.25364817642351E-5
"7708,2863",2023-04-17,1.0515453180910518E-4
"7713,2863",2023-04-17,1.1387274224751213E-4
"7718,2863",2023-04-17,1.1498390488046852E-4
"7723,2863",2023-04-17,1.700090738631429E-4
"7728,2863",2023-04-17,1.9981588204391742E-4
"7733,2863",2023-04-17,2.0959127554166378E-4
"7693,2868",2023-04-17,7.963934020762215E-5
"7698,2868",2023-04-17,9.984656443194836E-5
"7703,2868",2023-04-17,9.74574312333975E-5
"7708,2868",2023-04-17,1.0573413048152862E-4
"7713,2868",2023-04-17,1.358931554460806E-4
"7718,2868",2023-04-17,1.589505289088213E-4
"7723,2868",2023-04-17,1.6526960281512164E-4
"7728,2868",2023-04-17,1.7478377922945263E-4
"7733,2868",2023-04-17,1.7954412983299905E-4
"7693,2873",2023-04-17,7.689286014987234E-5
"7698,2873",2023-04-17,7.663853386580628E-5
"7703,2873",2023-04-17,8.403732136319065E-5
"7708,2873",2023-04-17,9.586788977723894E-5
"7713,2873",2023-04-17,1.0216562136321618E-4
"7718,2873",2023-04-17,1.3954796321479453E-4
"7723,2873",2023-04-17,1.3020131087818358E-4
"7728,2873",2023-04-17,1.232650921086798E-4
"7733,2873",2023-04-17,1.1403708712346008E-4
"7693,2878",2023-04-17,5.6606528341110526E-5
"7698,2878",2023-04-17,5.7204660157074917E-5
"7703,2878",2023-04-17,6.62020060702515E-5
"7708,2878",2023-04-17,8.433456681220989E-5
"7713,2878",2023-04-17,9.395207459292043E-5
"7718,2878",2023-04-17,9.254013497353677E-5
"7723,2878",2023-04-17,8.864298631735262E-5
"7728,2878",2023-04-17,8.805855314720762E-5
"7693,2883",2023-04-17,5.651640334556373E-5
"7698,2883",2023-04-17,5.827511565139773E-5
"7703,2883",2023-04-17,6.436979455015365E-5
"7708,2883",2023-04-17,7.428282416474022E-5
"7713,2883",2023-04-17,7.194232299621166E-5
"7718,2883",2023-04-17,8.022990643134294E-5
"7723,2883",2023-04-17,8.225996711630476E-5
"7703,2888",2023-04-17,6.2711319403837E-5
"7708,2888",2023-04-17,6.327221271245679E-5
"7713,2888",2023-04-17,6.951393651040542E-5
"7718,2888",2023-04-17,7.61337589139138E-5
"7723,2888",2023-04-17,7.96193321151573E-5
"7713,2843",2023-04-18,9.125938644031439E-5
"7718,2843",2023-04-18,8.160991414899355E-5
"7723,2843",2023-04-18,7.394138706790586E-5
"7708,2848",2023-04-18,7.396032361273207E-5
"7713,2848",2023-04-18,7.893458124383902E-5
"7718,2848",2023-04-18,6.808471992974697E-5
"7723,2848",2023-04-18,6.770462815161381E-5
"7728,2848",2023-04-18,8.224685407546726E-5
"7733,2848",2023-04-18,8.078097025916663E-5
"7688,2853",2023-04-18,4.519109402677653E-5
"7693,2853",2023-04-18,3.796366454032418E-5
"7698,2853",2023-04-18,4.4417292399998296E-5
"7703,2853",2023-04-18,5.0448980311059876E-5
"7708,2853",2023-04-18,7.070796905647558E-5
"7713,2853",2023-04-18,7.03679175348114E-5
"7718,2853",2023-04-18,8.013765586608172E-5
"7723,2853",2023-04-18,9.021581541523238E-5
"7728,2853",2023-04-18,1.1016866963349813E-4
"7733,2853",2023-04-18,1.1762221408335424E-4
"7683,2858",2023-04-18,4.3312661527860676E-5
"7688,2858",2023-04-18,4.006607338271993E-5
"7693,2858",2023-04-18,4.205111711650569E-5
"7698,2858",2023-04-18,4.656391973753681E-5
"7703,2858",2023-04-18,5.019157099678088E-5
"7708,2858",2023-04-18,7.632248168472603E-5
"7713,2858",2023-04-18,8.85513052257743E-5
"7718,2858",2023-04-18,9.182753568594432E-5
"7723,2858",2023-04-18,9.930609596158642E-5
"7728,2858",2023-04-18,1.2183081436996326E-4
"7733,2858",2023-04-18,1.2470596176470688E-4
"7688,2863",2023-04-18,4.142669791946019E-5
"7693,2863",2023-04-18,4.787192182953625E-5
"7698,2863",2023-04-18,5.2278689939058E-5
"7703,2863",2023-04-18,5.563552640991678E-5
"7708,2863",2023-04-18,6.67255845192695E-5
"7713,2863",2023-04-18,6.463831121225359E-5
"7718,2863",2023-04-18,8.510363609758388E-5
"7723,2863",2023-04-18,1.0626171722500734E-4
"7728,2863",2023-04-18,1.2542489210284373E-4
"7733,2863",2023-04-18,1.5300775829149061E-4
"7693,2868",2023-04-18,5.742913601496296E-5
"7698,2868",2023-04-18,5.907197064788024E-5
"7703,2868",2023-04-18,6.38142902184533E-5
"7708,2868",2023-04-18,6.845212220717338E-5
"7713,2868",2023-04-18,8.996240151160668E-5
"7718,2868",2023-04-18,1.0266275975846849E-4
"7723,2868",2023-04-18,1.1797494626217438E-4
"7728,2868",2023-04-18,1.3451642618573E-4
"7733,2868",2023-04-18,1.402111441822034E-4
"7693,2873",2023-04-18,4.9936287141866177E-5
"7698,2873",2023-04-18,4.900466984500587E-5
"7703,2873",2023-04-18,5.980537258590081E-5
"7708,2873",2023-04-18,5.895377483514495E-5
"7713,2873",2023-04-18,7.865147654257796E-5
"7718,2873",2023-04-18,9.809037973885496E-5
"7723,2873",2023-04-18,1.0410637245262679E-4
"7728,2873",2023-04-18,1.2225768627718213E-4
"7733,2873",2023-04-18,1.1107307079961138E-4
"7693,2878",2023-04-18,4.372428670659751E-5
"7698,2878",2023-04-18,4.369891671331907E-5
"7703,2878",2023-04-18,4.634895009568932E-5
"7708,2878",2023-04-18,5.422189429005333E-5
"7713,2878",2023-04-18,6.864847597487305E-5
"7718,2878",2023-04-18,7.803294947411091E-5
"7723,2878",2023-04-18,7.288292962686199E-5
"7728,2878",2023-04-18,7.500168684606281E-5
"7693,2883",2023-04-18,4.3790939173394374E-5
"7698,2883",2023-04-18,4.363272457639707E-5
"7703,2883",2023-04-18,4.4296081211030906E-5
"7708,2883",2023-04-18,5.0872092189755745E-5
"7713,2883",2023-04-18,6.004268752071033E-5
"7718,2883",2023-04-18,6.240340870399653E-5
"7723,2883",2023-04-18,5.2056351552324304E-5
"7703,2888",2023-04-18,5.157147913691688E-5
"7708,2888",2023-04-18,5.629840555899523E-5
"7713,2888",2023-04-18,5.942469490029495E-5
"7718,2888",2023-04-18,5.5202138894157986E-5
"7723,2888",2023-04-18,5.4661947928244055E-5
"7713,2843",2023-04-19,8.356827899095323E-5
"7718,2843",2023-04-19,7.096707661851008E-5
"7723,2843",2023-04-19,8.404347929380585E-5
"7708,2848",2023-04-19,1.266299349186039E-4
"7713,2848",2023-04-19,1.061094523637443E-4
"7718,2848",2023-04-19,8.59819773636842E-5
"7723,2848",2023-04-19,8.541909189155966E-5
"7728,2848",2023-04-19,8.985900075293997E-5
"7733,2848",2023-04-19,8.077896926845482E-5
"7688,2853",2023-04-19,6.530500163811602E-5
"7693,2853",2023-04-19,1.0438626246045915E-4
"7698,2853",2023-04-19,1.2474957528960432E-4
"7703,2853",2023-04-19,1.5124932715980242E-4
"7708,2853",2023-04-19,1.562024160949817E-4
"7713,2853",2023-04-19,1.288287149832161E-4
"7718,2853",2023-04-19,1.1344037265571916E-4
"7723,2853",2023-04-19,9.988932572246885E-5
"7728,2853",2023-04-19,9.72599023529762E-5
"7733,2853",2023-04-19,9.745595189866613E-5
"7683,2858",2023-04-19,6.752897382494158E-5
"7688,2858",2023-04-19,7.037546155756255E-5
"7693,2858",2023-04-19,9.728763298285562E-5
"7698,2858",2023-04-19,1.0321656715384313E-4
"7703,2858",2023-04-19,1.3733525293610106E-4
"7708,2858",2023-04-19,1.4664737807341166E-4
"7713,2858",2023-04-19,1.2688084795190596E-4
"7718,2858",2023-04-19,1.2095979678404558E-4
"7723,2858",2023-04-19,1.0943990112247095E-4
"7728,2858",2023-04-19,1.0090522752128097E-4
"7733,2858",2023-04-19,9.830075606943388E-5
"7688,2863",2023-04-19,7.457917006927674E-5
"7693,2863",2023-04-19,9.363421209286934E-5
"7698,2863",2023-04-19,1.0056300457601983E-4
"7703,2863",2023-04-19,1.1337803541705488E-4
"7708,2863",2023-04-19,1.2173872535367649E-4
"7713,2863",2023-04-19,1.2520147666449368E-4
"7718,2863",2023-04-19,1.1530675695938197E-4
"7723,2863",2023-04-19,1.1481802703038879E-4
"7728,2863",2023-04-19,9.9083937376042E-5
"7733,2863",2023-04-19,9.340163268622644E-5
"7693,2868",2023-04-19,8.098591896983477E-5
"7698,2868",2023-04-19,9.509588347107575E-5
"7703,2868",2023-04-19,1.000158495445852E-4
"7708,2868",2023-04-19,1.019110278119899E-4
"7713,2868",2023-04-19,1.0759279232461852E-4
"7718,2868",2023-04-19,9.868726389219465E-5
"7723,2868",2023-04-19,9.47834563300129E-5
"7728,2868",2023-04-19,8.682665284747631E-5
"7733,2868",2023-04-19,7.09018919892353E-5
"7693,2873",2023-04-19,7.231621097085459E-5
"7698,2873",2023-04-19,7.39046606954163E-5
"7703,2873",2023-04-19,8.367664108496215E-5
"7708,2873",2023-04-19,8.448323210450228E-5
"7713,2873",2023-04-19,8.019285374243385E-5
"7718,2873",2023-04-19,8.057231278646288E-5
"7723,2873",2023-04-19,6.727314120799457E-5
"7728,2873",2023-04-19,6.576291191085608E-5
"7733,2873",2023-04-19,4.7128388582138065E-5
"7693,2878",2023-04-19,5.523696594512526E-5
"7698,2878",2023-04-19,5.778280586228467E-5
"7703,2878",2023-04-19,6.54085569409361E-5
"7708,2878",2023-04-19,7.078656888147339E-5
"7713,2878",2023-04-19,5.438217715944489E-5
"7718,2878",2023-04-19,5.268550108182317E-5
"7723,2878",2023-04-19,5.525552840653878E-5
"7728,2878",2023-04-19,5.206248921619543E-5
"7693,2883",2023-04-19,4.8846739466340895E-5
"7698,2883",2023-04-19,5.216178643785921E-5
"7703,2883",2023-04-19,6.547693159352698E-5
"7708,2883",2023-04-19,6.294286857387764E-5
"7713,2883",2023-04-19,4.736173337074921E-5
"7718,2883",2023-04-19,4.812638757467227E-5
"7723,2883",2023-04-19,5.13016089956195E-5
"7703,2888",2023-04-19,5.3166136335461E-5
"7708,2888",2023-04-19,5.422694853700015E-5
"7713,2888",2023-04-19,4.854452973306337E-5
"7718,2888",2023-04-19,4.0748142265031986E-5
"7723,2888",2023-04-19,4.287111190900569E-5
"7713,2843",2023-04-20,7.242093868411186E-5
"7728,2848",2023-04-20,1.0813425109686999E-4
"7733,2848",2023-04-20,1.0999868219351736E-4
"7723,2853",2023-04-20,1.1258189781995424E-4
"7728,2853",2023-04-20,1.0817407875368935E-4
"7733,2853",2023-04-20,1.1057651821583828E-4
"7723,2858",2023-04-20,1.2517392527425494E-4
"7728,2858",2023-04-20,1.2244131030240637E-4
"7733,2858",2023-04-20,1.2027633900668829E-4
"7718,2863",2023-04-20,1.0159702495157418E-4
"7723,2863",2023-04-20,1.0266865802394307E-4
"7728,2863",2023-04-20,1.1203459396907387E-4
"7733,2863",2023-04-20,1.2349290608484903E-4
"7708,2868",2023-04-20,7.718745526481073E-5
"7713,2868",2023-04-20,7.718745444568057E-5
"7718,2868",2023-04-20,7.755602020890187E-5
"7723,2868",2023-04-20,1.0159702584184538E-4
"7728,2868",2023-04-20,1.0159702723472027E-4
"7708,2873",2023-04-20,7.718745580635641E-5
"7713,2873",2023-04-20,7.718745475976369E-5
"7718,2873",2023-04-20,7.718745443852302E-5
"7703,2888",2023-04-20,5.1521277974456926E-5
"7708,2888",2023-04-20,3.5930443095243835E-5
"7713,2888",2023-04-20,3.593044320403432E-5
"7718,2888",2023-04-20,4.693139752632422E-5
"7723,2888",2023-04-20,4.910655136754813E-5
"7713,2843",2023-04-20,7.647241583556876E-5
"7718,2843",2023-04-20,7.052533313312655E-5
"7723,2843",2023-04-20,7.052533360267891E-5
"7708,2848",2023-04-20,7.465577132348383E-5
"7713,2848",2023-04-20,7.186511681858519E-5
"7718,2848",2023-04-20,7.067775452068631E-5
"7723,2848",2023-04-20,7.05271822181034E-5
"7728,2848",2023-04-20,6.30170262721329E-5
"7733,2848",2023-04-20,6.229748428861151E-5
"7688,2853",2023-04-20,5.855141735972894E-5
"7693,2853",2023-04-20,5.851402697571487E-5
"7698,2853",2023-04-20,6.241691270756393E-5
"7703,2853",2023-04-20,6.364682638717682E-5
"7708,2853",2023-04-20,6.359781628751995E-5
"7713,2853",2023-04-20,6.040770140278641E-5
"7718,2853",2023-04-20,5.99586973658385E-5
"7723,2853",2023-04-20,6.153343907483985E-5
"7728,2853",2023-04-20,7.462166621171802E-5
"7733,2853",2023-04-20,7.493321093277753E-5
"7683,2858",2023-04-20,5.030755956994747E-5
"7688,2858",2023-04-20,5.171285999885761E-5
"7693,2858",2023-04-20,5.208185648522134E-5
"7698,2858",2023-04-20,6.100165257891229E-5
"7703,2858",2023-04-20,6.160451758647391E-5
"7708,2858",2023-04-20,6.269114453982304E-5
"7713,2858",2023-04-20,7.612867365263735E-5
"7718,2858",2023-04-20,7.660752273424911E-5
"7723,2858",2023-04-20,8.082292083121124E-5
"7728,2858",2023-04-20,9.395661809814002E-5
"7733,2858",2023-04-20,9.401508846096665E-5
"7688,2863",2023-04-20,4.788566306052865E-5
"7693,2863",2023-04-20,5.0004737612742164E-5
"7698,2863",2023-04-20,6.296541357353439E-5
"7703,2863",2023-04-20,6.301216013698115E-5
"7708,2863",2023-04-20,6.583311461251489E-5
"7713,2863",2023-04-20,7.759268814352178E-5
"7718,2863",2023-04-20,7.757435678378917E-5
"7723,2863",2023-04-20,8.684324551245418E-5
"7728,2863",2023-04-20,1.0084227926235529E-4
"7733,2863",2023-04-20,1.0080953825869275E-4
"7693,2868",2023-04-20,4.8050056358816284E-5
"7698,2868",2023-04-20,5.81722789998996E-5
"7703,2868",2023-04-20,5.815147140089577E-5
"7708,2868",2023-04-20,6.318051987641305E-5
"7713,2868",2023-04-20,7.230684450354906E-5
"7718,2868",2023-04-20,7.230936366382556E-5
"7723,2868",2023-04-20,8.267435851045215E-5
"7728,2868",2023-04-20,9.109807280923846E-5
"7733,2868",2023-04-20,9.103389613374823E-5
"7693,2873",2023-04-20,4.69487803427982E-5
"7698,2873",2023-04-20,5.099676648440347E-5
"7703,2873",2023-04-20,5.0966643995899515E-5
"7708,2873",2023-04-20,6.19568870571292E-5
"7713,2873",2023-04-20,7.270888116415034E-5
"7718,2873",2023-04-20,7.263532953803863E-5
"7723,2873",2023-04-20,7.863765562647025E-5
"7728,2873",2023-04-20,8.094712079160004E-5
"7733,2873",2023-04-20,8.093000946030747E-5
"7693,2878",2023-04-20,4.0909058349845474E-5
"7698,2878",2023-04-20,4.288604140518512E-5
"7703,2878",2023-04-20,4.2887300047139374E-5
"7708,2878",2023-04-20,4.99741496915599E-5
"7713,2878",2023-04-20,5.3627084541411984E-5
"7718,2878",2023-04-20,5.3624948847763185E-5
"7723,2878",2023-04-20,7.441119767647986E-5
"7728,2878",2023-04-20,7.781373071691735E-5
"7693,2883",2023-04-20,4.523360478709126E-5
"7698,2883",2023-04-20,4.445379175283409E-5
"7703,2883",2023-04-20,4.4431065179701726E-5
"7708,2883",2023-04-20,5.043419374672469E-5
"7713,2883",2023-04-20,5.1729699021174514E-5
"7718,2883",2023-04-20,5.21196007514202E-5
"7723,2883",2023-04-20,5.8671858247093E-5
"7703,2888",2023-04-20,3.595167171183542E-5
"7708,2888",2023-04-20,4.1104112594288126E-5
"7713,2888",2023-04-20,4.140579638943631E-5
"7718,2888",2023-04-20,4.283929085899658E-5
"7723,2888",2023-04-20,4.9187072007773586E-5
"7713,2843",2023-04-21,8.80976878608655E-5
"7718,2843",2023-04-21,7.421622681965869E-5
"7723,2843",2023-04-21,7.350544838152988E-5
"7708,2848",2023-04-21,9.281779353898752E-5
"7713,2848",2023-04-21,9.551207785446695E-5
"7718,2848",2023-04-21,9.558110679450758E-5
"7723,2848",2023-04-21,8.699182560861073E-5
"7728,2848",2023-04-21,8.406008834245223E-5
"7688,2853",2023-04-21,6.605305773967506E-5
"7693,2853",2023-04-21,6.169940097207517E-5
"7698,2853",2023-04-21,6.425771712517498E-5
"7703,2853",2023-04-21,7.013355662930499E-5
"7708,2853",2023-04-21,7.697542211041268E-5
"7713,2853",2023-04-21,9.240757145595279E-5
"7718,2853",2023-04-21,1.1035859654558873E-4
"7723,2853",2023-04-21,1.1391797932040191E-4
"7728,2853",2023-04-21,1.1798526798039959E-4
"7733,2853",2023-04-21,1.4411710641351797E-4
"7683,2858",2023-04-21,6.599957245742288E-5
"7688,2858",2023-04-21,7.215039007902878E-5
"7693,2858",2023-04-21,6.512429163296235E-5
"7698,2858",2023-04-21,6.680348563643412E-5
"7703,2858",2023-04-21,7.21547162167096E-5
"7708,2858",2023-04-21,8.288032784350787E-5
"7713,2858",2023-04-21,9.165051728350208E-5
"7718,2858",2023-04-21,1.0818799829667475E-4
"7723,2858",2023-04-21,1.3753214339805726E-4
"7728,2858",2023-04-21,1.3838077957268455E-4
"7733,2858",2023-04-21,1.4704967576523897E-4
"7688,2863",2023-04-21,6.0934264050972124E-5
"7693,2863",2023-04-21,6.435581502549707E-5
"7698,2863",2023-04-21,6.776550576853717E-5
"7703,2863",2023-04-21,7.665886526861016E-5
"7708,2863",2023-04-21,8.416807045042663E-5
"7713,2863",2023-04-21,1.0388766817224917E-4
"7718,2863",2023-04-21,1.2033228954880662E-4
"7723,2863",2023-04-21,1.4369630188420537E-4
"7728,2863",2023-04-21,1.8858360900294183E-4
"7733,2863",2023-04-21,1.687651628784226E-4
"7693,2868",2023-04-21,7.020460405969412E-5
"7698,2868",2023-04-21,8.0043210473812E-5
"7703,2868",2023-04-21,7.977752233649386E-5
"7708,2868",2023-04-21,7.858993001942469E-5
"7713,2868",2023-04-21,1.2268492052847852E-4
"7718,2868",2023-04-21,1.427582168676344E-4
"7723,2868",2023-04-21,1.5645769282392736E-4
"7728,2868",2023-04-21,2.063979888033224E-4
"7733,2868",2023-04-21,1.776450967518381E-4
"7693,2873",2023-04-21,7.077343105149899E-5
"7698,2873",2023-04-21,8.145305003446926E-5
"7703,2873",2023-04-21,8.909581301948484E-5
"7708,2873",2023-04-21,1.0101352673510195E-4
"7713,2873",2023-04-21,1.3132779704021032E-4
"7718,2873",2023-04-21,1.4211377538076236E-4
"7723,2873",2023-04-21,1.4471519805712944E-4
"7728,2873",2023-04-21,1.4534738647317935E-4
"7733,2873",2023-04-21,1.3225966818195721E-4
"7693,2878",2023-04-21,6.076560740474063E-5
"7703,2878",2023-04-21,9.226494114106282E-5
"7708,2878",2023-04-21,1.0996189222486659E-4
"7713,2878",2023-04-21,1.316188528533763E-4
"7718,2878",2023-04-21,1.382873815179341E-4
"7723,2878",2023-04-21,1.2685682706654788E-4
"7728,2878",2023-04-21,1.2263023095925095E-4
"7693,2883",2023-04-21,8.214799223518434E-5
"7698,2883",2023-04-21,9.376305123447995E-5
"7703,2883",2023-04-21,1.2182960962897747E-4
"7708,2883",2023-04-21,1.2250311515751928E-4
"7723,2883",2023-04-21,8.601237074433709E-5
"7703,2888",2023-04-21,1.2013625526876319E-4
"7708,2888",2023-04-21,9.671307648539394E-5
"7713,2888",2023-04-21,1.0239496238387575E-4
"7718,2888",2023-04-21,1.1037454918473622E-4
"7723,2888",2023-04-21,8.23597983882638E-5
"7713,2843",2023-04-22,8.877036951388747E-5
"7718,2843",2023-04-22,8.1886632945276E-5
"7723,2843",2023-04-22,8.968537237920236E-5
"7708,2848",2023-04-22,1.0130187098660487E-4
"7713,2848",2023-04-22,1.1241090220700736E-4
"7718,2848",2023-04-22,1.0692119149407372E-4
"7723,2848",2023-04-22,1.0150170718256513E-4
"7728,2848",2023-04-22,9.477615898183932E-5
"7733,2848",2023-04-22,1.323167184561563E-4
"7688,2853",2023-04-22,6.561974622220223E-5
"7693,2853",2023-04-22,6.787458257657802E-5
"7698,2853",2023-04-22,6.708550871710059E-5
"7703,2853",2023-04-22,8.689651168962839E-5
"7708,2853",2023-04-22,1.1132897543506473E-4
"7713,2853",2023-04-22,1.4003433154148205E-4
"7718,2853",2023-04-22,1.535609005874709E-4
"7723,2853",2023-04-22,1.7741425571373974E-4
"7728,2853",2023-04-22,1.9656997241155198E-4
"7733,2853",2023-04-22,1.7295721708981848E-4
"7683,2858",2023-04-22,7.137251031322076E-5
"7688,2858",2023-04-22,7.164204807821754E-5
"7693,2858",2023-04-22,8.591680626345191E-5
"7698,2858",2023-04-22,1.0247650635274393E-4
"7703,2858",2023-04-22,1.0872548299829555E-4
"7708,2858",2023-04-22,1.318660054284001E-4
"7713,2858",2023-04-22,1.6962015998330207E-4
"7718,2858",2023-04-22,1.7831649072215348E-4
"7723,2858",2023-04-22,2.276377841517432E-4
"7728,2858",2023-04-22,2.3496675001806648E-4
"7733,2858",2023-04-22,1.958180718495359E-4
"7688,2863",2023-04-22,6.221149096111042E-5
"7693,2863",2023-04-22,8.441626526575555E-5
"7698,2863",2023-04-22,9.505026079634704E-5
"7703,2863",2023-04-22,1.0159968294575252E-4
"7708,2863",2023-04-22,1.2249540789384871E-4
"7713,2863",2023-04-22,1.6241725802866675E-4
"7718,2863",2023-04-22,1.7565740029204906E-4
"7723,2863",2023-04-22,2.113835852671717E-4
"7728,2863",2023-04-22,2.1218162832875695E-4
"7733,2863",2023-04-22,1.8338859881562468E-4
"7693,2868",2023-04-22,8.860553924293871E-5
"7698,2868",2023-04-22,8.861111653976576E-5
"7703,2868",2023-04-22,9.107244773443396E-5
"7708,2868",2023-04-22,1.1555677017732617E-4
"7713,2868",2023-04-22,1.4925297895116698E-4
"7718,2868",2023-04-22,1.7710409444824648E-4
"7723,2868",2023-04-22,1.616847238528603E-4
"7728,2868",2023-04-22,1.3054548926941706E-4
"7733,2868",2023-04-22,1.328388712597773E-4
"7693,2873",2023-04-22,6.593889484897799E-5
"7698,2873",2023-04-22,7.189153246658284E-5
"7703,2873",2023-04-22,7.201027533125763E-5
"7708,2873",2023-04-22,9.155131848131302E-5
"7713,2873",2023-04-22,1.0307957585024609E-4
"7718,2873",2023-04-22,1.2958894865121656E-4
"7723,2873",2023-04-22,8.873164500240292E-5
"7728,2873",2023-04-22,7.552551447847098E-5
"7733,2873",2023-04-22,7.834886268643576E-5
"7693,2878",2023-04-22,5.180837431148112E-5
"7698,2878",2023-04-22,4.831631184695492E-5
"7703,2878",2023-04-22,6.492154804100774E-5
"7708,2878",2023-04-22,7.325803099062904E-5
"7713,2878",2023-04-22,7.993430238715027E-5
"7718,2878",2023-04-22,7.694780719371383E-5
"7723,2878",2023-04-22,5.9256937592947654E-5
"7728,2878",2023-04-22,6.463258033590317E-5
"7693,2883",2023-04-22,4.807734000722474E-5
"7698,2883",2023-04-22,5.943841042678892E-5
"7703,2883",2023-04-22,6.987698187072895E-5
"7708,2883",2023-04-22,7.468808508775833E-5
"7713,2883",2023-04-22,7.756621309218345E-5
"7718,2883",2023-04-22,7.122682965314669E-5
"7723,2883",2023-04-22,5.6698247576794106E-5
"7703,2888",2023-04-22,5.752952344217517E-5
"7708,2888",2023-04-22,6.276003997510296E-5
"7713,2888",2023-04-22,7.970212178595855E-5
"7718,2888",2023-04-22,6.846840943540611E-5
"7723,2888",2023-04-22,5.689680140454209E-5
"7713,2843",2023-04-23,4.58158769879744E-5
"7718,2843",2023-04-23,5.2113858040808056E-5
"7723,2843",2023-04-23,7.031915394828511E-5
"7708,2848",2023-04-23,3.0135714679965106E-5
"7713,2848",2023-04-23,4.910001555058821E-5
"7718,2848",2023-04-23,5.647369453041047E-5
"7723,2848",2023-04-23,7.378189073208522E-5
"7728,2848",2023-04-23,9.47449364903868E-5
"7733,2848",2023-04-23,1.0494791570094123E-4
"7703,2853",2023-04-23,2.233883802358117E-5
"7708,2853",2023-04-23,2.9019407686199142E-5
"7713,2853",2023-04-23,4.467111161528672E-5
"7718,2853",2023-04-23,6.76853290358296E-5
"7723,2853",2023-04-23,1.0409539154181209E-4
"7728,2853",2023-04-23,1.1349442580880711E-4
"7733,2853",2023-04-23,1.1602557012988342E-4
"7708,2858",2023-04-23,2.8338996669143855E-5
"7713,2858",2023-04-23,4.797536548240582E-5
"7718,2858",2023-04-23,7.643797756390153E-5
"7723,2858",2023-04-23,9.823112273297954E-5
"7728,2858",2023-04-23,1.065554219993184E-4
"7733,2858",2023-04-23,1.2139648446199254E-4
"7708,2863",2023-04-23,2.55188004800322E-5
"7713,2863",2023-04-23,4.972977757156138E-5
"7718,2863",2023-04-23,7.322020393715016E-5
"7723,2863",2023-04-23,9.2041378976061E-5
"7728,2863",2023-04-23,1.1183081624333215E-4
"7733,2863",2023-04-23,1.2274959266450521E-4
"7708,2868",2023-04-23,5.262198942214294E-5
"7713,2868",2023-04-23,5.52730558366425E-5
"7718,2868",2023-04-23,8.093699106255502E-5
"7723,2868",2023-04-23,9.34585100436533E-5
"7728,2868",2023-04-23,1.1449327626901098E-4
"7733,2868",2023-04-23,1.121230830568208E-4
"7713,2873",2023-04-23,7.918429498424073E-5
"7718,2873",2023-04-23,5.396168608589509E-5
"7723,2873",2023-04-23,8.03232609248272E-5
"7728,2873",2023-04-23,9.592736663051092E-5
"7733,2873",2023-04-23,7.512855703812502E-5
"7718,2878",2023-04-23,5.1027592070204006E-5
"7723,2878",2023-04-23,8.337895985997032E-5
"7728,2878",2023-04-23,7.931714901632592E-5
"7713,2843",2023-04-24,1.4122200928353058E-4
"7718,2843",2023-04-24,1.3931298678107517E-4
"7723,2843",2023-04-24,1.252803339735844E-4
"7708,2848",2023-04-24,2.273657668648613E-4
"7713,2848",2023-04-24,2.1449663524579444E-4
"7718,2848",2023-04-24,1.7938087889169763E-4
"7723,2848",2023-04-24,1.368386538159504E-4
"7728,2848",2023-04-24,1.0138066998048195E-4
"7733,2848",2023-04-24,8.966112672377765E-5
"7688,2853",2023-04-24,2.807789191848208E-4
"7693,2853",2023-04-24,3.4172541129890566E-4
"7698,2853",2023-04-24,3.985197586204357E-4
"7703,2853",2023-04-24,4.2428382415463973E-4
"7708,2853",2023-04-24,3.7613552406047377E-4
"7713,2853",2023-04-24,3.417151522510951E-4
"7718,2853",2023-04-24,2.677954205986655E-4
"7723,2853",2023-04-24,1.9173009869700403E-4
"7728,2853",2023-04-24,1.3911845433981488E-4
"7733,2853",2023-04-24,9.554146122320833E-5
"7683,2858",2023-04-24,1.6350418749086214E-4
"7688,2858",2023-04-24,2.5696673425033975E-4
"7693,2858",2023-04-24,4.26984012932543E-4
"7698,2858",2023-04-24,4.894941261046092E-4
"7703,2858",2023-04-24,5.793534782922634E-4
"7708,2858",2023-04-24,5.418267846190487E-4
"7713,2858",2023-04-24,4.852848767737581E-4
"7718,2858",2023-04-24,3.667405328988373E-4
"7723,2858",2023-04-24,2.4648188394726543E-4
"7728,2858",2023-04-24,1.7344112238030512E-4
"7733,2858",2023-04-24,1.1583042759203777E-4
"7688,2863",2023-04-24,1.9726752450404533E-4
"7693,2863",2023-04-24,4.21361595384767E-4
"7698,2863",2023-04-24,4.808052176995194E-4
"7703,2863",2023-04-24,5.9021345163209E-4
"7708,2863",2023-04-24,5.951066467878748E-4
"7713,2863",2023-04-24,5.020303235109121E-4
"7718,2863",2023-04-24,4.03107447400149E-4
"7723,2863",2023-04-24,2.9298501690896555E-4
"7728,2863",2023-04-24,2.1494537190396072E-4
"7733,2863",2023-04-24,1.687971168916935E-4
"7693,2868",2023-04-24,2.8588683754801185E-4
"7698,2868",2023-04-24,3.679794387806081E-4
"7703,2868",2023-04-24,4.3109218458239033E-4
"7708,2868",2023-04-24,4.668522354062609E-4
"7713,2868",2023-04-24,4.4658529665666304E-4
"7718,2868",2023-04-24,3.473199729568398E-4
"7723,2868",2023-04-24,2.5442687672357637E-4
"7728,2868",2023-04-24,2.158182739876816E-4
"7733,2868",2023-04-24,1.8078146520540805E-4
"7693,2873",2023-04-24,1.610456177651673E-4
"7698,2873",2023-04-24,2.2357394346899655E-4
"7703,2873",2023-04-24,2.6991827477138816E-4
"7708,2873",2023-04-24,2.9826952710313364E-4
"7713,2873",2023-04-24,2.2102835959644638E-4
"7718,2873",2023-04-24,2.166548409525392E-4
"7723,2873",2023-04-24,2.50495620225909E-4
"7728,2873",2023-04-24,2.504956274384156E-4
"7733,2873",2023-04-24,1.631892059011554E-4
"7693,2878",2023-04-24,1.0950040982191698E-4
"7698,2878",2023-04-24,1.2684208840035304E-4
"7703,2878",2023-04-24,1.4796959338193071E-4
"7708,2878",2023-04-24,1.5522653503407402E-4
"7713,2878",2023-04-24,1.7213775734299197E-4
"7718,2878",2023-04-24,2.1220442204580088E-4
"7693,2883",2023-04-24,7.832324811970424E-5
"7698,2883",2023-04-24,9.671622877378772E-5
"7703,2883",2023-04-24,1.3042645222231317E-4
"7708,2883",2023-04-24,1.2343447975777605E-4
"7713,2883",2023-04-24,1.1433412085088875E-4
"7703,2888",2023-04-24,1.0288409475834969E-4
"7708,2888",2023-04-24,1.3212440219743729E-4
"7713,2888",2023-04-24,1.3222756417587342E-4
"7713,2843",2023-04-25,6.919229533913251E-5
"7718,2843",2023-04-25,6.567043368084605E-5
"7723,2843",2023-04-25,6.522900290215567E-5
"7708,2848",2023-04-25,7.857085656421794E-5
"7713,2848",2023-04-25,7.531949697751258E-5
"7718,2848",2023-04-25,7.33084441528969E-5
"7723,2848",2023-04-25,7.509129102292382E-5
"7728,2848",2023-04-25,6.918461622813869E-5
"7733,2848",2023-04-25,6.752439901299577E-5
"7688,2853",2023-04-25,7.511370723214214E-5
"7693,2853",2023-04-25,9.233389347561405E-5
"7698,2853",2023-04-25,9.042796564242581E-5
"7703,2853",2023-04-25,9.02756131477732E-5
"7708,2853",2023-04-25,9.356107426877563E-5
"7713,2853",2023-04-25,8.443736991446094E-5
"7718,2853",2023-04-25,8.738084576937601E-5
"7723,2853",2023-04-25,9.569280689244285E-5
"7728,2853",2023-04-25,8.381150397308538E-5
"7733,2853",2023-04-25,7.541261893131506E-5
"7683,2858",2023-04-25,5.623151259036869E-5
"7688,2858",2023-04-25,8.46060286921682E-5
"7693,2858",2023-04-25,9.611784601283943E-5
"7698,2858",2023-04-25,9.457815601593687E-5
"7703,2858",2023-04-25,1.0873538685513585E-4
"7708,2858",2023-04-25,1.1339808715485069E-4
"7713,2858",2023-04-25,1.0313776714133524E-4
"7718,2858",2023-04-25,1.0808126666737439E-4
"7723,2858",2023-04-25,1.1135831585352023E-4
"7728,2858",2023-04-25,1.0844706756179732E-4
"7733,2858",2023-04-25,8.763201875180076E-5
"7688,2863",2023-04-25,9.108800190786759E-5
"7693,2863",2023-04-25,9.47202238459012E-5
"7698,2863",2023-04-25,9.755852905524398E-5
"7703,2863",2023-04-25,1.2485251507486365E-4
"7708,2863",2023-04-25,1.2523466504558983E-4
"7713,2863",2023-04-25,1.2233299128020677E-4
"7718,2863",2023-04-25,1.1852755385542046E-4
"7723,2863",2023-04-25,1.1521544114234099E-4
"7728,2863",2023-04-25,1.0921378145633717E-4
"7733,2863",2023-04-25,9.826421205323191E-5
"7693,2868",2023-04-25,8.738159922702437E-5
"7698,2868",2023-04-25,1.0609119777640529E-4
"7703,2868",2023-04-25,1.3415381889463006E-4
"7708,2868",2023-04-25,1.309163552428899E-4
"7713,2868",2023-04-25,1.2172917992094987E-4
"7718,2868",2023-04-25,1.1716678123680186E-4
"7723,2868",2023-04-25,1.198133860008388E-4
"7728,2868",2023-04-25,1.0365847776964704E-4
"7733,2868",2023-04-25,9.989584594564238E-5
"7693,2873",2023-04-25,8.140087142952296E-5
"7698,2873",2023-04-25,1.098821165965638E-4
"7703,2873",2023-04-25,1.2020221627072775E-4
"7708,2873",2023-04-25,1.2933524145562216E-4
"7713,2873",2023-04-25,1.1251747628590279E-4
"7718,2873",2023-04-25,1.1180506023772685E-4
"7723,2873",2023-04-25,1.1019531213740674E-4
"7728,2873",2023-04-25,8.817309517417981E-5
"7733,2873",2023-04-25,9.286373224124662E-5
"7693,2878",2023-04-25,8.775870041230725E-5
"7698,2878",2023-04-25,1.1121685372141527E-4
"7703,2878",2023-04-25,1.1233997033745277E-4
"7708,2878",2023-04-25,1.0757566301976425E-4
"7713,2878",2023-04-25,9.86064347315738E-5
"7718,2878",2023-04-25,1.0423889597150382E-4
"7723,2878",2023-04-25,9.686671772928101E-5
"7728,2878",2023-04-25,8.4985024532325E-5
"7693,2883",2023-04-25,8.739343952880924E-5
"7698,2883",2023-04-25,9.48956019185235E-5
"7703,2883",2023-04-25,1.0270038725432678E-4
"7708,2883",2023-04-25,8.276588917248132E-5
"7713,2883",2023-04-25,7.793567151349305E-5
"7718,2883",2023-04-25,8.896704351546699E-5
"7723,2883",2023-04-25,6.488350124105831E-5
"7703,2888",2023-04-25,8.83406948258796E-5
"7708,2888",2023-04-25,8.389288650683279E-5
"7713,2888",2023-04-25,7.787579752533375E-5
"7718,2888",2023-04-25,7.149323340616893E-5
"7723,2888",2023-04-25,6.693385239033412E-5
"7713,2843",2023-04-25,6.503365123208139E-5
"7718,2843",2023-04-25,6.273014255450255E-5
"7723,2843",2023-04-25,7.391434098038628E-5
"7708,2848",2023-04-25,6.116202812553265E-5
"7713,2848",2023-04-25,6.926835849826031E-5
"7718,2848",2023-04-25,7.067230155875307E-5
"7723,2848",2023-04-25,7.366747503937769E-5
"7728,2848",2023-04-25,7.41050455660912E-5
"7733,2848",2023-04-25,7.380602981060298E-5
"7688,2853",2023-04-25,5.2563508428408266E-5
"7693,2853",2023-04-25,5.236097146880886E-5
"7698,2853",2023-04-25,5.226812851789532E-5
"7703,2853",2023-04-25,6.839034821854084E-5
"7708,2853",2023-04-25,7.354681145857463E-5
"7713,2853",2023-04-25,9.137923015534341E-5
"7718,2853",2023-04-25,9.438752907549956E-5
"7723,2853",2023-04-25,9.925021845857211E-5
"7728,2853",2023-04-25,9.51918349674616E-5
"7733,2853",2023-04-25,9.253076156695003E-5
"7683,2858",2023-04-25,5.634940275676326E-5
"7688,2858",2023-04-25,5.371666796505023E-5
"7693,2858",2023-04-25,6.206034990507075E-5
"7698,2858",2023-04-25,6.374957349444963E-5
"7703,2858",2023-04-25,8.535233614716919E-5
"7708,2858",2023-04-25,9.072805098327788E-5
"7713,2858",2023-04-25,1.034047791336316E-4
"7718,2858",2023-04-25,1.0777022987754902E-4
"7723,2858",2023-04-25,1.1277311217581046E-4
"7728,2858",2023-04-25,1.0766817749967002E-4
"7733,2858",2023-04-25,1.0494391572072477E-4
"7688,2863",2023-04-25,6.291824661896418E-5
"7693,2863",2023-04-25,7.333529491461809E-5
"7698,2863",2023-04-25,7.680491796192984E-5
"7703,2863",2023-04-25,9.650133546890102E-5
"7708,2863",2023-04-25,9.492482796739892E-5
"7713,2863",2023-04-25,9.297601169526673E-5
"7718,2863",2023-04-25,9.950807250414191E-5
"7723,2863",2023-04-25,1.0353747320846034E-4
"7728,2863",2023-04-25,1.1440694801376984E-4
"7733,2863",2023-04-25,1.158592001960679E-4
"7693,2868",2023-04-25,7.086849439525115E-5
"7698,2868",2023-04-25,7.963067065959056E-5
"7703,2868",2023-04-25,1.0532779585349402E-4
"7708,2868",2023-04-25,1.054062796685419E-4
"7713,2868",2023-04-25,1.0494777049768044E-4
"7718,2868",2023-04-25,1.1191226066893729E-4
"7723,2868",2023-04-25,1.141963358058515E-4
"7728,2868",2023-04-25,1.0990790716559594E-4
"7733,2868",2023-04-25,1.0909146953544572E-4
"7693,2873",2023-04-25,8.122283910054561E-5
"7698,2873",2023-04-25,9.395086016693741E-5
"7703,2873",2023-04-25,1.1347420722714197E-4
"7708,2873",2023-04-25,1.1437035963459632E-4
"7713,2873",2023-04-25,1.1501273686694077E-4
"7718,2873",2023-04-25,1.0911923267881492E-4
"7723,2873",2023-04-25,1.0702159196474402E-4
"7728,2873",2023-04-25,9.632174570623916E-5
"7733,2873",2023-04-25,9.668433272742349E-5
"7693,2878",2023-04-25,7.96098444575426E-5
"7698,2878",2023-04-25,9.103999937441866E-5
"7703,2878",2023-04-25,9.99004085762495E-5
"7708,2878",2023-04-25,9.795324051514497E-5
"7713,2878",2023-04-25,9.672926495751092E-5
"7718,2878",2023-04-25,9.082976774800061E-5
"7723,2878",2023-04-25,9.138482585821378E-5
"7728,2878",2023-04-25,9.37182149031113E-5
"7693,2883",2023-04-25,7.24735410490434E-5
"7698,2883",2023-04-25,7.985726398720028E-5
"7703,2883",2023-04-25,8.135120050662857E-5
"7708,2883",2023-04-25,8.041224737759351E-5
"7713,2883",2023-04-25,7.792108710014456E-5
"7718,2883",2023-04-25,6.812900417409545E-5
"7723,2883",2023-04-25,7.063455929067741E-5
"7703,2888",2023-04-25,5.928170406048676E-5
"7708,2888",2023-04-25,6.91104875462703E-5
"7713,2888",2023-04-25,6.561023486077746E-5
"7718,2888",2023-04-25,5.771365000152614E-5
"7723,2888",2023-04-25,6.151980899527758E-5
"7713,2843",2023-04-26,1.3035915738258754E-4
"7718,2843",2023-04-26,1.180520228753488E-4
"7723,2843",2023-04-26,1.1560771750267771E-4
"7708,2848",2023-04-26,1.377419798336735E-4
"7713,2848",2023-04-26,1.4194536996197545E-4
"7718,2848",2023-04-26,1.2241455778389633E-4
"7723,2848",2023-04-26,1.197125619755805E-4
"7728,2848",2023-04-26,1.1731040714744368E-4
"7733,2848",2023-04-26,1.0901961894739977E-4
"7688,2853",2023-04-26,7.346659282679077E-5
"7693,2853",2023-04-26,7.502612835350652E-5
"7698,2853",2023-04-26,9.390100761549503E-5
"7703,2853",2023-04-26,9.958926157660915E-5
"7708,2853",2023-04-26,1.3535958416181968E-4
"7713,2853",2023-04-26,1.3943570621794763E-4
"7718,2853",2023-04-26,1.4374792935545653E-4
"7723,2853",2023-04-26,1.3643390745776555E-4
"7728,2853",2023-04-26,1.2600948913188732E-4
"7733,2853",2023-04-26,1.2291566941883013E-4
"7683,2858",2023-04-26,6.902192599373043E-5
"7688,2858",2023-04-26,7.524925274282291E-5
"7693,2858",2023-04-26,7.77747682454397E-5
"7698,2858",2023-04-26,8.357163504864878E-5
"7703,2858",2023-04-26,9.142645852876502E-5
"7708,2858",2023-04-26,1.3440035698423185E-4
"7713,2858",2023-04-26,1.4674249777112147E-4
"7718,2858",2023-04-26,1.6328872486069833E-4
"7723,2858",2023-04-26,1.59048736476238E-4
"7728,2858",2023-04-26,1.55894160875423E-4
"7733,2858",2023-04-26,1.411087221833569E-4
"7688,2863",2023-04-26,8.285821207575348E-5
"7693,2863",2023-04-26,8.513523229238284E-5
"7698,2863",2023-04-26,9.156733774864842E-5
"7703,2863",2023-04-26,1.0544427586046582E-4
"7708,2863",2023-04-26,1.3331508838034713E-4
"7713,2863",2023-04-26,1.6662141334163806E-4
"7718,2863",2023-04-26,1.9022570033804502E-4
"7723,2863",2023-04-26,1.8190373342961332E-4
"7728,2863",2023-04-26,1.804265630339437E-4
"7733,2863",2023-04-26,1.7025983610120308E-4
"7693,2868",2023-04-26,9.424209911300946E-5
"7698,2868",2023-04-26,9.761917047916385E-5
"7703,2868",2023-04-26,1.1725906661014613E-4
"7708,2868",2023-04-26,1.346440212318724E-4
"7713,2868",2023-04-26,1.7814971386434308E-4
"7718,2868",2023-04-26,1.9213044134760442E-4
"7723,2868",2023-04-26,1.675823100712917E-4
"7728,2868",2023-04-26,1.692712672042915E-4
"7733,2868",2023-04-26,1.8183770333225026E-4
"7693,2873",2023-04-26,9.561209295782927E-5
"7698,2873",2023-04-26,9.610803427263571E-5
"7703,2873",2023-04-26,1.2179500176730357E-4
"7708,2873",2023-04-26,1.3254365095927967E-4
"7713,2873",2023-04-26,1.5963708459478565E-4
"7718,2873",2023-04-26,1.599903591549791E-4
"7723,2873",2023-04-26,1.468215052254361E-4
"7728,2873",2023-04-26,1.54630452446503E-4
"7733,2873",2023-04-26,1.708216520528464E-4
"7693,2878",2023-04-26,1.0367117379543104E-4
"7698,2878",2023-04-26,1.0486971891195032E-4
"7703,2878",2023-04-26,1.3712161110895527E-4
"7708,2878",2023-04-26,1.412245381088068E-4
"7713,2878",2023-04-26,1.481079271245167E-4
"7718,2878",2023-04-26,1.4620762050514377E-4
"7723,2878",2023-04-26,1.4151205539930835E-4
"7728,2878",2023-04-26,1.402281632800678E-4
"7693,2883",2023-04-26,1.0804513664779602E-4
"7698,2883",2023-04-26,1.1038124137395831E-4
"7703,2883",2023-04-26,1.320643183317587E-4
"7708,2883",2023-04-26,1.320350946322373E-4
"7713,2883",2023-04-26,1.2815073257040362E-4
"7718,2883",2023-04-26,1.3084040914213983E-4
"7723,2883",2023-04-26,1.3316328154028907E-4
"7703,2888",2023-04-26,1.1008910162563351E-4
"7708,2888",2023-04-26,1.114445998753022E-4
"7713,2888",2023-04-26,1.1294677807384434E-4
"7718,2888",2023-04-26,1.1294677845591397E-4
"7723,2888",2023-04-26,1.127854077287054E-4
"7713,2843",2023-04-27,1.1750220843625669E-4
"7718,2843",2023-04-27,1.0247892218703618E-4
"7723,2843",2023-04-27,1.0550479547883781E-4
"7708,2848",2023-04-27,1.1457577762375373E-4
"7713,2848",2023-04-27,1.1967931783804339E-4
"7718,2848",2023-04-27,1.1020737395823689E-4
"7723,2848",2023-04-27,1.0219374679071922E-4
"7728,2848",2023-04-27,1.1994690728338593E-4
"7733,2848",2023-04-27,1.4235229419827582E-4
"7688,2853",2023-04-27,8.528592940189969E-5
"7693,2853",2023-04-27,8.585584216572326E-5
"7698,2853",2023-04-27,8.718051533428309E-5
"7703,2853",2023-04-27,8.58167390446674E-5
"7708,2853",2023-04-27,9.665981521814896E-5
"7713,2853",2023-04-27,1.0817790559136321E-4
"7718,2853",2023-04-27,1.1917316045070836E-4
"7723,2853",2023-04-27,1.4617216816879976E-4
"7728,2853",2023-04-27,1.6952359783097012E-4
"7733,2853",2023-04-27,1.8368009363023746E-4
"7683,2858",2023-04-27,9.0668574663404E-5
"7688,2858",2023-04-27,9.272582972966124E-5
"7693,2858",2023-04-27,1.0495496224638983E-4
"7698,2858",2023-04-27,1.0062699531341974E-4
"7703,2858",2023-04-27,9.296060443441812E-5
"7708,2858",2023-04-27,1.1811496822447367E-4
"7713,2858",2023-04-27,1.2724540847772908E-4
"7718,2858",2023-04-27,1.6074160105864749E-4
"7723,2858",2023-04-27,2.1157441892810818E-4
"7728,2858",2023-04-27,2.1529532415295725E-4
"7733,2858",2023-04-27,2.1539675590849663E-4
"7688,2863",2023-04-27,9.026106280349597E-5
"7693,2863",2023-04-27,1.074023646643298E-4
"7698,2863",2023-04-27,1.1387744961515067E-4
"7703,2863",2023-04-27,1.175849525626114E-4
"7708,2863",2023-04-27,1.3789307408933906E-4
"7713,2863",2023-04-27,1.4736524953704567E-4
"7718,2863",2023-04-27,1.7828525845550397E-4
"7723,2863",2023-04-27,2.447975937823742E-4
"7728,2863",2023-04-27,2.6333209941818676E-4
"7733,2863",2023-04-27,2.4903570858022855E-4
"7693,2868",2023-04-27,9.819969055702198E-5
"7698,2868",2023-04-27,1.0750693543955536E-4
"7703,2868",2023-04-27,1.1693187820883517E-4
"7708,2868",2023-04-27,1.4387016792895358E-4
"7713,2868",2023-04-27,1.5249962389529554E-4
"7718,2868",2023-04-27,2.1650144316580472E-4
"7723,2868",2023-04-27,2.994386111475497E-4
"7728,2868",2023-04-27,3.1315130883302286E-4
"7733,2868",2023-04-27,2.940571706813333E-4
"7693,2873",2023-04-27,1.1624399614951423E-4
"7698,2873",2023-04-27,1.1608487648499367E-4
"7708,2873",2023-04-27,1.4420042816859827E-4
"7713,2873",2023-04-27,1.646084759542718E-4
"7718,2873",2023-04-27,1.9751404814305707E-4
"7723,2873",2023-04-27,2.737368927259715E-4
"7728,2873",2023-04-27,3.191184865668485E-4
"7733,2873",2023-04-27,2.928014594930243E-4
"7693,2878",2023-04-27,1.2540026555353542E-4
"7698,2878",2023-04-27,1.0371026769469614E-4
"7703,2878",2023-04-27,1.0969130369712628E-4
"7708,2878",2023-04-27,1.3507638336878516E-4
"7713,2878",2023-04-27,1.622571046419644E-4
"7718,2878",2023-04-27,1.783639696788057E-4
"7723,2878",2023-04-27,1.8483155043868006E-4
"7728,2878",2023-04-27,3.075456133857399E-4
"7693,2883",2023-04-27,1.0313857704091866E-4
"7698,2883",2023-04-27,9.898794970255494E-5
"7703,2883",2023-04-27,1.1022899517364677E-4
"7708,2883",2023-04-27,1.3704444909586156E-4
"7713,2883",2023-04-27,1.578268276247789E-4
"7718,2883",2023-04-27,1.501565961138158E-4
"7723,2883",2023-04-27,1.5093926020232117E-4
"7703,2888",2023-04-27,8.926674797897564E-5
"7708,2888",2023-04-27,1.0221726034819142E-4
"7713,2888",2023-04-27,1.3299225156322513E-4
"7718,2888",2023-04-27,1.3964780035176762E-4
"7723,2888",2023-04-27,1.3770165981503407E-4
"7718,2843",2023-04-28,5.2606899496200564E-5
"7723,2843",2023-04-28,5.238796903470279E-5
"7713,2848",2023-04-28,5.999027301128907E-5
"7718,2848",2023-04-28,5.5058690921698517E-5
"7723,2848",2023-04-28,5.347247755954927E-5
"7728,2848",2023-04-28,5.849707615027539E-5
"7733,2848",2023-04-28,7.482057797746694E-5
"7708,2853",2023-04-28,6.463823861979507E-5
"7713,2853",2023-04-28,6.556100183727731E-5
"7718,2853",2023-04-28,6.686902674142837E-5
"7723,2853",2023-04-28,5.839441374960602E-5
"7728,2853",2023-04-28,6.440931849944755E-5
"7733,2853",2023-04-28,7.797281129215168E-5
"7708,2858",2023-04-28,6.463824141707242E-5
"7713,2858",2023-04-28,6.746240657475684E-5
"7718,2858",2023-04-28,6.859120234227116E-5
"7723,2858",2023-04-28,7.63989311520956E-5
"7728,2858",2023-04-28,1.008207155240097E-4
"7733,2858",2023-04-28,1.21390209677443E-4
"7723,2863",2023-04-28,1.4187792506584155E-4
"7728,2863",2023-04-28,1.653867543900566E-4
"7733,2863",2023-04-28,2.1091090364896094E-4
"7718,2868",2023-04-28,1.859349859350858E-4
"7723,2868",2023-04-28,1.7761587969395947E-4
"7728,2868",2023-04-28,1.878243471729402E-4
"7733,2868",2023-04-28,2.104319483186497E-4
"7718,2873",2023-04-28,1.8593498811461778E-4
"7723,2873",2023-04-28,1.9220053325578177E-4
"7728,2873",2023-04-28,2.059780964625627E-4
"7733,2873",2023-04-28,1.904161648229693E-4
"7723,2878",2023-04-28,2.0605992112702448E-4
"7728,2878",2023-04-28,2.0317731259594535E-4
"7703,2888",2023-04-28,1.8434358902540468E-4
"7708,2888",2023-04-28,1.874373531483379E-4
"7693,2853",2023-05-03,8.163538491854318E-5
"7698,2853",2023-05-03,8.16353843978196E-5
"7693,2858",2023-05-03,8.163538612046207E-5
"7698,2858",2023-05-03,8.163538616935404E-5
"7693,2863",2023-05-03,8.16353847637715E-5
"7698,2863",2023-05-03,8.163538512664465E-5
"7713,2843",2023-05-04,8.064876492192886E-5
"7718,2843",2023-05-04,5.703115774818114E-5
"7723,2843",2023-05-04,6.13292865942033E-5
"7708,2848",2023-05-04,1.1550731396572027E-4
"7713,2848",2023-05-04,9.608722741955628E-5
"7718,2848",2023-05-04,6.892748283239987E-5
"7723,2848",2023-05-04,6.0892893076823715E-5
"7728,2848",2023-05-04,8.552325969773401E-5
"7733,2848",2023-05-04,7.543643720616908E-5
"7688,2853",2023-05-04,5.309140103391775E-5
"7693,2853",2023-05-04,5.6080571563323355E-5
"7698,2853",2023-05-04,7.767502585260343E-5
"7703,2853",2023-05-04,1.1027890452319472E-4
"7708,2853",2023-05-04,1.5180466492291977E-4
"7713,2853",2023-05-04,1.4443004416056116E-4
"7718,2853",2023-05-04,1.1767151232684958E-4
"7723,2853",2023-05-04,1.2929148901812435E-4
"7728,2853",2023-05-04,1.3518872885168377E-4
"7733,2853",2023-05-04,9.236342958102635E-5
"7683,2858",2023-05-04,5.747553134347939E-5
"7688,2858",2023-05-04,4.786898685241351E-5
"7693,2858",2023-05-04,5.61600860365763E-5
"7698,2858",2023-05-04,7.760757523661113E-5
"7703,2858",2023-05-04,1.4033929318654477E-4
"7708,2858",2023-05-04,2.1499508855527154E-4
"7713,2858",2023-05-04,1.9660103013137756E-4
"7718,2858",2023-05-04,1.6217631399223945E-4
"7723,2858",2023-05-04,1.7245049892547194E-4
"7728,2858",2023-05-04,1.6064468191592584E-4
"7733,2858",2023-05-04,1.2001991369680359E-4
"7688,2863",2023-05-04,5.868515045102351E-5
"7693,2863",2023-05-04,7.263428358505509E-5
"7698,2863",2023-05-04,8.839499619654901E-5
"7703,2863",2023-05-04,1.3618803882845638E-4
"7708,2863",2023-05-04,2.0682794923642924E-4
"7713,2863",2023-05-04,2.014563110864983E-4
"7718,2863",2023-05-04,1.9386447223708193E-4
"7723,2863",2023-05-04,1.882329769882952E-4
"7728,2863",2023-05-04,1.6652664811285514E-4
"7733,2863",2023-05-04,1.570813407366031E-4
"7693,2868",2023-05-04,7.840850244735138E-5
"7698,2868",2023-05-04,8.026513276573857E-5
"7703,2868",2023-05-04,1.1329497670610035E-4
"7708,2868",2023-05-04,1.7372640436576068E-4
"7713,2868",2023-05-04,2.0912837676050303E-4
"7718,2868",2023-05-04,1.938424158696206E-4
"7723,2868",2023-05-04,1.6851597383036026E-4
"7728,2868",2023-05-04,1.6948935052117203E-4
"7733,2868",2023-05-04,1.6097483972928479E-4
"7693,2873",2023-05-04,8.64054700420299E-5
"7698,2873",2023-05-04,8.577183311800975E-5
"7703,2873",2023-05-04,9.900420543147397E-5
"7708,2873",2023-05-04,1.395747907071338E-4
"7713,2873",2023-05-04,1.576586059521938E-4
"7718,2873",2023-05-04,1.382263595697024E-4
"7723,2873",2023-05-04,1.1716629946933039E-4
"7728,2873",2023-05-04,1.1685480593516292E-4
"7733,2873",2023-05-04,1.0835102205237525E-4
"7693,2878",2023-05-04,7.569946607911098E-5
"7698,2878",2023-05-04,6.724105134673638E-5
"7703,2878",2023-05-04,7.353799284369154E-5
"7708,2878",2023-05-04,9.337287370910483E-5
"7713,2878",2023-05-04,9.971732685546601E-5
"7718,2878",2023-05-04,8.18570842836056E-5
"7723,2878",2023-05-04,6.983484199721916E-5
"7728,2878",2023-05-04,5.6055894460199495E-5
"7693,2883",2023-05-04,4.682686666720607E-5
"7698,2883",2023-05-04,4.930489580691308E-5
"7703,2883",2023-05-04,5.55130002375196E-5
"7708,2883",2023-05-04,6.509382401425785E-5
"7713,2883",2023-05-04,6.136010056522036E-5
"7718,2883",2023-05-04,4.6288173848665025E-5
"7723,2883",2023-05-04,4.8030798763603125E-5
"7703,2888",2023-05-04,4.2911665569633386E-5
"7708,2888",2023-05-04,4.596586047568797E-5
"7713,2888",2023-05-04,5.4842996952101664E-5
"7718,2888",2023-05-04,4.095652119154396E-5
"7723,2888",2023-05-04,4.39907749005098E-5
"7713,2843",2023-05-05,9.966975962837601E-5
"7718,2843",2023-05-05,1.0635709084852008E-4
"7723,2843",2023-05-05,1.1067295204561518E-4
"7708,2848",2023-05-05,1.0917741524709718E-4
"7713,2848",2023-05-05,1.1155881444346451E-4
"7718,2848",2023-05-05,1.3686150207064727E-4
"7723,2848",2023-05-05,1.4422690829969252E-4
"7728,2848",2023-05-05,1.8076158349318382E-4
"7733,2848",2023-05-05,1.7967850810009356E-4
"7688,2853",2023-05-05,7.609916688186554E-5
"7693,2853",2023-05-05,7.772440282016991E-5
"7698,2853",2023-05-05,9.283146794659618E-5
"7703,2853",2023-05-05,9.80215349451547E-5
"7708,2853",2023-05-05,1.2015514676047781E-4
"7713,2853",2023-05-05,1.2594726471412335E-4
"7718,2853",2023-05-05,1.538909174186158E-4
"7723,2853",2023-05-05,1.7986021673778202E-4
"7728,2853",2023-05-05,2.022458641486718E-4
"7733,2853",2023-05-05,2.4612669328817914E-4
"7683,2858",2023-05-05,7.145438572135806E-5
"7688,2858",2023-05-05,7.542377423074409E-5
"7693,2858",2023-05-05,7.66420992474566E-5
"7703,2858",2023-05-05,1.2083575103199269E-4
"7708,2858",2023-05-05,1.2130407179088052E-4
"7713,2858",2023-05-05,1.2652482088538163E-4
"7718,2858",2023-05-05,1.348212036410106E-4
"7723,2858",2023-05-05,1.7595146157559335E-4
"7728,2858",2023-05-05,1.9258266381441192E-4
"7733,2858",2023-05-05,2.4710771904168073E-4
"7698,2863",2023-05-05,1.180362147833979E-4
"7703,2863",2023-05-05,1.1809060386895551E-4
"7708,2863",2023-05-05,1.19617245314001E-4
"7713,2863",2023-05-05,1.2446531921279447E-4
"7718,2863",2023-05-05,1.357227309259843E-4
"7723,2863",2023-05-05,1.73612836933745E-4
"7728,2863",2023-05-05,1.7327563214420704E-4
"7703,2868",2023-05-05,1.1803621459399346E-4
"7708,2868",2023-05-05,1.225386937316397E-4
"7713,2868",2023-05-05,1.3001833611485332E-4
"7718,2868",2023-05-05,1.329520231214214E-4
"7723,2868",2023-05-05,1.5095434340637193E-4
"7728,2868",2023-05-05,1.6023915643419086E-4
"7733,2868",2023-05-05,1.4786901240014286E-4
"7693,2873",2023-05-05,1.0038109747220185E-4
"7698,2873",2023-05-05,1.0038109653386155E-4
"7703,2873",2023-05-05,1.0108838456016239E-4
"7708,2873",2023-05-05,1.0301609334787842E-4
"7713,2873",2023-05-05,1.067837208251502E-4
"7718,2873",2023-05-05,1.1374965331679153E-4
"7723,2873",2023-05-05,1.2287744166480013E-4
"7728,2873",2023-05-05,1.4485325378485632E-4
"7733,2873",2023-05-05,1.4786900963572613E-4
"7693,2878",2023-05-05,1.0038109856963053E-4
"7698,2878",2023-05-05,1.0038109761929793E-4
"7703,2878",2023-05-05,1.005043754883644E-4
"7708,2878",2023-05-05,1.0293658461132522E-4
"7713,2878",2023-05-05,1.0461683693724191E-4
"7718,2878",2023-05-05,1.0839122708196272E-4
"7723,2878",2023-05-05,1.0592950517547095E-4
"7728,2878",2023-05-05,1.0514060392424755E-4
"7698,2883",2023-05-05,1.0038109733014198E-4
"7703,2883",2023-05-05,1.0038109810834442E-4
"7713,2883",2023-05-05,1.0702984155379767E-4
"7718,2883",2023-05-05,1.0771329167137206E-4
"7723,2883",2023-05-05,1.0727966421622408E-4
"7713,2843",2023-05-06,4.287054340081692E-5
"7718,2843",2023-05-06,4.1433715329924575E-5
"7723,2843",2023-05-06,4.146867839971846E-5
"7708,2848",2023-05-06,3.6214366791578585E-5
"7713,2848",2023-05-06,4.402744032487107E-5
"7718,2848",2023-05-06,4.5150814128549115E-5
"7723,2848",2023-05-06,4.598773164197364E-5
"7728,2848",2023-05-06,5.786136075740676E-5
"7733,2848",2023-05-06,5.838622684146377E-5
"7688,2853",2023-05-06,3.340149949572035E-5
"7693,2853",2023-05-06,3.380110331149436E-5
"7698,2853",2023-05-06,3.9061322172501504E-5
"7703,2853",2023-05-06,3.926421163853447E-5
"7708,2853",2023-05-06,4.022094424016874E-5
"7713,2853",2023-05-06,5.2993875507262695E-5
"7718,2853",2023-05-06,5.352616598797569E-5
"7723,2853",2023-05-06,5.2609393164067306E-5
"7728,2853",2023-05-06,4.948673274531651E-5
"7733,2853",2023-05-06,4.937221155861878E-5
"7683,2858",2023-05-06,2.8484038828014707E-5
"7688,2858",2023-05-06,2.728430908290992E-5
"7693,2858",2023-05-06,3.044630617897945E-5
"7698,2858",2023-05-06,4.4612269026686466E-5
"7703,2858",2023-05-06,4.4642812669004306E-5
"7708,2858",2023-05-06,4.6573485838363195E-5
"7713,2858",2023-05-06,5.537947671327643E-5
"7718,2858",2023-05-06,5.536900348673043E-5
"7723,2858",2023-05-06,4.907775027569835E-5
"7728,2858",2023-05-06,3.5836764271190877E-5
"7733,2858",2023-05-06,3.5951944224440743E-5
"7688,2863",2023-05-06,3.5058658372971445E-5
"7693,2863",2023-05-06,3.96184476816677E-5
"7698,2863",2023-05-06,4.894685599800841E-5
"7703,2863",2023-05-06,4.890186885427836E-5
"7708,2863",2023-05-06,4.9819367874752604E-5
"7713,2863",2023-05-06,5.133810925782924E-5
"7718,2863",2023-05-06,5.1305673518813533E-5
"7723,2863",2023-05-06,5.5905795483473507E-5
"7728,2863",2023-05-06,6.066204749100763E-5
"7733,2863",2023-05-06,6.0698465125411345E-5
"7693,2868",2023-05-06,3.431689184837762E-5
"7698,2868",2023-05-06,3.468790137631985E-5
"7703,2868",2023-05-06,3.465407495170796E-5
"7708,2868",2023-05-06,4.072233302885164E-5
"7713,2868",2023-05-06,4.680449187718318E-5
"7718,2868",2023-05-06,4.679757168140162E-5
"7723,2868",2023-05-06,5.1845345053595406E-5
"7728,2868",2023-05-06,5.488996778229783E-5
"7733,2868",2023-05-06,5.4747750523246934E-5
"7693,2873",2023-05-06,2.9916995402572667E-5
"7698,2873",2023-05-06,2.9314606693081004E-5
"7703,2873",2023-05-06,2.9254181423099347E-5
"7708,2873",2023-05-06,3.9651668215117404E-5
"7713,2873",2023-05-06,4.506732348800743E-5
"7718,2873",2023-05-06,4.503130630170263E-5
"7723,2873",2023-05-06,3.98592554517097E-5
"7728,2873",2023-05-06,3.847210176641381E-5
"7733,2873",2023-05-06,3.852101355148441E-5
"7693,2878",2023-05-06,2.2944506131367617E-5
"7698,2878",2023-05-06,2.0764422367657176E-5
"7703,2878",2023-05-06,2.080338216496851E-5
"7708,2878",2023-05-06,3.3190305711196964E-5
"7713,2878",2023-05-06,3.646420243354429E-5
"7718,2878",2023-05-06,3.6338687796685406E-5
"7723,2878",2023-05-06,3.375751986157467E-5
"7728,2878",2023-05-06,3.34264996038637E-5
"7693,2883",2023-05-06,2.500875640935907E-5
"7698,2883",2023-05-06,2.5153236306777197E-5
"7703,2883",2023-05-06,2.5180584238592448E-5
"7708,2883",2023-05-06,2.459838015501457E-5
"7713,2883",2023-05-06,2.4497888832265143E-5
"7718,2883",2023-05-06,2.5010259071146845E-5
"7723,2883",2023-05-06,2.8207842239390128E-5
"7703,2888",2023-05-06,2.186014167313798E-5
"7708,2888",2023-05-06,2.9144199820323635E-5
"7713,2888",2023-05-06,2.9248831587876785E-5
"7718,2888",2023-05-06,2.9235931218403174E-5
"7723,2888",2023-05-06,3.0390668756302514E-5
"7713,2843",2023-05-07,8.434500700300395E-5
"7718,2843",2023-05-07,7.50919090845293E-5
"7723,2843",2023-05-07,7.760134739001591E-5
"7708,2848",2023-05-07,8.856083532526136E-5
"7713,2848",2023-05-07,9.747336158795959E-5
"7718,2848",2023-05-07,8.737252522644237E-5
"7723,2848",2023-05-07,8.349156196329571E-5
"7728,2848",2023-05-07,8.473856325227574E-5
"7733,2848",2023-05-07,9.525385796319588E-5
"7688,2853",2023-05-07,5.978431396241989E-5
"7693,2853",2023-05-07,5.570326892137313E-5
"7698,2853",2023-05-07,5.762044298692198E-5
"7703,2853",2023-05-07,6.816118954448078E-5
"7708,2853",2023-05-07,9.859605968692981E-5
"7713,2853",2023-05-07,1.0460496668810603E-4
"7718,2853",2023-05-07,1.0068716364441588E-4
"7723,2853",2023-05-07,9.734919895773887E-5
"7728,2853",2023-05-07,9.579822643743576E-5
"7733,2853",2023-05-07,9.54138978333135E-5
"7683,2858",2023-05-07,6.306896469496811E-5
"7688,2858",2023-05-07,5.586100055814188E-5
"7693,2858",2023-05-07,5.9444247240126E-5
"7698,2858",2023-05-07,6.633711062581298E-5
"7703,2858",2023-05-07,7.72081582207928E-5
"7708,2858",2023-05-07,9.968673885000927E-5
"7713,2858",2023-05-07,9.825932981660715E-5
"7718,2858",2023-05-07,9.645182789971806E-5
"7723,2858",2023-05-07,9.632342676838171E-5
"7728,2858",2023-05-07,9.334357705645116E-5
"7733,2858",2023-05-07,8.947668878117003E-5
"7688,2863",2023-05-07,6.683554167128466E-5
"7693,2863",2023-05-07,5.6828128549325006E-5
"7698,2863",2023-05-07,5.94877018101459E-5
"7703,2863",2023-05-07,6.655687591299454E-5
"7708,2863",2023-05-07,8.526395044007462E-5
"7713,2863",2023-05-07,8.250904314996143E-5
"7718,2863",2023-05-07,8.196282792145561E-5
"7723,2863",2023-05-07,8.30250953374877E-5
"7728,2863",2023-05-07,8.524317409902565E-5
"7733,2863",2023-05-07,8.312985148127778E-5
"7693,2868",2023-05-07,5.0184909607039225E-5
"7698,2868",2023-05-07,4.620791076501673E-5
"7703,2868",2023-05-07,5.426850844630911E-5
"7708,2868",2023-05-07,6.757357423874505E-5
"7713,2868",2023-05-07,7.131562072697903E-5
"7718,2868",2023-05-07,6.837004653151383E-5
"7723,2868",2023-05-07,6.645841001687262E-5
"7728,2868",2023-05-07,6.925778150479606E-5
"7733,2868",2023-05-07,7.081314073759978E-5
"7693,2873",2023-05-07,4.7019321776199305E-5
"7698,2873",2023-05-07,3.690035899635052E-5
"7703,2873",2023-05-07,4.5416252119600005E-5
"7708,2873",2023-05-07,5.283060811838824E-5
"7713,2873",2023-05-07,5.8132657395378096E-5
"7718,2873",2023-05-07,5.571200860042936E-5
"7723,2873",2023-05-07,5.4976895652433475E-5
"7728,2873",2023-05-07,5.600580114324852E-5
"7733,2873",2023-05-07,5.3448905541649804E-5
"7693,2878",2023-05-07,4.678510713378161E-5
"7698,2878",2023-05-07,4.062638876397819E-5
"7703,2878",2023-05-07,4.474751729358082E-5
"7708,2878",2023-05-07,4.6957286335458E-5
"7713,2878",2023-05-07,4.889020155454245E-5
"7718,2878",2023-05-07,5.2573570284839466E-5
"7723,2878",2023-05-07,4.720582409509029E-5
"7728,2878",2023-05-07,4.3200968286502756E-5
"7693,2883",2023-05-07,5.1035005273285384E-5
"7698,2883",2023-05-07,4.8308898177576434E-5
"7703,2883",2023-05-07,4.048752169052123E-5
"7708,2883",2023-05-07,3.993376482421174E-5
"7713,2883",2023-05-07,4.0284514530750555E-5
"7718,2883",2023-05-07,4.317198084103071E-5
"7723,2883",2023-05-07,4.0893509446839724E-5
"7703,2888",2023-05-07,3.7870628220700634E-5
"7708,2888",2023-05-07,3.693433532507338E-5
"7713,2888",2023-05-07,3.941955263836928E-5
"7718,2888",2023-05-07,4.419021296307671E-5
"7723,2888",2023-05-07,3.577323614025178E-5
"7713,2843",2023-05-08,5.692737069201392E-5
"7718,2843",2023-05-08,6.444056471050709E-5
"7723,2843",2023-05-08,6.80788571073433E-5
"7708,2848",2023-05-08,9.006944307163478E-5
"7713,2848",2023-05-08,7.178796817828484E-5
"7718,2848",2023-05-08,6.992344466346012E-5
"7723,2848",2023-05-08,6.810187714176705E-5
"7728,2848",2023-05-08,7.639733349241431E-5
"7733,2848",2023-05-08,7.414277228519538E-5
"7688,2853",2023-05-08,6.271981717896918E-5
"7693,2853",2023-05-08,6.014142364653152E-5
"7698,2853",2023-05-08,6.766386259482722E-5
"7703,2853",2023-05-08,8.622027423756823E-5
"7708,2853",2023-05-08,8.954909044781126E-5
"7713,2853",2023-05-08,7.854816323922104E-5
"7718,2853",2023-05-08,7.19944065764216E-5
"7723,2853",2023-05-08,7.557527123344198E-5
"7728,2853",2023-05-08,8.673411923413777E-5
"7733,2853",2023-05-08,7.502187971746096E-5
"7683,2858",2023-05-08,5.698619758102199E-5
"7688,2858",2023-05-08,5.735204948796097E-5
"7693,2858",2023-05-08,6.0102528916551515E-5
"7698,2858",2023-05-08,7.108202510657213E-5
"7703,2858",2023-05-08,9.661974439792281E-5
"7708,2858",2023-05-08,1.0173726914329396E-4
"7713,2858",2023-05-08,9.073859672384071E-5
"7718,2858",2023-05-08,8.73269130712903E-5
"7723,2858",2023-05-08,1.040877146275168E-4
"7728,2858",2023-05-08,9.823476838778102E-5
"7733,2858",2023-05-08,8.391728097988044E-5
"7688,2863",2023-05-08,6.0518183363083044E-5
"7693,2863",2023-05-08,6.41215319388028E-5
"7698,2863",2023-05-08,8.023499630843628E-5
"7703,2863",2023-05-08,9.288255080454523E-5
"7708,2863",2023-05-08,1.0764154219988062E-4
"7713,2863",2023-05-08,1.0415939625500001E-4
"7718,2863",2023-05-08,1.0826141593208796E-4
"7723,2863",2023-05-08,1.1771269322104963E-4
"7728,2863",2023-05-08,1.019639630564696E-4
"7733,2863",2023-05-08,1.0040485344550275E-4
"7693,2868",2023-05-08,6.859782912970693E-5
"7698,2868",2023-05-08,8.483380002253199E-5
"7703,2868",2023-05-08,8.75070271032457E-5
"7708,2868",2023-05-08,1.0387775253691955E-4
"7713,2868",2023-05-08,1.2018977707206664E-4
"7718,2868",2023-05-08,1.308166943300867E-4
"7723,2868",2023-05-08,1.1832731960732207E-4
"7728,2868",2023-05-08,1.1439726588550708E-4
"7733,2868",2023-05-08,1.2389598976106383E-4
"7693,2873",2023-05-08,7.567671119588735E-5
"7698,2873",2023-05-08,8.161057409105273E-5
"7703,2873",2023-05-08,8.4871789467087E-5
"7708,2873",2023-05-08,1.0544420542121941E-4
"7713,2873",2023-05-08,1.359149249929445E-4
"7718,2873",2023-05-08,1.3570207877737267E-4
"7723,2873",2023-05-08,1.1368035431921563E-4
"7728,2873",2023-05-08,1.1979880997916648E-4
"7733,2873",2023-05-08,1.1690250898582595E-4
"7693,2878",2023-05-08,6.761933132156336E-5
"7698,2878",2023-05-08,6.201002084345005E-5
"7703,2878",2023-05-08,7.336363711680834E-5
"7708,2878",2023-05-08,1.0609007088154522E-4
"7713,2878",2023-05-08,1.368045696404896E-4
"7718,2878",2023-05-08,1.2213240809385797E-4
"7723,2878",2023-05-08,1.0426984100406396E-4
"7728,2878",2023-05-08,1.0581865154443679E-4
"7693,2883",2023-05-08,6.585119158909912E-5
"7698,2883",2023-05-08,7.742093106426478E-5
"7703,2883",2023-05-08,8.387944389524199E-5
"7708,2883",2023-05-08,1.1985347778544077E-4
"7713,2883",2023-05-08,1.2116673393502038E-4
"7718,2883",2023-05-08,1.0040377976713706E-4
"7723,2883",2023-05-08,9.39535532981358E-5
"7703,2888",2023-05-08,8.843878259660899E-5
"7708,2888",2023-05-08,1.1584072584348178E-4
"7713,2888",2023-05-08,1.0562579857325069E-4
"7718,2888",2023-05-08,8.455597198943144E-5
"7723,2888",2023-05-08,7.256570870579305E-5
"7713,2843",2023-05-09,1.038615153570804E-4
"7718,2843",2023-05-09,1.0475028707762443E-4
"7723,2843",2023-05-09,9.102265818776821E-5
"7708,2848",2023-05-09,1.1658717684090248E-4
"7713,2848",2023-05-09,1.158890479453718E-4
"7718,2848",2023-05-09,1.1507642098305436E-4
"7723,2848",2023-05-09,1.0118322920790297E-4
"7728,2848",2023-05-09,1.2747222720464217E-4
"7733,2848",2023-05-09,1.6680411414529323E-4
"7688,2853",2023-05-09,8.317323327972149E-5
"7693,2853",2023-05-09,8.654659703211275E-5
"7698,2853",2023-05-09,8.908107251442053E-5
"7703,2853",2023-05-09,1.0275912105165971E-4
"7708,2853",2023-05-09,1.2328801442148892E-4
"7713,2853",2023-05-09,1.2474697159641816E-4
"7718,2853",2023-05-09,1.2152702631979757E-4
"7723,2853",2023-05-09,1.3313486864749782E-4
"7728,2853",2023-05-09,1.5413299436837106E-4
"7733,2853",2023-05-09,1.5662469822923288E-4
"7683,2858",2023-05-09,8.829644415008075E-5
"7688,2858",2023-05-09,9.116085312875094E-5
"7693,2858",2023-05-09,9.573465918154935E-5
"7698,2858",2023-05-09,1.016110351530013E-4
"7703,2858",2023-05-09,9.894125188472387E-5
"7708,2858",2023-05-09,1.1125376706454385E-4
"7713,2858",2023-05-09,1.1204561166767005E-4
"7718,2858",2023-05-09,1.2916517183230984E-4
"7723,2858",2023-05-09,1.560872324131752E-4
"7728,2858",2023-05-09,1.5592158148897253E-4
"7733,2858",2023-05-09,1.5271208701120862E-4
"7688,2863",2023-05-09,9.766796590813861E-5
"7693,2863",2023-05-09,9.446009174613093E-5
"7698,2863",2023-05-09,9.55779735627339E-5
"7703,2863",2023-05-09,9.288133557774352E-5
"7708,2863",2023-05-09,1.0183613277473089E-4
"7713,2863",2023-05-09,1.1800054635979432E-4
"7718,2863",2023-05-09,1.305129974001422E-4
"7723,2863",2023-05-09,1.5311530739638474E-4
"7728,2863",2023-05-09,1.4405567764077477E-4
"7733,2863",2023-05-09,1.41171676122116E-4
"7693,2868",2023-05-09,9.549900784605788E-5
"7698,2868",2023-05-09,8.657592799812076E-5
"7703,2868",2023-05-09,8.067342964320333E-5
"7708,2868",2023-05-09,9.947721747235257E-5
"7713,2868",2023-05-09,1.1741413701615768E-4
"7718,2868",2023-05-09,1.2355349970557844E-4
"7723,2868",2023-05-09,1.2924732583317162E-4
"7728,2868",2023-05-09,1.1311342630001165E-4
"7733,2868",2023-05-09,1.1614628391844958E-4
"7693,2873",2023-05-09,8.62566216066223E-5
"7698,2873",2023-05-09,8.51951533930645E-5
"7703,2873",2023-05-09,8.398522813684179E-5
"7708,2873",2023-05-09,8.81713929597811E-5
"7713,2873",2023-05-09,1.0225866049982315E-4
"7718,2873",2023-05-09,1.0831116099840322E-4
"7723,2873",2023-05-09,9.219838745981452E-5
"7728,2873",2023-05-09,8.233756685336121E-5
"7733,2873",2023-05-09,8.791406190190748E-5
"7693,2878",2023-05-09,8.088337722258939E-5
"7698,2878",2023-05-09,8.81199544198605E-5
"7703,2878",2023-05-09,9.303672054958633E-5
"7708,2878",2023-05-09,9.070277711570841E-5
"7713,2878",2023-05-09,9.133855605862665E-5
"7718,2878",2023-05-09,8.395970802898231E-5
"7723,2878",2023-05-09,7.241736656100697E-5
"7728,2878",2023-05-09,7.716684280076585E-5
"7693,2883",2023-05-09,8.125968649286139E-5
"7698,2883",2023-05-09,8.663938242425349E-5
"7703,2883",2023-05-09,8.8503400631649E-5
"7708,2883",2023-05-09,8.544814581140403E-5
"7713,2883",2023-05-09,8.845581340447261E-5
"7718,2883",2023-05-09,8.107080262014912E-5
"7723,2883",2023-05-09,7.0202800663161E-5
"7703,2888",2023-05-09,8.446616366981063E-5
"7708,2888",2023-05-09,9.033755002617528E-5
"7713,2888",2023-05-09,8.820536263324446E-5
"7718,2888",2023-05-09,9.134576244556052E-5
"7723,2888",2023-05-09,8.375934159655494E-5
"7713,2843",2023-05-10,1.2103593565374026E-4
"7718,2843",2023-05-10,1.0845530546565125E-4
"7723,2843",2023-05-10,1.1557347696685214E-4
"7708,2848",2023-05-10,1.1810193666618323E-4
"7713,2848",2023-05-10,1.2952616728149072E-4
"7718,2848",2023-05-10,1.26909332728486E-4
"7723,2848",2023-05-10,1.3936225774163665E-4
"7728,2848",2023-05-10,1.5146636591788982E-4
"7733,2848",2023-05-10,1.7007643883788426E-4
"7688,2853",2023-05-10,7.302367160299522E-5
"7693,2853",2023-05-10,7.915106244729536E-5
"7698,2853",2023-05-10,8.490219061188734E-5
"7703,2853",2023-05-10,9.659413746137288E-5
"7708,2853",2023-05-10,1.2245193375417612E-4
"7713,2853",2023-05-10,1.245826532186441E-4
"7718,2853",2023-05-10,1.2957950934101771E-4
"7723,2853",2023-05-10,1.5653882419085203E-4
"7728,2853",2023-05-10,1.7070864877647966E-4
"7733,2853",2023-05-10,1.6836230126054567E-4
"7683,2858",2023-05-10,8.131814030348207E-5
"7688,2858",2023-05-10,8.135356175863247E-5
"7693,2858",2023-05-10,8.205124055497623E-5
"7698,2858",2023-05-10,8.581473415762281E-5
"7703,2858",2023-05-10,9.653004188530578E-5
"7708,2858",2023-05-10,1.1939971674322406E-4
"7713,2858",2023-05-10,1.131997741619479E-4
"7718,2858",2023-05-10,1.3015086680836558E-4
"7723,2858",2023-05-10,1.508296492891418E-4
"7728,2858",2023-05-10,1.5904617687311333E-4
"7733,2858",2023-05-10,1.5285967164921715E-4
"7688,2863",2023-05-10,8.236432598473267E-5
"7693,2863",2023-05-10,8.342107008663161E-5
"7698,2863",2023-05-10,8.060023964283408E-5
"7703,2863",2023-05-10,9.313013624819256E-5
"7708,2863",2023-05-10,1.1023466348592973E-4
"7713,2863",2023-05-10,1.2588256627534775E-4
"7718,2863",2023-05-10,1.281939139188204E-4
"7723,2863",2023-05-10,1.3681754793790427E-4
"7728,2863",2023-05-10,1.374869641410895E-4
"7733,2863",2023-05-10,1.3107727200504737E-4
"7693,2868",2023-05-10,7.750969266069133E-5
"7698,2868",2023-05-10,7.757917958511919E-5
"7703,2868",2023-05-10,8.722343706228352E-5
"7708,2868",2023-05-10,9.841397562334857E-5
"7713,2868",2023-05-10,1.1106214113568046E-4
"7718,2868",2023-05-10,1.153125019202101E-4
"7723,2868",2023-05-10,1.0707581353556064E-4
"7728,2868",2023-05-10,1.070533682469645E-4
"7733,2868",2023-05-10,1.0859534305081906E-4
"7693,2873",2023-05-10,7.548807340122311E-5
"7698,2873",2023-05-10,7.681584552966495E-5
"7703,2873",2023-05-10,8.167692220493441E-5
"7708,2873",2023-05-10,9.225520137613285E-5
"7713,2873",2023-05-10,9.958442002675252E-5
"7718,2873",2023-05-10,1.0502029507394323E-4
"7723,2873",2023-05-10,8.790375002209559E-5
"7728,2873",2023-05-10,8.837057170692529E-5
"7733,2873",2023-05-10,8.440054259868643E-5
"7693,2878",2023-05-10,6.946158175936349E-5
"7698,2878",2023-05-10,7.757942778373065E-5
"7703,2878",2023-05-10,8.140873910095439E-5
"7708,2878",2023-05-10,9.701088782545123E-5
"7713,2878",2023-05-10,9.120348460112926E-5
"7718,2878",2023-05-10,8.841933514994121E-5
"7723,2878",2023-05-10,7.474001542552988E-5
"7728,2878",2023-05-10,7.213474107541383E-5
"7693,2883",2023-05-10,7.116036283587154E-5
"7698,2883",2023-05-10,7.68667195161851E-5
"7703,2883",2023-05-10,8.550567565118324E-5
"7708,2883",2023-05-10,9.109870822303522E-5
"7713,2883",2023-05-10,8.420838338105922E-5
"7718,2883",2023-05-10,8.954938161265583E-5
"7723,2883",2023-05-10,8.227813483769654E-5
"7703,2888",2023-05-10,7.994629383679613E-5
"7708,2888",2023-05-10,8.10154857997208E-5
"7713,2888",2023-05-10,8.084050465282673E-5
"7718,2888",2023-05-10,8.455705126078355E-5
"7723,2888",2023-05-10,7.934922671574847E-5
"7713,2843",2023-05-11,1.141778140667888E-4
"7718,2843",2023-05-11,1.1489781293121285E-4
"7723,2843",2023-05-11,1.0885538939289494E-4
"7708,2848",2023-05-11,1.0822246282887487E-4
"7713,2848",2023-05-11,1.3891246951430158E-4
"7718,2848",2023-05-11,1.4223193571178883E-4
"7723,2848",2023-05-11,1.341947806352826E-4
"7728,2848",2023-05-11,1.6098310795824622E-4
"7733,2848",2023-05-11,1.6310708705394287E-4
"7688,2853",2023-05-11,7.355883391797633E-5
"7693,2853",2023-05-11,8.641428714084972E-5
"7698,2853",2023-05-11,1.1121035041169687E-4
"7703,2853",2023-05-11,1.0498537185967348E-4
"7708,2853",2023-05-11,1.1582103164000533E-4
"7713,2853",2023-05-11,1.4307019103006186E-4
"7718,2853",2023-05-11,1.4329100669887768E-4
"7723,2853",2023-05-11,1.533483609516703E-4
"7728,2853",2023-05-11,1.5985261843873857E-4
"7733,2853",2023-05-11,1.6017292589757607E-4
"7683,2858",2023-05-11,9.682454566567125E-5
"7688,2858",2023-05-11,8.81598005883455E-5
"7693,2858",2023-05-11,9.94598616001409E-5
"7698,2858",2023-05-11,1.1377742327050375E-4
"7703,2858",2023-05-11,1.1912547819572942E-4
"7708,2858",2023-05-11,1.350715111255308E-4
"7713,2858",2023-05-11,1.433893706744868E-4
"7718,2858",2023-05-11,1.4278119146451024E-4
"7723,2858",2023-05-11,1.5555253006560904E-4
"7728,2858",2023-05-11,1.6655422800904642E-4
"7733,2858",2023-05-11,1.5436587502452054E-4
"7688,2863",2023-05-11,1.0366997425961603E-4
"7693,2863",2023-05-11,9.49386039208027E-5
"7698,2863",2023-05-11,9.784496224184143E-5
"7703,2863",2023-05-11,1.0507126465634768E-4
"7708,2863",2023-05-11,1.3676063174856618E-4
"7713,2863",2023-05-11,1.4543302735224966E-4
"7718,2863",2023-05-11,1.3831267640052663E-4
"7723,2863",2023-05-11,1.320697517874409E-4
"7728,2863",2023-05-11,1.4167892932669127E-4
"7733,2863",2023-05-11,1.2505745259707557E-4
"7693,2868",2023-05-11,8.527137181339713E-5
"7698,2868",2023-05-11,9.04528318417146E-5
"7703,2868",2023-05-11,9.998638399276985E-5
"7708,2868",2023-05-11,1.1777601333917405E-4
"7713,2868",2023-05-11,1.26990516454416E-4
"7718,2868",2023-05-11,1.1521914706848643E-4
"7723,2868",2023-05-11,1.1139459384485947E-4
"7728,2868",2023-05-11,1.1741597023406005E-4
"7733,2868",2023-05-11,9.344045261452178E-5
"7693,2873",2023-05-11,7.980611680401991E-5
"7698,2873",2023-05-11,7.866615707384663E-5
"7703,2873",2023-05-11,9.345470181974829E-5
"7708,2873",2023-05-11,9.893895832219045E-5
"7713,2873",2023-05-11,1.0262523368497292E-4
"7718,2873",2023-05-11,9.487228904130284E-5
"7723,2873",2023-05-11,9.979796371827911E-5
"7728,2873",2023-05-11,9.425375231323373E-5
"7733,2873",2023-05-11,7.957839673764438E-5
"7693,2878",2023-05-11,8.260757742138258E-5
"7698,2878",2023-05-11,8.48882740282841E-5
"7703,2878",2023-05-11,9.091367284381551E-5
"7708,2878",2023-05-11,9.23005876885342E-5
"7713,2878",2023-05-11,9.063582302311457E-5
"7718,2878",2023-05-11,8.603298887040851E-5
"7723,2878",2023-05-11,8.69302556997232E-5
"7728,2878",2023-05-11,7.812582071820633E-5
"7693,2883",2023-05-11,8.169061055014938E-5
"7698,2883",2023-05-11,8.38510546611575E-5
"7703,2883",2023-05-11,8.723502516981963E-5
"7708,2883",2023-05-11,8.945302199931751E-5
"7713,2883",2023-05-11,9.215904860495728E-5
"7718,2883",2023-05-11,8.848085379351262E-5
"7723,2883",2023-05-11,8.521366910579545E-5
"7703,2888",2023-05-11,8.7883140282456E-5
"7708,2888",2023-05-11,8.859993291978728E-5
"7713,2888",2023-05-11,9.770671465123485E-5
"7718,2888",2023-05-11,9.599175452141507E-5
"7723,2888",2023-05-11,8.384279390944928E-5
"7713,2843",2023-05-11,8.608403665225877E-5
"7718,2843",2023-05-11,9.103726900962347E-5
"7723,2843",2023-05-11,1.0052698304872296E-4
"7708,2848",2023-05-11,8.684190409946072E-5
"7713,2848",2023-05-11,9.94395235450811E-5
"7718,2848",2023-05-11,1.0830013706644597E-4
"7723,2848",2023-05-11,1.1865439622555277E-4
"7728,2848",2023-05-11,1.2383542999012219E-4
"7733,2848",2023-05-11,1.2651356425293512E-4
"7688,2853",2023-05-11,6.45125743097692E-5
"7693,2853",2023-05-11,6.943389042835084E-5
"7698,2853",2023-05-11,7.189638902768015E-5
"7703,2853",2023-05-11,8.60764437799738E-5
"7708,2853",2023-05-11,9.638706349499017E-5
"7713,2853",2023-05-11,1.1291359086751087E-4
"7718,2853",2023-05-11,1.228262500043384E-4
"7723,2853",2023-05-11,1.289896182081635E-4
"7728,2853",2023-05-11,1.402182605609679E-4
"7733,2853",2023-05-11,1.4267904894757317E-4
"7683,2858",2023-05-11,5.63091434060922E-5
"7688,2858",2023-05-11,5.966660907161049E-5
"7693,2858",2023-05-11,7.398441664357564E-5
"7698,2858",2023-05-11,7.666948872806353E-5
"7703,2858",2023-05-11,8.360535919405724E-5
"7708,2858",2023-05-11,9.57431452896301E-5
"7713,2858",2023-05-11,1.0641268952917945E-4
"7718,2858",2023-05-11,1.1805577276760805E-4
"7723,2858",2023-05-11,1.224224895201175E-4
"7728,2858",2023-05-11,1.3478406780942788E-4
"7733,2858",2023-05-11,1.3537289922987926E-4
"7688,2863",2023-05-11,6.381852456385895E-5
"7693,2863",2023-05-11,7.086170007355007E-5
"7698,2863",2023-05-11,7.603307862496885E-5
"7703,2863",2023-05-11,8.247942582782888E-5
"7708,2863",2023-05-11,9.969528030360524E-5
"7713,2863",2023-05-11,1.082691335716229E-4
"7718,2863",2023-05-11,1.0923568101829348E-4
"7723,2863",2023-05-11,1.098823213438345E-4
"7728,2863",2023-05-11,1.1540939660626311E-4
"7733,2863",2023-05-11,1.1393874647376273E-4
"7693,2868",2023-05-11,6.747390495417894E-5
"7698,2868",2023-05-11,7.580600349451033E-5
"7703,2868",2023-05-11,8.109557034622538E-5
"7708,2868",2023-05-11,9.950627533081923E-5
"7713,2868",2023-05-11,1.0329864801505072E-4
"7718,2868",2023-05-11,9.845081308652905E-5
"7723,2868",2023-05-11,9.766837913289375E-5
"7728,2868",2023-05-11,9.637982746792074E-5
"7733,2868",2023-05-11,9.348108749792936E-5
"7693,2873",2023-05-11,6.759635430664782E-5
"7698,2873",2023-05-11,7.891065911303734E-5
"7703,2873",2023-05-11,8.062027153907551E-5
"7708,2873",2023-05-11,9.689951794081884E-5
"7713,2873",2023-05-11,9.71561668706888E-5
"7718,2873",2023-05-11,9.179241920104621E-5
"7723,2873",2023-05-11,8.960412867765457E-5
"7728,2873",2023-05-11,8.594554949464689E-5
"7733,2873",2023-05-11,8.207514039771169E-5
"7693,2878",2023-05-11,7.334893127033556E-5
"7698,2878",2023-05-11,8.046997158964753E-5
"7703,2878",2023-05-11,8.231539535689257E-5
"7708,2878",2023-05-11,9.535749982981202E-5
"7713,2878",2023-05-11,9.37526981372131E-5
"7718,2878",2023-05-11,8.983959799935916E-5
"7723,2878",2023-05-11,8.37961700789753E-5
"7728,2878",2023-05-11,7.786784819407164E-5
"7693,2883",2023-05-11,8.138688745629127E-5
"7698,2883",2023-05-11,8.501466168021898E-5
"7703,2883",2023-05-11,8.570692101088249E-5
"7708,2883",2023-05-11,8.869680178788207E-5
"7713,2883",2023-05-11,8.858943598518987E-5
"7718,2883",2023-05-11,8.833631663240504E-5
"7723,2883",2023-05-11,8.750526234982678E-5
"7703,2888",2023-05-11,8.054946564145198E-5
"7708,2888",2023-05-11,7.744710386790586E-5
"7713,2888",2023-05-11,7.995431555762461E-5
"7718,2888",2023-05-11,8.16038780396117E-5
"7723,2888",2023-05-11,9.019717520580569E-5
"7713,2843",2023-05-12,9.365490696373462E-5
"7718,2843",2023-05-12,7.943940972351982E-5
"7723,2843",2023-05-12,7.796390351118258E-5
"7708,2848",2023-05-12,8.273047203240545E-5
"7713,2848",2023-05-12,8.55648842335685E-5
"7718,2848",2023-05-12,8.782510956028967E-5
"7723,2848",2023-05-12,9.10440369421052E-5
"7728,2848",2023-05-12,9.769366180891278E-5
"7733,2848",2023-05-12,1.0302616569679309E-4
"7688,2853",2023-05-12,5.87422706220904E-5
"7693,2853",2023-05-12,6.126942121888861E-5
"7698,2853",2023-05-12,6.895314056782707E-5
"7703,2853",2023-05-12,7.105395392958227E-5
"7708,2853",2023-05-12,8.716962324256501E-5
"7713,2853",2023-05-12,9.346110372934638E-5
"7718,2853",2023-05-12,1.0780172608974744E-4
"7723,2853",2023-05-12,1.1861998495448093E-4
"7728,2853",2023-05-12,1.3005286595663788E-4
"7733,2853",2023-05-12,1.3379680142089914E-4
"7683,2858",2023-05-12,6.499713378766813E-5
"7688,2858",2023-05-12,6.331703527797E-5
"7693,2858",2023-05-12,6.388793864872958E-5
"7698,2858",2023-05-12,6.718053864747122E-5
"7703,2858",2023-05-12,7.215089324806725E-5
"7708,2858",2023-05-12,8.694297173555209E-5
"7713,2858",2023-05-12,1.001478833968108E-4
"7718,2858",2023-05-12,1.1493457389247279E-4
"7723,2858",2023-05-12,1.3464551515306227E-4
"7728,2858",2023-05-12,1.4454789291144882E-4
"7733,2858",2023-05-12,1.6450532269258973E-4
"7688,2863",2023-05-12,6.602290574886751E-5
"7693,2863",2023-05-12,6.669538101700946E-5
"7698,2863",2023-05-12,6.78251927694644E-5
"7703,2863",2023-05-12,7.60675606947909E-5
"7708,2863",2023-05-12,8.665677955855434E-5
"7713,2863",2023-05-12,9.913733842800038E-5
"7718,2863",2023-05-12,1.0645374086575967E-4
"7723,2863",2023-05-12,1.3789303559888624E-4
"7728,2863",2023-05-12,1.4627925589160394E-4
"7733,2863",2023-05-12,1.8618857276136828E-4
"7693,2868",2023-05-12,6.97268155030333E-5
"7698,2868",2023-05-12,6.604120264221787E-5
"7703,2868",2023-05-12,7.900548208622815E-5
"7708,2868",2023-05-12,8.67918531031484E-5
"7713,2868",2023-05-12,1.0288214590345309E-4
"7718,2868",2023-05-12,1.0774333858865841E-4
"7723,2868",2023-05-12,1.3537342240989024E-4
"7728,2868",2023-05-12,1.4252814467382552E-4
"7733,2868",2023-05-12,1.6942061257022243E-4
"7693,2873",2023-05-12,7.381621328584318E-5
"7698,2873",2023-05-12,7.285613294985426E-5
"7703,2873",2023-05-12,7.851760649926488E-5
"7708,2873",2023-05-12,8.093502818316592E-5
"7713,2873",2023-05-12,9.12581321831325E-5
"7718,2873",2023-05-12,1.0034882488160796E-4
"7723,2873",2023-05-12,1.2944172303426402E-4
"7728,2873",2023-05-12,1.3040271338387427E-4
"7733,2873",2023-05-12,1.3390998279376367E-4
"7693,2878",2023-05-12,6.938163212140819E-5
"7698,2878",2023-05-12,6.977473893926877E-5
"7703,2878",2023-05-12,7.591704049833403E-5
"7708,2878",2023-05-12,7.996934143748952E-5
"7713,2878",2023-05-12,9.298894020611882E-5
"7718,2878",2023-05-12,9.854446187946356E-5
"7723,2878",2023-05-12,1.0905727100501174E-4
"7728,2878",2023-05-12,1.077908629441476E-4
"7693,2883",2023-05-12,6.872496748619855E-5
"7698,2883",2023-05-12,6.972333446373611E-5
"7703,2883",2023-05-12,7.428732279246993E-5
"7708,2883",2023-05-12,7.72964546040263E-5
"7713,2883",2023-05-12,8.259443756574273E-5
"7718,2883",2023-05-12,9.239357480878009E-5
"7723,2883",2023-05-12,9.907140477834337E-5
"7703,2888",2023-05-12,7.752955547166615E-5
"7708,2888",2023-05-12,8.939033546877652E-5
"7713,2888",2023-05-12,9.73169770009863E-5
"7718,2888",2023-05-12,9.522218444972778E-5
"7723,2888",2023-05-12,9.527962841615903E-5
"7713,2843",2023-05-13,6.655417385645008E-5
"7718,2843",2023-05-13,7.165419072827542E-5
"7723,2843",2023-05-13,6.43236707443928E-5
"7708,2848",2023-05-13,9.167017829367946E-5
"7713,2848",2023-05-13,6.650591510002083E-5
"7718,2848",2023-05-13,6.393138415719649E-5
"7723,2848",2023-05-13,6.799608837554168E-5
"7728,2848",2023-05-13,7.038647736454037E-5
"7733,2848",2023-05-13,6.899789594887689E-5
"7688,2853",2023-05-13,7.623666494143926E-5
"7693,2853",2023-05-13,8.196617308417211E-5
"7698,2853",2023-05-13,9.012797734808763E-5
"7703,2853",2023-05-13,9.301866578577045E-5
"7708,2853",2023-05-13,8.557562689669889E-5
"7713,2853",2023-05-13,7.669794405029577E-5
"7718,2853",2023-05-13,7.969641538535455E-5
"7723,2853",2023-05-13,9.041978789272086E-5
"7728,2853",2023-05-13,8.878356705374098E-5
"7733,2853",2023-05-13,8.04304667032317E-5
"7683,2858",2023-05-13,7.95495867129217E-5
"7688,2858",2023-05-13,7.78249696866625E-5
"7693,2858",2023-05-13,8.101083216214444E-5
"7698,2858",2023-05-13,9.815754811373795E-5
"7703,2858",2023-05-13,1.1533636391088975E-4
"7708,2858",2023-05-13,1.2627927625349545E-4
"7713,2858",2023-05-13,1.1611753871418772E-4
"7718,2858",2023-05-13,1.168708130012563E-4
"7723,2858",2023-05-13,1.0751972368096311E-4
"7728,2858",2023-05-13,1.0219506451754736E-4
"7733,2858",2023-05-13,9.589394202423444E-5
"7688,2863",2023-05-13,9.020186257234019E-5
"7693,2863",2023-05-13,9.631253092239315E-5
"7698,2863",2023-05-13,1.110691268065988E-4
"7703,2863",2023-05-13,1.3103016883216502E-4
"7708,2863",2023-05-13,1.3831211560593425E-4
"7713,2863",2023-05-13,1.241946317647157E-4
"7718,2863",2023-05-13,1.0676249948441022E-4
"7723,2863",2023-05-13,1.1102670715032864E-4
"7728,2863",2023-05-13,1.1146642478425765E-4
"7733,2863",2023-05-13,1.122914943626097E-4
"7693,2868",2023-05-13,1.0776371211663853E-4
"7698,2868",2023-05-13,1.1298459477705844E-4
"7703,2868",2023-05-13,1.3277245106079044E-4
"7708,2868",2023-05-13,1.4320478263917666E-4
"7713,2868",2023-05-13,1.414505267324498E-4
"7718,2868",2023-05-13,1.4049728974165773E-4
"7723,2868",2023-05-13,1.2485097162689152E-4
"7728,2868",2023-05-13,1.3764943881856387E-4
"7733,2868",2023-05-13,1.6235669268252224E-4
"7693,2873",2023-05-13,1.1484682106082014E-4
"7698,2873",2023-05-13,1.1849583043772824E-4
"7703,2873",2023-05-13,1.295965378066693E-4
"7708,2873",2023-05-13,1.4226157511034127E-4
"7713,2873",2023-05-13,1.447600812676404E-4
"7718,2873",2023-05-13,1.4912544692085737E-4
"7723,2873",2023-05-13,1.4565875597787474E-4
"7728,2873",2023-05-13,1.659926518136747E-4
"7733,2873",2023-05-13,1.7499001941904537E-4
"7693,2878",2023-05-13,1.1106692767510692E-4
"7698,2878",2023-05-13,1.14673664771245E-4
"7703,2878",2023-05-13,1.1506153456163385E-4
"7708,2878",2023-05-13,1.1773407774067278E-4
"7713,2878",2023-05-13,1.2513667311918575E-4
"7718,2878",2023-05-13,1.1858951145659058E-4
"7723,2878",2023-05-13,1.239618134711558E-4
"7728,2878",2023-05-13,1.231370664310947E-4
"7693,2883",2023-05-13,9.853586332401943E-5
"7698,2883",2023-05-13,9.891215527222942E-5
"7703,2883",2023-05-13,9.680384602231485E-5
"7708,2883",2023-05-13,1.071729946147378E-4
"7713,2883",2023-05-13,1.0037554409820207E-4
"7718,2883",2023-05-13,9.231086194095898E-5
"7723,2883",2023-05-13,8.530539909275862E-5
"7703,2888",2023-05-13,8.490414373440509E-5
"7708,2888",2023-05-13,8.430158508691215E-5
"7713,2888",2023-05-13,9.003354782829938E-5
"7718,2888",2023-05-13,6.940219876683952E-5
"7723,2888",2023-05-13,6.616462373576987E-5
"7713,2843",2023-05-14,9.015327982402214E-5
"7718,2843",2023-05-14,8.7990202016633E-5
"7723,2843",2023-05-14,8.97168479793094E-5
"7708,2848",2023-05-14,1.4097470388251234E-4
"7713,2848",2023-05-14,1.194665554965998E-4
"7718,2848",2023-05-14,1.0546167254468131E-4
"7723,2848",2023-05-14,1.0752450260907134E-4
"7728,2848",2023-05-14,1.069372734352806E-4
"7733,2848",2023-05-14,1.1089075514310993E-4
"7688,2853",2023-05-14,7.492785725589977E-5
"7693,2853",2023-05-14,9.898155974976593E-5
"7698,2853",2023-05-14,1.1654346781056651E-4
"7703,2853",2023-05-14,1.3497913093022458E-4
"7708,2853",2023-05-14,1.605932660608372E-4
"7713,2853",2023-05-14,1.4831158105844277E-4
"7718,2853",2023-05-14,1.364968719898441E-4
"7723,2853",2023-05-14,1.3766010382951303E-4
"7728,2853",2023-05-14,1.2777260165763816E-4
"7733,2853",2023-05-14,1.0873809210334908E-4
"7683,2858",2023-05-14,6.947742833555852E-5
"7688,2858",2023-05-14,6.682333971431539E-5
"7693,2858",2023-05-14,7.693853301005726E-5
"7698,2858",2023-05-14,9.134650514130807E-5
"7703,2858",2023-05-14,1.2300043157340113E-4
"7708,2858",2023-05-14,1.5110273491623176E-4
"7713,2858",2023-05-14,1.5062242936117739E-4
"7718,2858",2023-05-14,1.3890083894764493E-4
"7723,2858",2023-05-14,1.4507673440325395E-4
"7728,2858",2023-05-14,1.2573920197208073E-4
"7733,2858",2023-05-14,1.1340197139490453E-4
"7688,2863",2023-05-14,6.730915823854927E-5
"7693,2863",2023-05-14,8.289147690895948E-5
"7698,2863",2023-05-14,9.733685735192325E-5
"7703,2863",2023-05-14,1.0615697849908814E-4
"7708,2863",2023-05-14,1.2340211792283938E-4
"7713,2863",2023-05-14,1.2714929620546249E-4
"7718,2863",2023-05-14,1.269223379768564E-4
"7723,2863",2023-05-14,1.202969826172223E-4
"7728,2863",2023-05-14,1.1495214222030305E-4
"7733,2863",2023-05-14,1.1859664674829591E-4
"7693,2868",2023-05-14,7.059621150933548E-5
"7698,2868",2023-05-14,7.405517932090866E-5
"7703,2868",2023-05-14,8.243162861882321E-5
"7708,2868",2023-05-14,1.0693298597472546E-4
"7713,2868",2023-05-14,1.1203597582841777E-4
"7718,2868",2023-05-14,1.0179364725412313E-4
"7723,2868",2023-05-14,9.393893454180906E-5
"7728,2868",2023-05-14,1.0327085267054399E-4
"7733,2868",2023-05-14,1.0005404072963531E-4
"7693,2873",2023-05-14,6.386423961105833E-5
"7698,2873",2023-05-14,6.564339574725862E-5
"7703,2873",2023-05-14,7.246068908545982E-5
"7708,2873",2023-05-14,8.653739900839505E-5
"7713,2873",2023-05-14,7.987606234941397E-5
"7718,2873",2023-05-14,7.695027939414386E-5
"7723,2873",2023-05-14,6.578011445364887E-5
"7728,2873",2023-05-14,7.845245938829956E-5
"7733,2873",2023-05-14,7.696972833006951E-5
"7693,2878",2023-05-14,6.138983383258962E-5
"7698,2878",2023-05-14,6.170926551338934E-5
"7703,2878",2023-05-14,6.610382578331461E-5
"7708,2878",2023-05-14,6.771776203571373E-5
"7713,2878",2023-05-14,6.391226773304436E-5
"7718,2878",2023-05-14,6.35935685662973E-5
"7723,2878",2023-05-14,5.944994494537233E-5
"7728,2878",2023-05-14,6.94302775445298E-5
"7693,2883",2023-05-14,5.993996488217533E-5
"7698,2883",2023-05-14,5.827712531071457E-5
"7703,2883",2023-05-14,5.8349193517228067E-5
"7708,2883",2023-05-14,6.744346822861656E-5
"7713,2883",2023-05-14,5.769116760907362E-5
"7718,2883",2023-05-14,5.604346650964723E-5
"7723,2883",2023-05-14,5.729055504158446E-5
"7703,2888",2023-05-14,5.604636465300521E-5
"7708,2888",2023-05-14,5.625395951427898E-5
"7713,2888",2023-05-14,5.618063824480222E-5
"7718,2888",2023-05-14,5.2245356548122934E-5
"7723,2888",2023-05-14,4.871945952592971E-5
"7713,2843",2023-05-15,9.071374044423985E-5
"7718,2843",2023-05-15,9.816887476243717E-5
"7723,2843",2023-05-15,1.041457946519466E-4
"7708,2848",2023-05-15,8.890926445746856E-5
"7713,2848",2023-05-15,9.425978017862496E-5
"7718,2848",2023-05-15,9.424632077784155E-5
"7723,2848",2023-05-15,1.1302243374693223E-4
"7728,2848",2023-05-15,1.18662754613043E-4
"7733,2848",2023-05-15,1.3936831440641216E-4
"7688,2853",2023-05-15,5.083804435006357E-5
"7693,2853",2023-05-15,4.529216867767604E-5
"7698,2853",2023-05-15,5.535089324825958E-5
"7703,2853",2023-05-15,7.771418547196977E-5
"7708,2853",2023-05-15,9.465121350425707E-5
"7713,2853",2023-05-15,1.037311818825154E-4
"7718,2853",2023-05-15,1.1064591915002296E-4
"7723,2853",2023-05-15,1.2732703030357833E-4
"7728,2853",2023-05-15,1.3520430930919074E-4
"7733,2853",2023-05-15,1.4579914764826675E-4
"7683,2858",2023-05-15,4.913219054725692E-5
"7688,2858",2023-05-15,4.617547253226812E-5
"7693,2858",2023-05-15,4.517243401199603E-5
"7698,2858",2023-05-15,5.1448878880175796E-5
"7703,2858",2023-05-15,7.667843725622258E-5
"7708,2858",2023-05-15,9.547311914826257E-5
"7713,2858",2023-05-15,1.1147679817617523E-4
"7718,2858",2023-05-15,1.2010714669315714E-4
"7723,2858",2023-05-15,1.4014737486188545E-4
"7728,2858",2023-05-15,1.4642198954923266E-4
"7733,2858",2023-05-15,1.447698018523748E-4
"7688,2863",2023-05-15,4.840984276578451E-5
"7693,2863",2023-05-15,5.09647549627025E-5
"7698,2863",2023-05-15,6.784994305945093E-5
"7703,2863",2023-05-15,8.439991974236762E-5
"7708,2863",2023-05-15,9.502700895807693E-5
"7713,2863",2023-05-15,1.0960192518160232E-4
"7718,2863",2023-05-15,1.1997945251050088E-4
"7723,2863",2023-05-15,1.3699122889564245E-4
"7728,2863",2023-05-15,1.5179869969465256E-4
"7733,2863",2023-05-15,1.510759550922754E-4
"7693,2868",2023-05-15,6.0686292387223084E-5
"7698,2868",2023-05-15,6.126842020588068E-5
"7703,2868",2023-05-15,7.371808907267982E-5
"7708,2868",2023-05-15,9.230496043894517E-5
"7713,2868",2023-05-15,1.1490478228467453E-4
"7718,2868",2023-05-15,1.1345972417792281E-4
"7723,2868",2023-05-15,1.1227900467311099E-4
"7728,2868",2023-05-15,1.1371236312520314E-4
"7733,2868",2023-05-15,1.14090537385204E-4
"7693,2873",2023-05-15,6.124585813831978E-5
"7698,2873",2023-05-15,5.548718006471736E-5
"7703,2873",2023-05-15,6.533304239811478E-5
"7708,2873",2023-05-15,7.111968384563732E-5
"7713,2873",2023-05-15,9.19761231443728E-5
"7718,2873",2023-05-15,9.680472027097442E-5
"7723,2873",2023-05-15,8.91898057159369E-5
"7728,2873",2023-05-15,7.940375684455536E-5
"7733,2873",2023-05-15,7.376907285294813E-5
"7693,2878",2023-05-15,6.295806935646723E-5
"7698,2878",2023-05-15,6.0160927480125247E-5
"7703,2878",2023-05-15,6.0069857958047757E-5
"7708,2878",2023-05-15,6.671503585211352E-5
"7713,2878",2023-05-15,8.070171606983029E-5
"7718,2878",2023-05-15,7.954908826232286E-5
"7723,2878",2023-05-15,7.413046111133943E-5
"7728,2878",2023-05-15,6.804461884590516E-5
"7693,2883",2023-05-15,5.554317350019067E-5
"7698,2883",2023-05-15,5.623708847326734E-5
"7703,2883",2023-05-15,6.432311149257755E-5
"7708,2883",2023-05-15,7.214337386851979E-5
"7713,2883",2023-05-15,8.335933204292821E-5
"7718,2883",2023-05-15,8.355518049584479E-5
"7723,2883",2023-05-15,6.756577776810874E-5
"7703,2888",2023-05-15,6.98165529642409E-5
"7708,2888",2023-05-15,8.072368023049722E-5
"7713,2888",2023-05-15,8.329635556541748E-5
"7718,2888",2023-05-15,8.233621581249867E-5
"7723,2888",2023-05-15,6.477715250127679E-5
"7713,2843",2023-05-16,9.961001391405879E-5
"7718,2843",2023-05-16,9.074669027535391E-5
"7723,2843",2023-05-16,8.627784013215975E-5
"7708,2848",2023-05-16,1.0108859909735062E-4
"7713,2848",2023-05-16,1.035284706085622E-4
"7718,2848",2023-05-16,9.891698247295934E-5
"7723,2848",2023-05-16,9.6903858221585E-5
"7728,2848",2023-05-16,1.0859388132129973E-4
"7733,2848",2023-05-16,1.0472312488135314E-4
"7688,2853",2023-05-16,3.918983110964777E-5
"7693,2853",2023-05-16,3.3984234625363455E-5
"7698,2853",2023-05-16,3.261368454295827E-5
"7703,2853",2023-05-16,7.780457125563328E-5
"7708,2853",2023-05-16,8.989391951659629E-5
"7713,2853",2023-05-16,1.0460340655238757E-4
"7718,2853",2023-05-16,1.0694547746685583E-4
"7723,2853",2023-05-16,1.0195811266835032E-4
"7728,2853",2023-05-16,1.0305628075990195E-4
"7733,2853",2023-05-16,1.0790394055458695E-4
"7683,2858",2023-05-16,3.7118655190095414E-5
"7688,2858",2023-05-16,3.94024291724171E-5
"7693,2858",2023-05-16,4.144392115259812E-5
"7698,2858",2023-05-16,4.6638840228415E-5
"7703,2858",2023-05-16,6.867619430135515E-5
"7708,2858",2023-05-16,7.712065980729324E-5
"7713,2858",2023-05-16,9.16172475255452E-5
"7718,2858",2023-05-16,1.0374544179995212E-4
"7723,2858",2023-05-16,1.0231138780488147E-4
"7728,2858",2023-05-16,9.964008895920945E-5
"7733,2858",2023-05-16,1.068677387325842E-4
"7688,2863",2023-05-16,3.683694251037668E-5
"7693,2863",2023-05-16,3.851139225052352E-5
"7698,2863",2023-05-16,5.37779028571616E-5
"7703,2863",2023-05-16,5.852867120797629E-5
"7708,2863",2023-05-16,6.366484406576545E-5
"7713,2863",2023-05-16,7.500093470637992E-5
"7718,2863",2023-05-16,8.759554584243332E-5
"7723,2863",2023-05-16,1.1489380305468763E-4
"7728,2863",2023-05-16,1.0707787889288128E-4
"7733,2863",2023-05-16,1.0873619602325768E-4
"7693,2868",2023-05-16,3.822334769694408E-5
"7698,2868",2023-05-16,5.021280572686697E-5
"7703,2868",2023-05-16,5.486409425940813E-5
"7708,2868",2023-05-16,6.413732656373927E-5
"7713,2868",2023-05-16,6.731956005165781E-5
"7718,2868",2023-05-16,7.312879791261018E-5
"7723,2868",2023-05-16,8.641017339516932E-5
"7728,2868",2023-05-16,9.219822565554286E-5
"7733,2868",2023-05-16,8.559840602026181E-5
"7693,2873",2023-05-16,4.9166765330850225E-5
"7698,2873",2023-05-16,5.241739711884838E-5
"7703,2873",2023-05-16,4.964706646768613E-5
"7708,2873",2023-05-16,5.647001170640473E-5
"7713,2873",2023-05-16,6.111673958391552E-5
"7718,2873",2023-05-16,6.422562384342394E-5
"7723,2873",2023-05-16,6.865910524211829E-5
"7728,2873",2023-05-16,5.846247124922177E-5
"7733,2873",2023-05-16,5.802308412838155E-5
"7693,2878",2023-05-16,4.896635594010201E-5
"7698,2878",2023-05-16,5.250455050751068E-5
"7703,2878",2023-05-16,5.489717046712243E-5
"7708,2878",2023-05-16,5.459980268282825E-5
"7713,2878",2023-05-16,5.4301037790118495E-5
"7718,2878",2023-05-16,5.3721524477329374E-5
"7723,2878",2023-05-16,5.607880290833646E-5
"7728,2878",2023-05-16,4.930682237956685E-5
"7693,2883",2023-05-16,4.967031047472777E-5
"7698,2883",2023-05-16,4.8234769337441686E-5
"7703,2883",2023-05-16,4.90168194850638E-5
"7708,2883",2023-05-16,5.133937869068924E-5
"7713,2883",2023-05-16,5.521373950750888E-5
"7718,2883",2023-05-16,5.544394857354291E-5
"7723,2883",2023-05-16,4.968497241352236E-5
"7703,2888",2023-05-16,4.162404663497624E-5
"7708,2888",2023-05-16,4.700978731790277E-5
"7713,2888",2023-05-16,5.7133557531802724E-5
"7718,2888",2023-05-16,5.6023182691094094E-5
"7723,2888",2023-05-16,5.170999262650565E-5
"7713,2843",2023-05-17,6.927833037709959E-5
"7718,2843",2023-05-17,6.307791845556099E-5
"7723,2843",2023-05-17,5.8295192354457954E-5
"7708,2848",2023-05-17,6.346150437127712E-5
"7713,2848",2023-05-17,6.387953664469597E-5
"7718,2848",2023-05-17,6.661477117251914E-5
"7723,2848",2023-05-17,6.705194603380794E-5
"7728,2848",2023-05-17,6.937911715668502E-5
"7733,2848",2023-05-17,7.141374543605331E-5
"7688,2853",2023-05-17,2.4771272140647342E-5
"7693,2853",2023-05-17,3.392298947980386E-5
"7698,2853",2023-05-17,3.70229188621577E-5
"7703,2853",2023-05-17,4.334677928545908E-5
"7708,2853",2023-05-17,6.707182526583627E-5
"7713,2853",2023-05-17,6.740181291886769E-5
"7718,2853",2023-05-17,8.140432334156822E-5
"7723,2853",2023-05-17,8.24042831703169E-5
"7728,2853",2023-05-17,8.96081261656639E-5
"7733,2853",2023-05-17,9.320485680867674E-5
"7693,2858",2023-05-17,3.0504397577911045E-5
"7698,2858",2023-05-17,3.050439776727745E-5
"7703,2858",2023-05-17,5.449827570836775E-5
"7708,2858",2023-05-17,6.460934731636265E-5
"7713,2858",2023-05-17,6.74303272805232E-5
"7718,2858",2023-05-17,8.767491612160538E-5
"7723,2858",2023-05-17,8.789322226883765E-5
"7728,2858",2023-05-17,1.0888113784616762E-4
"7733,2858",2023-05-17,1.1295079675089835E-4
"7703,2863",2023-05-17,6.349700988309997E-5
"7708,2863",2023-05-17,6.346231479876001E-5
"7713,2863",2023-05-17,7.16157453340925E-5
"7718,2863",2023-05-17,9.274425920617164E-5
"7723,2863",2023-05-17,9.356679083296746E-5
"7728,2863",2023-05-17,1.1385423239139485E-4
"7733,2863",2023-05-17,1.1522216406293903E-4
"7693,2868",2023-05-17,5.0049327406697383E-5
"7698,2868",2023-05-17,4.991869004252713E-5
"7703,2868",2023-05-17,6.075172037572562E-5
"7708,2868",2023-05-17,6.48878747549461E-5
"7713,2868",2023-05-17,7.162898997979561E-5
"7718,2868",2023-05-17,8.086287621238169E-5
"7723,2868",2023-05-17,8.26643297028296E-5
"7728,2868",2023-05-17,9.251393631857236E-5
"7733,2868",2023-05-17,9.277169062514354E-5
"7693,2873",2023-05-17,4.684319637354268E-5
"7698,2873",2023-05-17,4.691329319315806E-5
"7703,2873",2023-05-17,5.588518923342527E-5
"7708,2873",2023-05-17,5.7473133847605454E-5
"7713,2873",2023-05-17,5.9990409429695754E-5
"7718,2873",2023-05-17,6.186567326559626E-5
"7723,2873",2023-05-17,6.172645566596149E-5
"7728,2873",2023-05-17,6.185674546283283E-5
"7733,2873",2023-05-17,6.147682759327141E-5
"7693,2878",2023-05-17,4.120756735868403E-5
"7698,2878",2023-05-17,4.177979774875429E-5
"7703,2878",2023-05-17,4.8519030354482756E-5
"7708,2878",2023-05-17,4.885132629808012E-5
"7713,2878",2023-05-17,4.9518184754234544E-5
"7718,2878",2023-05-17,4.9793380920842296E-5
"7723,2878",2023-05-17,4.4859929955025894E-5
"7728,2878",2023-05-17,4.014847306526485E-5
"7693,2883",2023-05-17,4.7979549031671684E-5
"7698,2883",2023-05-17,4.673504375816132E-5
"7703,2883",2023-05-17,4.302652580337805E-5
"7708,2883",2023-05-17,4.2914932959304975E-5
"7713,2883",2023-05-17,3.8681308290134535E-5
"7718,2883",2023-05-17,3.847723573272561E-5
"7723,2883",2023-05-17,2.9858511805600103E-5
"7703,2888",2023-05-17,3.708603599327516E-5
"7708,2888",2023-05-17,3.6185496489918026E-5
"7713,2888",2023-05-17,3.0027991676209617E-5
"7718,2888",2023-05-17,3.004731694982479E-5
"7723,2888",2023-05-17,2.258101039713485E-5
"7713,2843",2023-05-18,5.5111613513077975E-5
"7718,2843",2023-05-18,4.600707076068393E-5
"7723,2843",2023-05-18,4.795342710296281E-5
"7708,2848",2023-05-18,7.79871686833461E-5
"7713,2848",2023-05-18,7.842228865185572E-5
"7718,2848",2023-05-18,6.968263182001001E-5
"7723,2848",2023-05-18,6.238587096654076E-5
"7728,2848",2023-05-18,6.208018740092247E-5
"7733,2848",2023-05-18,6.705130365792085E-5
"7688,2853",2023-05-18,4.3573558640826555E-5
"7693,2853",2023-05-18,4.654271740598132E-5
"7698,2853",2023-05-18,5.088619624719511E-5
"7703,2853",2023-05-18,5.8961359173765735E-5
"7708,2853",2023-05-18,7.013837049114225E-5
"7713,2853",2023-05-18,8.212122378884582E-5
"7718,2853",2023-05-18,8.290320778044787E-5
"7723,2853",2023-05-18,8.776700974934512E-5
"7728,2853",2023-05-18,8.977933022338272E-5
"7733,2853",2023-05-18,8.872551116102548E-5
"7683,2858",2023-05-18,4.290613002802197E-5
"7688,2858",2023-05-18,4.962478879293465E-5
"7693,2858",2023-05-18,5.065208654285952E-5
"7698,2858",2023-05-18,5.654247235301362E-5
"7703,2858",2023-05-18,6.356853419365693E-5
"7708,2858",2023-05-18,6.846047930264493E-5
"7713,2858",2023-05-18,7.809464915022491E-5
"7718,2858",2023-05-18,7.931147494644467E-5
"7723,2858",2023-05-18,1.0640948535340081E-4
"7728,2858",2023-05-18,1.1695871280896986E-4
"7733,2858",2023-05-18,1.248478910995958E-4
"7688,2863",2023-05-18,5.154242994610237E-5
"7693,2863",2023-05-18,5.571863411689533E-5
"7698,2863",2023-05-18,5.688683240361344E-5
"7703,2863",2023-05-18,6.170953835379587E-5
"7708,2863",2023-05-18,7.19136860500328E-5
"7713,2863",2023-05-18,8.562022032776756E-5
"7718,2863",2023-05-18,9.467389830594889E-5
"7723,2863",2023-05-18,1.1951280995904987E-4
"7728,2863",2023-05-18,1.4250137123062844E-4
"7733,2863",2023-05-18,1.5394239341786007E-4
"7693,2868",2023-05-18,4.747541751371482E-5
"7698,2868",2023-05-18,5.1299258297910436E-5
"7703,2868",2023-05-18,5.8058341536516833E-5
"7708,2868",2023-05-18,7.671469163271414E-5
"7713,2868",2023-05-18,9.689029088682806E-5
"7718,2868",2023-05-18,1.1476814714495152E-4
"7723,2868",2023-05-18,1.30602822176115E-4
"7728,2868",2023-05-18,1.7821702569863389E-4
"7733,2868",2023-05-18,1.8907707289641306E-4
"7693,2873",2023-05-18,5.731999546849991E-5
"7698,2873",2023-05-18,5.5341411415069694E-5
"7703,2873",2023-05-18,5.880408439622479E-5
"7708,2873",2023-05-18,7.655551426801781E-5
"7713,2873",2023-05-18,9.745590166572062E-5
"7718,2873",2023-05-18,1.1331137157708303E-4
"7723,2873",2023-05-18,1.317049709127381E-4
"7728,2873",2023-05-18,1.5659255494678898E-4
"7733,2873",2023-05-18,1.7292007065560741E-4
"7693,2878",2023-05-18,6.322730307735237E-5
"7698,2878",2023-05-18,6.496453637735392E-5
"7703,2878",2023-05-18,6.459080737259608E-5
"7708,2878",2023-05-18,7.448444436805926E-5
"7713,2878",2023-05-18,8.908126759744012E-5
"7718,2878",2023-05-18,1.0007465207263327E-4
"7723,2878",2023-05-18,1.1099898672477396E-4
"7728,2878",2023-05-18,1.272089684218446E-4
"7693,2883",2023-05-18,7.323710374223894E-5
"7698,2883",2023-05-18,7.296883700842603E-5
"7703,2883",2023-05-18,7.230301616123383E-5
"7708,2883",2023-05-18,7.250278007228973E-5
"7713,2883",2023-05-18,8.269682889623286E-5
"7718,2883",2023-05-18,8.783468253296922E-5
"7723,2883",2023-05-18,8.531727623621558E-5
"7703,2888",2023-05-18,7.311744389098911E-5
"7708,2888",2023-05-18,7.051839576584512E-5
"7713,2888",2023-05-18,8.169026848027547E-5
"7718,2888",2023-05-18,8.577883845459894E-5
"7723,2888",2023-05-18,7.676665812652468E-5
"7713,2843",2023-05-19,8.04061888687269E-5
"7718,2843",2023-05-19,7.892751820854702E-5
"7723,2843",2023-05-19,7.500946230121058E-5
"7708,2848",2023-05-19,9.185601966887549E-5
"7713,2848",2023-05-19,8.865683271369535E-5
"7718,2848",2023-05-19,9.650325189313402E-5
"7723,2848",2023-05-19,8.548993260041465E-5
"7728,2848",2023-05-19,9.856359545628318E-5
"7733,2848",2023-05-19,1.2617216667762051E-4
"7688,2853",2023-05-19,7.108495052250378E-5
"7693,2853",2023-05-19,6.106482713699534E-5
"7698,2853",2023-05-19,7.568832036127726E-5
"7703,2853",2023-05-19,7.013300280720546E-5
"7708,2853",2023-05-19,8.98683752880175E-5
"7713,2853",2023-05-19,9.798816512508896E-5
"7718,2853",2023-05-19,1.0936403483003114E-4
"7723,2853",2023-05-19,1.1636167366924262E-4
"7728,2853",2023-05-19,1.327083138858043E-4
"7733,2853",2023-05-19,1.5575787424505078E-4
"7683,2858",2023-05-19,6.101703482219339E-5
"7688,2858",2023-05-19,6.479073684374023E-5
"7693,2858",2023-05-19,7.56249886258032E-5
"7698,2858",2023-05-19,6.262656321571873E-5
"7703,2858",2023-05-19,6.885427534614851E-5
"7708,2858",2023-05-19,8.82620529549872E-5
"7713,2858",2023-05-19,1.0015021945653122E-4
"7718,2858",2023-05-19,1.0889386505330338E-4
"7723,2858",2023-05-19,1.2045164203598825E-4
"7728,2858",2023-05-19,1.3477369230830664E-4
"7733,2858",2023-05-19,1.532069727623744E-4
"7688,2863",2023-05-19,6.535299157263851E-5
"7693,2863",2023-05-19,6.435064277449928E-5
"7698,2863",2023-05-19,7.089953837578124E-5
"7703,2863",2023-05-19,8.180177137194143E-5
"7708,2863",2023-05-19,9.282384449582902E-5
"7713,2863",2023-05-19,1.0216388198161483E-4
"7718,2863",2023-05-19,1.1101384425812259E-4
"7723,2863",2023-05-19,1.3978562423037124E-4
"7728,2863",2023-05-19,1.4969865229381182E-4
"7733,2863",2023-05-19,1.4846844935099664E-4
"7693,2868",2023-05-19,9.026068972559223E-5
"7698,2868",2023-05-19,8.205927557068337E-5
"7703,2868",2023-05-19,9.28969830854674E-5
"7708,2868",2023-05-19,9.725563287177249E-5
"7713,2868",2023-05-19,1.1277414604058153E-4
"7718,2868",2023-05-19,1.1545502673656595E-4
"7723,2868",2023-05-19,1.27764950208356E-4
"7728,2868",2023-05-19,1.2161764928303738E-4
"7733,2868",2023-05-19,1.2447942765737833E-4
"7693,2873",2023-05-19,8.529750970438613E-5
"7698,2873",2023-05-19,7.603868463213892E-5
"7703,2873",2023-05-19,8.708031851649501E-5
"7708,2873",2023-05-19,8.630449157328073E-5
"7713,2873",2023-05-19,8.564047208281675E-5
"7718,2873",2023-05-19,9.829528471969073E-5
"7723,2873",2023-05-19,9.083421181346059E-5
"7728,2873",2023-05-19,9.590587285233686E-5
"7733,2873",2023-05-19,9.70647507846243E-5
"7693,2878",2023-05-19,7.666429601661988E-5
"7698,2878",2023-05-19,7.44061792563787E-5
"7703,2878",2023-05-19,8.224861930224529E-5
"7708,2878",2023-05-19,8.109240313590288E-5
"7713,2878",2023-05-19,8.241069415576922E-5
"7718,2878",2023-05-19,9.172270649991615E-5
"7723,2878",2023-05-19,7.97390653986611E-5
"7728,2878",2023-05-19,8.13190510077755E-5
"7693,2883",2023-05-19,8.220060759143464E-5
"7698,2883",2023-05-19,8.284862673581604E-5
"7703,2883",2023-05-19,7.831543898307672E-5
"7708,2883",2023-05-19,7.937871180616972E-5
"7713,2883",2023-05-19,8.559827927136229E-5
"7718,2883",2023-05-19,7.374596993396807E-5
"7723,2883",2023-05-19,7.754911631584529E-5
"7703,2888",2023-05-19,8.094361760212501E-5
"7708,2888",2023-05-19,7.653677494538693E-5
"7713,2888",2023-05-19,8.231761610051553E-5
"7718,2888",2023-05-19,9.51500354279524E-5
"7723,2888",2023-05-19,8.619177027656234E-5
"7713,2843",2023-05-20,9.628617336872844E-5
"7718,2843",2023-05-20,8.955236902439484E-5
"7723,2843",2023-05-20,8.52503862889435E-5
"7708,2848",2023-05-20,1.1122257159189674E-4
"7713,2848",2023-05-20,1.0697357791957205E-4
"7718,2848",2023-05-20,1.066851755888107E-4
"7723,2848",2023-05-20,1.0907045291793646E-4
"7728,2848",2023-05-20,1.1479871826226086E-4
"7733,2848",2023-05-20,1.2818964990262313E-4
"7688,2853",2023-05-20,6.878190003536776E-5
"7693,2853",2023-05-20,7.169130932644319E-5
"7698,2853",2023-05-20,7.949088375526631E-5
"7703,2853",2023-05-20,8.176800238814905E-5
"7708,2853",2023-05-20,1.1170679203285962E-4
"7713,2853",2023-05-20,1.257979613879481E-4
"7718,2853",2023-05-20,1.2411428871250473E-4
"7723,2853",2023-05-20,1.2996129157692498E-4
"7728,2853",2023-05-20,1.4260809504996344E-4
"7733,2853",2023-05-20,1.403244802554859E-4
"7683,2858",2023-05-20,7.366915343291701E-5
"7688,2858",2023-05-20,7.925716510093514E-5
"7693,2858",2023-05-20,7.648533269440226E-5
"7698,2858",2023-05-20,7.58251901898265E-5
"7703,2858",2023-05-20,8.52882358126139E-5
"7708,2858",2023-05-20,1.0875646673470662E-4
"7713,2858",2023-05-20,1.2097067350756998E-4
"7718,2858",2023-05-20,1.2596146155334232E-4
"7723,2858",2023-05-20,1.4250685552337638E-4
"7728,2858",2023-05-20,1.4638080534404584E-4
"7733,2858",2023-05-20,1.5267870025829843E-4
"7688,2863",2023-05-20,7.790072247998953E-5
"7693,2863",2023-05-20,6.659766656509656E-5
"7698,2863",2023-05-20,8.052935650697946E-5
"7703,2863",2023-05-20,8.713237420496144E-5
"7708,2863",2023-05-20,9.800567532555151E-5
"7713,2863",2023-05-20,1.1917283378074742E-4
"7718,2863",2023-05-20,1.394694541289874E-4
"7723,2863",2023-05-20,1.5444726425824503E-4
"7728,2863",2023-05-20,1.5383760040163066E-4
"7733,2863",2023-05-20,1.350108370553889E-4
"7693,2868",2023-05-20,7.78803519339809E-5
"7698,2868",2023-05-20,9.472363195314791E-5
"7703,2868",2023-05-20,8.979294188293537E-5
"7708,2868",2023-05-20,9.47722421149904E-5
"7713,2868",2023-05-20,1.2866949281650897E-4
"7718,2868",2023-05-20,1.3573956845899215E-4
"7723,2868",2023-05-20,1.453023846841211E-4
"7728,2868",2023-05-20,1.3438508147321974E-4
"7733,2868",2023-05-20,1.0198186353580799E-4
"7693,2873",2023-05-20,8.256979970169923E-5
"7698,2873",2023-05-20,8.266100027035993E-5
"7703,2873",2023-05-20,8.17871413260214E-5
"7708,2873",2023-05-20,8.639322540033E-5
"7713,2873",2023-05-20,9.94398237045857E-5
"7718,2873",2023-05-20,1.108236455886103E-4
"7723,2873",2023-05-20,1.033416938414119E-4
"7728,2873",2023-05-20,8.818154622312333E-5
"7733,2873",2023-05-20,7.711848661446078E-5
"7693,2878",2023-05-20,6.789497137258303E-5
"7698,2878",2023-05-20,6.767711332381725E-5
"7703,2878",2023-05-20,7.20165227803463E-5
"7708,2878",2023-05-20,7.743719487003688E-5
"7713,2878",2023-05-20,9.06952039457947E-5
"7718,2878",2023-05-20,8.872475604297868E-5
"7723,2878",2023-05-20,9.047770389575801E-5
"7728,2878",2023-05-20,8.295607553249646E-5
"7693,2883",2023-05-20,7.520257790848595E-5
"7698,2883",2023-05-20,6.853173573014076E-5
"7703,2883",2023-05-20,7.857028281890792E-5
"7708,2883",2023-05-20,7.64180123465543E-5
"7713,2883",2023-05-20,9.165583946069206E-5
"7718,2883",2023-05-20,8.800949549966573E-5
"7723,2883",2023-05-20,8.53835308059968E-5
"7703,2888",2023-05-20,7.844803969255755E-5
"7708,2888",2023-05-20,8.034356170553598E-5
"7713,2888",2023-05-20,9.19280054842498E-5
"7718,2888",2023-05-20,8.950555291425979E-5
"7723,2888",2023-05-20,7.411806201243464E-5
"7713,2843",2023-05-21,8.034628154172728E-5
"7718,2843",2023-05-21,8.637428031234007E-5
"7723,2843",2023-05-21,8.840562147692039E-5
"7708,2848",2023-05-21,9.71580464244983E-5
"7713,2848",2023-05-21,1.0147522354623847E-4
"7718,2848",2023-05-21,1.0856138234528332E-4
"7723,2848",2023-05-21,1.1583347118686065E-4
"7728,2848",2023-05-21,1.2274474487304998E-4
"7733,2848",2023-05-21,1.6031200218872982E-4
"7688,2853",2023-05-21,5.361858665833205E-5
"7693,2853",2023-05-21,5.85200398952006E-5
"7698,2853",2023-05-21,6.548378363499108E-5
"7703,2853",2023-05-21,7.776738450002302E-5
"7708,2853",2023-05-21,9.29829500561135E-5
"7713,2853",2023-05-21,1.1291431235446472E-4
"7718,2853",2023-05-21,1.1972263250379079E-4
"7723,2853",2023-05-21,1.3493910564053572E-4
"7728,2853",2023-05-21,1.421668898654253E-4
"7733,2853",2023-05-21,1.7955209824177466E-4
"7683,2858",2023-05-21,5.5161506329836215E-5
"7688,2858",2023-05-21,5.7339779695078345E-5
"7693,2858",2023-05-21,5.938750560213056E-5
"7698,2858",2023-05-21,6.302352482549212E-5
"7703,2858",2023-05-21,8.645765695803209E-5
"7708,2858",2023-05-21,9.348125670275738E-5
"7713,2858",2023-05-21,1.1935719706525981E-4
"7718,2858",2023-05-21,1.2959921339721065E-4
"7723,2858",2023-05-21,1.4833922073268454E-4
"7728,2858",2023-05-21,1.597770804702702E-4
"7733,2858",2023-05-21,1.7529501278483933E-4
"7688,2863",2023-05-21,5.653085933398645E-5
"7693,2863",2023-05-21,5.9620922792600507E-5
"7698,2863",2023-05-21,6.376156022713785E-5
"7703,2863",2023-05-21,8.841705810890125E-5
"7708,2863",2023-05-21,1.0332217172868493E-4
"7713,2863",2023-05-21,1.2391700371611292E-4
"7718,2863",2023-05-21,1.3888786913964657E-4
"7723,2863",2023-05-21,1.5165851851307163E-4
"7728,2863",2023-05-21,1.561062805208111E-4
"7733,2863",2023-05-21,1.5703435217289983E-4
"7693,2868",2023-05-21,6.0764010782220585E-5
"7698,2868",2023-05-21,6.430614264574826E-5
"7703,2868",2023-05-21,7.057181781867294E-5
"7708,2868",2023-05-21,1.0201709629034874E-4
"7713,2868",2023-05-21,1.1864906125823885E-4
"7718,2868",2023-05-21,1.2735971656005973E-4
"7723,2868",2023-05-21,1.3567357332996619E-4
"7728,2868",2023-05-21,1.3906345901235417E-4
"7733,2868",2023-05-21,1.2530252550225425E-4
"7693,2873",2023-05-21,5.921160983798802E-5
"7698,2873",2023-05-21,7.02688225594943E-5
"7703,2873",2023-05-21,6.953870372955619E-5
"7708,2873",2023-05-21,8.24812559584102E-5
"7713,2873",2023-05-21,9.333478466467817E-5
"7718,2873",2023-05-21,1.0750137682446275E-4
"7723,2873",2023-05-21,1.0512751975439204E-4
"7728,2873",2023-05-21,1.0755579021486427E-4
"7733,2873",2023-05-21,9.601668513253482E-5
"7693,2878",2023-05-21,6.002398361785222E-5
"7698,2878",2023-05-21,6.423674566657386E-5
"7703,2878",2023-05-21,6.845348332120163E-5
"7708,2878",2023-05-21,7.046791512589658E-5
"7713,2878",2023-05-21,8.162038655738457E-5
"7718,2878",2023-05-21,9.054586809899085E-5
"7723,2878",2023-05-21,8.35169799685849E-5
"7728,2878",2023-05-21,8.325225086856574E-5
"7693,2883",2023-05-21,6.909687784220702E-5
"7698,2883",2023-05-21,7.059074375405628E-5
"7703,2883",2023-05-21,6.859287340780731E-5
"7708,2883",2023-05-21,7.068103918564003E-5
"7713,2883",2023-05-21,7.960229724015906E-5
"7718,2883",2023-05-21,8.031441932858804E-5
"7723,2883",2023-05-21,7.997944497194692E-5
"7703,2888",2023-05-21,6.835771258839576E-5
"7708,2888",2023-05-21,7.520345896096543E-5
"7713,2888",2023-05-21,8.229845300880738E-5
"7718,2888",2023-05-21,7.952680338634897E-5
"7723,2888",2023-05-21,7.728059411717296E-5
"7713,2843",2023-05-22,6.061090659936172E-5
"7718,2843",2023-05-22,6.125839805995262E-5
"7723,2843",2023-05-22,6.494796255223337E-5
"7708,2848",2023-05-22,4.0490973716307807E-5
"7713,2848",2023-05-22,5.960121288207861E-5
"7718,2848",2023-05-22,6.577004768511081E-5
"7723,2848",2023-05-22,8.581071552528097E-5
"7728,2848",2023-05-22,8.253066871398501E-5
"7733,2848",2023-05-22,8.654758583108962E-5
"7688,2853",2023-05-22,3.1693514190793584E-5
"7693,2853",2023-05-22,2.912239003722952E-5
"7698,2853",2023-05-22,3.4059228738177495E-5
"7703,2853",2023-05-22,4.587103334989719E-5
"7708,2853",2023-05-22,5.051750864604199E-5
"7713,2853",2023-05-22,7.350259546854237E-5
"7718,2853",2023-05-22,7.47147250145501E-5
"7723,2853",2023-05-22,8.421698594130532E-5
"7728,2853",2023-05-22,9.604816603392889E-5
"7733,2853",2023-05-22,9.199051010671337E-5
"7683,2858",2023-05-22,3.383635014454829E-5
"7688,2858",2023-05-22,3.263284432501741E-5
"7693,2858",2023-05-22,2.466720437911585E-5
"7698,2858",2023-05-22,2.8715029143067607E-5
"7703,2858",2023-05-22,4.4800469237015534E-5
"7708,2858",2023-05-22,5.650387264631671E-5
"7713,2858",2023-05-22,6.752561415693817E-5
"7718,2858",2023-05-22,7.324262256933852E-5
"7723,2858",2023-05-22,7.609788027442986E-5
"7728,2858",2023-05-22,1.0003095307680758E-4
"7733,2858",2023-05-22,1.1191814046222801E-4
"7688,2863",2023-05-22,3.404916420506793E-5
"7693,2863",2023-05-22,3.3623185306158804E-5
"7698,2863",2023-05-22,3.8979654768433734E-5
"7703,2863",2023-05-22,4.1462885635339266E-5
"7708,2863",2023-05-22,5.601346295244788E-5
"7713,2863",2023-05-22,6.188793251766367E-5
"7718,2863",2023-05-22,7.229877851525544E-5
"7723,2863",2023-05-22,7.422958026231584E-5
"7728,2863",2023-05-22,8.144618501976091E-5
"7733,2863",2023-05-22,9.165222387527273E-5
"7693,2868",2023-05-22,3.7161675369825784E-5
"7698,2868",2023-05-22,4.042838454592934E-5
"7703,2868",2023-05-22,4.152682355485251E-5
"7708,2868",2023-05-22,4.310681201588727E-5
"7713,2868",2023-05-22,5.748681965877532E-5
"7718,2868",2023-05-22,6.225021758314274E-5
"7723,2868",2023-05-22,6.248087962424367E-5
"7728,2868",2023-05-22,6.415036908660399E-5
"7733,2868",2023-05-22,5.7567109793326855E-5
"7693,2873",2023-05-22,3.5192491117764625E-5
"7698,2873",2023-05-22,3.4453553713783954E-5
"7703,2873",2023-05-22,4.683415869379219E-5
"7708,2873",2023-05-22,4.861544426564738E-5
"7713,2873",2023-05-22,5.352591625649109E-5
"7718,2873",2023-05-22,5.339879813483095E-5
"7723,2873",2023-05-22,4.5207435301706386E-5
"7728,2873",2023-05-22,5.305681643489896E-5
"7733,2873",2023-05-22,5.1905769152752914E-5
"7693,2878",2023-05-22,4.350942541541039E-5
"7698,2878",2023-05-22,3.6822358412227917E-5
"7703,2878",2023-05-22,3.6816383129733656E-5
"7708,2878",2023-05-22,4.128021480614302E-5
"7713,2878",2023-05-22,3.989315591601091E-5
"7718,2878",2023-05-22,5.0488985593112585E-5
"7723,2878",2023-05-22,4.382521465743477E-5
"7728,2878",2023-05-22,4.938714838385075E-5
"7693,2883",2023-05-22,3.2773451210853775E-5
"7698,2883",2023-05-22,3.8029795861863314E-5
"7703,2883",2023-05-22,3.3766170398687675E-5
"7708,2883",2023-05-22,4.126382068077177E-5
"7713,2883",2023-05-22,4.393943113634986E-5
"7718,2883",2023-05-22,5.419726223441284E-5
"7723,2883",2023-05-22,5.343411196360871E-5
"7703,2888",2023-05-22,4.003644569943569E-5
"7708,2888",2023-05-22,4.197536924530358E-5
"7713,2888",2023-05-22,5.022890419824835E-5
"7718,2888",2023-05-22,5.516549312108845E-5
"7723,2888",2023-05-22,5.461517593871031E-5
"7713,2843",2023-05-22,5.081429153414933E-5
"7718,2843",2023-05-22,5.07939691910342E-5
"7723,2843",2023-05-22,5.2640774570509245E-5
"7708,2848",2023-05-22,4.3067780896618595E-5
"7713,2848",2023-05-22,5.031474891728127E-5
"7718,2848",2023-05-22,5.034856169416251E-5
"7723,2848",2023-05-22,5.8295968055884094E-5
"7728,2848",2023-05-22,6.749071689977462E-5
"7733,2848",2023-05-22,6.762224636946904E-5
"7688,2853",2023-05-22,2.7123801949816952E-5
"7693,2853",2023-05-22,3.11128844942777E-5
"7698,2853",2023-05-22,3.643000826936539E-5
"7703,2853",2023-05-22,3.6412794082917846E-5
"7708,2853",2023-05-22,4.655958285237735E-5
"7713,2853",2023-05-22,5.8203598220161706E-5
"7718,2853",2023-05-22,5.8253103114691034E-5
"7723,2853",2023-05-22,7.011556862273539E-5
"7728,2853",2023-05-22,7.802997787716304E-5
"7733,2853",2023-05-22,7.805260480860297E-5
"7683,2858",2023-05-22,2.706165510444281E-5
"7688,2858",2023-05-22,2.704996939488585E-5
"7693,2858",2023-05-22,3.47392666490827E-5
"7698,2858",2023-05-22,3.9400371907619497E-5
"7703,2858",2023-05-22,3.9434089712614117E-5
"7708,2858",2023-05-22,5.145577140088008E-5
"7713,2858",2023-05-22,5.944908762844226E-5
"7718,2858",2023-05-22,5.942619324256436E-5
"7723,2858",2023-05-22,8.058036248934966E-5
"7728,2858",2023-05-22,8.69235585164969E-5
"7733,2858",2023-05-22,8.702563734079985E-5
"7688,2863",2023-05-22,2.9486833622319586E-5
"7693,2863",2023-05-22,3.6427492460987966E-5
"7698,2863",2023-05-22,3.888931228235753E-5
"7703,2863",2023-05-22,3.886249850824484E-5
"7708,2863",2023-05-22,4.8797464541994865E-5
"7713,2863",2023-05-22,5.183871685933852E-5
"7718,2863",2023-05-22,5.227850747146108E-5
"7723,2863",2023-05-22,8.511093060000509E-5
"7728,2863",2023-05-22,8.860989825720009E-5
"7733,2863",2023-05-22,8.924923916023167E-5
"7693,2868",2023-05-22,3.5520492177609254E-5
"7698,2868",2023-05-22,3.589234246544277E-5
"7703,2868",2023-05-22,3.611782647991832E-5
"7708,2868",2023-05-22,4.816562579757283E-5
"7713,2868",2023-05-22,4.937336132575219E-5
"7718,2868",2023-05-22,5.080120417703007E-5
"7723,2868",2023-05-22,6.776908271213156E-5
"7728,2868",2023-05-22,6.816160100665124E-5
"7733,2868",2023-05-22,7.025946911583482E-5
"7693,2873",2023-05-22,3.968725358436676E-5
"7698,2873",2023-05-22,3.979030003626538E-5
"7703,2873",2023-05-22,4.0244088892561467E-5
"7708,2873",2023-05-22,4.53631219052165E-5
"7713,2873",2023-05-22,4.550121627785736E-5
"7718,2873",2023-05-22,4.598801053015246E-5
"7723,2873",2023-05-22,4.837895070277027E-5
"7728,2873",2023-05-22,4.826484833480143E-5
"7733,2873",2023-05-22,5.3636053580164766E-5
"7693,2878",2023-05-22,4.1691782588662166E-5
"7698,2878",2023-05-22,4.169091375314783E-5
"7703,2878",2023-05-22,4.1348483261599735E-5
"7708,2878",2023-05-22,4.0508645561008187E-5
"7713,2878",2023-05-22,4.048261942451255E-5
"7718,2878",2023-05-22,4.1565844367332834E-5
"7723,2878",2023-05-22,4.322399288844437E-5
"7728,2878",2023-05-22,4.321851673082146E-5
"7693,2883",2023-05-22,3.5230947763514E-5
"7698,2883",2023-05-22,3.519257215948995E-5
"7703,2883",2023-05-22,3.639116440922098E-5
"7708,2883",2023-05-22,3.802077004004223E-5
"7713,2883",2023-05-22,3.8009922419945956E-5
"7718,2883",2023-05-22,4.0286931859077675E-5
"7723,2883",2023-05-22,4.22672457908219E-5
"7703,2888",2023-05-22,3.535841510257154E-5
"7708,2888",2023-05-22,3.74653602350039E-5
"7713,2888",2023-05-22,3.746442605821747E-5
"7718,2888",2023-05-22,4.3357725107975025E-5
"7723,2888",2023-05-22,4.5980579398889574E-5
"7713,2843",2023-05-23,6.277291025512219E-5
"7718,2843",2023-05-23,5.9422313322038536E-5
"7723,2843",2023-05-23,5.0178424284100325E-5
"7708,2848",2023-05-23,4.774319533078105E-5
"7713,2848",2023-05-23,5.1724188736533944E-5
"7718,2848",2023-05-23,5.480336210081817E-5
"7723,2848",2023-05-23,5.2589522096975876E-5
"7728,2848",2023-05-23,6.969856400543312E-5
"7733,2848",2023-05-23,7.79743236065774E-5
"7688,2853",2023-05-23,3.586175882100656E-5
"7693,2853",2023-05-23,4.003575797617597E-5
"7698,2853",2023-05-23,4.520060322271904E-5
"7703,2853",2023-05-23,4.940551066780633E-5
"7708,2853",2023-05-23,5.7942784357817013E-5
"7713,2853",2023-05-23,7.37959643207844E-5
"7718,2853",2023-05-23,7.84627389539922E-5
"7723,2853",2023-05-23,7.784770544164549E-5
"7728,2853",2023-05-23,9.990089517414237E-5
"7733,2853",2023-05-23,1.0176424141313404E-4
"7683,2858",2023-05-23,4.182026408710645E-5
"7688,2858",2023-05-23,4.0246292371526634E-5
"7693,2858",2023-05-23,3.551790379282912E-5
"7698,2858",2023-05-23,5.0130517594476634E-5
"7703,2858",2023-05-23,5.6147875449652634E-5
"7708,2858",2023-05-23,6.441187629061825E-5
"7713,2858",2023-05-23,6.475917095937977E-5
"7718,2858",2023-05-23,7.143389393481223E-5
"7723,2858",2023-05-23,7.789039673090654E-5
"7728,2858",2023-05-23,8.831128539737705E-5
"7733,2858",2023-05-23,1.0028139400527473E-4
"7688,2863",2023-05-23,4.089212769546256E-5
"7693,2863",2023-05-23,4.0941550823001136E-5
"7698,2863",2023-05-23,4.462648435578384E-5
"7703,2863",2023-05-23,5.232477623965529E-5
"7708,2863",2023-05-23,5.9798612802879606E-5
"7713,2863",2023-05-23,6.817138033407095E-5
"7718,2863",2023-05-23,7.505259393089901E-5
"7723,2863",2023-05-23,8.094814061280218E-5
"7728,2863",2023-05-23,8.92442741240041E-5
"7733,2863",2023-05-23,1.0647661539516113E-4
"7693,2868",2023-05-23,4.1615819455764964E-5
"7698,2868",2023-05-23,4.4108568933215736E-5
"7703,2868",2023-05-23,5.3289828585978595E-5
"7708,2868",2023-05-23,5.9856726127862046E-5
"7713,2868",2023-05-23,6.699502747497548E-5
"7718,2868",2023-05-23,7.261241015524622E-5
"7723,2868",2023-05-23,7.616169893302373E-5
"7728,2868",2023-05-23,8.049961537080357E-5
"7733,2868",2023-05-23,9.196827210515212E-5
"7693,2873",2023-05-23,4.5844211623414996E-5
"7698,2873",2023-05-23,4.8318455733714954E-5
"7703,2873",2023-05-23,5.162355510320008E-5
"7708,2873",2023-05-23,5.458153496402748E-5
"7713,2873",2023-05-23,5.648255709303001E-5
"7718,2873",2023-05-23,5.2921654153282646E-5
"7723,2873",2023-05-23,5.405484259212026E-5
"7728,2873",2023-05-23,5.6638000755650766E-5
"7733,2873",2023-05-23,6.365993976250122E-5
"7693,2878",2023-05-23,4.06641330940612E-5
"7698,2878",2023-05-23,4.112200876742633E-5
"7703,2878",2023-05-23,4.085029101101501E-5
"7708,2878",2023-05-23,4.2541846119950435E-5
"7713,2878",2023-05-23,4.285542422039913E-5
"7718,2878",2023-05-23,4.115392035534328E-5
"7723,2878",2023-05-23,4.807523549151081E-5
"7728,2878",2023-05-23,5.1476857344324034E-5
"7693,2883",2023-05-23,3.9306249017627176E-5
"7698,2883",2023-05-23,4.226353587538293E-5
"7703,2883",2023-05-23,4.7580622735025664E-5
"7708,2883",2023-05-23,3.5644279484689765E-5
"7713,2883",2023-05-23,4.0406115440284447E-5
"7718,2883",2023-05-23,4.635164443641582E-5
"7723,2883",2023-05-23,5.024698776380839E-5
"7703,2888",2023-05-23,4.421258102091535E-5
"7708,2888",2023-05-23,4.146087481772557E-5
"7713,2888",2023-05-23,4.709488217011147E-5
"7718,2888",2023-05-23,5.048013360194171E-5
"7723,2888",2023-05-23,5.3318593824752215E-5
"7713,2843",2023-05-25,8.400530072189767E-5
"7718,2843",2023-05-25,7.640962385738416E-5
"7723,2843",2023-05-25,7.403662076692644E-5
"7708,2848",2023-05-25,1.0446378292735038E-4
"7713,2848",2023-05-25,1.1009557674275797E-4
"7718,2848",2023-05-25,1.034085010325097E-4
"7723,2848",2023-05-25,9.106965418010431E-5
"7728,2848",2023-05-25,1.0092819874367269E-4
"7733,2848",2023-05-25,1.0425346639439341E-4
"7688,2853",2023-05-25,5.766808129539417E-5
"7693,2853",2023-05-25,7.012572240139854E-5
"7698,2853",2023-05-25,5.880302596734872E-5
"7703,2853",2023-05-25,6.982319554861082E-5
"7708,2853",2023-05-25,1.0020735399142799E-4
"7713,2853",2023-05-25,1.1298177703381278E-4
"7718,2853",2023-05-25,1.2627768681793084E-4
"7723,2853",2023-05-25,1.4374455207646092E-4
"7728,2853",2023-05-25,1.6863603834738847E-4
"7733,2853",2023-05-25,1.532007045343595E-4
"7683,2858",2023-05-25,5.360827757603476E-5
"7688,2858",2023-05-25,6.69389391152594E-5
"7693,2858",2023-05-25,6.15095390213877E-5
"7698,2858",2023-05-25,6.529996876989352E-5
"7703,2858",2023-05-25,7.52401522338665E-5
"7708,2858",2023-05-25,1.2707891808838703E-4
"7713,2858",2023-05-25,1.564016893088409E-4
"7718,2858",2023-05-25,1.5093294193696267E-4
"7723,2858",2023-05-25,1.7283651739290477E-4
"7728,2858",2023-05-25,2.05737237142433E-4
"7733,2858",2023-05-25,1.9270444685380844E-4
"7688,2863",2023-05-25,6.836246470872817E-5
"7693,2863",2023-05-25,7.423287446980373E-5
"7698,2863",2023-05-25,7.208621407661361E-5
"7703,2863",2023-05-25,8.117538239810291E-5
"7708,2863",2023-05-25,1.0631286310816364E-4
"7713,2863",2023-05-25,1.2512876036194746E-4
"7718,2863",2023-05-25,1.4198367752929315E-4
"7723,2863",2023-05-25,1.8161037192631138E-4
"7728,2863",2023-05-25,2.2062030913590696E-4
"7733,2863",2023-05-25,2.4418953274903853E-4
"7693,2868",2023-05-25,6.942674821186029E-5
"7698,2868",2023-05-25,6.928717919844363E-5
"7703,2868",2023-05-25,7.956494990955906E-5
"7708,2868",2023-05-25,9.648155253918923E-5
"7713,2868",2023-05-25,1.3101841084392813E-4
"7718,2868",2023-05-25,1.4344273690321035E-4
"7723,2868",2023-05-25,1.719517439991663E-4
"7728,2868",2023-05-25,2.2317845246738995E-4
"7733,2868",2023-05-25,2.7751077492014966E-4
"7693,2873",2023-05-25,6.508262880482566E-5
"7698,2873",2023-05-25,6.300846008646513E-5
"7703,2873",2023-05-25,7.582535638391836E-5
"7708,2873",2023-05-25,8.884232049735228E-5
"7713,2873",2023-05-25,1.1007738224841618E-4
"7718,2873",2023-05-25,1.264426032810231E-4
"7723,2873",2023-05-25,1.2715264659254237E-4
"7728,2873",2023-05-25,1.636889020453566E-4
"7733,2873",2023-05-25,1.8267680516751553E-4
"7693,2878",2023-05-25,5.868344432321753E-5
"7698,2878",2023-05-25,6.083220465940865E-5
"7703,2878",2023-05-25,7.029216390362807E-5
"7708,2878",2023-05-25,8.465662507200307E-5
"7713,2878",2023-05-25,8.993333263412645E-5
"7718,2878",2023-05-25,1.0984571802869473E-4
"7723,2878",2023-05-25,9.93732212123078E-5
"7728,2878",2023-05-25,1.0742442109106262E-4
"7693,2883",2023-05-25,5.3408544621557204E-5
"7698,2883",2023-05-25,5.617012984951535E-5
"7703,2883",2023-05-25,6.312920327276251E-5
"7708,2883",2023-05-25,7.833111627770032E-5
"7713,2883",2023-05-25,8.6212454540546E-5
"7718,2883",2023-05-25,8.755728977543522E-5
"7723,2883",2023-05-25,8.774814024061102E-5
"7703,2888",2023-05-25,5.77812731348476E-5
"7708,2888",2023-05-25,6.95897898801347E-5
"7713,2888",2023-05-25,7.529671325986463E-5
"7718,2888",2023-05-25,7.495317582251494E-5
"7723,2888",2023-05-25,7.3288597682219E-5
"7713,2843",2023-05-26,9.480296238872528E-5
"7718,2843",2023-05-26,1.0576174125234709E-4
"7723,2843",2023-05-26,1.1305172532569378E-4
"7708,2848",2023-05-26,1.1226177016139501E-4
"7713,2848",2023-05-26,1.1768137150456026E-4
"7718,2848",2023-05-26,1.174358795127065E-4
"7723,2848",2023-05-26,1.1932933838407771E-4
"7728,2848",2023-05-26,1.197291607228518E-4
"7733,2848",2023-05-26,1.0708743675899908E-4
"7693,2853",2023-05-26,4.574184621054037E-5
"7698,2853",2023-05-26,5.9548632650771167E-5
"7703,2853",2023-05-26,7.952097437007457E-5
"7708,2853",2023-05-26,1.0872875904015322E-4
"7713,2853",2023-05-26,1.1927829602162422E-4
"7718,2853",2023-05-26,1.258591018485187E-4
"7723,2853",2023-05-26,1.335178713485965E-4
"7728,2853",2023-05-26,1.1362454787535332E-4
"7733,2853",2023-05-26,1.0478478705031838E-4
"7683,2858",2023-05-26,4.914111334959778E-5
"7693,2858",2023-05-26,6.351467145741399E-5
"7698,2858",2023-05-26,6.351467168142607E-5
"7703,2858",2023-05-26,8.373944719079205E-5
"7708,2858",2023-05-26,9.656810654210881E-5
"7713,2858",2023-05-26,1.1070103485827421E-4
"7718,2858",2023-05-26,1.1564053891800904E-4
"7723,2858",2023-05-26,1.094265792291712E-4
"7728,2858",2023-05-26,9.80546048738607E-5
"7733,2858",2023-05-26,1.0124921476345506E-4
"7688,2863",2023-05-26,5.9305646052226353E-5
"7693,2863",2023-05-26,5.41309593663199E-5
"7698,2863",2023-05-26,5.7382225724277845E-5
"7703,2863",2023-05-26,7.549360783911199E-5
"7708,2863",2023-05-26,9.558073974639399E-5
"7713,2863",2023-05-26,1.1074589816985972E-4
"7718,2863",2023-05-26,1.1151090403731432E-4
"7723,2863",2023-05-26,8.594428969760632E-5
"7728,2863",2023-05-26,8.131323144281016E-5
"7733,2863",2023-05-26,9.684160823020113E-5
"7693,2868",2023-05-26,6.461520272744165E-5
"7698,2868",2023-05-26,6.228812296253307E-5
"7703,2868",2023-05-26,7.149523079132911E-5
"7708,2868",2023-05-26,8.917954315834589E-5
"7713,2868",2023-05-26,9.981225299823336E-5
"7718,2868",2023-05-26,1.0139867696429967E-4
"7723,2868",2023-05-26,6.810729387409604E-5
"7728,2868",2023-05-26,7.133504975576844E-5
"7733,2868",2023-05-26,6.941502888363576E-5
"7693,2873",2023-05-26,6.960329725013707E-5
"7698,2873",2023-05-26,6.606301955710947E-5
"7703,2873",2023-05-26,6.7984554228418E-5
"7708,2873",2023-05-26,7.903012823265756E-5
"7713,2873",2023-05-26,8.435576435797584E-5
"7718,2873",2023-05-26,7.920456465237036E-5
"7723,2873",2023-05-26,6.303658356562403E-5
"7728,2873",2023-05-26,6.603102827007358E-5
"7733,2873",2023-05-26,5.948757737993941E-5
"7693,2878",2023-05-26,6.356243192223085E-5
"7698,2878",2023-05-26,6.269771391627854E-5
"7703,2878",2023-05-26,6.534076051720788E-5
"7708,2878",2023-05-26,7.059583899637247E-5
"7713,2878",2023-05-26,7.742725104794958E-5
"7718,2878",2023-05-26,6.925953412105485E-5
"7723,2878",2023-05-26,6.186677707962669E-5
"7728,2878",2023-05-26,5.657321831717634E-5
"7693,2883",2023-05-26,5.707681762082071E-5
"7698,2883",2023-05-26,5.795027756425803E-5
"7703,2883",2023-05-26,5.728148904293704E-5
"7708,2883",2023-05-26,7.011686538123749E-5
"7713,2883",2023-05-26,7.80043215351487E-5
"7718,2883",2023-05-26,7.132813353464302E-5
"7723,2883",2023-05-26,6.206565176746775E-5
"7703,2888",2023-05-26,6.434651096025312E-5
"7708,2888",2023-05-26,8.026798955448148E-5
"7713,2888",2023-05-26,8.352721111410345E-5
"7718,2888",2023-05-26,7.265220457625319E-5
"7723,2888",2023-05-26,5.953172837078406E-5
"7713,2843",2023-05-27,2.887191781281681E-5
"7718,2843",2023-05-27,2.36886722653688E-5
"7723,2843",2023-05-27,2.463784621452875E-5
"7708,2848",2023-05-27,4.9996761909079116E-5
"7713,2848",2023-05-27,3.923769902097391E-5
"7718,2848",2023-05-27,3.631739162763552E-5
"7723,2848",2023-05-27,3.459197165015186E-5
"7728,2848",2023-05-27,2.9862755626947633E-5
"7733,2848",2023-05-27,2.9899965971241583E-5
"7688,2853",2023-05-27,1.9937960239836612E-5
"7693,2853",2023-05-27,3.29734663125767E-5
"7698,2853",2023-05-27,4.314219753710053E-5
"7703,2853",2023-05-27,4.2060180884280306E-5
"7708,2853",2023-05-27,4.6712514090492706E-5
"7713,2853",2023-05-27,4.438432176497422E-5
"7718,2853",2023-05-27,4.206960117032225E-5
"7723,2853",2023-05-27,5.427313336321434E-5
"7728,2853",2023-05-27,5.696159058271541E-5
"7733,2853",2023-05-27,4.489474098965895E-5
"7683,2858",2023-05-27,3.0798866769190844E-5
"7688,2858",2023-05-27,3.38894256161462E-5
"7693,2858",2023-05-27,4.250741385012204E-5
"7698,2858",2023-05-27,4.500929923863952E-5
"7703,2858",2023-05-27,4.579568831256761E-5
"7708,2858",2023-05-27,5.396974509664915E-5
"7713,2858",2023-05-27,5.1292920806173866E-5
"7718,2858",2023-05-27,5.043929369033898E-5
"7723,2858",2023-05-27,6.175744412601222E-5
"7728,2858",2023-05-27,6.146785628041748E-5
"7733,2858",2023-05-27,5.3150772340523036E-5
"7688,2863",2023-05-27,3.356527847586852E-5
"7693,2863",2023-05-27,4.48049045925742E-5
"7698,2863",2023-05-27,4.3493781909632905E-5
"7703,2863",2023-05-27,4.474683884205217E-5
"7708,2863",2023-05-27,5.984407546161886E-5
"7713,2863",2023-05-27,5.946358045416186E-5
"7718,2863",2023-05-27,6.115321996773137E-5
"7723,2863",2023-05-27,6.363134752330915E-5
"7728,2863",2023-05-27,6.266674054069237E-5
"7733,2863",2023-05-27,5.655543646195739E-5
"7693,2868",2023-05-27,4.197120526408611E-5
"7698,2868",2023-05-27,4.5580153414556104E-5
"7703,2868",2023-05-27,5.7644940340894695E-5
"7708,2868",2023-05-27,6.463609971907788E-5
"7713,2868",2023-05-27,6.12350722839882E-5
"7718,2868",2023-05-27,6.464341871523016E-5
"7723,2868",2023-05-27,6.693872613505932E-5
"7728,2868",2023-05-27,6.394680195567343E-5
"7733,2868",2023-05-27,6.035808799949349E-5
"7693,2873",2023-05-27,3.582025963092164E-5
"7698,2873",2023-05-27,3.776579474859229E-5
"7703,2873",2023-05-27,5.368363726268651E-5
"7708,2873",2023-05-27,6.175763902125748E-5
"7713,2873",2023-05-27,6.412086457803922E-5
"7718,2873",2023-05-27,6.300121208311726E-5
"7723,2873",2023-05-27,6.312881818546137E-5
"7728,2873",2023-05-27,5.3132683274933214E-5
"7733,2873",2023-05-27,5.047982965489521E-5
"7693,2878",2023-05-27,4.9028620248990486E-5
"7698,2878",2023-05-27,5.6581696602608685E-5
"7703,2878",2023-05-27,5.426661302905987E-5
"7708,2878",2023-05-27,4.856437941427775E-5
"7713,2878",2023-05-27,5.833459322251672E-5
"7718,2878",2023-05-27,6.24121839763291E-5
"7723,2878",2023-05-27,6.250670287966967E-5
"7728,2878",2023-05-27,4.580033418077059E-5
"7693,2883",2023-05-27,6.210620700953436E-5
"7698,2883",2023-05-27,6.210620611969705E-5
"7703,2883",2023-05-27,6.210620621599233E-5
"7708,2883",2023-05-27,6.008234424735064E-5
"7713,2883",2023-05-27,5.5321693718943476E-5
"7718,2883",2023-05-27,5.8919985064684746E-5
"7723,2883",2023-05-27,5.38027519384578E-5
"7703,2888",2023-05-27,6.210620770004972E-5
"7708,2888",2023-05-27,5.405301848981006E-5
"7713,2888",2023-05-27,5.239420121549438E-5
"7718,2888",2023-05-27,5.2169464761393726E-5
"7723,2888",2023-05-27,4.109909322847859E-5
"7713,2843",2023-05-28,3.8870720944383726E-5
"7718,2843",2023-05-28,2.9288513778341047E-5
"7723,2843",2023-05-28,3.2677383932617746E-5
"7708,2848",2023-05-28,3.748531007086277E-5
"7713,2848",2023-05-28,2.903931481662198E-5
"7718,2848",2023-05-28,2.5157682124715273E-5
"7723,2848",2023-05-28,3.361889289848891E-5
"7728,2848",2023-05-28,4.073401448284333E-5
"7733,2848",2023-05-28,3.915376764104687E-5
"7688,2853",2023-05-28,2.6613711841481763E-5
"7693,2853",2023-05-28,2.7309166307054298E-5
"7698,2853",2023-05-28,3.740247710374797E-5
"7703,2853",2023-05-28,2.2859103616778565E-5
"7713,2853",2023-05-28,1.5424870684125174E-5
"7718,2853",2023-05-28,1.6024565896598625E-5
"7723,2853",2023-05-28,3.9998792988076895E-5
"7728,2853",2023-05-28,4.878551105887512E-5
"7733,2853",2023-05-28,5.4025764412538705E-5
"7683,2858",2023-05-28,3.5800125399951534E-5
"7688,2858",2023-05-28,4.400356173921871E-5
"7693,2858",2023-05-28,4.851492658410179E-5
"7698,2858",2023-05-28,5.4352397432187E-5
"7703,2858",2023-05-28,4.4084914409867E-5
"7708,2858",2023-05-28,3.359541018278488E-5
"7713,2858",2023-05-28,4.4792984621284856E-5
"7718,2858",2023-05-28,4.775938322720205E-5
"7723,2858",2023-05-28,5.490202731986572E-5
"7728,2858",2023-05-28,5.700780021329165E-5
"7733,2858",2023-05-28,6.551154098198015E-5
"7688,2863",2023-05-28,4.0333327224745904E-5
"7693,2863",2023-05-28,4.573180995591847E-5
"7698,2863",2023-05-28,4.835298485484087E-5
"7703,2863",2023-05-28,5.285302121875478E-5
"7708,2863",2023-05-28,5.454527007202024E-5
"7713,2863",2023-05-28,7.273759403440143E-5
"7718,2863",2023-05-28,7.415936552494486E-5
"7723,2863",2023-05-28,7.100320069165195E-5
"7728,2863",2023-05-28,7.583326906068922E-5
"7733,2863",2023-05-28,8.99371335412178E-5
"7693,2868",2023-05-28,6.279113441121044E-5
"7698,2868",2023-05-28,6.691985395807339E-5
"7703,2868",2023-05-28,6.112557015185873E-5
"7708,2868",2023-05-28,6.25317215519096E-5
"7713,2868",2023-05-28,8.272413348322041E-5
"7718,2868",2023-05-28,8.879872829446335E-5
"7723,2868",2023-05-28,1.0271158023883403E-4
"7728,2868",2023-05-28,1.015787313369081E-4
"7733,2868",2023-05-28,1.0176916542225529E-4
"7693,2873",2023-05-28,4.8943252543988253E-5
"7698,2873",2023-05-28,5.001745955893394E-5
"7703,2873",2023-05-28,5.386663752054346E-5
"7708,2873",2023-05-28,6.232996670730468E-5
"7713,2873",2023-05-28,8.498331801123946E-5
"7718,2873",2023-05-28,9.276997606078629E-5
"7723,2873",2023-05-28,1.0241626591149048E-4
"7728,2873",2023-05-28,9.98828152228926E-5
"7733,2873",2023-05-28,9.838019159596722E-5
"7693,2878",2023-05-28,3.979311098228791E-5
"7698,2878",2023-05-28,4.150818879746019E-5
"7703,2878",2023-05-28,4.743975069208018E-5
"7708,2878",2023-05-28,5.8907463168252785E-5
"7713,2878",2023-05-28,7.355569678100586E-5
"7718,2878",2023-05-28,9.249834977840498E-5
"7723,2878",2023-05-28,1.0290275269867765E-4
"7728,2878",2023-05-28,8.40682199024778E-5
"7693,2883",2023-05-28,5.491620486712955E-5
"7698,2883",2023-05-28,5.9037025881778245E-5
"7703,2883",2023-05-28,6.464459140303456E-5
"7708,2883",2023-05-28,7.100539416305768E-5
"7713,2883",2023-05-28,7.49497540742363E-5
"7718,2883",2023-05-28,8.962075799449558E-5
"7723,2883",2023-05-28,9.28525390781824E-5
"7703,2888",2023-05-28,6.321900002951652E-5
"7708,2888",2023-05-28,6.778755499155337E-5
"7713,2888",2023-05-28,6.970823095219311E-5
"7718,2888",2023-05-28,8.348995933962697E-5
"7723,2888",2023-05-28,8.325937320277952E-5
"7713,2843",2023-05-31,5.1483305958087785E-5
"7718,2843",2023-05-31,6.054247016755008E-5
"7723,2843",2023-05-31,6.695057455457949E-5
"7708,2848",2023-05-31,7.116839921538694E-5
"7713,2848",2023-05-31,6.791855200421175E-5
"7718,2848",2023-05-31,6.454187404613457E-5
"7723,2848",2023-05-31,7.505679795220807E-5
"7728,2848",2023-05-31,7.509849101745053E-5
"7733,2848",2023-05-31,6.958092484932155E-5
"7688,2853",2023-05-31,3.892947870382276E-5
"7693,2853",2023-05-31,4.370750437340268E-5
"7698,2853",2023-05-31,4.430197154294441E-5
"7703,2853",2023-05-31,6.053477743799845E-5
"7708,2853",2023-05-31,6.665966782737585E-5
"7713,2853",2023-05-31,7.717531646189835E-5
"7718,2853",2023-05-31,9.689985734754114E-5
"7733,2853",2023-05-31,7.998094231652981E-5
"7683,2858",2023-05-31,4.5840240624028076E-5
"7688,2858",2023-05-31,3.581920444524182E-5
"7693,2858",2023-05-31,4.394421811359186E-5
"7698,2858",2023-05-31,4.7069434426089665E-5
"7703,2858",2023-05-31,4.76906838319121E-5
"7708,2858",2023-05-31,5.256658494758079E-5
"7713,2858",2023-05-31,8.12821823514601E-5
"7718,2858",2023-05-31,1.1183861471980384E-4
"7723,2858",2023-05-31,1.4229915889733846E-4
"7728,2858",2023-05-31,1.4170192884437508E-4
"7733,2858",2023-05-31,1.3859410229020343E-4
"7688,2863",2023-05-31,4.265990337196428E-5
"7693,2863",2023-05-31,4.096247771099927E-5
"7698,2863",2023-05-31,5.177898819874882E-5
"7703,2863",2023-05-31,5.325697458423154E-5
"7708,2863",2023-05-31,5.762430189250596E-5
"7713,2863",2023-05-31,8.212377539941624E-5
"7718,2863",2023-05-31,1.1002575841139932E-4
"7723,2863",2023-05-31,1.383814458142046E-4
"7728,2863",2023-05-31,1.3759775418090538E-4
"7733,2863",2023-05-31,1.336085325183681E-4
"7693,2868",2023-05-31,4.648201572281093E-5
"7698,2868",2023-05-31,2.7407033597772507E-5
"7703,2868",2023-05-31,5.3168361061373735E-5
"7708,2868",2023-05-31,6.993700244462715E-5
"7713,2868",2023-05-31,1.041404413296923E-4
"7718,2868",2023-05-31,1.2247281460415796E-4
"7723,2868",2023-05-31,1.2816656360826548E-4
"7728,2868",2023-05-31,1.2992164743325365E-4
"7733,2868",2023-05-31,1.1490322557720911E-4
"7693,2873",2023-05-31,8.02316788997664E-5
"7698,2873",2023-05-31,7.469723276326978E-5
"7703,2873",2023-05-31,6.169038069147166E-5
"7708,2873",2023-05-31,6.589204076893316E-5
"7713,2873",2023-05-31,1.0002745365444331E-4
"7718,2873",2023-05-31,1.1275174256500599E-4
"7728,2873",2023-05-31,1.1649216296765637E-4
"7733,2873",2023-05-31,1.1023218004375756E-4
"7693,2878",2023-05-31,8.268914803590063E-5
"7698,2878",2023-05-31,7.44180713324313E-5
"7703,2878",2023-05-31,6.981678636237819E-5
"7708,2878",2023-05-31,6.660380642352525E-5
"7713,2878",2023-05-31,7.316682018910898E-5
"7718,2878",2023-05-31,8.956258747059437E-5
"7703,2883",2023-05-31,8.231228332380884E-5
"7708,2883",2023-05-31,7.176716977635832E-5
"7713,2883",2023-05-31,6.069166437513576E-5
"7718,2883",2023-05-31,5.4774812060529404E-5
"7723,2883",2023-05-31,5.847182767586822E-5
"7703,2888",2023-05-31,5.155583427641877E-5
"7708,2888",2023-05-31,5.866361689798161E-5
"7713,2888",2023-05-31,5.5644493303037434E-5
"7718,2888",2023-05-31,5.669047957935434E-5
"7723,2888",2023-05-31,5.980215470363111E-5
"7713,2843",2023-06-01,5.925702558029895E-5
"7718,2843",2023-06-01,7.228501850096613E-5
"7723,2843",2023-06-01,6.066051381053616E-5
"7708,2848",2023-06-01,1.1728042016680127E-4
"7713,2848",2023-06-01,1.0630029102181294E-4
"7718,2848",2023-06-01,1.0283123448362696E-4
"7723,2848",2023-06-01,9.943180115870243E-5
"7728,2848",2023-06-01,1.2940774192080705E-4
"7733,2848",2023-06-01,1.0985982313468221E-4
"7688,2853",2023-06-01,5.699874002949016E-5
"7693,2853",2023-06-01,7.203304476111819E-5
"7698,2853",2023-06-01,8.16033120505768E-5
"7703,2853",2023-06-01,1.3798558606157853E-4
"7708,2853",2023-06-01,1.43577773743925E-4
"7713,2853",2023-06-01,1.514323945926061E-4
"7718,2853",2023-06-01,1.3800667797154135E-4
"7723,2853",2023-06-01,1.5393552975461125E-4
"7728,2853",2023-06-01,1.6986463994780976E-4
"7733,2853",2023-06-01,1.4668055732218593E-4
"7683,2858",2023-06-01,4.190786331226942E-5
"7688,2858",2023-06-01,5.1275897496100875E-5
"7693,2858",2023-06-01,5.840266190856431E-5
"7698,2858",2023-06-01,7.69180945672192E-5
"7703,2858",2023-06-01,1.1306223360011493E-4
"7708,2858",2023-06-01,1.3222245623298163E-4
"7713,2858",2023-06-01,1.4176554428221605E-4
"7718,2858",2023-06-01,1.5073847410314656E-4
"7723,2858",2023-06-01,1.745267031580869E-4
"7728,2858",2023-06-01,1.783247648116485E-4
"7733,2858",2023-06-01,1.6574432432686666E-4
"7688,2863",2023-06-01,5.1960561282915284E-5
"7693,2863",2023-06-01,5.085974261217367E-5
"7698,2863",2023-06-01,7.655476538596775E-5
"7703,2863",2023-06-01,8.650552038154096E-5
"7708,2863",2023-06-01,1.126387070030969E-4
"7713,2863",2023-06-01,1.3385580532997282E-4
"7718,2863",2023-06-01,1.3997088172931397E-4
"7723,2863",2023-06-01,1.5503308549104017E-4
"7728,2863",2023-06-01,1.619674122852542E-4
"7733,2863",2023-06-01,1.607464512798188E-4
"7693,2868",2023-06-01,5.364692600280821E-5
"7698,2868",2023-06-01,5.983264043995557E-5
"7703,2868",2023-06-01,6.948816778769431E-5
"7708,2868",2023-06-01,1.0057329061274782E-4
"7713,2868",2023-06-01,1.1465390752524651E-4
"7718,2868",2023-06-01,1.2534768672480275E-4
"7723,2868",2023-06-01,1.347728118003394E-4
"7728,2868",2023-06-01,1.3036217496450138E-4
"7733,2868",2023-06-01,1.3314607319197852E-4
"7693,2873",2023-06-01,4.9262063418702415E-5
"7698,2873",2023-06-01,5.3224642674167767E-5
"7703,2873",2023-06-01,5.831724867468997E-5
"7708,2873",2023-06-01,7.351567025423913E-5
"7713,2873",2023-06-01,8.62590647124375E-5
"7718,2873",2023-06-01,9.391278131482362E-5
"7723,2873",2023-06-01,1.0444346991717813E-4
"7728,2873",2023-06-01,8.672734446181867E-5
"7733,2873",2023-06-01,9.466081544322654E-5
"7693,2878",2023-06-01,5.1720708367139915E-5
"7698,2878",2023-06-01,5.2239857534603405E-5
"7703,2878",2023-06-01,5.9384746866116633E-5
"7708,2878",2023-06-01,6.570879166092333E-5
"7713,2878",2023-06-01,6.608180714187441E-5
"7718,2878",2023-06-01,6.641845038955764E-5
"7723,2878",2023-06-01,7.128088214513586E-5
"7728,2878",2023-06-01,5.708198594374068E-5
"7693,2883",2023-06-01,4.075736633772072E-5
"7698,2883",2023-06-01,4.644411559093608E-5
"7703,2883",2023-06-01,5.2853387610772374E-5
"7708,2883",2023-06-01,5.646509776979968E-5
"7713,2883",2023-06-01,6.003490675620229E-5
"7718,2883",2023-06-01,6.0837751263868213E-5
"7723,2883",2023-06-01,5.1170298647577235E-5
"7703,2888",2023-06-01,4.8456802087583646E-5
"7708,2888",2023-06-01,4.986557529014734E-5
"7713,2888",2023-06-01,5.485496534026288E-5
"7718,2888",2023-06-01,5.669894210827522E-5
"7723,2888",2023-06-01,3.790779288027318E-5
"7713,2843",2023-06-02,4.7387056150707983E-5
"7718,2843",2023-06-02,4.46476771639069E-5
"7723,2843",2023-06-02,4.285870781661817E-5
"7708,2848",2023-06-02,4.562492920622773E-5
"7713,2848",2023-06-02,4.540883976494585E-5
"7718,2848",2023-06-02,4.358790775029374E-5
"7723,2848",2023-06-02,4.362890379989096E-5
"7728,2848",2023-06-02,5.9660048201950835E-5
"7733,2848",2023-06-02,6.960402055518504E-5
"7688,2853",2023-06-02,9.862196918392018E-6
"7693,2853",2023-06-02,1.948958838436807E-5
"7698,2853",2023-06-02,2.3441802727880303E-5
"7703,2853",2023-06-02,3.030143961585791E-5
"7708,2853",2023-06-02,4.573823325647274E-5
"7713,2853",2023-06-02,4.7311948923857536E-5
"7718,2853",2023-06-02,5.846503497130331E-5
"7723,2853",2023-06-02,5.819852753588799E-5
"7728,2853",2023-06-02,9.09562359032454E-5
"7733,2853",2023-06-02,1.0058497307336659E-4
"7683,2858",2023-06-02,4.333753528746673E-7
"7688,2858",2023-06-02,-2.2339323136406785E-7
"7693,2858",2023-06-02,1.2284128268388725E-5
"7698,2858",2023-06-02,1.4867093354433437E-5
"7703,2858",2023-06-02,3.4506882362000934E-5
"7708,2858",2023-06-02,4.349610837145793E-5
"7713,2858",2023-06-02,5.009580187750693E-5
"7718,2858",2023-06-02,7.384296867349858E-5
"7723,2858",2023-06-02,7.46889572548582E-5
"7728,2858",2023-06-02,1.156772312155857E-4
"7733,2858",2023-06-02,1.196600863481227E-4
"7703,2863",2023-06-02,4.323817208599581E-5
"7708,2863",2023-06-02,4.334570119349487E-5
"7713,2863",2023-06-02,5.713441054643675E-5
"7718,2863",2023-06-02,7.826224365899305E-5
"7723,2863",2023-06-02,8.332758423369052E-5
"7728,2863",2023-06-02,1.2235988259027842E-4
"7733,2863",2023-06-02,1.2280456220878822E-4
"7693,2868",2023-06-02,3.135122096803561E-5
"7698,2868",2023-06-02,3.1351220987037946E-5
"7703,2868",2023-06-02,4.749315124822733E-5
"7708,2868",2023-06-02,4.969021519293119E-5
"7713,2868",2023-06-02,6.482994879215003E-5
"7718,2868",2023-06-02,7.761082468653462E-5
"7723,2868",2023-06-02,8.364430065175507E-5
"7728,2868",2023-06-02,1.027839405018581E-4
"7733,2868",2023-06-02,1.0288823306415826E-4
"7693,2873",2023-06-02,2.620860029063875E-5
"7698,2873",2023-06-02,2.680203983898322E-5
"7703,2873",2023-06-02,4.165649297570999E-5
"7708,2873",2023-06-02,4.2933741476317706E-5
"7713,2873",2023-06-02,5.5148427558166105E-5
"7718,2873",2023-06-02,6.0094112420840673E-5
"7723,2873",2023-06-02,6.33090929297763E-5
"7728,2873",2023-06-02,6.763343916971221E-5
"7733,2873",2023-06-02,6.658507213542731E-5
"7693,2878",2023-06-02,2.303986409273829E-5
"7698,2878",2023-06-02,2.4159347448276832E-5
"7703,2878",2023-06-02,3.112663714332644E-5
"7708,2878",2023-06-02,3.131479183863509E-5
"7713,2878",2023-06-02,4.052154227644286E-5
"7718,2878",2023-06-02,4.190589910632761E-5
"7723,2878",2023-06-02,4.48475624836265E-5
"7728,2878",2023-06-02,4.6795538356413616E-5
"7693,2883",2023-06-02,1.649234134114919E-5
"7698,2883",2023-06-02,2.0229513808696618E-5
"7703,2883",2023-06-02,2.7575868219809767E-5
"7708,2883",2023-06-02,2.8440995598567857E-5
"7713,2883",2023-06-02,3.6793514588559005E-5
"7718,2883",2023-06-02,3.6989308644448305E-5
"7723,2883",2023-06-02,3.5098020284325186E-5
"7703,2888",2023-06-02,2.181142729017861E-5
"7708,2888",2023-06-02,2.4787976796773012E-5
"7713,2888",2023-06-02,3.3905604404268646E-5
"7718,2888",2023-06-02,3.3923966006093016E-5
"7723,2888",2023-06-02,3.189112725788841E-5
"7713,2843",2023-06-03,6.359727271898506E-5
"7718,2843",2023-06-03,5.6300539416988635E-5
"7723,2843",2023-06-03,5.0504197081319976E-5
"7708,2848",2023-06-03,6.28198194716233E-5
"7713,2848",2023-06-03,6.132781454062464E-5
"7718,2848",2023-06-03,6.169582767914917E-5
"7723,2848",2023-06-03,6.035609761627706E-5
"7728,2848",2023-06-03,6.513434327100395E-5
"7733,2848",2023-06-03,7.772338264510207E-5
"7688,2853",2023-06-03,4.591057290400937E-5
"7693,2853",2023-06-03,3.832160823913405E-5
"7698,2853",2023-06-03,3.640524899154389E-5
"7703,2853",2023-06-03,4.1612064861985324E-5
"7708,2853",2023-06-03,4.8303587378736214E-5
"7713,2853",2023-06-03,6.984111693562337E-5
"7718,2853",2023-06-03,8.562008985275627E-5
"7723,2853",2023-06-03,8.990594614840588E-5
"7728,2853",2023-06-03,9.702977401759456E-5
"7733,2853",2023-06-03,1.0394570906629928E-4
"7683,2858",2023-06-03,3.738615856981714E-5
"7688,2858",2023-06-03,3.393349370992422E-5
"7693,2858",2023-06-03,4.078979012494409E-5
"7698,2858",2023-06-03,4.365828779411229E-5
"7703,2858",2023-06-03,5.292680916334028E-5
"7708,2858",2023-06-03,6.84496051764232E-5
"7713,2858",2023-06-03,8.498920337511565E-5
"7718,2858",2023-06-03,8.617993612552138E-5
"7723,2858",2023-06-03,9.997827813764007E-5
"7728,2858",2023-06-03,1.0728747659425419E-4
"7733,2858",2023-06-03,1.188452880518773E-4
"7688,2863",2023-06-03,2.8799550746704105E-5
"7693,2863",2023-06-03,3.8066799799126895E-5
"7698,2863",2023-06-03,3.481645843299375E-5
"7703,2863",2023-06-03,4.161725320850477E-5
"7708,2863",2023-06-03,5.736663065514009E-5
"7713,2863",2023-06-03,6.938169871094268E-5
"7718,2863",2023-06-03,7.396308576908266E-5
"7723,2863",2023-06-03,9.849440570828782E-5
"7728,2863",2023-06-03,1.1221699282955133E-4
"7733,2863",2023-06-03,1.2908729622812773E-4
"7693,2868",2023-06-03,3.705533871895529E-5
"7698,2868",2023-06-03,5.493649637708115E-5
"7703,2868",2023-06-03,5.479552364017692E-5
"7708,2868",2023-06-03,6.468240525400534E-5
"7713,2868",2023-06-03,7.476887731717351E-5
"7718,2868",2023-06-03,8.314153148869292E-5
"7723,2868",2023-06-03,9.538258887147022E-5
"7728,2868",2023-06-03,1.0749130034660318E-4
"7733,2868",2023-06-03,1.151237024348411E-4
"7693,2873",2023-06-03,4.260472886331592E-5
"7698,2873",2023-06-03,4.395064336276137E-5
"7703,2873",2023-06-03,5.0312081266141564E-5
"7708,2873",2023-06-03,5.7078934751406566E-5
"7713,2873",2023-06-03,6.665276228206253E-5
"7718,2873",2023-06-03,7.265130347764962E-5
"7723,2873",2023-06-03,7.821839877354362E-5
"7728,2873",2023-06-03,8.257540900902354E-5
"7733,2873",2023-06-03,8.051179205542502E-5
"7693,2878",2023-06-03,4.099473728407917E-5
"7698,2878",2023-06-03,4.064015758100423E-5
"7703,2878",2023-06-03,4.466303420453512E-5
"7708,2878",2023-06-03,4.9416206164120236E-5
"7713,2878",2023-06-03,5.1191754590495325E-5
"7718,2878",2023-06-03,5.8571786311585185E-5
"7723,2878",2023-06-03,6.111887492273061E-5
"7728,2878",2023-06-03,6.0769362521853E-5
"7693,2883",2023-06-03,2.903894415949119E-5
"7698,2883",2023-06-03,3.6742241422009284E-5
"7703,2883",2023-06-03,4.5111664820165894E-5
"7708,2883",2023-06-03,4.3251903017983126E-5
"7713,2883",2023-06-03,4.700050572707575E-5
"7718,2883",2023-06-03,4.713725826081841E-5
"7723,2883",2023-06-03,5.4198614051074865E-5
"7703,2888",2023-06-03,4.164091844370343E-5
"7708,2888",2023-06-03,4.416553154682178E-5
"7713,2888",2023-06-03,4.611973876055233E-5
"7718,2888",2023-06-03,4.5082080129432555E-5
"7723,2888",2023-06-03,5.358965478709309E-5
"7718,2843",2023-06-04,8.494255198937057E-5
"7723,2843",2023-06-04,8.494254956903282E-5
"7713,2848",2023-06-04,1.0645039944929445E-4
"7718,2848",2023-06-04,9.721221842528851E-5
"7723,2848",2023-06-04,8.522785697910833E-5
"7708,2853",2023-06-04,1.6738655615549167E-4
"7713,2853",2023-06-04,1.5470353110488713E-4
"7718,2853",2023-06-04,1.0045003812271956E-4
"7723,2853",2023-06-04,9.045482075953599E-5
"7683,2858",2023-06-04,5.722399593225766E-5
"7688,2858",2023-06-04,6.870881732596921E-5
"7693,2858",2023-06-04,7.74060183160232E-5
"7698,2858",2023-06-04,6.761887908779678E-5
"7703,2858",2023-06-04,8.780128594400695E-5
"7708,2858",2023-06-04,1.49703694680439E-4
"7713,2858",2023-06-04,1.6524017587777652E-4
"7718,2858",2023-06-04,9.123919661751002E-5
"7723,2858",2023-06-04,9.069342075783364E-5
"7688,2863",2023-06-04,7.121775710555724E-5
"7693,2863",2023-06-04,7.740601785165216E-5
"7698,2863",2023-06-04,6.761887840805341E-5
"7703,2863",2023-06-04,9.842723400092156E-5
"7708,2863",2023-06-04,1.3940955244285948E-4
"7713,2863",2023-06-04,1.5022623259690478E-4
"7693,2868",2023-06-04,7.740601692522188E-5
"7713,2843",2023-06-05,6.553558601526931E-5
"7718,2843",2023-06-05,6.275594975970304E-5
"7723,2843",2023-06-05,6.389050535952623E-5
"7708,2848",2023-06-05,6.210167007069142E-5
"7713,2848",2023-06-05,7.30120808989187E-5
"7718,2848",2023-06-05,7.8035227460156E-5
"7723,2848",2023-06-05,8.010702647482695E-5
"7728,2848",2023-06-05,8.837951655224496E-5
"7733,2848",2023-06-05,1.0774781724508921E-4
"7688,2853",2023-06-05,3.6402362919691574E-5
"7693,2853",2023-06-05,4.6198066720852734E-5
"7698,2853",2023-06-05,5.298168487265019E-5
"7703,2853",2023-06-05,6.022755150119076E-5
"7708,2853",2023-06-05,6.490420862772468E-5
"7713,2853",2023-06-05,8.786021684844491E-5
"7718,2853",2023-06-05,8.999038482636749E-5
"7723,2853",2023-06-05,1.0365331455206542E-4
"7728,2853",2023-06-05,1.1412654809135865E-4
"7733,2853",2023-06-05,1.2587977436693534E-4
"7683,2858",2023-06-05,4.941044911837551E-5
"7688,2858",2023-06-05,5.436401493055075E-5
"7693,2858",2023-06-05,5.336357193834869E-5
"7698,2858",2023-06-05,5.638440867661593E-5
"7703,2858",2023-06-05,6.637244423363483E-5
"7708,2858",2023-06-05,7.466809404446029E-5
"7713,2858",2023-06-05,8.642512504587541E-5
"7718,2858",2023-06-05,8.396285161299469E-5
"7723,2858",2023-06-05,1.0130299007330231E-4
"7728,2858",2023-06-05,1.1660319843468263E-4
"7733,2858",2023-06-05,1.2552319307059177E-4
"7688,2863",2023-06-05,5.699134396208014E-5
"7693,2863",2023-06-05,5.7482614006026805E-5
"7698,2863",2023-06-05,6.106708387048135E-5
"7703,2863",2023-06-05,7.228776434059485E-5
"7708,2863",2023-06-05,7.134878662757529E-5
"7713,2863",2023-06-05,8.134054430008515E-5
"7718,2863",2023-06-05,7.77870657451438E-5
"7723,2863",2023-06-05,9.932115578209312E-5
"7728,2863",2023-06-05,1.1682091317353548E-4
"7733,2863",2023-06-05,1.270810488342919E-4
"7693,2868",2023-06-05,5.67030995052668E-5
"7698,2868",2023-06-05,6.137460185144696E-5
"7703,2868",2023-06-05,7.088514660811392E-5
"7708,2868",2023-06-05,6.74622281959904E-5
"7713,2868",2023-06-05,8.979041931670563E-5
"7718,2868",2023-06-05,8.493058044727576E-5
"7723,2868",2023-06-05,9.407808238676977E-5
"7728,2868",2023-06-05,1.0506448727718184E-4
"7733,2868",2023-06-05,1.0641573629106913E-4
"7693,2873",2023-06-05,5.6910602873696124E-5
"7698,2873",2023-06-05,5.883471299447739E-5
"7703,2873",2023-06-05,5.740412199321791E-5
"7708,2873",2023-06-05,6.083649616152368E-5
"7713,2873",2023-06-05,7.205207128979271E-5
"7718,2873",2023-06-05,8.017880150174085E-5
"7723,2873",2023-06-05,8.231824029046204E-5
"7728,2873",2023-06-05,7.95480155083912E-5
"7733,2873",2023-06-05,7.292090985296226E-5
"7693,2878",2023-06-05,6.0198481602731214E-5
"7698,2878",2023-06-05,5.209224946842584E-5
"7703,2878",2023-06-05,5.510405694600748E-5
"7708,2878",2023-06-05,5.535021052855721E-5
"7713,2878",2023-06-05,5.812502617644071E-5
"7718,2878",2023-06-05,6.87064950555486E-5
"7723,2878",2023-06-05,6.180542762778634E-5
"7728,2878",2023-06-05,5.00884852738996E-5
"7693,2883",2023-06-05,4.932283039950284E-5
"7698,2883",2023-06-05,4.57275994594725E-5
"7703,2883",2023-06-05,5.789165728878027E-5
"7708,2883",2023-06-05,5.486053372544638E-5
"7713,2883",2023-06-05,6.357772258167032E-5
"7718,2883",2023-06-05,6.37225671039996E-5
"7723,2883",2023-06-05,4.722487993146902E-5
"7703,2888",2023-06-05,5.3627943283045925E-5
"7708,2888",2023-06-05,5.2746457380628474E-5
"7713,2888",2023-06-05,6.028762844623124E-5
"7718,2888",2023-06-05,5.835385631225371E-5
"7723,2888",2023-06-05,4.5788665724369514E-5
"7713,2843",2023-06-06,7.129419753950366E-5
"7718,2843",2023-06-06,9.061520536552167E-5
"7723,2843",2023-06-06,9.487434663961778E-5
"7708,2848",2023-06-06,8.29853327606656E-5
"7713,2848",2023-06-06,9.1266996384088E-5
"7718,2848",2023-06-06,1.1001982396746345E-4
"7723,2848",2023-06-06,1.319504457586036E-4
"7728,2848",2023-06-06,1.4164329890323566E-4
"7733,2848",2023-06-06,1.706651551792058E-4
"7688,2853",2023-06-06,5.928253836873213E-5
"7693,2853",2023-06-06,6.295415326947144E-5
"7698,2853",2023-06-06,6.739971807780202E-5
"7703,2853",2023-06-06,8.476045477688226E-5
"7708,2853",2023-06-06,9.72993141359017E-5
"7713,2853",2023-06-06,1.1919166571060949E-4
"7718,2853",2023-06-06,1.2780420553542516E-4
"7723,2853",2023-06-06,1.7276610631735982E-4
"7728,2853",2023-06-06,1.8156226303339058E-4
"7733,2853",2023-06-06,2.0423815944900725E-4
"7683,2858",2023-06-06,6.565569636402175E-5
"7688,2858",2023-06-06,6.520599835520968E-5
"7693,2858",2023-06-06,7.154564113477817E-5
"7698,2858",2023-06-06,7.50868827624767E-5
"7703,2858",2023-06-06,9.788279433518568E-5
"7708,2858",2023-06-06,1.0881750837464326E-4
"7713,2858",2023-06-06,1.302586308255704E-4
"7718,2858",2023-06-06,1.409520601518853E-4
"7723,2858",2023-06-06,1.7839690873520128E-4
"7728,2858",2023-06-06,1.7901567176681956E-4
"7733,2858",2023-06-06,1.9247825675581593E-4
"7688,2863",2023-06-06,6.423626789710711E-5
"7693,2863",2023-06-06,6.99468144772135E-5
"7698,2863",2023-06-06,7.107967968226232E-5
"7703,2863",2023-06-06,8.52319237875492E-5
"7708,2863",2023-06-06,1.085440413055392E-4
"7713,2863",2023-06-06,1.327565042077031E-4
"7718,2863",2023-06-06,1.3304444401487632E-4
"7723,2863",2023-06-06,1.448280307296024E-4
"7728,2863",2023-06-06,1.387645553124498E-4
"7733,2863",2023-06-06,1.4257442845283042E-4
"7693,2868",2023-06-06,6.96369829791049E-5
"7698,2868",2023-06-06,5.7922975213583816E-5
"7703,2868",2023-06-06,6.093198962664068E-5
"7708,2868",2023-06-06,8.893060768739342E-5
"7713,2868",2023-06-06,1.0450376537803218E-4
"7718,2868",2023-06-06,1.1560222030977674E-4
"7723,2868",2023-06-06,1.1098059638550206E-4
"7728,2868",2023-06-06,1.0381785104491713E-4
"7733,2868",2023-06-06,9.31845870935025E-5
"7693,2873",2023-06-06,4.862434863963145E-5
"7698,2873",2023-06-06,5.1069875594244504E-5
"7703,2873",2023-06-06,5.314824825859653E-5
"7708,2873",2023-06-06,8.405998751557112E-5
"7713,2873",2023-06-06,8.918943822544002E-5
"7718,2873",2023-06-06,1.0367071220012535E-4
"7723,2873",2023-06-06,8.92550947982056E-5
"7728,2873",2023-06-06,8.158624549578337E-5
"7733,2873",2023-06-06,6.65416871837305E-5
"7693,2878",2023-06-06,6.368280466392365E-5
"7698,2878",2023-06-06,6.340933481060712E-5
"7703,2878",2023-06-06,6.48365651267377E-5
"7708,2878",2023-06-06,7.428036503171124E-5
"7713,2878",2023-06-06,8.350925317548259E-5
"7718,2878",2023-06-06,8.082594691656759E-5
"7723,2878",2023-06-06,6.750258300117733E-5
"7728,2878",2023-06-06,6.52919902865509E-5
"7693,2883",2023-06-06,6.507857982450276E-5
"7698,2883",2023-06-06,6.751266206277826E-5
"7703,2883",2023-06-06,6.583443905339217E-5
"7708,2883",2023-06-06,7.023695647561367E-5
"7713,2883",2023-06-06,8.646853831971271E-5
"7718,2883",2023-06-06,8.01653842039631E-5
"7723,2883",2023-06-06,6.452616172078341E-5
"7703,2888",2023-06-06,5.643080039791745E-5
"7708,2888",2023-06-06,6.428158723979046E-5
"7713,2888",2023-06-06,7.77798507318902E-5
"7718,2888",2023-06-06,6.080979929929293E-5
"7723,2888",2023-06-06,5.530291865320208E-5
"7713,2843",2023-06-07,7.266633350948516E-5
"7718,2843",2023-06-07,8.88623701114279E-5
"7723,2843",2023-06-07,9.798248328577652E-5
"7708,2848",2023-06-07,7.714106064383048E-5
"7713,2848",2023-06-07,9.076351723693161E-5
"7718,2848",2023-06-07,9.555339003911327E-5
"7723,2848",2023-06-07,1.1268348126974657E-4
"7728,2848",2023-06-07,1.1675887975374905E-4
"7733,2848",2023-06-07,1.3004749864806888E-4
"7688,2853",2023-06-07,5.540488884797675E-5
"7693,2853",2023-06-07,4.585576221744797E-5
"7698,2853",2023-06-07,4.145564700140145E-5
"7703,2853",2023-06-07,7.033161968567974E-5
"7708,2853",2023-06-07,7.85197558576259E-5
"7713,2853",2023-06-07,9.769802462683369E-5
"7718,2853",2023-06-07,1.0517506222794735E-4
"7723,2853",2023-06-07,1.2108740701202813E-4
"7728,2853",2023-06-07,1.2302456404536356E-4
"7733,2853",2023-06-07,1.3296039615729642E-4
"7683,2858",2023-06-07,5.271919538613675E-5
"7688,2858",2023-06-07,5.234175656473107E-5
"7693,2858",2023-06-07,5.174033917109001E-5
"7698,2858",2023-06-07,5.0583663712441106E-5
"7703,2858",2023-06-07,6.069981566295247E-5
"7708,2858",2023-06-07,7.898779248267426E-5
"7713,2858",2023-06-07,9.169408231181457E-5
"7718,2858",2023-06-07,1.007430813094091E-4
"7723,2858",2023-06-07,1.0642849484941281E-4
"7728,2858",2023-06-07,1.1269066487929135E-4
"7733,2858",2023-06-07,1.1251603561832856E-4
"7688,2863",2023-06-07,5.153925593301195E-5
"7693,2863",2023-06-07,5.031421787306588E-5
"7698,2863",2023-06-07,5.215108810240881E-5
"7703,2863",2023-06-07,4.978935761110419E-5
"7708,2863",2023-06-07,6.838617313348371E-5
"7713,2863",2023-06-07,8.121367712342983E-5
"7718,2863",2023-06-07,1.0038642306973102E-4
"7723,2863",2023-06-07,9.53982644016367E-5
"7728,2863",2023-06-07,1.0193181991379799E-4
"7733,2863",2023-06-07,9.710251005796142E-5
"7693,2868",2023-06-07,5.553443388142018E-5
"7698,2868",2023-06-07,5.518787140603515E-5
"7703,2868",2023-06-07,5.433818081556093E-5
"7708,2868",2023-06-07,5.5044161508260044E-5
"7713,2868",2023-06-07,7.307184371075766E-5
"7718,2868",2023-06-07,8.183444921302451E-5
"7723,2868",2023-06-07,6.852832574231239E-5
"7728,2868",2023-06-07,7.206139211572192E-5
"7733,2868",2023-06-07,7.024990428376524E-5
"7693,2873",2023-06-07,3.749393467974516E-5
"7698,2873",2023-06-07,4.514610750003552E-5
"7703,2873",2023-06-07,6.406356523685243E-5
"7708,2873",2023-06-07,6.240603684384372E-5
"7713,2873",2023-06-07,7.01077480465325E-5
"7718,2873",2023-06-07,6.791586157894282E-5
"7723,2873",2023-06-07,5.093590420008026E-5
"7728,2873",2023-06-07,6.171561499648489E-5
"7733,2873",2023-06-07,6.508675967963348E-5
"7693,2878",2023-06-07,5.0737348417155796E-5
"7698,2878",2023-06-07,4.429665002375502E-5
"7703,2878",2023-06-07,6.386114982107586E-5
"7708,2878",2023-06-07,6.19905546992805E-5
"7713,2878",2023-06-07,5.49587324935564E-5
"7718,2878",2023-06-07,5.4236152972682956E-5
"7723,2878",2023-06-07,4.840098679881436E-5
"7728,2878",2023-06-07,5.4617397290754666E-5
"7693,2883",2023-06-07,4.015387775104913E-5
"7698,2883",2023-06-07,4.348443634221577E-5
"7703,2883",2023-06-07,4.037829414173785E-5
"7708,2883",2023-06-07,5.406777378652227E-5
"7713,2883",2023-06-07,5.8143199870699976E-5
"7718,2883",2023-06-07,5.760761209432772E-5
"7723,2883",2023-06-07,5.488238183783287E-5
"7703,2888",2023-06-07,4.582711588885639E-5
"7708,2888",2023-06-07,5.0084760494850826E-5
"7713,2888",2023-06-07,5.814592500444298E-5
"7718,2888",2023-06-07,6.269510839114968E-5
"7723,2888",2023-06-07,5.366259054346656E-5
"7713,2843",2023-06-07,6.629928500165786E-5
"7718,2843",2023-06-07,6.635473581861496E-5
"7723,2843",2023-06-07,6.805706236053728E-5
"7708,2848",2023-06-07,6.125928427595666E-5
"7713,2848",2023-06-07,7.656740069210828E-5
"7718,2848",2023-06-07,7.666905721661883E-5
"7723,2848",2023-06-07,8.378418648896596E-5
"7728,2848",2023-06-07,9.270067308190665E-5
"7733,2848",2023-06-07,9.286112839923245E-5
"7688,2853",2023-06-07,3.704426043548642E-5
"7693,2853",2023-06-07,4.5253834703002445E-5
"7698,2853",2023-06-07,5.576399811927509E-5
"7703,2853",2023-06-07,5.57420147758605E-5
"7708,2853",2023-06-07,6.727082747993249E-5
"7713,2853",2023-06-07,8.179195000575462E-5
"7718,2853",2023-06-07,8.176434223518726E-5
"7723,2853",2023-06-07,9.774306030834557E-5
"7728,2853",2023-06-07,1.0834517448996544E-4
"7733,2853",2023-06-07,1.084080856923699E-4
"7683,2858",2023-06-07,3.884688533968626E-5
"7688,2858",2023-06-07,3.887849122047568E-5
"7693,2858",2023-06-07,4.743607789825156E-5
"7698,2858",2023-06-07,5.3645228841607724E-5
"7703,2858",2023-06-07,5.36465606039413E-5
"7708,2858",2023-06-07,6.542221214921975E-5
"7713,2858",2023-06-07,7.361085724730836E-5
"7718,2858",2023-06-07,7.355556902946955E-5
"7723,2858",2023-06-07,9.83616240881961E-5
"7728,2858",2023-06-07,1.0667058426926689E-4
"7733,2858",2023-06-07,1.0661487950732962E-4
"7688,2863",2023-06-07,3.9915517970473905E-5
"7693,2863",2023-06-07,5.110463435463619E-5
"7698,2863",2023-06-07,5.470956086724289E-5
"7703,2863",2023-06-07,5.471575822043607E-5
"7708,2863",2023-06-07,6.482334441812657E-5
"7713,2863",2023-06-07,6.819782788455895E-5
"7718,2863",2023-06-07,6.825336728281546E-5
"7723,2863",2023-06-07,8.240465148295666E-5
"7728,2863",2023-06-07,8.435531881233125E-5
"7733,2863",2023-06-07,8.451927578378358E-5
"7693,2868",2023-06-07,4.7409653856522595E-5
"7698,2868",2023-06-07,4.8014575421554275E-5
"7703,2868",2023-06-07,4.811478989047994E-5
"7708,2868",2023-06-07,5.9150405415713405E-5
"7713,2868",2023-06-07,6.034327985573022E-5
"7718,2868",2023-06-07,6.0973106677977027E-5
"7723,2868",2023-06-07,6.83712455922711E-5
"7728,2868",2023-06-07,6.850552000552651E-5
"7733,2868",2023-06-07,6.865949429577725E-5
"7693,2873",2023-06-07,3.632659847418487E-5
"7698,2873",2023-06-07,3.6135871989297967E-5
"7703,2873",2023-06-07,3.773785493249226E-5
"7708,2873",2023-06-07,5.387045917252634E-5
"7713,2873",2023-06-07,5.41795649943722E-5
"7718,2873",2023-06-07,5.524445859644306E-5
"7723,2873",2023-06-07,5.9616648416587465E-5
"7728,2873",2023-06-07,5.955462373592131E-5
"7733,2873",2023-06-07,5.578170132675123E-5
"7693,2878",2023-06-07,3.705799859230081E-5
"7698,2878",2023-06-07,3.708422643936815E-5
"7703,2878",2023-06-07,3.915025188004103E-5
"7708,2878",2023-06-07,4.737944774058479E-5
"7713,2878",2023-06-07,4.733275575238308E-5
"7718,2878",2023-06-07,4.820853052432581E-5
"7723,2878",2023-06-07,4.9857494042473754E-5
"7728,2878",2023-06-07,4.9784109240129945E-5
"7693,2883",2023-06-07,3.628719906355633E-5
"7698,2883",2023-06-07,3.6272638184181175E-5
"7703,2883",2023-06-07,4.030349262954939E-5
"7708,2883",2023-06-07,4.685460109012792E-5
"7713,2883",2023-06-07,4.686677669037318E-5
"7718,2883",2023-06-07,4.621700318062209E-5
"7723,2883",2023-06-07,4.570060790584099E-5
"7703,2888",2023-06-07,3.992431955241744E-5
"7708,2888",2023-06-07,4.1224633558988696E-5
"7713,2888",2023-06-07,4.1175341475116126E-5
"7718,2888",2023-06-07,4.225523330921011E-5
"7723,2888",2023-06-07,4.269301417702993E-5
"7713,2843",2023-06-08,5.11281416314084E-5
"7718,2843",2023-06-08,5.6983478256039E-5
"7723,2843",2023-06-08,5.830745020250621E-5
"7708,2848",2023-06-08,6.719340619403578E-5
"7713,2848",2023-06-08,6.626024847956473E-5
"7718,2848",2023-06-08,6.415714690280926E-5
"7723,2848",2023-06-08,7.098914506700982E-5
"7728,2848",2023-06-08,8.336292392071257E-5
"7733,2848",2023-06-08,9.268466428809421E-5
"7688,2853",2023-06-08,2.915507168826273E-5
"7693,2853",2023-06-08,3.613033118989974E-5
"7698,2853",2023-06-08,4.020437616663808E-5
"7703,2853",2023-06-08,4.5077591970438437E-5
"7708,2853",2023-06-08,6.034272770858424E-5
"7713,2853",2023-06-08,7.872585478237226E-5
"7718,2853",2023-06-08,8.906437408771634E-5
"7723,2853",2023-06-08,9.690507675985668E-5
"7728,2853",2023-06-08,9.905009285596904E-5
"7733,2853",2023-06-08,1.006131163459944E-4
"7683,2858",2023-06-08,3.3325292763784E-5
"7688,2858",2023-06-08,3.566832327617055E-5
"7693,2858",2023-06-08,3.781106544406912E-5
"7698,2858",2023-06-08,4.8615669575841036E-5
"7703,2858",2023-06-08,5.317979562270708E-5
"7708,2858",2023-06-08,6.0651793667113264E-5
"7713,2858",2023-06-08,7.733968283107926E-5
"7718,2858",2023-06-08,8.043915376322693E-5
"7723,2858",2023-06-08,8.340167235319089E-5
"7728,2858",2023-06-08,1.0263524619165636E-4
"7733,2858",2023-06-08,1.0490946412412193E-4
"7688,2863",2023-06-08,3.5149661793804767E-5
"7693,2863",2023-06-08,3.816263861902197E-5
"7698,2863",2023-06-08,4.459032338092766E-5
"7703,2863",2023-06-08,4.7973925982814294E-5
"7708,2863",2023-06-08,5.2677993899217814E-5
"7713,2863",2023-06-08,6.830307362206375E-5
"7718,2863",2023-06-08,7.365631305828448E-5
"7723,2863",2023-06-08,7.795651798812975E-5
"7728,2863",2023-06-08,8.619575393923988E-5
"7733,2863",2023-06-08,9.443131326170372E-5
"7693,2868",2023-06-08,4.112127524505102E-5
"7698,2868",2023-06-08,3.754768015984932E-5
"7703,2868",2023-06-08,4.5141252321215707E-5
"7708,2868",2023-06-08,5.164091574222351E-5
"7713,2868",2023-06-08,5.927975549099986E-5
"7718,2868",2023-06-08,7.002116764408991E-5
"7723,2868",2023-06-08,7.602226855477592E-5
"7728,2868",2023-06-08,8.184956406440206E-5
"7733,2868",2023-06-08,8.311684907871E-5
"7693,2873",2023-06-08,3.88020071642137E-5
"7698,2873",2023-06-08,3.878696000854209E-5
"7703,2873",2023-06-08,3.914303817764825E-5
"7708,2873",2023-06-08,4.5584360708963786E-5
"7713,2873",2023-06-08,5.32383052071675E-5
"7718,2873",2023-06-08,6.140755185550136E-5
"7723,2873",2023-06-08,6.566556056257007E-5
"7728,2873",2023-06-08,6.67341566927365E-5
"7733,2873",2023-06-08,5.713612529067636E-5
"7693,2878",2023-06-08,3.706564637894779E-5
"7698,2878",2023-06-08,3.9090104771743066E-5
"7703,2878",2023-06-08,4.005229926877071E-5
"7708,2878",2023-06-08,4.0409527948907443E-5
"7713,2878",2023-06-08,4.360785193502192E-5
"7718,2878",2023-06-08,5.174700093913026E-5
"7723,2878",2023-06-08,4.060222335001159E-5
"7728,2878",2023-06-08,3.969028642988705E-5
"7693,2883",2023-06-08,3.090829399184342E-5
"7698,2883",2023-06-08,3.120491729170288E-5
"7703,2883",2023-06-08,3.475680463996124E-5
"7708,2883",2023-06-08,3.523764867546104E-5
"7713,2883",2023-06-08,3.91811873925035E-5
"7718,2883",2023-06-08,4.333512209187479E-5
"7723,2883",2023-06-08,4.117934904855525E-5
"7703,2888",2023-06-08,2.313213651587207E-5
"7708,2888",2023-06-08,3.131064432783904E-5
"7713,2888",2023-06-08,4.231692843782252E-5
"7718,2888",2023-06-08,4.598806556764856E-5
"7723,2888",2023-06-08,3.5921842553572596E-5
"7713,2843",2023-06-09,6.462908531632388E-5
"7718,2843",2023-06-09,5.108629104178521E-5
"7723,2843",2023-06-09,5.6796707013364876E-5
"7708,2848",2023-06-09,6.311157072501952E-5
"7713,2848",2023-06-09,6.923081030160241E-5
"7718,2848",2023-06-09,7.157406815330021E-5
"7723,2848",2023-06-09,7.688821800391895E-5
"7728,2848",2023-06-09,7.895655135551506E-5
"7733,2848",2023-06-09,1.0474224449471731E-4
"7688,2853",2023-06-09,3.660790821761603E-5
"7693,2853",2023-06-09,3.831759862295623E-5
"7698,2853",2023-06-09,3.670928959289214E-5
"7703,2853",2023-06-09,4.214450801480052E-5
"7708,2853",2023-06-09,6.009925413640651E-5
"7713,2853",2023-06-09,8.159120177717637E-5
"7718,2853",2023-06-09,9.229296217749133E-5
"7723,2853",2023-06-09,9.85755706819105E-5
"7728,2853",2023-06-09,1.1732400282711719E-4
"7733,2853",2023-06-09,1.227172255468684E-4
"7683,2858",2023-06-09,3.429222521761391E-5
"7688,2858",2023-06-09,4.169276434967036E-5
"7693,2858",2023-06-09,4.1638469408880984E-5
"7698,2858",2023-06-09,4.225897347497201E-5
"7703,2858",2023-06-09,4.6197794557548125E-5
"7708,2858",2023-06-09,6.892074327827345E-5
"7713,2858",2023-06-09,8.273420547514249E-5
"7718,2858",2023-06-09,8.722363165133683E-5
"7723,2858",2023-06-09,9.676801884861244E-5
"7728,2858",2023-06-09,1.1301921720403854E-4
"7733,2858",2023-06-09,1.2366981124262668E-4
"7688,2863",2023-06-09,4.483319836952759E-5
"7693,2863",2023-06-09,4.529850361024294E-5
"7698,2863",2023-06-09,6.114876066796559E-5
"7703,2863",2023-06-09,6.364056631688635E-5
"7708,2863",2023-06-09,6.951307160398602E-5
"7713,2863",2023-06-09,7.448357184780756E-5
"7718,2863",2023-06-09,8.524876736593007E-5
"7723,2863",2023-06-09,1.0309199243277023E-4
"7728,2863",2023-06-09,1.1508132772100705E-4
"7733,2863",2023-06-09,1.17796527342746E-4
"7693,2868",2023-06-09,5.2038196573666326E-5
"7698,2868",2023-06-09,5.1686411836791455E-5
"7703,2868",2023-06-09,4.081467150817389E-5
"7708,2868",2023-06-09,5.4439105110923456E-5
"7713,2868",2023-06-09,7.538167634712658E-5
"7718,2868",2023-06-09,8.526163774700829E-5
"7723,2868",2023-06-09,1.0154325634361692E-4
"7728,2868",2023-06-09,9.892222417520238E-5
"7733,2868",2023-06-09,1.0492138164003127E-4
"7693,2873",2023-06-09,4.414045129834185E-5
"7698,2873",2023-06-09,4.1135509924137724E-5
"7703,2873",2023-06-09,4.358501847875168E-5
"7708,2873",2023-06-09,4.350125777280176E-5
"7713,2873",2023-06-09,6.605958039795616E-5
"7718,2873",2023-06-09,7.766455114834535E-5
"7723,2873",2023-06-09,8.095998339193977E-5
"7728,2873",2023-06-09,8.09197889979719E-5
"7733,2873",2023-06-09,7.082807871767327E-5
"7693,2878",2023-06-09,3.136459890602678E-5
"7698,2878",2023-06-09,4.330587576123525E-5
"7703,2878",2023-06-09,4.3909597409946676E-5
"7708,2878",2023-06-09,5.743159382404464E-5
"7713,2878",2023-06-09,6.27074958073177E-5
"7718,2878",2023-06-09,6.641680872020484E-5
"7723,2878",2023-06-09,6.310061228791986E-5
"7728,2878",2023-06-09,6.616052892800108E-5
"7693,2883",2023-06-09,3.960854232380933E-5
"7698,2883",2023-06-09,3.9448874134780584E-5
"7703,2883",2023-06-09,4.114434053132792E-5
"7708,2883",2023-06-09,4.502383741495436E-5
"7713,2883",2023-06-09,5.316660394579605E-5
"7718,2883",2023-06-09,5.975571129665367E-5
"7723,2883",2023-06-09,5.6833895382507303E-5
"7703,2888",2023-06-09,3.9836425670510365E-5
"7708,2888",2023-06-09,4.834920717338906E-5
"7713,2888",2023-06-09,5.640213342639054E-5
"7718,2888",2023-06-09,6.0144610751605423E-5
"7723,2888",2023-06-09,5.317253238558218E-5
"7713,2843",2023-06-11,6.046007318420831E-5
"7718,2843",2023-06-11,6.562261339586686E-5
"7723,2843",2023-06-11,6.568813385614637E-5
"7708,2848",2023-06-11,7.025829322005264E-5
"7713,2848",2023-06-11,7.095333106919784E-5
"7718,2848",2023-06-11,7.239635846687132E-5
"7723,2848",2023-06-11,7.787341688693988E-5
"7728,2848",2023-06-11,7.953305299192537E-5
"7733,2848",2023-06-11,8.440819468271309E-5
"7688,2853",2023-06-11,7.012862484508778E-5
"7693,2853",2023-06-11,7.20205340156839E-5
"7698,2853",2023-06-11,6.932646893582721E-5
"7703,2853",2023-06-11,7.042535084516091E-5
"7708,2853",2023-06-11,7.609632631412786E-5
"7713,2853",2023-06-11,7.706282599831799E-5
"7718,2853",2023-06-11,8.308023146473017E-5
"7723,2853",2023-06-11,9.702840983420648E-5
"7728,2853",2023-06-11,1.1106840686505253E-4
"7733,2853",2023-06-11,1.1126314096435931E-4
"7683,2858",2023-06-11,6.948133551109819E-5
"7688,2858",2023-06-11,6.918088889130408E-5
"7693,2858",2023-06-11,7.00144647500856E-5
"7698,2858",2023-06-11,6.891856489872417E-5
"7703,2858",2023-06-11,7.472461842859995E-5
"7708,2858",2023-06-11,8.321331294892726E-5
"7713,2858",2023-06-11,9.469477219171283E-5
"7718,2858",2023-06-11,1.0089401653032058E-4
"7723,2858",2023-06-11,1.0738482734754787E-4
"7728,2858",2023-06-11,1.230216971326809E-4
"7733,2858",2023-06-11,1.1561024802529088E-4
"7688,2863",2023-06-11,6.257562817842469E-5
"7693,2863",2023-06-11,6.779104558266374E-5
"7698,2863",2023-06-11,7.210504332384538E-5
"7703,2863",2023-06-11,7.819778820995887E-5
"7708,2863",2023-06-11,8.29294799915655E-5
"7713,2863",2023-06-11,8.931576846946664E-5
"7718,2863",2023-06-11,9.27430855363157E-5
"7723,2863",2023-06-11,1.0015578562070292E-4
"7728,2863",2023-06-11,1.0252118850212126E-4
"7733,2863",2023-06-11,1.014042265917054E-4
"7693,2868",2023-06-11,6.816991469749046E-5
"7698,2868",2023-06-11,7.141172704038315E-5
"7703,2868",2023-06-11,7.306380645801467E-5
"7708,2868",2023-06-11,7.549630603376603E-5
"7713,2868",2023-06-11,7.692248776696462E-5
"7718,2868",2023-06-11,7.790034735687141E-5
"7723,2868",2023-06-11,8.818089646551526E-5
"7728,2868",2023-06-11,8.376672389071416E-5
"7733,2868",2023-06-11,8.073082956265442E-5
"7693,2873",2023-06-11,6.308846278664644E-5
"7698,2873",2023-06-11,5.9683250261522935E-5
"7703,2873",2023-06-11,6.206423126959815E-5
"7708,2873",2023-06-11,6.541603125209721E-5
"7713,2873",2023-06-11,6.94232153728592E-5
"7718,2873",2023-06-11,6.929811334686507E-5
"7723,2873",2023-06-11,7.379241988437074E-5
"7728,2873",2023-06-11,6.154096698262627E-5
"7733,2873",2023-06-11,6.207221074463244E-5
"7693,2878",2023-06-11,7.214842143766977E-5
"7698,2878",2023-06-11,6.510494898053106E-5
"7703,2878",2023-06-11,5.89987592708056E-5
"7708,2878",2023-06-11,5.8454786999703084E-5
"7713,2878",2023-06-11,6.265043647901322E-5
"7718,2878",2023-06-11,5.762940927300252E-5
"7723,2878",2023-06-11,5.07548408499339E-5
"7728,2878",2023-06-11,5.059559990564292E-5
"7693,2883",2023-06-11,6.675123083424255E-5
"7698,2883",2023-06-11,6.229490459844991E-5
"7703,2883",2023-06-11,5.647770583798522E-5
"7708,2883",2023-06-11,5.772201241913934E-5
"7713,2883",2023-06-11,6.393099372299305E-5
"7718,2883",2023-06-11,5.1485759767958385E-5
"7723,2883",2023-06-11,4.750115693674969E-5
"7703,2888",2023-06-11,5.389969582429146E-5
"7708,2888",2023-06-11,5.765342195595488E-5
"7713,2888",2023-06-11,5.890666969860703E-5
"7718,2888",2023-06-11,4.7025700344003905E-5
"7723,2888",2023-06-11,5.735186886609943E-5
"7713,2843",2023-06-12,4.7218899631323403E-5
"7718,2843",2023-06-12,5.194310616615719E-5
"7723,2843",2023-06-12,5.212443525283299E-5
"7708,2848",2023-06-12,5.2449548197049E-5
"7713,2848",2023-06-12,6.777849612781755E-5
"7718,2848",2023-06-12,6.054717842016264E-5
"7723,2848",2023-06-12,5.947985169321957E-5
"7728,2848",2023-06-12,7.807517301570811E-5
"7733,2848",2023-06-12,7.590653864499276E-5
"7688,2853",2023-06-12,4.211552609737503E-5
"7693,2853",2023-06-12,4.403821428781744E-5
"7698,2853",2023-06-12,4.526065475753982E-5
"7703,2853",2023-06-12,4.610195146212842E-5
"7708,2853",2023-06-12,5.277079754056538E-5
"7713,2853",2023-06-12,6.383443263371395E-5
"7718,2853",2023-06-12,6.839237313547882E-5
"7723,2853",2023-06-12,7.725071789336225E-5
"7728,2853",2023-06-12,8.082152263774831E-5
"7733,2853",2023-06-12,8.012852333350898E-5
"7683,2858",2023-06-12,3.877904521517021E-5
"7688,2858",2023-06-12,3.9859037293604856E-5
"7693,2858",2023-06-12,4.523605830817065E-5
"7698,2858",2023-06-12,4.4418826900900665E-5
"7703,2858",2023-06-12,4.48277006321476E-5
"7708,2858",2023-06-12,5.699950741666448E-5
"7713,2858",2023-06-12,6.078078313302818E-5
"7718,2858",2023-06-12,6.248161420411036E-5
"7723,2858",2023-06-12,7.92946988257196E-5
"7728,2858",2023-06-12,8.097854633325153E-5
"7733,2858",2023-06-12,7.920409300691281E-5
"7688,2863",2023-06-12,4.359637567970328E-5
"7693,2863",2023-06-12,5.5614273957430044E-5
"7698,2863",2023-06-12,5.3205764958538194E-5
"7703,2863",2023-06-12,4.913397136496426E-5
"7708,2863",2023-06-12,5.569515084799784E-5
"7713,2863",2023-06-12,5.785978736005092E-5
"7718,2863",2023-06-12,6.555507235277144E-5
"7723,2863",2023-06-12,7.622436481373047E-5
"7728,2863",2023-06-12,7.857580758123467E-5
"7733,2863",2023-06-12,6.879161774244442E-5
"7693,2868",2023-06-12,5.038410730740266E-5
"7698,2868",2023-06-12,5.2676688158822964E-5
"7703,2868",2023-06-12,5.002021262297244E-5
"7708,2868",2023-06-12,4.820413054313533E-5
"7713,2868",2023-06-12,5.203444126502572E-5
"7718,2868",2023-06-12,6.0144618483506E-5
"7723,2868",2023-06-12,6.646085535734253E-5
"7728,2868",2023-06-12,7.058316678697548E-5
"7733,2868",2023-06-12,5.7575958116370676E-5
"7693,2873",2023-06-12,3.637617603009487E-5
"7698,2873",2023-06-12,4.25802765388081E-5
"7703,2873",2023-06-12,4.5230618825841006E-5
"7708,2873",2023-06-12,4.552086242326068E-5
"7713,2873",2023-06-12,4.7196181571453436E-5
"7718,2873",2023-06-12,5.082657517549822E-5
"7723,2873",2023-06-12,5.5517985551544736E-5
"7728,2873",2023-06-12,5.707067228849931E-5
"7733,2873",2023-06-12,5.41735332442699E-5
"7693,2878",2023-06-12,3.643294868264578E-5
"7698,2878",2023-06-12,3.8380682916139574E-5
"7703,2878",2023-06-12,4.3243289301009444E-5
"7708,2878",2023-06-12,4.387268783290608E-5
"7713,2878",2023-06-12,4.996388308348439E-5
"7718,2878",2023-06-12,5.3232988950664295E-5
"7723,2878",2023-06-12,5.135442926698191E-5
"7728,2878",2023-06-12,5.5129957760105335E-5
"7693,2883",2023-06-12,4.429505063004478E-5
"7698,2883",2023-06-12,4.4438291591789645E-5
"7703,2883",2023-06-12,4.391582791825459E-5
"7708,2883",2023-06-12,4.4079789244693386E-5
"7713,2883",2023-06-12,5.1862914867905804E-5
"7718,2883",2023-06-12,5.28262226898269E-5
"7723,2883",2023-06-12,5.3087259309822694E-5
"7703,2888",2023-06-12,4.754450032458778E-5
"7708,2888",2023-06-12,4.889398536942097E-5
"7713,2888",2023-06-12,5.4137071977424726E-5
"7718,2888",2023-06-12,5.346045003569707E-5
"7723,2888",2023-06-12,5.4173344215229065E-5
"7713,2843",2023-06-12,3.590962174509209E-5
"7718,2843",2023-06-12,3.98617360453902E-5
"7723,2843",2023-06-12,4.447413664723222E-5
"7708,2848",2023-06-12,4.0822156791528725E-5
"7713,2848",2023-06-12,4.287701806713264E-5
"7718,2848",2023-06-12,4.4090233386898416E-5
"7723,2848",2023-06-12,4.495526213684299E-5
"7728,2848",2023-06-12,4.702741583610372E-5
"7733,2848",2023-06-12,4.803804589552205E-5
"7688,2853",2023-06-12,2.476969495709479E-5
"7693,2853",2023-06-12,2.6674895267454076E-5
"7698,2853",2023-06-12,3.075337484084162E-5
"7703,2853",2023-06-12,4.150274906434117E-5
"7708,2853",2023-06-12,4.690915143165199E-5
"7713,2853",2023-06-12,5.127192365193514E-5
"7718,2853",2023-06-12,5.2746169258303004E-5
"7723,2853",2023-06-12,5.322225873399508E-5
"7728,2853",2023-06-12,5.135386730938837E-5
"7733,2853",2023-06-12,5.2805795520447836E-5
"7683,2858",2023-06-12,2.886381194042917E-5
"7688,2858",2023-06-12,2.930797065387012E-5
"7693,2858",2023-06-12,3.001955902591738E-5
"7698,2858",2023-06-12,2.9939823799219862E-5
"7703,2858",2023-06-12,2.9642311527423268E-5
"7708,2858",2023-06-12,4.221990285989365E-5
"7713,2858",2023-06-12,4.867982200721196E-5
"7718,2858",2023-06-12,5.6338715312714994E-5
"7723,2858",2023-06-12,5.7148304180934526E-5
"7728,2858",2023-06-12,5.674945924596637E-5
"7733,2858",2023-06-12,5.845334578989646E-5
"7688,2863",2023-06-12,2.827380782960168E-5
"7693,2863",2023-06-12,3.0785925035093186E-5
"7698,2863",2023-06-12,2.9621509798741467E-5
"7703,2863",2023-06-12,2.9767211627301313E-5
"7708,2863",2023-06-12,3.7932839777510296E-5
"7713,2863",2023-06-12,4.043019405393633E-5
"7718,2863",2023-06-12,5.2813522535964555E-5
"7723,2863",2023-06-12,5.3734175842701854E-5
"7728,2863",2023-06-12,5.5324366437520194E-5
"7733,2863",2023-06-12,5.419165542635134E-5
"7693,2868",2023-06-12,3.366288276692394E-5
"7698,2868",2023-06-12,2.2925539695148663E-5
"7703,2868",2023-06-12,2.202841149476805E-5
"7708,2868",2023-06-12,4.0670895811864976E-5
"7713,2868",2023-06-12,4.2886932644057214E-5
"7718,2868",2023-06-12,4.740993901795157E-5
"7723,2868",2023-06-12,4.814183651869895E-5
"7728,2868",2023-06-12,4.944281894141441E-5
"7733,2868",2023-06-12,5.104257074562075E-5
"7693,2873",2023-06-12,3.0258238684627294E-5
"7698,2873",2023-06-12,2.632019716608722E-5
"7703,2873",2023-06-12,2.7250683502608904E-5
"7708,2873",2023-06-12,3.718546667191635E-5
"7713,2873",2023-06-12,3.737335553970825E-5
"7718,2873",2023-06-12,3.747094229658982E-5
"7723,2873",2023-06-12,4.093707881167078E-5
"7728,2873",2023-06-12,4.418504112976118E-5
"7733,2873",2023-06-12,4.724589505865693E-5
"7693,2878",2023-06-12,3.2664169227212475E-5
"7698,2878",2023-06-12,2.779266138032904E-5
"7703,2878",2023-06-12,2.8699709372297283E-5
"7708,2878",2023-06-12,3.107583923614391E-5
"7713,2878",2023-06-12,3.413844029388464E-5
"7718,2878",2023-06-12,3.7599908547746006E-5
"7723,2878",2023-06-12,4.2389914163195565E-5
"7728,2878",2023-06-12,4.5230339495545865E-5
"7693,2883",2023-06-12,2.7796927584469297E-5
"7698,2883",2023-06-12,2.3531588841087346E-5
"7703,2883",2023-06-12,2.902693135103651E-5
"7708,2883",2023-06-12,3.8036819033940725E-5
"7713,2883",2023-06-12,3.868170507875751E-5
"7718,2883",2023-06-12,3.949168648790936E-5
"7723,2883",2023-06-12,4.552779946636298E-5
"7703,2888",2023-06-12,4.134446702704419E-5
"7708,2888",2023-06-12,4.4961771621969945E-5
"7713,2888",2023-06-12,4.0464703902212957E-5
"7718,2888",2023-06-12,3.884134048084454E-5
"7723,2888",2023-06-12,4.4754271124911075E-5
"7713,2843",2023-06-13,3.555429299454499E-5
"7718,2843",2023-06-13,3.792980742633129E-5
"7723,2843",2023-06-13,4.007038566065698E-5
"7708,2848",2023-06-13,3.910035096238819E-5
"7713,2848",2023-06-13,3.9047935103406783E-5
"7718,2848",2023-06-13,3.879007169484189E-5
"7723,2848",2023-06-13,4.219122746589558E-5
"7728,2848",2023-06-13,4.807617860829347E-5
"7733,2848",2023-06-13,5.6940619352639223E-5
"7688,2853",2023-06-13,2.220798659745757E-5
"7693,2853",2023-06-13,2.3581880950307006E-5
"7698,2853",2023-06-13,3.0159915278730804E-5
"7703,2853",2023-06-13,3.034273428191179E-5
"7708,2853",2023-06-13,2.898998600057157E-5
"7713,2853",2023-06-13,3.238907950850948E-5
"7718,2853",2023-06-13,3.7622046746027764E-5
"7723,2853",2023-06-13,4.7960104417874095E-5
"7728,2853",2023-06-13,5.5725778452790916E-5
"7733,2853",2023-06-13,7.338391222877395E-5
"7683,2858",2023-06-13,1.6085057215165188E-5
"7688,2858",2023-06-13,2.0237523907594356E-5
"7693,2858",2023-06-13,1.9035653105031838E-5
"7698,2858",2023-06-13,1.5680178570113417E-5
"7703,2858",2023-06-13,2.1835441297726026E-5
"7708,2858",2023-06-13,3.393549414532086E-5
"7713,2858",2023-06-13,3.679698786260238E-5
"7718,2858",2023-06-13,3.9313584275116856E-5
"7723,2858",2023-06-13,5.408070315555231E-5
"7728,2858",2023-06-13,5.938198524633681E-5
"7733,2858",2023-06-13,7.052786014734803E-5
"7688,2863",2023-06-13,2.2066099716005857E-5
"7693,2863",2023-06-13,2.2823253845241195E-5
"7698,2863",2023-06-13,2.3464957755312793E-5
"7703,2863",2023-06-13,3.018648937383076E-5
"7708,2863",2023-06-13,3.655099602045802E-5
"7713,2863",2023-06-13,4.1136163144301305E-5
"7718,2863",2023-06-13,4.3027702743053995E-5
"7723,2863",2023-06-13,5.7881772945958605E-5
"7728,2863",2023-06-13,5.967806314362826E-5
"7733,2863",2023-06-13,6.189805824770832E-5
"7693,2868",2023-06-13,2.5610596236531468E-5
"7698,2868",2023-06-13,2.737569986064293E-5
"7703,2868",2023-06-13,3.659477760460403E-5
"7708,2868",2023-06-13,4.071440597281696E-5
"7713,2868",2023-06-13,3.583032717322708E-5
"7718,2868",2023-06-13,3.78912561260436E-5
"7723,2868",2023-06-13,5.511994320867856E-5
"7728,2868",2023-06-13,5.4374373471447634E-5
"7733,2868",2023-06-13,5.1959521314671236E-5
"7693,2873",2023-06-13,2.954318427025289E-5
"7698,2873",2023-06-13,3.09155984480205E-5
"7703,2873",2023-06-13,2.9468007124389576E-5
"7708,2873",2023-06-13,2.9740657357526058E-5
"7713,2873",2023-06-13,3.041421691238772E-5
"7718,2873",2023-06-13,3.4543364385156954E-5
"7723,2873",2023-06-13,4.4774487716069084E-5
"7728,2873",2023-06-13,4.3652262266672675E-5
"7733,2873",2023-06-13,4.217453279281958E-5
"7693,2878",2023-06-13,2.9600740387862294E-5
"7698,2878",2023-06-13,2.9216345747689484E-5
"7703,2878",2023-06-13,2.1030243325531504E-5
"7708,2878",2023-06-13,2.354455342120669E-5
"7713,2878",2023-06-13,3.0314353991431188E-5
"7718,2878",2023-06-13,3.5578026941495324E-5
"7723,2878",2023-06-13,4.1561066232948336E-5
"7728,2878",2023-06-13,4.4390263346234536E-5
"7693,2883",2023-06-13,2.4584948847829396E-5
"7698,2883",2023-06-13,2.538695864596897E-5
"7703,2883",2023-06-13,2.7404840189168954E-5
"7708,2883",2023-06-13,3.110518946392574E-5
"7713,2883",2023-06-13,3.53463675585113E-5
"7718,2883",2023-06-13,3.0026568325711996E-5
"7723,2883",2023-06-13,2.7629407985581767E-5
"7703,2888",2023-06-13,2.8968939960138E-5
"7708,2888",2023-06-13,3.275613408926972E-5
"7713,2888",2023-06-13,3.491814665496995E-5
"7718,2888",2023-06-13,3.965052422647323E-5
"7723,2888",2023-06-13,3.988645353693748E-5
"7713,2843",2023-06-14,4.322162706736525E-5
"7718,2843",2023-06-14,3.042073602423984E-5
"7723,2843",2023-06-14,3.633388690525115E-5
"7708,2848",2023-06-14,3.9754538735266785E-5
"7713,2848",2023-06-14,4.242154077108808E-5
"7718,2848",2023-06-14,3.407625378375623E-5
"7723,2848",2023-06-14,4.1054866385686226E-5
"7728,2848",2023-06-14,5.2537793566266385E-5
"7733,2848",2023-06-14,5.6362363082008124E-5
"7688,2853",2023-06-14,2.695973157398449E-5
"7693,2853",2023-06-14,2.160360854707191E-5
"7698,2853",2023-06-14,2.47365169674797E-5
"7703,2853",2023-06-14,2.592655527199102E-5
"7708,2853",2023-06-14,3.1821523400527555E-5
"7713,2853",2023-06-14,3.866667382297383E-5
"7718,2853",2023-06-14,4.790312536903033E-5
"7723,2853",2023-06-14,5.423167501938522E-5
"7728,2853",2023-06-14,6.042736598260964E-5
"7733,2853",2023-06-14,6.451694974597066E-5
"7683,2858",2023-06-14,2.7195063584472875E-5
"7688,2858",2023-06-14,1.6079540210259365E-5
"7693,2858",2023-06-14,1.1429027005312092E-5
"7698,2858",2023-06-14,1.6368271081336004E-5
"7703,2858",2023-06-14,2.976935570822253E-5
"7708,2858",2023-06-14,3.426296458840226E-5
"7713,2858",2023-06-14,3.4308282246374355E-5
"7718,2858",2023-06-14,4.2416944761875085E-5
"7723,2858",2023-06-14,4.894042405444477E-5
"7728,2858",2023-06-14,5.6308342509327266E-5
"7733,2858",2023-06-14,7.097468863602107E-5
"7688,2863",2023-06-14,2.56540864426393E-5
"7693,2863",2023-06-14,2.1770425327559834E-5
"7698,2863",2023-06-14,3.22345689738218E-5
"7703,2863",2023-06-14,3.435774987723036E-5
"7708,2863",2023-06-14,4.0859549888949455E-5
"7713,2863",2023-06-14,4.7082783787499626E-5
"7718,2863",2023-06-14,4.583470513675904E-5
"7723,2863",2023-06-14,5.5400406978783476E-5
"7728,2863",2023-06-14,6.567635039416027E-5
"7733,2863",2023-06-14,7.444723151076286E-5
"7693,2868",2023-06-14,2.9913995554317976E-5
"7698,2868",2023-06-14,3.1013796759378326E-5
"7703,2868",2023-06-14,3.357177827505259E-5
"7708,2868",2023-06-14,4.0472771631099655E-5
"7713,2868",2023-06-14,4.61863257678341E-5
"7718,2868",2023-06-14,4.934029794487648E-5
"7723,2868",2023-06-14,5.436473183969792E-5
"7728,2868",2023-06-14,6.666122396832187E-5
"7733,2868",2023-06-14,6.718799721598934E-5
"7693,2873",2023-06-14,3.211766944282369E-5
"7698,2873",2023-06-14,3.0380147483417467E-5
"7703,2873",2023-06-14,3.348112599213151E-5
"7708,2873",2023-06-14,3.57011248328837E-5
"7713,2873",2023-06-14,3.704163649397116E-5
"7718,2873",2023-06-14,3.9843232991417186E-5
"7723,2873",2023-06-14,4.030054009665758E-5
"7728,2873",2023-06-14,4.051891131810031E-5
"7733,2873",2023-06-14,3.528554663958038E-5
"7693,2878",2023-06-14,3.0337584308480524E-5
"7698,2878",2023-06-14,3.1225521927352255E-5
"7703,2878",2023-06-14,2.969331577775161E-5
"7708,2878",2023-06-14,3.1518530884033354E-5
"7713,2878",2023-06-14,3.376274977805109E-5
"7718,2878",2023-06-14,3.7942870266105656E-5
"7723,2878",2023-06-14,3.445377925048353E-5
"7728,2878",2023-06-14,4.164299881530765E-5
"7693,2883",2023-06-14,2.293890914843075E-5
"7698,2883",2023-06-14,3.142021737183741E-5
"7703,2883",2023-06-14,2.1499793589512605E-5
"7708,2883",2023-06-14,3.113960828846108E-5
"7713,2883",2023-06-14,2.763805992140855E-5
"7718,2883",2023-06-14,3.0152046690278107E-5
"7723,2883",2023-06-14,2.4816765995307356E-5
"7703,2888",2023-06-14,2.9391990193816695E-5
"7708,2888",2023-06-14,2.490517334782358E-5
"7713,2888",2023-06-14,2.5430394362619995E-5
"7718,2888",2023-06-14,2.6183218410861276E-5
"7723,2888",2023-06-14,2.4076834620451094E-5
"7713,2843",2023-06-15,3.3215951676424257E-5
"7718,2843",2023-06-15,2.6366154751168912E-5
"7723,2843",2023-06-15,3.531684855490309E-5
"7708,2848",2023-06-15,4.344448175829117E-5
"7713,2848",2023-06-15,4.2683057746942507E-5
"7718,2848",2023-06-15,3.717642456982292E-5
"7723,2848",2023-06-15,3.65961328104605E-5
"7728,2848",2023-06-15,4.2034508697176136E-5
"7733,2848",2023-06-15,6.895173988531813E-5
"7688,2853",2023-06-15,1.7920225791057768E-5
"7693,2853",2023-06-15,2.2152104628590714E-5
"7698,2853",2023-06-15,2.417996184669275E-5
"7703,2853",2023-06-15,3.282424645056704E-5
"7708,2853",2023-06-15,4.029270575616855E-5
"7713,2853",2023-06-15,4.686228240702867E-5
"7718,2853",2023-06-15,5.63175988587179E-5
"7723,2853",2023-06-15,4.996295733776431E-5
"7728,2853",2023-06-15,4.513772991958313E-5
"7733,2853",2023-06-15,4.14853684281179E-5
"7683,2858",2023-06-15,1.0960955008749512E-5
"7688,2858",2023-06-15,2.2233173537160382E-5
"7693,2858",2023-06-15,1.9042961460287743E-5
"7698,2858",2023-06-15,1.1635716900862108E-5
"7703,2858",2023-06-15,1.9049852435728484E-5
"7708,2858",2023-06-15,3.512493569077716E-5
"7713,2858",2023-06-15,4.387619377653842E-5
"7718,2858",2023-06-15,4.7354632859161175E-5
"7723,2858",2023-06-15,6.339330315086716E-5
"7728,2858",2023-06-15,6.220010978269882E-5
"7688,2863",2023-06-15,2.4491296673110913E-5
"7693,2863",2023-06-15,2.4944452489361247E-5
"7698,2863",2023-06-15,2.2138753132635256E-5
"7703,2863",2023-06-15,2.1893999995882814E-5
"7708,2863",2023-06-15,3.524224935880772E-5
"7713,2863",2023-06-15,3.550269673907964E-5
"7718,2863",2023-06-15,3.9623091226188174E-5
"7723,2863",2023-06-15,6.417021891179402E-5
"7728,2863",2023-06-15,6.90835279021084E-5
"7733,2863",2023-06-15,6.819310489645241E-5
"7693,2868",2023-06-15,2.478469823760284E-5
"7698,2868",2023-06-15,2.8270800056535265E-5
"7703,2868",2023-06-15,4.385225046368727E-5
"7708,2868",2023-06-15,4.635208062999628E-5
"7718,2868",2023-06-15,1.5609529602939275E-5
"7723,2868",2023-06-15,3.4862834764022316E-5
"7728,2868",2023-06-15,6.527133695224312E-5
"7733,2868",2023-06-15,4.660970013140095E-5
"7693,2873",2023-06-15,2.514324413733916E-5
"7698,2873",2023-06-15,2.034650752571053E-5
"7703,2873",2023-06-15,2.4504750306218565E-5
"7708,2873",2023-06-15,2.6800047706359483E-5
"7713,2873",2023-06-15,2.5800040816987692E-5
"7718,2873",2023-06-15,2.3918065217906854E-5
"7723,2873",2023-06-15,2.804440631956104E-5
"7728,2873",2023-06-15,4.585389657750079E-5
"7733,2873",2023-06-15,3.7982055506243404E-5
"7693,2878",2023-06-15,2.10156357273085E-5
"7698,2878",2023-06-15,1.5734184271303923E-5
"7703,2878",2023-06-15,1.922266500497424E-5
"7708,2878",2023-06-15,2.2428949096466884E-5
"7713,2878",2023-06-15,2.615360263170823E-5
"7718,2878",2023-06-15,2.530028551733217E-5
"7723,2878",2023-06-15,3.17198849344041E-5
"7728,2878",2023-06-15,2.8979963943068797E-5
"7693,2883",2023-06-15,1.3634841600008776E-5
"7698,2883",2023-06-15,1.7238469291776826E-5
"7703,2883",2023-06-15,1.7018139131013885E-5
"7708,2883",2023-06-15,1.7964836996327976E-5
"7713,2883",2023-06-15,1.8760564758214376E-5
"7718,2883",2023-06-15,1.3546350772740395E-5
"7703,2888",2023-06-15,1.1763663506372975E-5
"7708,2888",2023-06-15,9.502753702451441E-6
"7713,2888",2023-06-15,1.1466790956803489E-5
"7718,2888",2023-06-15,1.299148871649345E-5
"7708,2848",2023-06-16,4.232819994788332E-5
"7723,2848",2023-06-16,8.931980179052124E-5
"7728,2848",2023-06-16,8.930072430940057E-5
"7733,2848",2023-06-16,8.270075586576243E-5
"7693,2853",2023-06-16,1.3928665791584416E-5
"7698,2853",2023-06-16,1.3928665786888928E-5
"7703,2853",2023-06-16,2.876374293165813E-5
"7708,2853",2023-06-16,4.2328200101639386E-5
"7723,2853",2023-06-16,7.719048534080957E-5
"7728,2853",2023-06-16,8.469476576552788E-5
"7733,2853",2023-06-16,8.079734257672856E-5
"7683,2858",2023-06-16,1.8331224992154666E-5
"7688,2858",2023-06-16,1.8381444417540385E-5
"7693,2858",2023-06-16,1.3928665240053305E-5
"7698,2858",2023-06-16,1.3928665552635998E-5
"7703,2858",2023-06-16,3.8916551220375766E-5
"7708,2858",2023-06-16,4.545694499165811E-5
"7713,2858",2023-06-16,4.02236968934562E-5
"7718,2858",2023-06-16,6.130398083950184E-5
"7723,2858",2023-06-16,6.488830438164044E-5
"7728,2858",2023-06-16,6.912799661109664E-5
"7733,2858",2023-06-16,8.390568655170494E-5
"7688,2863",2023-06-16,3.815929360078586E-5
"7693,2863",2023-06-16,4.5416061032527035E-5
"7698,2863",2023-06-16,1.4852746850033213E-5
"7703,2863",2023-06-16,2.2588932418499413E-5
"7708,2863",2023-06-16,4.1193817360327455E-5
"7713,2863",2023-06-16,4.062543484469853E-5
"7718,2863",2023-06-16,5.519984322821125E-5
"7723,2863",2023-06-16,6.496892659072294E-5
"7728,2863",2023-06-16,6.562670346044278E-5
"7733,2863",2023-06-16,8.213049097257946E-5
"7693,2868",2023-06-16,4.209013601086623E-5
"7698,2868",2023-06-16,2.7982781683223477E-5
"7703,2868",2023-06-16,2.989340272428357E-5
"7708,2868",2023-06-16,4.085723480583958E-5
"7713,2868",2023-06-16,5.25331750849816E-5
"7718,2868",2023-06-16,5.101642856436683E-5
"7723,2868",2023-06-16,5.6475501148055966E-5
"7728,2868",2023-06-16,5.7300967752692995E-5
"7733,2868",2023-06-16,7.652290344230973E-5
"7693,2873",2023-06-16,1.912977178176893E-5
"7698,2873",2023-06-16,2.898574614635438E-5
"7703,2873",2023-06-16,3.485988811402352E-5
"7708,2873",2023-06-16,3.630543250784027E-5
"7713,2873",2023-06-16,4.358825834617668E-5
"7718,2873",2023-06-16,4.6739673866976916E-5
"7723,2873",2023-06-16,4.570044210547401E-5
"7728,2873",2023-06-16,5.669422057731666E-5
"7733,2873",2023-06-16,3.4328545638615976E-5
"7693,2878",2023-06-16,1.8357515895119054E-5
"7698,2878",2023-06-16,3.0770250277335123E-5
"7703,2878",2023-06-16,3.0496483772198083E-5
"7708,2878",2023-06-16,2.8795299703655273E-5
"7713,2878",2023-06-16,4.0100976567693586E-5
"7718,2878",2023-06-16,4.570263965303898E-5
"7728,2878",2023-06-16,3.634636613965125E-5
"7693,2883",2023-06-16,2.6079766908227606E-5
"7698,2883",2023-06-16,3.434932629368473E-5
"7703,2883",2023-06-16,3.1775291883241494E-5
"7708,2883",2023-06-16,3.022349287270275E-5
"7713,2883",2023-06-16,3.7768828258879066E-5
"7718,2883",2023-06-16,3.6340219897466895E-5
"7723,2883",2023-06-16,1.9518888602565992E-5
"7703,2888",2023-06-16,2.940000588102467E-5
"7708,2888",2023-06-16,3.0231544527156275E-5
"7713,2888",2023-06-16,2.9160591008089258E-5
"7718,2888",2023-06-16,2.857971205632782E-5
"7723,2888",2023-06-16,2.109144248560097E-5
"7713,2843",2023-06-17,4.623495513228147E-5
"7718,2843",2023-06-17,4.61190456284596E-5
"7723,2843",2023-06-17,4.513049917146299E-5
"7708,2848",2023-06-17,4.5136199362294654E-5
"7713,2848",2023-06-17,6.612210178508359E-5
"7718,2848",2023-06-17,5.6315964649810456E-5
"7723,2848",2023-06-17,4.999309146738226E-5
"7728,2848",2023-06-17,7.429654234338259E-5
"7733,2848",2023-06-17,6.246188418681949E-5
"7698,2853",2023-06-17,6.468574380174416E-5
"7703,2853",2023-06-17,5.441095924264627E-5
"7708,2853",2023-06-17,4.665097649318913E-5
"7713,2853",2023-06-17,5.957776179978125E-5
"7718,2853",2023-06-17,7.028676201712973E-5
"7723,2853",2023-06-17,7.034973175508867E-5
"7728,2853",2023-06-17,7.991305070132669E-5
"7733,2853",2023-06-17,8.401833686672656E-5
"7698,2858",2023-06-17,6.662115656256039E-5
"7703,2858",2023-06-17,6.549637614819249E-5
"7708,2858",2023-06-17,6.414890834793232E-5
"7713,2858",2023-06-17,7.400671445286945E-5
"7718,2858",2023-06-17,7.162047115339123E-5
"7723,2858",2023-06-17,8.45456191834769E-5
"7728,2858",2023-06-17,8.143505799431071E-5
"7733,2858",2023-06-17,7.839631771768536E-5
"7688,2863",2023-06-17,5.745131713528574E-5
"7693,2863",2023-06-17,5.8301836709763143E-5
"7698,2863",2023-06-17,6.4287661160552E-5
"7703,2863",2023-06-17,6.61530839473557E-5
"7708,2863",2023-06-17,7.683521604199684E-5
"7713,2863",2023-06-17,9.236602676898386E-5
"7718,2863",2023-06-17,8.755764720247744E-5
"7723,2863",2023-06-17,1.1515926327317161E-4
"7728,2863",2023-06-17,1.0431906046817675E-4
"7733,2863",2023-06-17,1.193886886167091E-4
"7693,2868",2023-06-17,5.8748403512649476E-5
"7698,2868",2023-06-17,6.475272779808165E-5
"7703,2868",2023-06-17,6.365905527725369E-5
"7708,2868",2023-06-17,9.083385472038366E-5
"7713,2868",2023-06-17,1.0463357662728464E-4
"7718,2868",2023-06-17,1.0337992845792533E-4
"7723,2868",2023-06-17,1.0967547235028628E-4
"7728,2868",2023-06-17,1.0883556828015104E-4
"7733,2868",2023-06-17,9.036302333084835E-5
"7693,2873",2023-06-17,5.3908850272636424E-5
"7698,2873",2023-06-17,5.861068532052324E-5
"7703,2873",2023-06-17,6.589908407222561E-5
"7708,2873",2023-06-17,8.505605177987343E-5
"7713,2873",2023-06-17,9.715760809527246E-5
"7718,2873",2023-06-17,9.22085589823461E-5
"7723,2873",2023-06-17,9.453836109751721E-5
"7728,2873",2023-06-17,7.770242696282428E-5
"7733,2873",2023-06-17,7.16984317032982E-5
"7693,2878",2023-06-17,4.74315684930417E-5
"7698,2878",2023-06-17,4.724951441899069E-5
"7703,2878",2023-06-17,5.407765795915411E-5
"7708,2878",2023-06-17,6.768363527989944E-5
"7713,2878",2023-06-17,7.130177004429702E-5
"7718,2878",2023-06-17,6.606862039247069E-5
"7723,2878",2023-06-17,7.545316459505511E-5
"7728,2878",2023-06-17,4.97421740265775E-5
"7693,2883",2023-06-17,4.940821232301332E-5
"7698,2883",2023-06-17,4.749448096766053E-5
"7703,2883",2023-06-17,5.503015601910544E-5
"7708,2883",2023-06-17,5.861837416356206E-5
"7713,2883",2023-06-17,4.7979816124715317E-5
"7718,2883",2023-06-17,4.5122084340245E-5
"7723,2883",2023-06-17,4.941349609974109E-5
"7703,2888",2023-06-17,4.5725701054311046E-5
"7708,2888",2023-06-17,5.140063275487884E-5
"7713,2888",2023-06-17,4.3302185001195623E-5
"7718,2888",2023-06-17,4.079477195185176E-5
"7723,2888",2023-06-17,3.4062520051017346E-5
"7708,2848",2023-06-18,3.297218840528457E-5
"7688,2853",2023-06-18,3.86953815034587E-5
"7693,2853",2023-06-18,3.775608348522951E-5
"7698,2853",2023-06-18,3.068015213694875E-5
"7703,2853",2023-06-18,3.068015219265797E-5
"7708,2853",2023-06-18,3.068015241731248E-5
"7683,2858",2023-06-18,4.10701613375788E-5
"7688,2858",2023-06-18,4.10701609929501E-5
"7693,2858",2023-06-18,4.1070161148761156E-5
"7693,2873",2023-06-18,7.84051157686685E-5
"7698,2878",2023-06-18,9.287883092168641E-5
"7703,2878",2023-06-18,9.287882818919793E-5
"7708,2878",2023-06-18,9.287882829702568E-5
"7713,2878",2023-06-18,8.826728475429186E-5
"7718,2878",2023-06-18,8.535564863614166E-5
"7723,2878",2023-06-18,8.61373294340967E-5
"7728,2878",2023-06-18,8.777094636907461E-5
"7693,2883",2023-06-18,7.563660785064096E-5
"7698,2883",2023-06-18,7.558403349759222E-5
"7703,2883",2023-06-18,7.502817280335013E-5
"7708,2883",2023-06-18,7.51976536621197E-5
"7713,2883",2023-06-18,7.109346967240518E-5
"7718,2883",2023-06-18,6.998474928426687E-5
"7723,2883",2023-06-18,7.152795571712333E-5
"7703,2888",2023-06-18,6.811843164625109E-5
"7708,2888",2023-06-18,6.815648275867601E-5
"7713,2888",2023-06-18,6.721714972643739E-5
"7718,2888",2023-06-18,6.711296839857633E-5
"7723,2888",2023-06-18,6.205159851318584E-5
"7713,2843",2023-06-19,1.5839355656095677E-4
"7718,2843",2023-06-19,1.5824511163271747E-4
"7708,2848",2023-06-19,1.5787342620870377E-4
"7713,2848",2023-06-19,1.5648475621154111E-4
"7718,2848",2023-06-19,1.5613931297927562E-4
"7723,2848",2023-06-19,1.4278589950024153E-4
"7688,2853",2023-06-19,6.773544169317458E-5
"7693,2853",2023-06-19,8.077432305815627E-5
"7698,2853",2023-06-19,9.860077332272943E-5
"7703,2853",2023-06-19,1.2826298955088218E-4
"7708,2853",2023-06-19,1.4203814091274058E-4
"7713,2853",2023-06-19,1.3829157006358037E-4
"7718,2853",2023-06-19,1.4025838607683056E-4
"7723,2853",2023-06-19,1.41978626266655E-4
"7728,2853",2023-06-19,1.4085533763238581E-4
"7683,2858",2023-06-19,5.6201512027280654E-5
"7688,2858",2023-06-19,6.366918641604543E-5
"7693,2858",2023-06-19,6.432909694709915E-5
"7698,2858",2023-06-19,7.286251780251378E-5
"7703,2858",2023-06-19,1.0992103242722024E-4
"7708,2858",2023-06-19,1.2606098636316437E-4
"7713,2858",2023-06-19,1.2289401656342985E-4
"7718,2858",2023-06-19,1.0883645882448015E-4
"7723,2858",2023-06-19,1.3621162126220302E-4
"7728,2858",2023-06-19,1.3412950854682843E-4
"7733,2858",2023-06-19,1.302577156637928E-4
"7693,2863",2023-06-19,6.090275523090583E-5
"7698,2863",2023-06-19,6.0902755909444604E-5
"7703,2863",2023-06-19,8.790018497579803E-5
"7708,2863",2023-06-19,9.14587533293179E-5
"7713,2863",2023-06-19,1.050435197470151E-4
"7718,2863",2023-06-19,9.700161305228194E-5
"7723,2863",2023-06-19,1.0289387073514263E-4
"7728,2863",2023-06-19,9.387732880058213E-5
"7733,2863",2023-06-19,9.90004220937115E-5
"7703,2868",2023-06-19,7.97262839122717E-5
"7708,2868",2023-06-19,8.062174940476616E-5
"7713,2868",2023-06-19,8.458063573322101E-5
"7718,2868",2023-06-19,8.853759602195377E-5
"7723,2868",2023-06-19,7.262962692401006E-5
"7728,2868",2023-06-19,6.55402447483583E-5
"7733,2868",2023-06-19,6.207782709631298E-5
"7708,2873",2023-06-19,6.759864738946068E-5
"7713,2873",2023-06-19,6.191513188831859E-5
"7718,2873",2023-06-19,5.810628110512346E-5
"7723,2873",2023-06-19,6.568653080792657E-5
"7728,2873",2023-06-19,6.228488565669116E-5
"7733,2873",2023-06-19,5.0848250018910914E-5
"7708,2878",2023-06-19,6.757560343734574E-5
"7713,2878",2023-06-19,6.030824299665348E-5
"7718,2878",2023-06-19,5.8067102386768746E-5
"7723,2878",2023-06-19,6.539539702021634E-5
"7713,2843",2023-06-20,4.763391242959917E-5
"7718,2843",2023-06-20,4.864466610330351E-5
"7723,2843",2023-06-20,4.893179718679451E-5
"7708,2848",2023-06-20,8.94730021370697E-5
"7713,2848",2023-06-20,7.006658778833713E-5
"7718,2848",2023-06-20,7.605093094976269E-5
"7723,2848",2023-06-20,7.544916229307591E-5
"7728,2848",2023-06-20,6.255342154960472E-5
"7733,2848",2023-06-20,5.334905734150535E-5
"7688,2853",2023-06-20,8.372451896921865E-5
"7693,2853",2023-06-20,9.114059716096243E-5
"7698,2853",2023-06-20,8.986421561480637E-5
"7703,2853",2023-06-20,1.0201587370171749E-4
"7708,2853",2023-06-20,1.1101307991421014E-4
"7713,2853",2023-06-20,9.998968395608345E-5
"7718,2853",2023-06-20,9.694921623825114E-5
"7723,2853",2023-06-20,1.1252577825744721E-4
"7728,2853",2023-06-20,1.0582749614064292E-4
"7733,2853",2023-06-20,8.369080122734544E-5
"7683,2858",2023-06-20,8.808361271189654E-5
"7688,2858",2023-06-20,8.642582269692977E-5
"7693,2858",2023-06-20,9.105161694471545E-5
"7698,2858",2023-06-20,9.76119807197463E-5
"7703,2858",2023-06-20,1.096255138328714E-4
"7708,2858",2023-06-20,1.2271296274137423E-4
"7713,2858",2023-06-20,1.123861541323424E-4
"7718,2858",2023-06-20,9.48877150964223E-5
"7723,2858",2023-06-20,1.0387441400635433E-4
"7728,2858",2023-06-20,9.81369160828087E-5
"7733,2858",2023-06-20,9.494886318825265E-5
"7688,2863",2023-06-20,7.06269846791065E-5
"7693,2863",2023-06-20,8.108207567423964E-5
"7698,2863",2023-06-20,8.827932115217889E-5
"7703,2863",2023-06-20,1.0750869559043854E-4
"7708,2863",2023-06-20,1.1575353989104149E-4
"7713,2863",2023-06-20,1.1555140361218415E-4
"7718,2863",2023-06-20,9.470612004555567E-5
"7723,2863",2023-06-20,8.992270195923963E-5
"7728,2863",2023-06-20,8.80526315822971E-5
"7733,2863",2023-06-20,8.067216060545961E-5
"7693,2868",2023-06-20,7.385557588263164E-5
"7698,2868",2023-06-20,6.386925985827954E-5
"7703,2868",2023-06-20,9.183795842725342E-5
"7708,2868",2023-06-20,1.0925028604214826E-4
"7713,2868",2023-06-20,1.0294407476640526E-4
"7718,2868",2023-06-20,8.781062839994435E-5
"7723,2868",2023-06-20,8.393514984512889E-5
"7728,2868",2023-06-20,7.529687352592154E-5
"7733,2868",2023-06-20,6.390894512686857E-5
"7693,2873",2023-06-20,7.018795028646609E-5
"7698,2873",2023-06-20,6.491199846994065E-5
"7703,2873",2023-06-20,7.12105754333611E-5
"7708,2873",2023-06-20,8.020379966157958E-5
"7713,2873",2023-06-20,8.020170573370997E-5
"7718,2873",2023-06-20,6.764924768487593E-5
"7723,2873",2023-06-20,5.716948816869856E-5
"7728,2873",2023-06-20,5.520124385032155E-5
"7733,2873",2023-06-20,4.655642714135998E-5
"7693,2878",2023-06-20,5.70704477902256E-5
"7698,2878",2023-06-20,5.2466251137709995E-5
"7703,2878",2023-06-20,5.2199808100313085E-5
"7708,2878",2023-06-20,5.4462582305735465E-5
"7713,2878",2023-06-20,5.554963862485326E-5
"7718,2878",2023-06-20,4.893982245028893E-5
"7723,2878",2023-06-20,4.3109684859482917E-5
"7728,2878",2023-06-20,4.394620223402966E-5
"7693,2883",2023-06-20,4.8286895099707894E-5
"7698,2883",2023-06-20,5.594134404603157E-5
"7703,2883",2023-06-20,4.599882120247349E-5
"7708,2883",2023-06-20,4.324455539438211E-5
"7713,2883",2023-06-20,4.5634318393369006E-5
"7718,2883",2023-06-20,4.8316777911084266E-5
"7723,2883",2023-06-20,4.095523590504867E-5
"7703,2888",2023-06-20,4.640503143801164E-5
"7708,2888",2023-06-20,4.6946108802381744E-5
"7713,2888",2023-06-20,4.069274498028237E-5
"7718,2888",2023-06-20,4.881985780538761E-5
"7723,2888",2023-06-20,3.660121621594164E-5
"7713,2843",2023-06-21,7.488917190569677E-5
"7718,2843",2023-06-21,6.059160857205419E-5
"7723,2843",2023-06-21,6.381830051724549E-5
"7708,2848",2023-06-21,7.580265527367887E-5
"7713,2848",2023-06-21,7.986183954026776E-5
"7718,2848",2023-06-21,8.197194715721323E-5
"7723,2848",2023-06-21,9.172245929555675E-5
"7728,2848",2023-06-21,1.0870514231152489E-4
"7733,2848",2023-06-21,1.0737969418104972E-4
"7688,2853",2023-06-21,4.564791327590248E-5
"7693,2853",2023-06-21,4.7516916468363707E-5
"7698,2853",2023-06-21,4.432289973619418E-5
"7703,2853",2023-06-21,5.364403204198483E-5
"7708,2853",2023-06-21,6.912312158032944E-5
"7713,2853",2023-06-21,7.952430354139733E-5
"7718,2853",2023-06-21,8.30215222764042E-5
"7723,2853",2023-06-21,1.0912501437956104E-4
"7728,2853",2023-06-21,1.3283102960840183E-4
"7733,2853",2023-06-21,1.5396771794638032E-4
"7683,2858",2023-06-21,4.662963132115513E-5
"7688,2858",2023-06-21,4.250915088761468E-5
"7693,2858",2023-06-21,4.6053272184655146E-5
"7698,2858",2023-06-21,4.098616925799758E-5
"7703,2858",2023-06-21,4.7139063658328185E-5
"7708,2858",2023-06-21,6.790665317890027E-5
"7713,2858",2023-06-21,7.783479109480925E-5
"7718,2858",2023-06-21,8.063060912317611E-5
"7723,2858",2023-06-21,1.1019396734283803E-4
"7728,2858",2023-06-21,1.395122360904018E-4
"7733,2858",2023-06-21,1.5289660176191186E-4
"7688,2863",2023-06-21,4.424493789266304E-5
"7693,2863",2023-06-21,4.330232143934032E-5
"7698,2863",2023-06-21,4.7668240485752024E-5
"7703,2863",2023-06-21,4.973268294178554E-5
"7708,2863",2023-06-21,6.223493471300505E-5
"7713,2863",2023-06-21,7.185597497501444E-5
"7718,2863",2023-06-21,8.229164859268342E-5
"7723,2863",2023-06-21,1.0620164424668368E-4
"7728,2863",2023-06-21,1.3964508492898397E-4
"7733,2863",2023-06-21,1.5479211217257877E-4
"7693,2868",2023-06-21,4.30484162989662E-5
"7698,2868",2023-06-21,4.814048448231845E-5
"7703,2868",2023-06-21,5.130273547282759E-5
"7708,2868",2023-06-21,6.196173811393886E-5
"7713,2868",2023-06-21,8.60316236300442E-5
"7718,2868",2023-06-21,9.15826214393202E-5
"7723,2868",2023-06-21,9.939380556714157E-5
"7728,2868",2023-06-21,1.2904674281548223E-4
"7733,2868",2023-06-21,1.4242524187048155E-4
"7693,2873",2023-06-21,5.0755058048530824E-5
"7698,2873",2023-06-21,4.191553555360444E-5
"7703,2873",2023-06-21,4.8675646905002965E-5
"7708,2873",2023-06-21,5.193745197518419E-5
"7713,2873",2023-06-21,6.82227648720315E-5
"7718,2873",2023-06-21,7.228035019059221E-5
"7723,2873",2023-06-21,7.177021886781805E-5
"7728,2873",2023-06-21,8.098227518008405E-5
"7733,2873",2023-06-21,9.02684696030668E-5
"7693,2878",2023-06-21,3.8619697345610324E-5
"7698,2878",2023-06-21,3.94010224321081E-5
"7703,2878",2023-06-21,4.382283242941762E-5
"7708,2878",2023-06-21,4.70207783362817E-5
"7713,2878",2023-06-21,5.168862925729093E-5
"7718,2878",2023-06-21,5.450612332786403E-5
"7723,2878",2023-06-21,5.056343086616931E-5
"7728,2878",2023-06-21,5.2669355036723985E-5
"7693,2883",2023-06-21,3.881233939260056E-5
"7698,2883",2023-06-21,4.123948622088566E-5
"7703,2883",2023-06-21,4.5416598599688935E-5
"7708,2883",2023-06-21,4.637426810888975E-5
"7713,2883",2023-06-21,4.845033809677061E-5
"7718,2883",2023-06-21,4.9388278611858054E-5
"7723,2883",2023-06-21,5.144017415078318E-5
"7703,2888",2023-06-21,3.819046519353301E-5
"7708,2888",2023-06-21,3.595332470832121E-5
"7713,2888",2023-06-21,5.4267750172164284E-5
"7718,2888",2023-06-21,4.4188984506797555E-5
"7723,2888",2023-06-21,4.549086430324814E-5
"7713,2843",2023-06-22,6.296402006236335E-5
"7718,2843",2023-06-22,6.289183656443452E-5
"7723,2843",2023-06-22,6.477453959020147E-5
"7708,2848",2023-06-22,6.310647893612577E-5
"7713,2848",2023-06-22,6.549102541857649E-5
"7718,2848",2023-06-22,7.176173583907883E-5
"7723,2848",2023-06-22,7.402744295925986E-5
"7728,2848",2023-06-22,8.983394339795058E-5
"7733,2848",2023-06-22,8.764249589127848E-5
"7688,2853",2023-06-22,4.756281600077612E-5
"7693,2853",2023-06-22,4.696705453623908E-5
"7698,2853",2023-06-22,4.929769761380875E-5
"7703,2853",2023-06-22,5.253906223871478E-5
"7708,2853",2023-06-22,6.79439834824752E-5
"7713,2853",2023-06-22,7.182582431960044E-5
"7718,2853",2023-06-22,8.519012335538418E-5
"7723,2853",2023-06-22,1.0014354624962643E-4
"7728,2853",2023-06-22,1.0608516152833175E-4
"7733,2853",2023-06-22,1.0379213637182167E-4
"7683,2858",2023-06-22,4.578974844468343E-5
"7688,2858",2023-06-22,5.114189478219321E-5
"7693,2858",2023-06-22,5.725013478656787E-5
"7698,2858",2023-06-22,5.8350726794831806E-5
"7703,2858",2023-06-22,5.9732499648178426E-5
"7708,2858",2023-06-22,6.79019564750559E-5
"7713,2858",2023-06-22,6.93754151717503E-5
"7718,2858",2023-06-22,7.58591369504139E-5
"7723,2858",2023-06-22,9.558270203847729E-5
"7728,2858",2023-06-22,1.0079051853779662E-4
"7733,2858",2023-06-22,8.837911695202568E-5
"7688,2863",2023-06-22,4.92569351066924E-5
"7693,2863",2023-06-22,5.601740382550293E-5
"7698,2863",2023-06-22,6.049873263091789E-5
"7703,2863",2023-06-22,6.133001003110144E-5
"7708,2863",2023-06-22,6.193599737431243E-5
"7713,2863",2023-06-22,6.191997880081576E-5
"7718,2863",2023-06-22,6.92496210755791E-5
"7723,2863",2023-06-22,8.631502990454947E-5
"7728,2863",2023-06-22,8.29297806952796E-5
"7733,2863",2023-06-22,8.139365812931388E-5
"7693,2868",2023-06-22,5.750040522814106E-5
"7698,2868",2023-06-22,5.867422293301916E-5
"7703,2868",2023-06-22,6.369827633254072E-5
"7708,2868",2023-06-22,5.9349973204270546E-5
"7713,2868",2023-06-22,5.819510083778976E-5
"7718,2868",2023-06-22,6.285320705731238E-5
"7723,2868",2023-06-22,7.092454350838053E-5
"7728,2868",2023-06-22,6.577927556324195E-5
"7733,2868",2023-06-22,6.586794964216763E-5
"7693,2873",2023-06-22,6.171185962073782E-5
"7698,2873",2023-06-22,6.650716697115948E-5
"7703,2873",2023-06-22,7.080754939624699E-5
"7708,2873",2023-06-22,6.21391795440484E-5
"7713,2873",2023-06-22,5.5696630308245156E-5
"7718,2873",2023-06-22,6.073796371601749E-5
"7723,2873",2023-06-22,5.8094693340228665E-5
"7728,2873",2023-06-22,5.0929465349332175E-5
"7733,2873",2023-06-22,4.902620765651235E-5
"7693,2878",2023-06-22,5.49874941937779E-5
"7698,2878",2023-06-22,6.564744758367099E-5
"7703,2878",2023-06-22,6.579767162973164E-5
"7708,2878",2023-06-22,6.068586177971585E-5
"7713,2878",2023-06-22,6.354224786600361E-5
"7718,2878",2023-06-22,6.126712949995149E-5
"7723,2878",2023-06-22,5.117022862279451E-5
"7728,2878",2023-06-22,4.6734372975552675E-5
"7693,2883",2023-06-22,4.997873060828196E-5
"7698,2883",2023-06-22,5.7054803417525284E-5
"7703,2883",2023-06-22,5.689250209064626E-5
"7708,2883",2023-06-22,5.421226668460638E-5
"7713,2883",2023-06-22,6.636473350591241E-5
"7718,2883",2023-06-22,6.677768979339196E-5
"7723,2883",2023-06-22,4.619585185923164E-5
"7703,2888",2023-06-22,5.537887824960324E-5
"7708,2888",2023-06-22,5.5541946052221557E-5
"7713,2888",2023-06-22,5.9614173348632E-5
"7718,2888",2023-06-22,6.05380868227264E-5
"7723,2888",2023-06-22,5.1284753816893345E-5
"7713,2843",2023-06-23,2.9120990697116407E-5
"7718,2843",2023-06-23,2.9120990704797867E-5
"7723,2843",2023-06-23,2.9120990616470888E-5
"7693,2868",2023-06-26,1.8082642526901405E-4
"7698,2868",2023-06-26,1.808264226697903E-4
"7693,2873",2023-06-26,1.804422859300546E-4
"7698,2873",2023-06-26,1.9583906263057554E-4
"7703,2873",2023-06-26,1.9692732027467693E-4
"7708,2873",2023-06-26,1.5109586272156564E-4
"7713,2873",2023-06-26,1.3370549602546446E-4
"7718,2873",2023-06-26,8.020003723980852E-5
"7723,2873",2023-06-26,7.953909507747669E-5
"7693,2878",2023-06-26,1.766702118318397E-4
"7698,2878",2023-06-26,1.8615183281448785E-4
"7703,2878",2023-06-26,1.6792399097624098E-4
"7708,2878",2023-06-26,1.4076325911051215E-4
"7713,2878",2023-06-26,1.2159733220847565E-4
"7718,2878",2023-06-26,9.047447584429526E-5
"7723,2878",2023-06-26,7.953909522108378E-5
"7693,2883",2023-06-26,1.287948482173748E-4
"7698,2883",2023-06-26,1.1622537002058806E-4
"7703,2883",2023-06-26,1.227205587034794E-4
"7708,2883",2023-06-26,1.0841470258021388E-4
"7713,2883",2023-06-26,7.225789864028364E-5
"7718,2883",2023-06-26,6.788161836593167E-5
"7703,2888",2023-06-26,7.442282314754989E-5
"7708,2888",2023-06-26,7.512418886110038E-5
"7713,2888",2023-06-26,5.1842492180335315E-5
"7718,2888",2023-06-26,5.11617487034023E-5
"7713,2843",2023-06-27,6.561594298298037E-5
"7718,2843",2023-06-27,6.136891906654967E-5
"7723,2843",2023-06-27,6.31398568172367E-5
"7708,2848",2023-06-27,7.287892198845228E-5
"7713,2848",2023-06-27,8.362478890525448E-5
"7718,2848",2023-06-27,7.825072835773673E-5
"7723,2848",2023-06-27,7.644990018981749E-5
"7728,2848",2023-06-27,6.720097421735157E-5
"7733,2848",2023-06-27,4.174975404578397E-5
"7708,2853",2023-06-27,8.543501446302194E-5
"7713,2853",2023-06-27,8.917009472314095E-5
"7718,2853",2023-06-27,9.825890207248087E-5
"7723,2853",2023-06-27,9.03076393112824E-5
"7728,2853",2023-06-27,6.957694994080528E-5
"7733,2853",2023-06-27,4.2785099377924134E-5
"7713,2858",2023-06-27,9.701513153926748E-5
"7718,2858",2023-06-27,9.935048745239128E-5
"7723,2858",2023-06-27,9.600516945177771E-5
"7728,2858",2023-06-27,8.9967058873781E-5
"7733,2858",2023-06-27,5.792981470358409E-5
"7718,2863",2023-06-27,9.587394649946636E-5
"7723,2863",2023-06-27,9.598508931337894E-5
"7728,2863",2023-06-27,9.685033699281608E-5
"7733,2863",2023-06-27,7.04027118107217E-5
"7723,2868",2023-06-27,1.0482589396695123E-4
"7728,2868",2023-06-27,9.79635742265089E-5
"7733,2868",2023-06-27,9.778881153316975E-5
"7723,2873",2023-06-27,1.313702204149404E-4
"7728,2873",2023-06-27,1.255091921666443E-4
"7723,2878",2023-06-27,1.3166319564758756E-4
"7728,2878",2023-06-27,1.3166319792975455E-4
"7713,2843",2023-06-28,5.341510726615459E-5
"7718,2843",2023-06-28,5.341510762846637E-5
"7723,2843",2023-06-28,5.341510779427343E-5
"7713,2848",2023-06-28,7.237743522395316E-5
"7718,2848",2023-06-28,6.729460900248769E-5
"7723,2848",2023-06-28,5.341510775267894E-5
"7728,2848",2023-06-28,5.341510805511273E-5
"7708,2853",2023-06-28,8.059070158164345E-5
"7713,2853",2023-06-28,7.532202706335985E-5
"7718,2853",2023-06-28,7.259110051812273E-5
"7723,2853",2023-06-28,7.237743561997487E-5
"7708,2858",2023-06-28,8.059298819903026E-5
"7713,2858",2023-06-28,8.058610189254866E-5
"7718,2858",2023-06-28,7.950168441595997E-5
"7723,2858",2023-06-28,7.618878459417465E-5
"7713,2863",2023-06-28,8.059298845615154E-5
"7718,2863",2023-06-28,8.059298783917091E-5
"7723,2863",2023-06-28,8.059298936660996E-5
"7718,2868",2023-06-28,1.0110979841321024E-4
"7723,2868",2023-06-28,1.0110979972088042E-4
"7728,2868",2023-06-28,1.0110979519589341E-4
"7733,2868",2023-06-28,9.468328815715923E-5
"7713,2873",2023-06-28,7.938186860933002E-5
"7718,2873",2023-06-28,8.937005593264216E-5
"7723,2873",2023-06-28,9.864807016692053E-5
"7728,2873",2023-06-28,9.894764939672639E-5
"7733,2873",2023-06-28,8.600075622714621E-5
"7713,2878",2023-06-28,5.600388705519521E-5
"7718,2878",2023-06-28,6.80514895917432E-5
"7723,2878",2023-06-28,7.880814561229071E-5
"7728,2878",2023-06-28,7.735813753298213E-5
"7693,2883",2023-06-28,7.48396995401801E-5
"7698,2883",2023-06-28,7.483969906607202E-5
"7713,2883",2023-06-28,4.330392950079266E-5
"7718,2883",2023-06-28,4.819724604203587E-5
"7723,2883",2023-06-28,5.398899131940402E-5
"7703,2888",2023-06-28,4.626518440759254E-5
"7708,2888",2023-06-28,4.2811486326572716E-5
"7713,2888",2023-06-28,3.874082248658373E-5
"7718,2888",2023-06-28,3.9510763595203133E-5
"7723,2888",2023-06-28,4.1497554348437406E-5
"7713,2843",2023-06-29,5.350283591615874E-5
"7718,2843",2023-06-29,5.0403193284511435E-5
"7723,2843",2023-06-29,4.619967309303458E-5
"7708,2848",2023-06-29,7.046916037294658E-5
"7713,2848",2023-06-29,6.100931844254728E-5
"7718,2848",2023-06-29,6.068636622644154E-5
"7723,2848",2023-06-29,5.945338311349019E-5
"7728,2848",2023-06-29,6.006211134566209E-5
"7733,2848",2023-06-29,5.829199856338937E-5
"7688,2853",2023-06-29,6.723976343788355E-5
"7693,2853",2023-06-29,8.0457725715516E-5
"7698,2853",2023-06-29,8.656643357121781E-5
"7703,2853",2023-06-29,9.628007643673443E-5
"7708,2853",2023-06-29,8.303272360219307E-5
"7713,2853",2023-06-29,7.465770648813602E-5
"7718,2853",2023-06-29,8.540995530069256E-5
"7723,2853",2023-06-29,8.872826552974687E-5
"7728,2853",2023-06-29,1.0119844859394804E-4
"7733,2853",2023-06-29,9.641186633934188E-5
"7683,2858",2023-06-29,5.338435052278798E-5
"7688,2858",2023-06-29,6.842627656729895E-5
"7693,2858",2023-06-29,8.504757410163349E-5
"7698,2858",2023-06-29,9.817516801721299E-5
"7703,2858",2023-06-29,1.0928885903934206E-4
"7708,2858",2023-06-29,8.756466190503061E-5
"7713,2858",2023-06-29,7.88945730398905E-5
"7718,2858",2023-06-29,9.081406084363544E-5
"7723,2858",2023-06-29,9.305174665308237E-5
"7728,2858",2023-06-29,1.0509803753896303E-4
"7733,2858",2023-06-29,9.849225057108373E-5
"7688,2863",2023-06-29,7.996994438072192E-5
"7693,2863",2023-06-29,9.055215842074157E-5
"7698,2863",2023-06-29,1.0005762314173914E-4
"7703,2863",2023-06-29,1.0151494796123856E-4
"7708,2863",2023-06-29,1.0189467567543239E-4
"7723,2863",2023-06-29,6.148356621427027E-5
"7728,2863",2023-06-29,6.148356635368229E-5
"7733,2863",2023-06-29,5.61833079353414E-5
"7693,2868",2023-06-29,9.098164210732808E-5
"7698,2868",2023-06-29,9.113050485858227E-5
"7703,2868",2023-06-29,9.050410660308014E-5
"7708,2868",2023-06-29,7.227206160898036E-5
"7713,2868",2023-06-29,6.94592089745976E-5
"7733,2868",2023-06-29,4.24570698752242E-5
"7693,2873",2023-06-29,6.4898482852653E-5
"7698,2873",2023-06-29,6.877441733944857E-5
"7703,2873",2023-06-29,6.766709711044039E-5
"7708,2873",2023-06-29,6.408163778316633E-5
"7713,2873",2023-06-29,6.519622692740354E-5
"7728,2873",2023-06-29,3.344362683753526E-5
"7733,2873",2023-06-29,3.099135471187489E-5
"7693,2878",2023-06-29,5.410014555947897E-5
"7698,2878",2023-06-29,5.5142067044051634E-5
"7703,2878",2023-06-29,5.082518422731847E-5
"7708,2878",2023-06-29,4.964674399608919E-5
"7713,2878",2023-06-29,4.502693553153854E-5
"7718,2878",2023-06-29,3.6482219028647786E-5
"7723,2878",2023-06-29,3.6482219776392805E-5
"7728,2878",2023-06-29,3.211682894355715E-5
"7693,2883",2023-06-29,4.964574144094899E-5
"7703,2883",2023-06-29,4.1684677860919796E-5
"7708,2883",2023-06-29,4.1674310748432446E-5
"7713,2883",2023-06-29,3.7074441102985584E-5
"7718,2883",2023-06-29,3.6485824226304416E-5
"7723,2883",2023-06-29,3.651244584978564E-5
"7703,2888",2023-06-29,3.992616256016715E-5
"7708,2888",2023-06-29,3.9926162430238995E-5
"7718,2888",2023-06-29,3.125355998144682E-5
"7723,2888",2023-06-29,3.244806889538452E-5
"7713,2843",2023-06-30,5.359809098870321E-5
"7718,2843",2023-06-30,5.357848543341797E-5
"7723,2843",2023-06-30,5.10596006884112E-5
"7713,2848",2023-06-30,5.86742208876558E-5
"7718,2848",2023-06-30,6.422083090586944E-5
"7723,2848",2023-06-30,5.786940877437522E-5
"7728,2848",2023-06-30,5.311726221359332E-5
"7688,2853",2023-06-30,6.144822664184766E-5
"7693,2853",2023-06-30,6.261619084480843E-5
"7698,2853",2023-06-30,6.331611093969668E-5
"7703,2853",2023-06-30,6.331611095409405E-5
"7713,2853",2023-06-30,1.0070833888324792E-4
"7718,2853",2023-06-30,9.465558019811914E-5
"7723,2853",2023-06-30,8.794261252234543E-5
"7683,2858",2023-06-30,5.488153235605115E-5
"7688,2858",2023-06-30,5.659142771949123E-5
"7693,2858",2023-06-30,4.748510841049976E-5
"7698,2858",2023-06-30,5.403873351799775E-5
"7703,2858",2023-06-30,6.33161085542684E-5
"7708,2858",2023-06-30,9.234174613935401E-5
"7713,2858",2023-06-30,8.577866399143699E-5
"7718,2858",2023-06-30,7.080205428077236E-5
"7688,2863",2023-06-30,4.707461814928165E-5
"7693,2863",2023-06-30,4.6048635575076384E-5
"7698,2863",2023-06-30,5.281921813374747E-5
"7703,2863",2023-06-30,6.695612631766565E-5
"7708,2863",2023-06-30,7.819205394925209E-5
"7713,2863",2023-06-30,7.56735688557058E-5
"7718,2863",2023-06-30,6.950211847124447E-5
"7693,2868",2023-06-30,4.130855196369631E-5
"7698,2868",2023-06-30,5.0067664298017345E-5
"7703,2868",2023-06-30,6.776844739554693E-5
"7708,2868",2023-06-30,6.745004226998684E-5
"7713,2868",2023-06-30,7.079984177045683E-5
"7718,2868",2023-06-30,6.539297985492814E-5
"7723,2868",2023-06-30,5.581932386355552E-5
"7728,2868",2023-06-30,5.448538997941763E-5
"7693,2873",2023-06-30,3.7076616142234213E-5
"7698,2873",2023-06-30,4.507254630069083E-5
"7703,2873",2023-06-30,4.840441724359735E-5
"7708,2873",2023-06-30,4.637229843728518E-5
"7713,2873",2023-06-30,4.518878864893624E-5
"7718,2873",2023-06-30,5.082815151217106E-5
"7723,2873",2023-06-30,4.754546133919159E-5
"7728,2873",2023-06-30,3.8552730993668984E-5
"7733,2873",2023-06-30,3.704467126873299E-5
"7693,2878",2023-06-30,2.9287478270181755E-5
"7698,2878",2023-06-30,3.084214922633289E-5
"7703,2878",2023-06-30,4.0637766447397164E-5
"7708,2878",2023-06-30,4.52946958455451E-5
"7713,2878",2023-06-30,3.801377241677402E-5
"7718,2878",2023-06-30,3.937464695422407E-5
"7723,2878",2023-06-30,3.408861421892021E-5
"7728,2878",2023-06-30,3.878187596226546E-5
"7693,2883",2023-06-30,2.7868826388946302E-5
"7698,2883",2023-06-30,2.9531712217783287E-5
"7703,2883",2023-06-30,4.082060398361021E-5
"7708,2883",2023-06-30,4.1253202699087264E-5
"7713,2883",2023-06-30,3.5281069102282087E-5
"7718,2883",2023-06-30,2.9227946667784117E-5
"7723,2883",2023-06-30,3.336882613862866E-5
"7703,2888",2023-06-30,3.779337094251966E-5
"7708,2888",2023-06-30,3.493744130384247E-5
"7713,2888",2023-06-30,3.5964914834127855E-5
"7718,2888",2023-06-30,2.8806828077336842E-5
"7723,2888",2023-06-30,2.9833992099988798E-5
"7708,2848",2024-04-01,5.259288212584917E-5
"7713,2848",2024-04-01,5.561918827656527E-5
"7718,2848",2024-04-01,5.5619187982567626E-5
"7723,2848",2024-04-01,5.561918877125712E-5
"7688,2853",2024-04-01,3.613841790971418E-5
"7693,2853",2024-04-01,3.506496110279067E-5
"7698,2853",2024-04-01,3.882475202867579E-5
"7703,2853",2024-04-01,4.221616900744803E-5
"7708,2853",2024-04-01,4.892249625739818E-5
"7713,2853",2024-04-01,6.230380121614671E-5
"7718,2853",2024-04-01,6.20015178558709E-5
"7683,2858",2024-04-01,4.717735252741131E-5
"7688,2858",2024-04-01,4.2266490608711376E-5
"7693,2858",2024-04-01,4.148962044084473E-5
"7698,2858",2024-04-01,4.836589322590499E-5
"7703,2858",2024-04-01,5.1636754194863156E-5
"7708,2858",2024-04-01,5.997515610064348E-5
"7713,2858",2024-04-01,6.915705776871245E-5
"7718,2858",2024-04-01,6.989303943499939E-5
"7723,2858",2024-04-01,6.61144590960442E-5
"7728,2858",2024-04-01,6.611445933019401E-5
"7688,2863",2024-04-01,3.896460511129416E-5
"7693,2863",2024-04-01,3.873163100715336E-5
"7698,2863",2024-04-01,4.768621035501853E-5
"7703,2863",2024-04-01,4.917194195939769E-5
"7708,2863",2024-04-01,5.339928789096538E-5
"7713,2863",2024-04-01,5.51859700383594E-5
"7718,2863",2024-04-01,6.094050513223792E-5
"7723,2863",2024-04-01,6.779269265081819E-5
"7728,2863",2024-04-01,6.748287862015903E-5
"7733,2863",2024-04-01,6.757817759771205E-5
"7693,2868",2024-04-01,3.949158275123009E-5
"7698,2868",2024-04-01,4.593748465890838E-5
"7703,2868",2024-04-01,4.626416882421394E-5
"7708,2868",2024-04-01,5.515675481938948E-5
"7713,2868",2024-04-01,5.684180685546835E-5
"7718,2868",2024-04-01,6.303664902364628E-5
"7723,2868",2024-04-01,6.68504623291053E-5
"7728,2868",2024-04-01,6.624526063984484E-5
"7733,2868",2024-04-01,6.492099994929384E-5
"7693,2873",2024-04-01,4.2896564326589945E-5
"7698,2873",2024-04-01,3.8989042512061283E-5
"7703,2873",2024-04-01,3.951455231197843E-5
"7708,2873",2024-04-01,5.053365934557937E-5
"7713,2873",2024-04-01,5.0769242436130464E-5
"7718,2873",2024-04-01,5.302192886823153E-5
"7723,2873",2024-04-01,5.3933897711917965E-5
"7728,2873",2024-04-01,5.241310804318886E-5
"7733,2873",2024-04-01,5.1584401456350936E-5
"7693,2878",2024-04-01,4.172367277245499E-5
"7698,2878",2024-04-01,4.1884377983215E-5
"7703,2878",2024-04-01,4.229789122128827E-5
"7708,2878",2024-04-01,4.662534096732433E-5
"7713,2878",2024-04-01,4.670189049259341E-5
"7718,2878",2024-04-01,4.6342062142518485E-5
"7723,2878",2024-04-01,4.6203999032257736E-5
"7728,2878",2024-04-01,4.0546443454666794E-5
"7693,2883",2024-04-01,4.298262215241164E-5
"7698,2883",2024-04-01,4.539294845479822E-5
"7703,2883",2024-04-01,4.0171064293716956E-5
"7708,2883",2024-04-01,3.2196030814453157E-5
"7713,2883",2024-04-01,3.430633165551723E-5
"7718,2883",2024-04-01,4.291177712376078E-5
"7723,2883",2024-04-01,4.301840183352691E-5
"7703,2888",2024-04-01,3.467573185304369E-5
"7708,2888",2024-04-01,2.6922820809804274E-5
"7713,2888",2024-04-01,2.911175078037585E-5
"7718,2888",2024-04-01,3.5788193260767744E-5
"7723,2888",2024-04-01,3.587020311126317E-5
"7713,2843",2024-04-02,5.4549344849630265E-5
"7718,2843",2024-04-02,5.5610323398616214E-5
"7723,2843",2024-04-02,5.37386133285902E-5
"7708,2848",2024-04-02,5.596231126487508E-5
"7713,2848",2024-04-02,5.477618596679843E-5
"7718,2848",2024-04-02,7.127775786909807E-5
"7723,2848",2024-04-02,7.190541038404508E-5
"7728,2848",2024-04-02,9.17660548470146E-5
"7733,2848",2024-04-02,1.0139761006230115E-4
"7688,2853",2024-04-02,4.3333514221564404E-5
"7693,2853",2024-04-02,4.873239453932185E-5
"7698,2853",2024-04-02,4.551217765392592E-5
"7703,2853",2024-04-02,5.12018910959644E-5
"7708,2853",2024-04-02,6.256647926653599E-5
"7713,2853",2024-04-02,7.143727970574678E-5
"7718,2853",2024-04-02,8.322262241670045E-5
"7723,2853",2024-04-02,9.187209185553536E-5
"7728,2853",2024-04-02,1.158711613578616E-4
"7733,2853",2024-04-02,1.1262054420697613E-4
"7683,2858",2024-04-02,3.202913107936884E-5
"7688,2858",2024-04-02,3.860518677111325E-5
"7693,2858",2024-04-02,4.1047517308773084E-5
"7698,2858",2024-04-02,4.934645431282193E-5
"7703,2858",2024-04-02,6.1573302695137E-5
"7708,2858",2024-04-02,6.408585156715538E-5
"7713,2858",2024-04-02,6.736083222284235E-5
"7718,2858",2024-04-02,7.725084451172418E-5
"7723,2858",2024-04-02,9.157288341885974E-5
"7728,2858",2024-04-02,1.0738173629143888E-4
"7733,2858",2024-04-02,1.1092688946990894E-4
"7688,2863",2024-04-02,3.216575414024336E-5
"7693,2863",2024-04-02,3.9885178057874416E-5
"7698,2863",2024-04-02,5.311996557230232E-5
"7703,2863",2024-04-02,4.542282729551884E-5
"7708,2863",2024-04-02,6.615711439592486E-5
"7713,2863",2024-04-02,6.935014250888546E-5
"7718,2863",2024-04-02,7.542193416626075E-5
"7723,2863",2024-04-02,8.204286959223014E-5
"7728,2863",2024-04-02,9.313159639430025E-5
"7733,2863",2024-04-02,1.1302897501557262E-4
"7693,2868",2024-04-02,3.716589179649459E-5
"7698,2868",2024-04-02,4.289229434914039E-5
"7703,2868",2024-04-02,5.2035263076635E-5
"7708,2868",2024-04-02,5.583466379669236E-5
"7713,2868",2024-04-02,5.8190710892421105E-5
"7718,2868",2024-04-02,6.648579786182996E-5
"7723,2868",2024-04-02,7.357495391448378E-5
"7728,2868",2024-04-02,8.148978016828518E-5
"7733,2868",2024-04-02,8.883024326710431E-5
"7693,2873",2024-04-02,4.61016385483165E-5
"7698,2873",2024-04-02,5.004603104659582E-5
"7703,2873",2024-04-02,4.826835783196971E-5
"7708,2873",2024-04-02,5.152419906607813E-5
"7713,2873",2024-04-02,5.572047479284124E-5
"7718,2873",2024-04-02,6.640324983238871E-5
"7723,2873",2024-04-02,6.230528669288197E-5
"7728,2873",2024-04-02,5.8925119414994266E-5
"7733,2873",2024-04-02,5.770545351672092E-5
"7693,2878",2024-04-02,2.4149943258207265E-5
"7698,2878",2024-04-02,2.9981937358604994E-5
"7703,2878",2024-04-02,3.7923590477932936E-5
"7708,2878",2024-04-02,4.5953182255637874E-5
"7713,2878",2024-04-02,5.616692778236675E-5
"7718,2878",2024-04-02,6.049803211573334E-5
"7723,2878",2024-04-02,5.572355270408693E-5
"7728,2878",2024-04-02,5.318130077946066E-5
"7693,2883",2024-04-02,2.8687149114173918E-5
"7698,2883",2024-04-02,3.336526411732774E-5
"7703,2883",2024-04-02,3.608073492193301E-5
"7708,2883",2024-04-02,4.485001536194607E-5
"7713,2883",2024-04-02,5.0105534644104856E-5
"7718,2883",2024-04-02,5.112001954659455E-5
"7723,2883",2024-04-02,5.111463103555043E-5
"7703,2888",2024-04-02,2.8835621836588326E-5
"7708,2888",2024-04-02,3.67831493417763E-5
"7713,2888",2024-04-02,5.303174913979592E-5
"7718,2888",2024-04-02,5.283977652820768E-5
"7723,2888",2024-04-02,4.4518150008749735E-5
"7713,2843",2024-04-03,1.0381210881485357E-4
"7718,2843",2024-04-03,1.1329953305674939E-4
"7723,2843",2024-04-03,1.3298290861876535E-4
"7708,2848",2024-04-03,1.5868958891331633E-4
"7713,2848",2024-04-03,1.609181030003864E-4
"7718,2848",2024-04-03,1.6819833918236567E-4
"7723,2848",2024-04-03,2.061516497028661E-4
"7728,2848",2024-04-03,2.5261593449590186E-4
"7733,2848",2024-04-03,2.636554500693863E-4
"7688,2853",2024-04-03,8.896929518817567E-5
"7693,2853",2024-04-03,1.000154284866709E-4
"7698,2853",2024-04-03,1.1446281330636764E-4
"7703,2853",2024-04-03,1.5162638465689404E-4
"7708,2853",2024-04-03,2.128759006687834E-4
"7713,2853",2024-04-03,2.789262776048584E-4
"7718,2853",2024-04-03,3.347601785709777E-4
"7723,2853",2024-04-03,3.372824738234735E-4
"7728,2853",2024-04-03,3.5068439982109066E-4
"7733,2853",2024-04-03,3.1191515389155863E-4
"7688,2858",2024-04-03,1.0380677206112948E-4
"7693,2858",2024-04-03,1.0838384491158935E-4
"7698,2858",2024-04-03,1.28500663210285E-4
"7703,2858",2024-04-03,1.5992777079423847E-4
"7708,2858",2024-04-03,2.3125974990587797E-4
"7713,2858",2024-04-03,2.6697396200501855E-4
"7718,2858",2024-04-03,2.9070768356898404E-4
"7723,2858",2024-04-03,4.5098058716248977E-4
"7728,2858",2024-04-03,4.1826684052880263E-4
"7733,2858",2024-04-03,3.225055286576386E-4
"7688,2863",2024-04-03,1.0412800789267653E-4
"7693,2863",2024-04-03,1.171977520629488E-4
"7698,2863",2024-04-03,1.4595068054180243E-4
"7703,2863",2024-04-03,1.5965134912178145E-4
"7708,2863",2024-04-03,1.6374983468089193E-4
"7713,2863",2024-04-03,1.8332269967000277E-4
"7718,2863",2024-04-03,2.6860908471950024E-4
"7723,2863",2024-04-03,4.1541433231022195E-4
"7728,2863",2024-04-03,3.9356462461817874E-4
"7733,2863",2024-04-03,3.1440510841895347E-4
"7703,2868",2024-04-03,1.3007652940175151E-4
"7708,2868",2024-04-03,1.4008688178591885E-4
"7713,2868",2024-04-03,2.0382574335016707E-4
"7718,2868",2024-04-03,2.837363834516511E-4
"7723,2868",2024-04-03,3.031247687151806E-4
"7728,2868",2024-04-03,2.7722011778518965E-4
"7733,2868",2024-04-03,2.3842432330507506E-4
"7713,2873",2024-04-03,2.3710228006212895E-4
"7718,2873",2024-04-03,2.0035072579618386E-4
"7723,2873",2024-04-03,1.7981330881388727E-4
"7728,2873",2024-04-03,1.656828422852149E-4
"7733,2873",2024-04-03,1.5373560207278126E-4
"7718,2878",2024-04-03,1.372210179251331E-4
"7723,2878",2024-04-03,1.1234269605327975E-4
"7728,2878",2024-04-03,1.2193441788361046E-4
"7693,2883",2024-04-03,6.87253119664173E-5
"7698,2883",2024-04-03,6.947863156876E-5
"7703,2883",2024-04-03,6.97854057899256E-5
"7718,2883",2024-04-03,9.178630722046637E-5
"7723,2883",2024-04-03,9.17863071947751E-5
"7703,2888",2024-04-03,6.978540451475964E-5
"7713,2843",2024-04-04,1.2250414640494985E-4
"7718,2843",2024-04-04,1.4723723852699277E-4
"7723,2843",2024-04-04,2.1279782943330546E-4
"7708,2848",2024-04-04,1.3338540936466746E-4
"7713,2848",2024-04-04,1.2453343438779567E-4
"7718,2848",2024-04-04,1.5426006274744315E-4
"7723,2848",2024-04-04,2.1291695780965565E-4
"7728,2848",2024-04-04,2.4257205433833703E-4
"7733,2848",2024-04-04,2.505686752570048E-4
"7688,2853",2024-04-04,6.461139872703577E-5
"7693,2853",2024-04-04,7.208268452137282E-5
"7698,2853",2024-04-04,8.338592536449376E-5
"7703,2853",2024-04-04,1.08888158112493E-4
"7708,2853",2024-04-04,1.3413684494668456E-4
"7713,2853",2024-04-04,1.331370182524621E-4
"7718,2853",2024-04-04,1.5532224664954397E-4
"7723,2853",2024-04-04,2.2626988770199007E-4
"7728,2853",2024-04-04,2.588405993723825E-4
"7733,2853",2024-04-04,2.2838649222624597E-4
"7683,2858",2024-04-04,5.776192127979829E-5
"7688,2858",2024-04-04,6.155630848223919E-5
"7693,2858",2024-04-04,6.578171144465392E-5
"7698,2858",2024-04-04,8.130035601089776E-5
"7703,2858",2024-04-04,9.943517092341792E-5
"7708,2858",2024-04-04,1.257551739330273E-4
"7713,2858",2024-04-04,1.3927380838890967E-4
"7718,2858",2024-04-04,1.4649522856296523E-4
"7723,2858",2024-04-04,1.8737292506971283E-4
"7728,2858",2024-04-04,1.963770927074696E-4
"7733,2858",2024-04-04,1.808587694549357E-4
"7688,2863",2024-04-04,5.3988755678300905E-5
"7693,2863",2024-04-04,5.92871496054052E-5
"7698,2863",2024-04-04,7.085048254441542E-5
"7703,2863",2024-04-04,8.465649399593325E-5
"7708,2863",2024-04-04,1.0812986173536114E-4
"7713,2863",2024-04-04,1.322939812551253E-4
"7718,2863",2024-04-04,1.3963894646937518E-4
"7723,2863",2024-04-04,1.6734594087209804E-4
"7728,2863",2024-04-04,1.693347122452597E-4
"7733,2863",2024-04-04,1.5066990512713476E-4
"7693,2868",2024-04-04,5.94020678261115E-5
"7698,2868",2024-04-04,6.846435734034358E-5
"7703,2868",2024-04-04,9.001936359488381E-5
"7708,2868",2024-04-04,9.965084455345901E-5
"7713,2868",2024-04-04,1.268623560587372E-4
"7718,2868",2024-04-04,1.4433506005564274E-4
"7723,2868",2024-04-04,1.5631127895972838E-4
"7728,2868",2024-04-04,1.2793023149752759E-4
"7733,2868",2024-04-04,1.1783991513007692E-4
"7693,2873",2024-04-04,4.3644685818535145E-5
"7703,2873",2024-04-04,6.386743157819769E-5
"7708,2873",2024-04-04,7.292733082237308E-5
"7713,2873",2024-04-04,9.936728023049256E-5
"7718,2873",2024-04-04,1.176817743711456E-4
"7723,2873",2024-04-04,1.1850534709877109E-4
"7728,2873",2024-04-04,9.001013259526809E-5
"7733,2873",2024-04-04,8.450116527211274E-5
"7693,2878",2024-04-04,3.666450731195616E-5
"7698,2878",2024-04-04,3.093278070314648E-5
"7703,2878",2024-04-04,7.133515490362056E-5
"7708,2878",2024-04-04,7.19833050712385E-5
"7713,2878",2024-04-04,8.117584630840569E-5
"7718,2878",2024-04-04,7.699502189451575E-5
"7723,2878",2024-04-04,8.207167452421295E-5
"7728,2878",2024-04-04,7.155939341981272E-5
"7693,2883",2024-04-04,5.525623875729765E-5
"7698,2883",2024-04-04,3.0932780869714296E-5
"7703,2883",2024-04-04,7.133515483888686E-5
"7708,2883",2024-04-04,7.16402024562284E-5
"7713,2883",2024-04-04,7.575542363083726E-5
"7723,2883",2024-04-04,7.669084422892535E-5
"7723,2888",2024-04-04,4.6663619503174336E-5
"7713,2843",2024-04-05,9.106956861106972E-5
"7718,2843",2024-04-05,9.469122880317208E-5
"7723,2843",2024-04-05,9.148818869335456E-5
"7708,2848",2024-04-05,7.663216480331505E-5
"7713,2848",2024-04-05,9.629355607424506E-5
"7718,2848",2024-04-05,9.799930990908194E-5
"7723,2848",2024-04-05,1.1325791553450622E-4
"7728,2848",2024-04-05,1.0629093885674425E-4
"7733,2848",2024-04-05,9.857665235081475E-5
"7688,2853",2024-04-05,2.9675603979054724E-5
"7693,2853",2024-04-05,3.152758558150468E-5
"7698,2853",2024-04-05,3.377664155644943E-5
"7703,2853",2024-04-05,3.2116120024869284E-5
"7708,2853",2024-04-05,5.228260123426908E-5
"7713,2853",2024-04-05,7.502736557109435E-5
"7718,2853",2024-04-05,8.256681601545453E-5
"7723,2853",2024-04-05,8.934791569841168E-5
"7728,2853",2024-04-05,1.0380477722782276E-4
"7733,2853",2024-04-05,1.1280626970324254E-4
"7683,2858",2024-04-05,4.2073563626234045E-5
"7688,2858",2024-04-05,2.930108187354181E-5
"7693,2858",2024-04-05,2.597192778050177E-5
"7698,2858",2024-04-05,3.189772886358593E-5
"7703,2858",2024-04-05,3.082947185404431E-5
"7708,2858",2024-04-05,4.292353603060071E-5
"7713,2858",2024-04-05,5.416890991382841E-5
"7718,2858",2024-04-05,6.502211412083041E-5
"7723,2858",2024-04-05,7.638497946968535E-5
"7728,2858",2024-04-05,9.648744482252796E-5
"7733,2858",2024-04-05,1.0388992911329786E-4
"7688,2863",2024-04-05,2.9190337257788198E-5
"7693,2863",2024-04-05,2.81469817350232E-5
"7698,2863",2024-04-05,3.152541485146809E-5
"7703,2863",2024-04-05,3.858364200796208E-5
"7708,2863",2024-04-05,5.037526481940135E-5
"7713,2863",2024-04-05,5.273601008368883E-5
"7718,2863",2024-04-05,6.455586791145207E-5
"7723,2863",2024-04-05,8.499747757703995E-5
"7728,2863",2024-04-05,9.310279869013629E-5
"7733,2863",2024-04-05,9.468271600952871E-5
"7693,2868",2024-04-05,2.2212817603886165E-5
"7698,2868",2024-04-05,2.4732038251638544E-5
"7703,2868",2024-04-05,3.493712584285853E-5
"7708,2868",2024-04-05,4.2122796474917826E-5
"7713,2868",2024-04-05,4.715682942812693E-5
"7718,2868",2024-04-05,4.998862087875838E-5
"7723,2868",2024-04-05,6.250112176057188E-5
"7728,2868",2024-04-05,7.315486110805008E-5
"7733,2868",2024-04-05,6.388628462530541E-5
"7693,2873",2024-04-05,2.043569482355215E-5
"7698,2873",2024-04-05,2.1092466493617346E-5
"7703,2873",2024-04-05,2.7989760119431535E-5
"7708,2873",2024-04-05,3.3286358297535494E-5
"7713,2873",2024-04-05,4.106273344431363E-5
"7718,2873",2024-04-05,4.0369261739561597E-5
"7723,2873",2024-04-05,4.119884331249111E-5
"7728,2873",2024-04-05,3.996558434275991E-5
"7733,2873",2024-04-05,4.062672206904147E-5
"7703,2878",2024-04-05,2.8158500098585302E-5
"7708,2878",2024-04-05,3.3353699962148746E-5
"7713,2878",2024-04-05,3.749385127321818E-5
"7718,2878",2024-04-05,3.416945800992695E-5
"7723,2878",2024-04-05,3.428553100339043E-5
"7728,2878",2024-04-05,3.5075401551477655E-5
"7713,2883",2024-04-05,3.66905674172058E-5
"7718,2883",2024-04-05,3.2751560861650924E-5
"7723,2883",2024-04-05,3.2644293462764514E-5
"7713,2843",2024-04-06,8.896138072786357E-5
"7718,2843",2024-04-06,1.0453245390239169E-4
"7723,2843",2024-04-06,1.1925699568161002E-4
"7708,2848",2024-04-06,8.743136508181758E-5
"7713,2848",2024-04-06,9.175601213038965E-5
"7718,2848",2024-04-06,1.167701444722592E-4
"7723,2848",2024-04-06,1.221726198835912E-4
"7728,2848",2024-04-06,1.2186914692766664E-4
"7733,2848",2024-04-06,1.1946557388709236E-4
"7688,2853",2024-04-06,4.867226827960715E-5
"7693,2853",2024-04-06,5.103149891659281E-5
"7698,2853",2024-04-06,6.234692732323323E-5
"7703,2853",2024-04-06,6.630165625282006E-5
"7708,2853",2024-04-06,8.555930525617121E-5
"7713,2853",2024-04-06,8.874104637197516E-5
"7718,2853",2024-04-06,1.0032752901041345E-4
"7723,2853",2024-04-06,1.2231915583947361E-4
"7728,2853",2024-04-06,1.2917722887521008E-4
"7733,2853",2024-04-06,1.3195658773393538E-4
"7683,2858",2024-04-06,4.824364576531939E-5
"7688,2858",2024-04-06,4.593340897934287E-5
"7693,2858",2024-04-06,5.579376094985694E-5
"7698,2858",2024-04-06,6.950537142404567E-5
"7703,2858",2024-04-06,7.354418838244364E-5
"7708,2858",2024-04-06,8.09359565218234E-5
"7713,2858",2024-04-06,9.430648468565457E-5
"7718,2858",2024-04-06,9.387967797995752E-5
"7723,2858",2024-04-06,1.1697501868298217E-4
"7728,2858",2024-04-06,1.2409761834653466E-4
"7733,2858",2024-04-06,1.2776298980899498E-4
"7688,2863",2024-04-06,5.0411510731801085E-5
"7693,2863",2024-04-06,6.271424035991944E-5
"7698,2863",2024-04-06,7.782006270062148E-5
"7703,2863",2024-04-06,6.988679127204775E-5
"7708,2863",2024-04-06,7.770723524499743E-5
"7713,2863",2024-04-06,8.885606456977926E-5
"7718,2863",2024-04-06,9.377348994622106E-5
"7723,2863",2024-04-06,9.951592633963481E-5
"7728,2863",2024-04-06,1.0216719930493143E-4
"7733,2863",2024-04-06,1.1540182509474039E-4
"7693,2868",2024-04-06,5.147590645775928E-5
"7698,2868",2024-04-06,5.6751209012919215E-5
"7703,2868",2024-04-06,6.206844668034888E-5
"7708,2868",2024-04-06,6.542180514247797E-5
"7713,2868",2024-04-06,7.326572367153423E-5
"7718,2868",2024-04-06,7.52049928158358E-5
"7723,2868",2024-04-06,7.571670050519308E-5
"7728,2868",2024-04-06,7.117292252707359E-5
"7733,2868",2024-04-06,7.692846080524004E-5
"7693,2873",2024-04-06,4.882604825846761E-5
"7698,2873",2024-04-06,4.5341871609254307E-5
"7703,2873",2024-04-06,5.34607129544765E-5
"7708,2873",2024-04-06,5.839902341033103E-5
"7713,2873",2024-04-06,6.247798815996106E-5
"7718,2873",2024-04-06,7.190755154380705E-5
"7723,2873",2024-04-06,6.489993571122842E-5
"7728,2873",2024-04-06,5.752914424625529E-5
"7733,2873",2024-04-06,5.971036539179846E-5
"7693,2878",2024-04-06,5.275054332651532E-5
"7698,2878",2024-04-06,5.523857325599192E-5
"7703,2878",2024-04-06,5.13406067187219E-5
"7708,2878",2024-04-06,5.879968205125464E-5
"7713,2878",2024-04-06,5.7716072722438403E-5
"7718,2878",2024-04-06,5.787308742846454E-5
"7723,2878",2024-04-06,5.874897258544154E-5
"7728,2878",2024-04-06,5.3935846534131914E-5
"7693,2883",2024-04-06,5.577549223958091E-5
"7698,2883",2024-04-06,6.079911857042632E-5
"7703,2883",2024-04-06,5.878699898572326E-5
"7708,2883",2024-04-06,5.8807841033962845E-5
"7713,2883",2024-04-06,5.309951486019373E-5
"7718,2883",2024-04-06,6.047372157129544E-5
"7723,2883",2024-04-06,6.506375813571065E-5
"7703,2888",2024-04-06,4.390382388832457E-5
"7708,2888",2024-04-06,4.8502073638468726E-5
"7713,2888",2024-04-06,4.3547555976420753E-5
"7718,2888",2024-04-06,5.610672439855158E-5
"7723,2888",2024-04-06,6.534040083002945E-5
"7713,2843",2024-04-06,6.940448529289575E-5
"7718,2843",2024-04-06,6.939393139008796E-5
"7723,2843",2024-04-06,7.397406128515029E-5
"7708,2848",2024-04-06,5.751158071784029E-5
"7713,2848",2024-04-06,7.03022567288084E-5
"7718,2848",2024-04-06,7.033991826709994E-5
"7723,2848",2024-04-06,8.072519052183737E-5
"7728,2848",2024-04-06,9.406517589731217E-5
"7733,2848",2024-04-06,9.410817903636965E-5
"7688,2853",2024-04-06,5.187876733127277E-5
"7693,2853",2024-04-06,5.197353844610911E-5
"7698,2853",2024-04-06,5.220863274588666E-5
"7703,2853",2024-04-06,5.223301443832188E-5
"7708,2853",2024-04-06,6.086115303683196E-5
"7713,2853",2024-04-06,7.491529089518335E-5
"7718,2853",2024-04-06,7.490189839853613E-5
"7723,2853",2024-04-06,9.162638746389348E-5
"7728,2853",2024-04-06,1.0265733162195902E-4
"7733,2853",2024-04-06,1.0270342949937988E-4
"7683,2858",2024-04-06,5.524473961811895E-5
"7688,2858",2024-04-06,5.508993697860848E-5
"7693,2858",2024-04-06,5.601480061934232E-5
"7698,2858",2024-04-06,5.8098160031637456E-5
"7703,2858",2024-04-06,5.8103084837215096E-5
"7708,2858",2024-04-06,6.574947825531332E-5
"7713,2858",2024-04-06,7.218063253810553E-5
"7718,2858",2024-04-06,7.217426376863246E-5
"7723,2858",2024-04-06,9.419875425183926E-5
"7728,2858",2024-04-06,1.0169398285688976E-4
"7733,2858",2024-04-06,1.0174113792925351E-4
"7688,2863",2024-04-06,5.5406099445510255E-5
"7693,2863",2024-04-06,5.50672038637117E-5
"7698,2863",2024-04-06,5.511333335403947E-5
"7703,2863",2024-04-06,5.5086736901243145E-5
"7708,2863",2024-04-06,6.701136463052154E-5
"7713,2863",2024-04-06,7.173285948253789E-5
"7718,2863",2024-04-06,7.19011661154815E-5
"7723,2863",2024-04-06,9.113437338032851E-5
"7728,2863",2024-04-06,9.334895112370821E-5
"7733,2863",2024-04-06,9.383844749678171E-5
"7693,2868",2024-04-06,5.011772246554668E-5
"7698,2868",2024-04-06,4.757501081448976E-5
"7703,2868",2024-04-06,4.7613742549184175E-5
"7708,2868",2024-04-06,6.250343111326365E-5
"7713,2868",2024-04-06,6.509631759987836E-5
"7718,2868",2024-04-06,6.585961795271642E-5
"7723,2868",2024-04-06,7.974675968930604E-5
"7728,2868",2024-04-06,7.966788111703623E-5
"7733,2868",2024-04-06,8.083620448358382E-5
"7693,2873",2024-04-06,4.188694090403105E-5
"7698,2873",2024-04-06,4.097404612926469E-5
"7703,2873",2024-04-06,4.144642997240372E-5
"7708,2873",2024-04-06,5.4077304249497663E-5
"7713,2873",2024-04-06,5.4265482705112185E-5
"7718,2873",2024-04-06,5.5416998915391836E-5
"7723,2873",2024-04-06,6.0229394657862646E-5
"7728,2873",2024-04-06,6.014427931945737E-5
"7733,2873",2024-04-06,5.9982635706399396E-5
"7693,2878",2024-04-06,3.980350074645713E-5
"7698,2878",2024-04-06,3.976510447429338E-5
"7703,2878",2024-04-06,4.055617855323337E-5
"7708,2878",2024-04-06,4.5725397257451164E-5
"7713,2878",2024-04-06,4.5677869068972755E-5
"7718,2878",2024-04-06,4.72637719062966E-5
"7723,2878",2024-04-06,4.976837728622326E-5
"7728,2878",2024-04-06,4.972736416931355E-5
"7693,2883",2024-04-06,3.801331224611323E-5
"7698,2883",2024-04-06,3.7988361561141896E-5
"7703,2883",2024-04-06,3.805598697432885E-5
"7708,2883",2024-04-06,3.8143552134852044E-5
"7713,2883",2024-04-06,3.8118078384061594E-5
"7718,2883",2024-04-06,4.105382470432415E-5
"7723,2883",2024-04-06,4.3648317146840514E-5
"7703,2888",2024-04-06,3.6007445391397215E-5
"7708,2888",2024-04-06,3.545978457349211E-5
"7713,2888",2024-04-06,3.545599184512139E-5
"7718,2888",2024-04-06,4.3017587171325747E-5
"7723,2888",2024-04-06,4.629653663244516E-5
"7713,2843",2024-04-07,7.499252735517512E-5
"7718,2843",2024-04-07,7.326842322719858E-5
"7723,2843",2024-04-07,8.220554264066677E-5
"7708,2848",2024-04-07,7.462841722159838E-5
"7713,2848",2024-04-07,8.489121118149297E-5
"7718,2848",2024-04-07,8.74970971045993E-5
"7723,2848",2024-04-07,8.375247247571226E-5
"7728,2848",2024-04-07,1.1351453154797217E-4
"7733,2848",2024-04-07,1.1798121278228693E-4
"7688,2853",2024-04-07,3.5333919848527977E-5
"7693,2853",2024-04-07,4.890099287227672E-5
"7698,2853",2024-04-07,5.260359360099314E-5
"7703,2853",2024-04-07,6.115145092919612E-5
"7708,2853",2024-04-07,8.268074277906899E-5
"7713,2853",2024-04-07,8.737863244436222E-5
"7718,2853",2024-04-07,9.126264913555645E-5
"7723,2853",2024-04-07,9.291560258535454E-5
"7728,2853",2024-04-07,1.200641550280934E-4
"7733,2853",2024-04-07,1.1120093127787245E-4
"7683,2858",2024-04-07,3.7509265227176765E-5
"7688,2858",2024-04-07,3.767379303088826E-5
"7693,2858",2024-04-07,4.088573847398702E-5
"7698,2858",2024-04-07,4.7117467698489945E-5
"7703,2858",2024-04-07,5.652146726242588E-5
"7708,2858",2024-04-07,6.861965603006224E-5
"7713,2858",2024-04-07,7.409578270550077E-5
"7718,2858",2024-04-07,8.63228263481947E-5
"7723,2858",2024-04-07,9.612367693376721E-5
"7728,2858",2024-04-07,1.0991813428432033E-4
"7733,2858",2024-04-07,1.0634696015734308E-4
"7688,2863",2024-04-07,3.0168824354424813E-5
"7693,2863",2024-04-07,4.144680830904522E-5
"7698,2863",2024-04-07,5.87105087578754E-5
"7703,2863",2024-04-07,5.5761429311290284E-5
"7708,2863",2024-04-07,5.9187383084427604E-5
"7713,2863",2024-04-07,7.1952559136331E-5
"7718,2863",2024-04-07,8.618820374639764E-5
"7723,2863",2024-04-07,9.279579728177483E-5
"7728,2863",2024-04-07,9.830891085165176E-5
"7733,2863",2024-04-07,1.094510468586144E-4
"7693,2868",2024-04-07,3.834387237479267E-5
"7698,2868",2024-04-07,4.469458641720077E-5
"7703,2868",2024-04-07,5.200498981947914E-5
"7708,2868",2024-04-07,5.800875701145796E-5
"7713,2868",2024-04-07,6.547536772180153E-5
"7718,2868",2024-04-07,7.385631189136425E-5
"7723,2868",2024-04-07,8.474952502669589E-5
"7728,2868",2024-04-07,9.060594209185649E-5
"7733,2868",2024-04-07,9.235194351863541E-5
"7693,2873",2024-04-07,4.300200087778522E-5
"7698,2873",2024-04-07,4.844346283863585E-5
"7703,2873",2024-04-07,5.466790047955675E-5
"7708,2873",2024-04-07,5.1450321768199925E-5
"7713,2873",2024-04-07,5.219545033556122E-5
"7718,2873",2024-04-07,5.804657034325893E-5
"7723,2873",2024-04-07,6.843292429698346E-5
"7728,2873",2024-04-07,6.905345737490419E-5
"7733,2873",2024-04-07,6.373613679858112E-5
"7693,2878",2024-04-07,3.473063146976441E-5
"7698,2878",2024-04-07,3.527630696914266E-5
"7703,2878",2024-04-07,4.2418402116627295E-5
"7708,2878",2024-04-07,4.989387348225167E-5
"7713,2878",2024-04-07,5.3636535763607096E-5
"7718,2878",2024-04-07,5.771973681597274E-5
"7723,2878",2024-04-07,6.678172068327893E-5
"7728,2878",2024-04-07,6.041032750575579E-5
"7693,2883",2024-04-07,4.488050301011181E-5
"7698,2883",2024-04-07,4.643912365226519E-5
"7703,2883",2024-04-07,4.5928777136064E-5
"7708,2883",2024-04-07,4.8360165738255556E-5
"7713,2883",2024-04-07,5.5402039730999675E-5
"7718,2883",2024-04-07,5.826374789800144E-5
"7723,2883",2024-04-07,5.6858439737603024E-5
"7703,2888",2024-04-07,3.7330317499553195E-5
"7708,2888",2024-04-07,4.511433051645851E-5
"7713,2888",2024-04-07,4.725110436441634E-5
"7718,2888",2024-04-07,4.911618070982108E-5
"7723,2888",2024-04-07,4.933716839282227E-5
"7713,2843",2024-04-08,9.72063072526339E-5
"7718,2843",2024-04-08,9.527867109281548E-5
"7723,2843",2024-04-08,9.393392345070854E-5
"7708,2848",2024-04-08,8.682443180462017E-5
"7713,2848",2024-04-08,9.357184643564357E-5
"7718,2848",2024-04-08,1.1212796401595938E-4
"7723,2848",2024-04-08,1.2892852024165392E-4
"7728,2848",2024-04-08,1.4028564314938323E-4
"7733,2848",2024-04-08,1.4770962990117342E-4
"7688,2853",2024-04-08,5.489250516576895E-5
"7693,2853",2024-04-08,5.278519581329047E-5
"7698,2853",2024-04-08,5.3021306588352924E-5
"7703,2853",2024-04-08,6.718996702507952E-5
"7708,2853",2024-04-08,9.046872205544678E-5
"7713,2853",2024-04-08,1.0976473044260765E-4
"7718,2853",2024-04-08,1.3066952173309323E-4
"7723,2853",2024-04-08,1.3836652914901124E-4
"7728,2853",2024-04-08,1.356517500394352E-4
"7733,2853",2024-04-08,1.5288279637132762E-4
"7683,2858",2024-04-08,5.182438716427278E-5
"7688,2858",2024-04-08,4.8282867416596385E-5
"7693,2858",2024-04-08,5.294700568728653E-5
"7698,2858",2024-04-08,6.1813097736098E-5
"7703,2858",2024-04-08,7.375263205753311E-5
"7708,2858",2024-04-08,9.044651662097704E-5
"7713,2858",2024-04-08,1.1399256829889904E-4
"7718,2858",2024-04-08,1.0247361987072018E-4
"7723,2858",2024-04-08,1.1639012530526408E-4
"7728,2858",2024-04-08,1.4007123277901549E-4
"7733,2858",2024-04-08,1.6090714384458033E-4
"7688,2863",2024-04-08,3.974512403009039E-5
"7693,2863",2024-04-08,4.8911300197008615E-5
"7698,2863",2024-04-08,5.72722379058388E-5
"7703,2863",2024-04-08,6.827287668067296E-5
"7708,2863",2024-04-08,8.053287416010091E-5
"7713,2863",2024-04-08,9.321768225173449E-5
"7718,2863",2024-04-08,1.0502275388936794E-4
"7723,2863",2024-04-08,1.3811625975660544E-4
"7728,2863",2024-04-08,1.3542837497115354E-4
"7733,2863",2024-04-08,1.4003535057566322E-4
"7693,2868",2024-04-08,5.0004701423409634E-5
"7698,2868",2024-04-08,5.8220565943614355E-5
"7703,2868",2024-04-08,5.60129907096667E-5
"7708,2868",2024-04-08,6.607663132968219E-5
"7713,2868",2024-04-08,8.711915461012076E-5
"7718,2868",2024-04-08,1.0935173992469465E-4
"7723,2868",2024-04-08,1.0875503102694662E-4
"7728,2868",2024-04-08,1.0280790663665688E-4
"7733,2868",2024-04-08,1.0885515424203218E-4
"7693,2873",2024-04-08,4.392770557050843E-5
"7698,2873",2024-04-08,4.851749228013448E-5
"7703,2873",2024-04-08,5.0446091595156764E-5
"7708,2873",2024-04-08,5.650095317229185E-5
"7713,2873",2024-04-08,7.586359456736827E-5
"7718,2873",2024-04-08,9.384296734660268E-5
"7723,2873",2024-04-08,8.50727419992368E-5
"7728,2873",2024-04-08,7.800383782904954E-5
"7733,2873",2024-04-08,7.694965806031338E-5
"7693,2878",2024-04-08,5.109312916554983E-5
"7698,2878",2024-04-08,4.5740833797067034E-5
"7703,2878",2024-04-08,4.613043271741406E-5
"7708,2878",2024-04-08,5.359301759565335E-5
"7713,2878",2024-04-08,6.189237926623877E-5
"7718,2878",2024-04-08,5.861684513417422E-5
"7723,2878",2024-04-08,4.5913261233044574E-5
"7728,2878",2024-04-08,5.391353735353579E-5
"7693,2883",2024-04-08,3.546789383945633E-5
"7698,2883",2024-04-08,4.293074085169892E-5
"7703,2883",2024-04-08,4.236038456323595E-5
"7708,2883",2024-04-08,4.850756377845846E-5
"7713,2883",2024-04-08,4.677085679802648E-5
"7718,2883",2024-04-08,5.556631495587307E-5
"7723,2883",2024-04-08,4.527006807368896E-5
"7703,2888",2024-04-08,4.608026110528525E-5
"7708,2888",2024-04-08,4.3604807355864236E-5
"7713,2888",2024-04-08,5.109885103881254E-5
"7718,2888",2024-04-08,4.673188611122529E-5
"7723,2888",2024-04-08,5.148729375814578E-5
"7713,2843",2024-04-09,1.1684636375164503E-4
"7718,2843",2024-04-09,1.0250240889734574E-4
"7723,2843",2024-04-09,9.659239036258739E-5
"7708,2848",2024-04-09,1.4530458428829815E-4
"7713,2848",2024-04-09,1.2335456432659506E-4
"7718,2848",2024-04-09,1.137104941763183E-4
"7723,2848",2024-04-09,1.1214265182660938E-4
"7728,2848",2024-04-09,1.2399623278518858E-4
"7733,2848",2024-04-09,1.7024046530504324E-4
"7688,2853",2024-04-09,9.131962502440324E-5
"7693,2853",2024-04-09,1.0638544121568671E-4
"7698,2853",2024-04-09,1.1415242666716105E-4
"7703,2853",2024-04-09,1.1476586838759617E-4
"7708,2853",2024-04-09,1.3117913478928508E-4
"7713,2853",2024-04-09,1.4087678626472895E-4
"7718,2853",2024-04-09,1.4482146760598643E-4
"7723,2853",2024-04-09,1.7618562258918066E-4
"7728,2853",2024-04-09,1.9262698800532468E-4
"7733,2853",2024-04-09,2.006133920815132E-4
"7683,2858",2024-04-09,7.911826777620609E-5
"7688,2858",2024-04-09,9.038473134687944E-5
"7693,2858",2024-04-09,9.933684853283913E-5
"7698,2858",2024-04-09,1.074921009148385E-4
"7703,2858",2024-04-09,1.1664899310581922E-4
"7708,2858",2024-04-09,1.5271295081138717E-4
"7713,2858",2024-04-09,1.5941843995826924E-4
"7718,2858",2024-04-09,1.9752624609155534E-4
"7723,2858",2024-04-09,2.9716716401473336E-4
"7728,2858",2024-04-09,2.728151510368841E-4
"7733,2858",2024-04-09,2.458337102343023E-4
"7688,2863",2024-04-09,7.232983762109338E-5
"7693,2863",2024-04-09,7.848386856102132E-5
"7698,2863",2024-04-09,9.688854091461048E-5
"7703,2863",2024-04-09,1.2078398925641776E-4
"7708,2863",2024-04-09,1.3853854813547877E-4
"7713,2863",2024-04-09,1.6664635213305346E-4
"7718,2863",2024-04-09,2.168750087365294E-4
"7723,2863",2024-04-09,3.346033033723754E-4
"7728,2863",2024-04-09,3.5307744942842826E-4
"7733,2863",2024-04-09,3.199851922182169E-4
"7693,2868",2024-04-09,7.284912325640696E-5
"7698,2868",2024-04-09,8.200174733574536E-5
"7703,2868",2024-04-09,1.0230898722180703E-4
"7708,2868",2024-04-09,1.2079521677325073E-4
"7713,2868",2024-04-09,1.5784199090001136E-4
"7718,2868",2024-04-09,2.188113791676715E-4
"7723,2868",2024-04-09,2.7463492205894466E-4
"7728,2868",2024-04-09,3.079378314058799E-4
"7733,2868",2024-04-09,3.075473386874644E-4
"7693,2873",2024-04-09,6.89688167581038E-5
"7698,2873",2024-04-09,7.229573356312706E-5
"7703,2873",2024-04-09,8.339997544246311E-5
"7708,2873",2024-04-09,1.1536676399356318E-4
"7713,2873",2024-04-09,1.4775702820950866E-4
"7718,2873",2024-04-09,2.0062022424538814E-4
"7723,2873",2024-04-09,2.5553639259865676E-4
"7728,2873",2024-04-09,2.4205858575984467E-4
"7733,2873",2024-04-09,2.1554220888146772E-4
"7693,2878",2024-04-09,6.32387748999748E-5
"7698,2878",2024-04-09,5.9269932810273304E-5
"7703,2878",2024-04-09,8.483527077151706E-5
"7708,2878",2024-04-09,1.2685750687404902E-4
"7713,2878",2024-04-09,1.3922800074167257E-4
"7718,2878",2024-04-09,1.5213880284407642E-4
"7723,2878",2024-04-09,1.551911295212283E-4
"7728,2878",2024-04-09,1.6256154544557784E-4
"7693,2883",2024-04-09,7.445695617462816E-5
"7698,2883",2024-04-09,8.65086541507275E-5
"7703,2883",2024-04-09,9.201306376576897E-5
"7708,2883",2024-04-09,1.1567318982792877E-4
"7713,2883",2024-04-09,1.1887865181790504E-4
"7718,2883",2024-04-09,1.217702652937158E-4
"7723,2883",2024-04-09,1.2453004625539112E-4
"7703,2888",2024-04-09,7.678421921921268E-5
"7708,2888",2024-04-09,8.921115503647407E-5
"7713,2888",2024-04-09,9.70606265526347E-5
"7718,2888",2024-04-09,9.949549954647391E-5
"7723,2888",2024-04-09,9.76712456923507E-5
"7713,2843",2024-04-10,8.300878496388448E-5
"7718,2843",2024-04-10,8.332953746320515E-5
"7723,2843",2024-04-10,8.309128507027578E-5
"7708,2848",2024-04-10,1.2460936100785864E-4
"7713,2848",2024-04-10,9.600826518766486E-5
"7718,2848",2024-04-10,8.8558828788077E-5
"7723,2848",2024-04-10,8.177153887097206E-5
"7728,2848",2024-04-10,7.604129685896344E-5
"7733,2848",2024-04-10,7.46853532580033E-5
"7688,2853",2024-04-10,7.20217062926232E-5
"7693,2853",2024-04-10,8.756899045893712E-5
"7698,2853",2024-04-10,1.3046789162723282E-4
"7703,2853",2024-04-10,1.7102851476407811E-4
"7708,2853",2024-04-10,1.5970947543307576E-4
"7713,2853",2024-04-10,1.2475023356159533E-4
"7718,2853",2024-04-10,1.2111250973500029E-4
"7723,2853",2024-04-10,1.0754826453369909E-4
"7728,2853",2024-04-10,9.994217150640658E-5
"7733,2853",2024-04-10,9.216471907026958E-5
"7683,2858",2024-04-10,7.606065934364411E-5
"7688,2858",2024-04-10,8.85365338701942E-5
"7693,2858",2024-04-10,1.1557690527414248E-4
"7698,2858",2024-04-10,1.5763503207342792E-4
"7703,2858",2024-04-10,2.2467546252572608E-4
"7708,2858",2024-04-10,1.9600445808801484E-4
"7713,2858",2024-04-10,1.6692986738854406E-4
"7718,2858",2024-04-10,1.3478697532952664E-4
"7723,2858",2024-04-10,1.2629637219420726E-4
"7728,2858",2024-04-10,1.1705692424138781E-4
"7733,2858",2024-04-10,1.0890029752686632E-4
"7688,2863",2024-04-10,9.860187091645908E-5
"7693,2863",2024-04-10,1.2320532967476558E-4
"7698,2863",2024-04-10,1.5688072602736619E-4
"7703,2863",2024-04-10,2.0875251853355478E-4
"7708,2863",2024-04-10,1.9665306377179457E-4
"7713,2863",2024-04-10,1.8109113640898958E-4
"7718,2863",2024-04-10,1.5480316095455357E-4
"7723,2863",2024-04-10,1.3434791081965583E-4
"7728,2863",2024-04-10,1.295843182536251E-4
"7733,2863",2024-04-10,1.1903695317275203E-4
"7693,2868",2024-04-10,1.1533244861434898E-4
"7698,2868",2024-04-10,1.4639042531122196E-4
"7703,2868",2024-04-10,1.7311502193865505E-4
"7708,2868",2024-04-10,1.886835570027357E-4
"7713,2868",2024-04-10,1.751113570148843E-4
"7718,2868",2024-04-10,1.5684483097372362E-4
"7723,2868",2024-04-10,1.3720577238771647E-4
"7728,2868",2024-04-10,1.2326551483800413E-4
"7733,2868",2024-04-10,1.143991291491459E-4
"7693,2873",2024-04-10,1.1628736100382459E-4
"7698,2873",2024-04-10,1.2700469507527997E-4
"7703,2873",2024-04-10,1.4145552301305037E-4
"7708,2873",2024-04-10,1.562526707200889E-4
"7713,2873",2024-04-10,1.4784941140617543E-4
"7718,2873",2024-04-10,1.2192418030641718E-4
"7723,2873",2024-04-10,1.0901450749963179E-4
"7728,2873",2024-04-10,9.775314460336586E-5
"7733,2873",2024-04-10,9.631771098723989E-5
"7693,2878",2024-04-10,9.998626278171975E-5
"7698,2878",2024-04-10,1.1476617606381699E-4
"7703,2878",2024-04-10,1.0696380503327772E-4
"7708,2878",2024-04-10,1.0111555890149374E-4
"7713,2878",2024-04-10,1.0277058283847373E-4
"7718,2878",2024-04-10,8.03006640488066E-5
"7723,2878",2024-04-10,7.527469697744596E-5
"7728,2878",2024-04-10,7.502510505734311E-5
"7693,2883",2024-04-10,8.820183131034228E-5
"7698,2883",2024-04-10,9.211772713408862E-5
"7703,2883",2024-04-10,8.698162734094354E-5
"7708,2883",2024-04-10,7.233727418349635E-5
"7713,2883",2024-04-10,6.417399804865309E-5
"7718,2883",2024-04-10,5.568377574560798E-5
"7723,2883",2024-04-10,6.132325367284528E-5
"7703,2888",2024-04-10,6.149920046349257E-5
"7708,2888",2024-04-10,5.3744842761510764E-5
"7713,2888",2024-04-10,5.120625642019972E-5
"7718,2888",2024-04-10,4.4800371787479334E-5
"7723,2888",2024-04-10,5.280284182408078E-5
"7713,2843",2024-04-11,8.556056670920052E-5
"7718,2843",2024-04-11,7.930217185258776E-5
"7723,2843",2024-04-11,7.884961240973004E-5
"7708,2848",2024-04-11,1.0467637965326107E-4
"7713,2848",2024-04-11,9.763758527053494E-5
"7718,2848",2024-04-11,9.39157526493534E-5
"7723,2848",2024-04-11,8.890560466694832E-5
"7728,2848",2024-04-11,8.425834531306377E-5
"7733,2848",2024-04-11,8.195285909871082E-5
"7688,2853",2024-04-11,1.312494245013577E-4
"7693,2853",2024-04-11,1.343976489613958E-4
"7698,2853",2024-04-11,1.3375974784420093E-4
"7703,2853",2024-04-11,1.327427395955675E-4
"7708,2853",2024-04-11,1.2232572620035626E-4
"7713,2853",2024-04-11,1.0882251112370752E-4
"7718,2853",2024-04-11,1.0456971174473751E-4
"7723,2853",2024-04-11,1.0376455422486573E-4
"7728,2853",2024-04-11,9.565743315476821E-5
"7733,2853",2024-04-11,9.080391893983542E-5
"7683,2858",2024-04-11,1.1546449099321996E-4
"7688,2858",2024-04-11,1.3149278626156934E-4
"7693,2858",2024-04-11,1.5212807103858928E-4
"7698,2858",2024-04-11,1.414873196092848E-4
"7703,2858",2024-04-11,1.3512057854884327E-4
"7708,2858",2024-04-11,1.3448452715767405E-4
"7713,2858",2024-04-11,1.3317467598969847E-4
"7718,2858",2024-04-11,1.2347319562474625E-4
"7723,2858",2024-04-11,1.1696509332644847E-4
"7728,2858",2024-04-11,1.147905111571689E-4
"7733,2858",2024-04-11,9.786007850614978E-5
"7688,2863",2024-04-11,1.2817892423125645E-4
"7693,2863",2024-04-11,1.427620455531722E-4
"7698,2863",2024-04-11,1.5357392979534716E-4
"7703,2863",2024-04-11,1.434921770860607E-4
"7708,2863",2024-04-11,1.3828115502105873E-4
"7713,2863",2024-04-11,1.3593557584971373E-4
"7718,2863",2024-04-11,1.3442508345816546E-4
"7723,2863",2024-04-11,1.1696509676988376E-4
"7728,2863",2024-04-11,1.1364718080493543E-4
"7733,2863",2024-04-11,1.0205787490676738E-4
"7693,2868",2024-04-11,1.2062159800916342E-4
"7698,2868",2024-04-11,1.3305697012467622E-4
"7703,2868",2024-04-11,1.4076172400120227E-4
"7708,2868",2024-04-11,1.416544502088359E-4
"7713,2868",2024-04-11,1.286661050343767E-4
"7718,2868",2024-04-11,1.055586695504775E-4
"7723,2868",2024-04-11,1.0555867035463704E-4
"7693,2873",2024-04-11,1.0981030831132324E-4
"7698,2873",2024-04-11,1.0803006356487241E-4
"7703,2873",2024-04-11,1.1982199311336169E-4
"7708,2873",2024-04-11,1.3485487684038104E-4
"7713,2873",2024-04-11,1.0872930106903936E-4
"7718,2873",2024-04-11,1.0313935468663427E-4
"7723,2873",2024-04-11,1.0535949807685071E-4
"7728,2873",2024-04-11,1.0475804564918798E-4
"7733,2873",2024-04-11,1.0473025099690056E-4
"7693,2878",2024-04-11,1.0555635957060744E-4
"7698,2878",2024-04-11,1.0144311799796948E-4
"7703,2878",2024-04-11,1.0339890419166455E-4
"7708,2878",2024-04-11,1.0585277477886353E-4
"7713,2878",2024-04-11,9.890387743940611E-5
"7718,2878",2024-04-11,9.875006765636678E-5
"7723,2878",2024-04-11,9.527573834054394E-5
"7728,2878",2024-04-11,9.627852046811753E-5
"7693,2883",2024-04-11,8.911340704776012E-5
"7698,2883",2024-04-11,8.994793755280043E-5
"7703,2883",2024-04-11,9.586506922092225E-5
"7708,2883",2024-04-11,9.563005896542849E-5
"7713,2883",2024-04-11,9.264583019960175E-5
"7718,2883",2024-04-11,9.255376911237876E-5
"7723,2883",2024-04-11,7.354793266313834E-5
"7703,2888",2024-04-11,8.597621055347444E-5
"7708,2888",2024-04-11,8.127167126990857E-5
"7713,2888",2024-04-11,8.66169258507271E-5
"7718,2888",2024-04-11,8.982859354496809E-5
"7723,2888",2024-04-11,7.731235417115632E-5
"7713,2843",2024-04-11,6.0114055942250683E-5
"7718,2843",2024-04-11,5.834986411203991E-5
"7723,2843",2024-04-11,7.064718367079025E-5
"7708,2848",2024-04-11,8.527413453869782E-5
"7713,2848",2024-04-11,8.145668958556568E-5
"7718,2848",2024-04-11,7.99025680446698E-5
"7723,2848",2024-04-11,9.137572659999417E-5
"7728,2848",2024-04-11,9.201798086277968E-5
"7733,2848",2024-04-11,8.088545378094645E-5
"7688,2853",2024-04-11,7.625382220741603E-5
"7693,2853",2024-04-11,8.343662408852084E-5
"7698,2853",2024-04-11,1.0188518437737925E-4
"7703,2853",2024-04-11,9.706132650989964E-5
"7708,2853",2024-04-11,9.316792713274953E-5
"7713,2853",2024-04-11,1.1034990464461427E-4
"7718,2853",2024-04-11,1.1459228988091851E-4
"7723,2853",2024-04-11,1.1727230457751715E-4
"7728,2853",2024-04-11,1.0780314565600626E-4
"7733,2853",2024-04-11,8.207499799716539E-5
"7683,2858",2024-04-11,7.608609541431332E-5
"7688,2858",2024-04-11,8.055902693764313E-5
"7693,2858",2024-04-11,8.910195753081839E-5
"7698,2858",2024-04-11,1.0107376001370028E-4
"7703,2858",2024-04-11,1.02609549582469E-4
"7708,2858",2024-04-11,1.042351643387174E-4
"7713,2858",2024-04-11,1.2974657316096417E-4
"7718,2858",2024-04-11,1.3043105669972418E-4
"7723,2858",2024-04-11,1.25973710360676E-4
"7728,2858",2024-04-11,1.0975238531919674E-4
"7733,2858",2024-04-11,8.652179123317132E-5
"7688,2863",2024-04-11,8.12352695174838E-5
"7693,2863",2024-04-11,8.891441967004375E-5
"7698,2863",2024-04-11,9.515020770975408E-5
"7703,2863",2024-04-11,9.820896046939151E-5
"7708,2863",2024-04-11,1.0327000114575411E-4
"7713,2863",2024-04-11,1.420476007641959E-4
"7718,2863",2024-04-11,1.3551874357334786E-4
"7723,2863",2024-04-11,1.218698914564519E-4
"7728,2863",2024-04-11,1.1189960324161254E-4
"7733,2863",2024-04-11,1.0337786828224792E-4
"7693,2868",2024-04-11,8.556075294549241E-5
"7698,2868",2024-04-11,8.602827706420354E-5
"7703,2868",2024-04-11,1.019229161514245E-4
"7708,2868",2024-04-11,1.109303985102395E-4
"7713,2868",2024-04-11,1.367967088366248E-4
"7718,2868",2024-04-11,1.3301174171827224E-4
"7723,2868",2024-04-11,1.2859012186305777E-4
"7728,2868",2024-04-11,1.314680446865761E-4
"7733,2868",2024-04-11,1.327578307048745E-4
"7693,2873",2024-04-11,9.517925492783412E-5
"7698,2873",2024-04-11,9.952641997209686E-5
"7703,2873",2024-04-11,1.077421616914467E-4
"7708,2873",2024-04-11,1.1416537494796978E-4
"7713,2873",2024-04-11,1.2416988744235578E-4
"7718,2873",2024-04-11,1.218650383197196E-4
"7723,2873",2024-04-11,1.2077825014313987E-4
"7728,2873",2024-04-11,1.1441489434880246E-4
"7733,2873",2024-04-11,1.1248504530389274E-4
"7693,2878",2024-04-11,9.980866610761918E-5
"7698,2878",2024-04-11,1.0216931707556581E-4
"7703,2878",2024-04-11,1.0722555013972287E-4
"7708,2878",2024-04-11,1.1678698104683919E-4
"7713,2878",2024-04-11,1.2568767192201402E-4
"7718,2878",2024-04-11,1.1349887414552046E-4
"7723,2878",2024-04-11,1.0884560358180329E-4
"7728,2878",2024-04-11,9.64047377240535E-5
"7693,2883",2024-04-11,1.110552551730417E-4
"7698,2883",2024-04-11,1.073295472282728E-4
"7703,2883",2024-04-11,1.0198953443963419E-4
"7708,2883",2024-04-11,1.0349409804281338E-4
"7713,2883",2024-04-11,1.0412015220672819E-4
"7718,2883",2024-04-11,9.633678930141365E-5
"7723,2883",2024-04-11,9.261581988301243E-5
"7703,2888",2024-04-11,8.9481925447308E-5
"7708,2888",2024-04-11,8.707325972609839E-5
"7713,2888",2024-04-11,8.541326460070356E-5
"7718,2888",2024-04-11,7.403805354568065E-5
"7723,2888",2024-04-11,7.044899373870953E-5
"7713,2843",2024-04-12,1.6787567320146094E-4
"7718,2843",2024-04-12,1.522146340424876E-4
"7723,2843",2024-04-12,1.1797342746346101E-4
"7708,2848",2024-04-12,1.8174666576115022E-4
"7713,2848",2024-04-12,2.0026834693578156E-4
"7718,2848",2024-04-12,1.668006458095881E-4
"7723,2848",2024-04-12,1.276612106471112E-4
"7728,2848",2024-04-12,1.0908330024996019E-4
"7733,2848",2024-04-12,9.954669182473621E-5
"7688,2853",2024-04-12,9.100792031373984E-5
"7693,2853",2024-04-12,1.2108625697344128E-4
"7698,2853",2024-04-12,1.3200627646502012E-4
"7703,2853",2024-04-12,1.9042772521637275E-4
"7708,2853",2024-04-12,1.808365855007233E-4
"7713,2853",2024-04-12,1.682053635800492E-4
"7718,2853",2024-04-12,1.466563872532118E-4
"7723,2853",2024-04-12,1.3249241436980938E-4
"7728,2853",2024-04-12,1.2200453596547624E-4
"7733,2853",2024-04-12,1.1767977231836887E-4
"7683,2858",2024-04-12,9.608444003970091E-5
"7688,2858",2024-04-12,9.759529303095724E-5
"7693,2858",2024-04-12,1.0568962885104327E-4
"7698,2858",2024-04-12,1.1213485848302839E-4
"7703,2858",2024-04-12,1.2692244070583252E-4
"7708,2858",2024-04-12,1.511075868422654E-4
"7713,2858",2024-04-12,1.6591331489169728E-4
"7718,2858",2024-04-12,1.459613813407836E-4
"7723,2858",2024-04-12,1.4082060614077106E-4
"7728,2858",2024-04-12,1.3493990964027547E-4
"7733,2858",2024-04-12,1.3395793728139652E-4
"7688,2863",2024-04-12,8.106490965643066E-5
"7693,2863",2024-04-12,7.784918369574776E-5
"7698,2863",2024-04-12,9.851726237167197E-5
"7703,2863",2024-04-12,1.1574645492279885E-4
"7708,2863",2024-04-12,1.6193260667485802E-4
"7713,2863",2024-04-12,1.7526623489586435E-4
"7718,2863",2024-04-12,1.70939403734181E-4
"7723,2863",2024-04-12,1.676382729715676E-4
"7728,2863",2024-04-12,1.593352312970459E-4
"7733,2863",2024-04-12,1.5292632150051334E-4
"7693,2868",2024-04-12,7.829499960808526E-5
"7698,2868",2024-04-12,1.1366104667810014E-4
"7703,2868",2024-04-12,1.2109279881509266E-4
"7708,2868",2024-04-12,1.7132845710245964E-4
"7713,2868",2024-04-12,1.6974326762844662E-4
"7718,2868",2024-04-12,1.477603022324881E-4
"7723,2868",2024-04-12,1.4840177618217947E-4
"7728,2868",2024-04-12,1.4833757443105712E-4
"7733,2868",2024-04-12,1.3386391383484538E-4
"7693,2873",2024-04-12,1.0626338307968E-4
"7698,2873",2024-04-12,1.112870789626009E-4
"7703,2873",2024-04-12,1.1851187340390465E-4
"7708,2873",2024-04-12,1.582543432869351E-4
"7713,2873",2024-04-12,1.425988496891271E-4
"7718,2873",2024-04-12,1.1672473951646482E-4
"7723,2873",2024-04-12,1.0989856874404707E-4
"7728,2873",2024-04-12,1.060961316345371E-4
"7733,2873",2024-04-12,8.982874559996386E-5
"7693,2878",2024-04-12,9.605857299815693E-5
"7698,2878",2024-04-12,9.657519881608956E-5
"7703,2878",2024-04-12,1.107025910561896E-4
"7708,2878",2024-04-12,1.3924773658662837E-4
"7713,2878",2024-04-12,1.1740166351863413E-4
"7718,2878",2024-04-12,1.0056303977272153E-4
"7723,2878",2024-04-12,8.143401803652765E-5
"7728,2878",2024-04-12,7.617229233897727E-5
"7693,2883",2024-04-12,9.473937103443796E-5
"7698,2883",2024-04-12,1.0893900842718046E-4
"7703,2883",2024-04-12,1.1974168960574115E-4
"7708,2883",2024-04-12,1.3066848275697235E-4
"7713,2883",2024-04-12,9.705261379251297E-5
"7718,2883",2024-04-12,8.553554283401922E-5
"7723,2883",2024-04-12,6.535459394020088E-5
"7703,2888",2024-04-12,1.165103763449247E-4
"7708,2888",2024-04-12,1.127378987692989E-4
"7713,2888",2024-04-12,7.807292399794145E-5
"7718,2888",2024-04-12,7.28443775260845E-5
"7723,2888",2024-04-12,6.119625510237373E-5
"7713,2843",2024-04-13,7.553260605680927E-5
"7718,2843",2024-04-13,7.550787338298291E-5
"7723,2843",2024-04-13,9.732005141131356E-5
"7708,2848",2024-04-13,8.470392624059517E-5
"7713,2848",2024-04-13,8.140015703823058E-5
"7718,2848",2024-04-13,9.977009267758508E-5
"7723,2848",2024-04-13,9.15849023934222E-5
"7728,2848",2024-04-13,9.457112261398633E-5
"7733,2848",2024-04-13,9.4132686889584E-5
"7708,2853",2024-04-13,8.470392684087257E-5
"7713,2853",2024-04-13,9.475918740548407E-5
"7718,2853",2024-04-13,1.0721097870560491E-4
"7723,2853",2024-04-13,1.0467236071179008E-4
"7728,2853",2024-04-13,1.0556175366230593E-4
"7733,2853",2024-04-13,8.847917380268349E-5
"7708,2858",2024-04-13,2.261333445246536E-4
"7713,2858",2024-04-13,1.8198649866537272E-4
"7718,2858",2024-04-13,1.6017194606193598E-4
"7723,2858",2024-04-13,1.2914004935668974E-4
"7728,2858",2024-04-13,1.2244461337629865E-4
"7733,2858",2024-04-13,1.1251189665849442E-4
"7703,2863",2024-04-13,2.189327544300904E-4
"7708,2863",2024-04-13,2.2606853756362047E-4
"7713,2863",2024-04-13,1.8541380079410265E-4
"7718,2863",2024-04-13,1.558825226263907E-4
"7723,2863",2024-04-13,1.453502641275834E-4
"7728,2863",2024-04-13,1.5198790714300898E-4
"7733,2863",2024-04-13,1.5227579599338855E-4
"7703,2868",2024-04-13,2.1893275158454246E-4
"7708,2868",2024-04-13,2.237848723615243E-4
"7713,2868",2024-04-13,1.9280265436465223E-4
"7718,2868",2024-04-13,1.796779473241584E-4
"7723,2868",2024-04-13,1.5761597766223532E-4
"7728,2868",2024-04-13,1.8162427430730104E-4
"7733,2868",2024-04-13,1.6814477362261867E-4
"7703,2873",2024-04-13,2.1893275569703535E-4
"7708,2873",2024-04-13,2.2401121708070083E-4
"7713,2873",2024-04-13,1.9985606455519611E-4
"7718,2873",2024-04-13,1.9882448949402128E-4
"7723,2873",2024-04-13,1.67227917683856E-4
"7728,2873",2024-04-13,1.8129114880094654E-4
"7733,2873",2024-04-13,1.7755928076508925E-4
"7713,2878",2024-04-13,1.946196751835659E-4
"7718,2878",2024-04-13,1.8748683428046193E-4
"7723,2878",2024-04-13,1.7086510942715313E-4
"7728,2878",2024-04-13,1.7200937384476682E-4
"7713,2883",2024-04-13,1.9093091802784836E-4
"7718,2883",2024-04-13,1.757491363732308E-4
"7723,2883",2024-04-13,1.6251931245897113E-4
"7708,2888",2024-04-13,1.8494487422236224E-4
"7713,2888",2024-04-13,1.849448743108771E-4
"7718,2888",2024-04-13,1.8494487515227789E-4
"7713,2843",2024-04-14,8.333118625794755E-5
"7718,2843",2024-04-14,8.06510216414915E-5
"7723,2843",2024-04-14,6.960054345054354E-5
"7728,2858",2024-04-14,7.014065388694154E-5
"7733,2858",2024-04-14,1.0037632339515384E-4
"7728,2863",2024-04-14,7.040173380191962E-5
"7733,2863",2024-04-14,8.174968296452633E-5
"7723,2868",2024-04-14,5.660226424094116E-5
"7728,2868",2024-04-14,5.903066249010663E-5
"7733,2868",2024-04-14,6.381058145357958E-5
"7723,2873",2024-04-14,5.660226494807412E-5
"7728,2873",2024-04-14,3.5233625082646166E-5
"7733,2873",2024-04-14,3.756019083310083E-5
"7728,2878",2024-04-14,2.9666719401652954E-5
"7713,2843",2024-04-16,8.556954608716277E-5
"7718,2843",2024-04-16,9.612142620039984E-5
"7723,2843",2024-04-16,9.89556735807995E-5
"7708,2848",2024-04-16,8.2918983386868E-5
"7713,2848",2024-04-16,8.950661129353896E-5
"7718,2848",2024-04-16,9.704047065158013E-5
"7723,2848",2024-04-16,1.0152284804330432E-4
"7728,2848",2024-04-16,1.1492697892548267E-4
"7733,2848",2024-04-16,1.0905211139464129E-4
"7688,2853",2024-04-16,6.521587761777062E-5
"7693,2853",2024-04-16,6.74099220702457E-5
"7698,2853",2024-04-16,6.720869989744031E-5
"7703,2853",2024-04-16,7.493674889479088E-5
"7708,2853",2024-04-16,7.710682671494623E-5
"7713,2853",2024-04-16,9.091857272549711E-5
"7718,2853",2024-04-16,9.541968809888044E-5
"7723,2853",2024-04-16,1.0768796474382908E-4
"7728,2853",2024-04-16,1.2669545682277621E-4
"7733,2853",2024-04-16,1.2437814160905347E-4
"7683,2858",2024-04-16,5.942926854741855E-5
"7688,2858",2024-04-16,6.488578144790846E-5
"7693,2858",2024-04-16,6.717236912187404E-5
"7698,2858",2024-04-16,7.17947387572726E-5
"7703,2858",2024-04-16,7.385822864250663E-5
"7708,2858",2024-04-16,7.734499063695208E-5
"7713,2858",2024-04-16,9.259775593032254E-5
"7718,2858",2024-04-16,9.280056786022403E-5
"7723,2858",2024-04-16,1.0636974785205982E-4
"7728,2858",2024-04-16,1.0971854324860205E-4
"7733,2858",2024-04-16,1.1708775236684905E-4
"7688,2863",2024-04-16,5.5423648007182636E-5
"7693,2863",2024-04-16,6.003636752588763E-5
"7698,2863",2024-04-16,7.867617752006492E-5
"7703,2863",2024-04-16,8.149612132835033E-5
"7708,2863",2024-04-16,8.336357067280871E-5
"7713,2863",2024-04-16,9.33606774856509E-5
"7718,2863",2024-04-16,9.750700622137571E-5
"7723,2863",2024-04-16,1.058312728911685E-4
"7728,2863",2024-04-16,1.0590743394339772E-4
"7733,2863",2024-04-16,1.0706056273985029E-4
"7693,2868",2024-04-16,6.448065144705715E-5
"7698,2868",2024-04-16,7.214050373676238E-5
"7703,2868",2024-04-16,7.456911080044335E-5
"7708,2868",2024-04-16,7.843113044469309E-5
"7713,2868",2024-04-16,8.125297311821772E-5
"7718,2868",2024-04-16,8.725217127947316E-5
"7723,2868",2024-04-16,9.853603285226123E-5
"7728,2868",2024-04-16,9.173594219828081E-5
"7733,2868",2024-04-16,8.529527253452877E-5
"7693,2873",2024-04-16,6.412332724466943E-5
"7698,2873",2024-04-16,6.610145770682911E-5
"7703,2873",2024-04-16,6.868434890479002E-5
"7708,2873",2024-04-16,7.251329352355822E-5
"7713,2873",2024-04-16,7.388966414832763E-5
"7718,2873",2024-04-16,7.022572809000792E-5
"7723,2873",2024-04-16,7.729606529750394E-5
"7728,2873",2024-04-16,7.521845518995552E-5
"7733,2873",2024-04-16,7.206253699426672E-5
"7693,2878",2024-04-16,6.061056984188496E-5
"7698,2878",2024-04-16,6.02784689777623E-5
"7703,2878",2024-04-16,6.267219645702106E-5
"7708,2878",2024-04-16,6.64946581120112E-5
"7713,2878",2024-04-16,6.989606719168228E-5
"7718,2878",2024-04-16,6.742024084069602E-5
"7723,2878",2024-04-16,6.412584999179204E-5
"7728,2878",2024-04-16,6.88849535868657E-5
"7693,2883",2024-04-16,6.11986952442445E-5
"7698,2883",2024-04-16,6.199009942855898E-5
"7703,2883",2024-04-16,6.363336050998244E-5
"7708,2883",2024-04-16,6.066032521596987E-5
"7713,2883",2024-04-16,6.723987933284358E-5
"7718,2883",2024-04-16,7.127779979537148E-5
"7723,2883",2024-04-16,5.9596455635829484E-5
"7703,2888",2024-04-16,6.977098569232102E-5
"7708,2888",2024-04-16,6.751228412538446E-5
"7713,2888",2024-04-16,6.758430367543442E-5
"7718,2888",2024-04-16,6.755381043029866E-5
"7723,2888",2024-04-16,6.518718020932026E-5
"7713,2843",2024-04-17,6.813195455112152E-5
"7718,2843",2024-04-17,7.060345718200618E-5
"7723,2843",2024-04-17,7.367394422448741E-5
"7708,2848",2024-04-17,7.188416670105676E-5
"7713,2848",2024-04-17,7.329241478179844E-5
"7718,2848",2024-04-17,8.227946393123303E-5
"7723,2848",2024-04-17,8.780511276508887E-5
"7728,2848",2024-04-17,9.303858086849458E-5
"7733,2848",2024-04-17,1.0236723487979929E-4
"7688,2853",2024-04-17,5.572315072397948E-5
"7693,2853",2024-04-17,5.809505357674735E-5
"7698,2853",2024-04-17,6.170667495400409E-5
"7703,2853",2024-04-17,6.303033936332913E-5
"7708,2853",2024-04-17,8.714993275900524E-5
"7713,2853",2024-04-17,8.853247496592852E-5
"7718,2853",2024-04-17,9.7133305383605E-5
"7723,2853",2024-04-17,9.947729713363655E-5
"7728,2853",2024-04-17,1.0848734816020522E-4
"7733,2853",2024-04-17,1.1619565991235932E-4
"7683,2858",2024-04-17,5.050865413547099E-5
"7688,2858",2024-04-17,4.9495669967646586E-5
"7693,2858",2024-04-17,5.580419085168227E-5
"7698,2858",2024-04-17,6.120664692620981E-5
"7703,2858",2024-04-17,6.516674123195928E-5
"7708,2858",2024-04-17,8.472099420981142E-5
"7713,2858",2024-04-17,8.504715734819784E-5
"7718,2858",2024-04-17,9.08036516329573E-5
"7723,2858",2024-04-17,9.116616968786706E-5
"7728,2858",2024-04-17,9.779149716331865E-5
"7733,2858",2024-04-17,1.007203159504935E-4
"7688,2863",2024-04-17,5.7186539763589975E-5
"7693,2863",2024-04-17,6.096571650292522E-5
"7698,2863",2024-04-17,6.221904852773119E-5
"7703,2863",2024-04-17,6.766479354586611E-5
"7708,2863",2024-04-17,7.799542578958401E-5
"7713,2863",2024-04-17,8.028551856239858E-5
"7718,2863",2024-04-17,9.603102703742678E-5
"7723,2863",2024-04-17,9.627505359415209E-5
"7728,2863",2024-04-17,9.820095880483489E-5
"7733,2863",2024-04-17,9.850720368954566E-5
"7693,2868",2024-04-17,6.119845920228113E-5
"7698,2868",2024-04-17,6.26189724432436E-5
"7703,2868",2024-04-17,7.235542540590265E-5
"7708,2868",2024-04-17,8.139516321741211E-5
"7713,2868",2024-04-17,8.264294152050365E-5
"7718,2868",2024-04-17,8.566587381983759E-5
"7723,2868",2024-04-17,8.614316527698447E-5
"7728,2868",2024-04-17,9.161816221722941E-5
"7733,2868",2024-04-17,9.193041769552343E-5
"7693,2873",2024-04-17,6.030637336276446E-5
"7698,2873",2024-04-17,6.026561245246027E-5
"7703,2873",2024-04-17,7.285906016434385E-5
"7708,2873",2024-04-17,7.878849525226732E-5
"7713,2873",2024-04-17,8.007875100345051E-5
"7718,2873",2024-04-17,8.113484074727463E-5
"7723,2873",2024-04-17,8.043443254776709E-5
"7728,2873",2024-04-17,7.836236823222173E-5
"7733,2873",2024-04-17,7.839587798649798E-5
"7693,2878",2024-04-17,6.065339566457751E-5
"7698,2878",2024-04-17,6.0521527627405876E-5
"7703,2878",2024-04-17,6.558622225894683E-5
"7708,2878",2024-04-17,6.6739887537576E-5
"7713,2878",2024-04-17,7.441321098397086E-5
"7718,2878",2024-04-17,7.889106586258757E-5
"7723,2878",2024-04-17,7.524271839283382E-5
"7728,2878",2024-04-17,6.909906682135113E-5
"7693,2883",2024-04-17,6.89057798917076E-5
"7698,2883",2024-04-17,6.825535320952682E-5
"7703,2883",2024-04-17,5.970292416157244E-5
"7708,2883",2024-04-17,5.943095991622536E-5
"7713,2883",2024-04-17,6.46034985101748E-5
"7718,2883",2024-04-17,6.583267214868394E-5
"7723,2883",2024-04-17,6.613365138503559E-5
"7703,2888",2024-04-17,5.5191915510691746E-5
"7708,2888",2024-04-17,5.542979942832016E-5
"7713,2888",2024-04-17,6.0703489805153865E-5
"7718,2888",2024-04-17,6.11401102070747E-5
"7723,2888",2024-04-17,6.811256204788819E-5
"7713,2843",2024-04-18,5.794216563355819E-5
"7718,2843",2024-04-18,5.068662043531248E-5
"7723,2843",2024-04-18,4.619815611124843E-5
"7708,2848",2024-04-18,6.219464898612837E-5
"7713,2848",2024-04-18,5.7919494513765595E-5
"7718,2848",2024-04-18,6.000630762551076E-5
"7723,2848",2024-04-18,6.596104749106414E-5
"7728,2848",2024-04-18,7.428983430054802E-5
"7733,2848",2024-04-18,8.260575935405697E-5
"7688,2853",2024-04-18,5.0793788989271E-5
"7693,2853",2024-04-18,4.542801986944066E-5
"7698,2853",2024-04-18,4.465026502689576E-5
"7703,2853",2024-04-18,5.061600607709241E-5
"7708,2853",2024-04-18,5.4488515112234555E-5
"7713,2853",2024-04-18,6.797237735516046E-5
"7718,2853",2024-04-18,9.286027310131163E-5
"7723,2853",2024-04-18,9.74308869239124E-5
"7728,2853",2024-04-18,9.639547540428286E-5
"7733,2853",2024-04-18,9.519937452250388E-5
"7683,2858",2024-04-18,4.5019158088627025E-5
"7688,2858",2024-04-18,3.427202428596009E-5
"7693,2858",2024-04-18,4.101890177072565E-5
"7698,2858",2024-04-18,4.470683361094997E-5
"7703,2858",2024-04-18,4.654247435999861E-5
"7708,2858",2024-04-18,5.282304915450951E-5
"7713,2858",2024-04-18,7.377460611587171E-5
"7718,2858",2024-04-18,9.530023643106835E-5
"7723,2858",2024-04-18,9.173258763243347E-5
"7728,2858",2024-04-18,8.825261726857841E-5
"7733,2858",2024-04-18,9.35591996064014E-5
"7688,2863",2024-04-18,3.966733718623898E-5
"7693,2863",2024-04-18,4.197293189389372E-5
"7698,2863",2024-04-18,4.156060291983197E-5
"7703,2863",2024-04-18,4.351839894606782E-5
"7708,2863",2024-04-18,5.1262699407613786E-5
"7713,2863",2024-04-18,6.420357606596538E-5
"7718,2863",2024-04-18,6.936317599759628E-5
"7723,2863",2024-04-18,8.663018225628049E-5
"7728,2863",2024-04-18,1.0397032735170909E-4
"7733,2863",2024-04-18,1.1180870385017957E-4
"7693,2868",2024-04-18,3.798252136213821E-5
"7698,2868",2024-04-18,3.7884626164043107E-5
"7703,2868",2024-04-18,4.0991286399105306E-5
"7708,2868",2024-04-18,5.143345843953488E-5
"7713,2868",2024-04-18,6.709491078245379E-5
"7718,2868",2024-04-18,8.141385920022648E-5
"7723,2868",2024-04-18,8.826263425197284E-5
"7728,2868",2024-04-18,9.812458734351963E-5
"7733,2868",2024-04-18,1.0142476412594069E-4
"7693,2873",2024-04-18,3.406022546024701E-5
"7698,2873",2024-04-18,3.641602096112181E-5
"7703,2873",2024-04-18,3.891778539472777E-5
"7708,2873",2024-04-18,4.80858999015193E-5
"7713,2873",2024-04-18,5.3656949994669806E-5
"7718,2873",2024-04-18,6.305755847088595E-5
"7723,2873",2024-04-18,7.313978972428662E-5
"7728,2873",2024-04-18,8.032600861790683E-5
"7733,2873",2024-04-18,7.576097306753003E-5
"7693,2878",2024-04-18,2.870736789936826E-5
"7698,2878",2024-04-18,3.0415705179439486E-5
"7703,2878",2024-04-18,3.18130890458294E-5
"7708,2878",2024-04-18,4.292363879379411E-5
"7713,2878",2024-04-18,4.1006249085211516E-5
"7718,2878",2024-04-18,4.57401142300556E-5
"7723,2878",2024-04-18,4.820271821057264E-5
"7728,2878",2024-04-18,5.106575046115992E-5
"7693,2883",2024-04-18,3.0443328542738665E-5
"7698,2883",2024-04-18,3.097950265257963E-5
"7703,2883",2024-04-18,3.202163140837183E-5
"7708,2883",2024-04-18,3.8502733874959044E-5
"7713,2883",2024-04-18,4.035092599193024E-5
"7718,2883",2024-04-18,4.230614885567481E-5
"7723,2883",2024-04-18,4.3430764750499536E-5
"7703,2888",2024-04-18,2.992954396108265E-5
"7708,2888",2024-04-18,3.354786273103747E-5
"7713,2888",2024-04-18,3.6867186493826375E-5
"7718,2888",2024-04-18,3.650062557612106E-5
"7723,2888",2024-04-18,3.4017592341461745E-5
"7713,2843",2024-04-19,4.8925174888301056E-5
"7718,2843",2024-04-19,3.857930075983564E-5
"7723,2843",2024-04-19,3.00653869398658E-5
"7708,2848",2024-04-19,6.626539165998037E-5
"7713,2848",2024-04-19,6.090231896265978E-5
"7718,2848",2024-04-19,4.56268132248349E-5
"7723,2848",2024-04-19,3.8825270831806467E-5
"7728,2848",2024-04-19,4.802032707667985E-5
"7733,2848",2024-04-19,6.410494323372365E-5
"7688,2853",2024-04-19,3.464834376126779E-5
"7693,2853",2024-04-19,4.1644220726919526E-5
"7698,2853",2024-04-19,3.8596428113648544E-5
"7703,2853",2024-04-19,4.8244033711601775E-5
"7708,2853",2024-04-19,5.909501040467659E-5
"7713,2853",2024-04-19,7.338560443518471E-5
"7718,2853",2024-04-19,6.133479852546752E-5
"7723,2853",2024-04-19,5.8370818931309876E-5
"7728,2853",2024-04-19,7.152884218683764E-5
"7733,2853",2024-04-19,7.281473313861543E-5
"7683,2858",2024-04-19,3.255572598171535E-5
"7688,2858",2024-04-19,3.577770425399665E-5
"7693,2858",2024-04-19,3.974455818652869E-5
"7698,2858",2024-04-19,3.4836247384006655E-5
"7703,2858",2024-04-19,4.348047868409253E-5
"7708,2858",2024-04-19,6.527200526216097E-5
"7713,2858",2024-04-19,7.54606870875372E-5
"7718,2858",2024-04-19,7.939485116319909E-5
"7723,2858",2024-04-19,8.110194135549318E-5
"7728,2858",2024-04-19,1.0265376873995127E-4
"7733,2858",2024-04-19,1.059708516750422E-4
"7688,2863",2024-04-19,3.671734860621957E-5
"7693,2863",2024-04-19,3.289324838216204E-5
"7698,2863",2024-04-19,4.6034885886671054E-5
"7703,2863",2024-04-19,4.8498540510414945E-5
"7708,2863",2024-04-19,7.067034255445697E-5
"7713,2863",2024-04-19,7.28534300356389E-5
"7718,2863",2024-04-19,7.758638396156987E-5
"7723,2863",2024-04-19,9.098035165154928E-5
"7728,2863",2024-04-19,1.2020916812634631E-4
"7733,2863",2024-04-19,1.2878003101678948E-4
"7693,2868",2024-04-19,3.941269303832465E-5
"7698,2868",2024-04-19,3.486211503928253E-5
"7703,2868",2024-04-19,4.592748023396616E-5
"7708,2868",2024-04-19,6.426786231372681E-5
"7713,2868",2024-04-19,7.59990539790264E-5
"7718,2868",2024-04-19,8.587061303206489E-5
"7723,2868",2024-04-19,1.1175695643332157E-4
"7728,2868",2024-04-19,1.2346913380025765E-4
"7733,2868",2024-04-19,1.3284116359468874E-4
"7693,2873",2024-04-19,4.12103187693966E-5
"7698,2873",2024-04-19,4.121792012035478E-5
"7703,2873",2024-04-19,3.8169505815933565E-5
"7708,2873",2024-04-19,4.472668049332763E-5
"7713,2873",2024-04-19,6.683168835439212E-5
"7718,2873",2024-04-19,8.483679944074482E-5
"7723,2873",2024-04-19,8.987816447978809E-5
"7728,2873",2024-04-19,8.886882496735538E-5
"7733,2873",2024-04-19,1.0643617285382303E-4
"7693,2878",2024-04-19,3.829093324543596E-5
"7698,2878",2024-04-19,4.179690558797878E-5
"7703,2878",2024-04-19,2.906762373334971E-5
"7708,2878",2024-04-19,3.9741119247856325E-5
"7713,2878",2024-04-19,5.6120344147077573E-5
"7718,2878",2024-04-19,6.997865168611082E-5
"7723,2878",2024-04-19,6.068836191678026E-5
"7728,2878",2024-04-19,6.579668547453208E-5
"7693,2883",2024-04-19,2.267121673525658E-5
"7698,2883",2024-04-19,2.4012386308124568E-5
"7703,2883",2024-04-19,2.1778432339322753E-5
"7708,2883",2024-04-19,3.4504634261023606E-5
"7713,2883",2024-04-19,4.396676536165786E-5
"7718,2883",2024-04-19,4.691119415933713E-5
"7723,2883",2024-04-19,3.797242203689012E-5
"7703,2888",2024-04-19,1.984828599748194E-5
"7708,2888",2024-04-19,2.5575807333662994E-5
"7713,2888",2024-04-19,4.06300891009565E-5
"7718,2888",2024-04-19,4.697791437706895E-5
"7723,2888",2024-04-19,4.4217764329115224E-5
"7713,2843",2024-04-20,7.408788008992711E-5
"7718,2843",2024-04-20,7.470802775307569E-5
"7723,2843",2024-04-20,7.128531264828388E-5
"7708,2848",2024-04-20,7.525520875114743E-5
"7713,2848",2024-04-20,7.555375235187982E-5
"7718,2848",2024-04-20,8.011546597308118E-5
"7723,2848",2024-04-20,8.017163967477618E-5
"7728,2848",2024-04-20,9.709937321431819E-5
"7733,2848",2024-04-20,1.118550566527566E-4
"7688,2853",2024-04-20,5.1605992355313664E-5
"7693,2853",2024-04-20,4.64436138273401E-5
"7698,2853",2024-04-20,4.596729726475389E-5
"7703,2853",2024-04-20,5.3700971608199946E-5
"7708,2853",2024-04-20,8.108196470469608E-5
"7713,2853",2024-04-20,8.38127767833627E-5
"7718,2853",2024-04-20,9.400690431127406E-5
"7723,2853",2024-04-20,1.0537133517867704E-4
"7728,2853",2024-04-20,1.2216972704494358E-4
"7733,2853",2024-04-20,1.341421842040861E-4
"7683,2858",2024-04-20,4.695118239535757E-5
"7688,2858",2024-04-20,5.1373486968661715E-5
"7693,2858",2024-04-20,4.7863315955231724E-5
"7698,2858",2024-04-20,5.3077175669309374E-5
"7703,2858",2024-04-20,5.0846464808231435E-5
"7708,2858",2024-04-20,7.897143665660596E-5
"7713,2858",2024-04-20,9.008479703922076E-5
"7718,2858",2024-04-20,8.361105607545905E-5
"7723,2858",2024-04-20,9.725506025526245E-5
"7728,2858",2024-04-20,1.1938706823850456E-4
"7733,2858",2024-04-20,1.2456263196095884E-4
"7688,2863",2024-04-20,4.770164687848174E-5
"7693,2863",2024-04-20,5.0872046421230375E-5
"7698,2863",2024-04-20,5.7191054075636806E-5
"7703,2863",2024-04-20,5.9581839100719874E-5
"7708,2863",2024-04-20,7.253393644185977E-5
"7713,2863",2024-04-20,8.695555159393841E-5
"7718,2863",2024-04-20,9.714078248137155E-5
"7723,2863",2024-04-20,1.1040744288488887E-4
"7728,2863",2024-04-20,1.1855675392317555E-4
"7733,2863",2024-04-20,1.319900410586271E-4
"7693,2868",2024-04-20,4.730101117270629E-5
"7698,2868",2024-04-20,5.0870630408593836E-5
"7703,2868",2024-04-20,5.838618971753583E-5
"7708,2868",2024-04-20,6.569363796644817E-5
"7713,2868",2024-04-20,8.169863965026407E-5
"7718,2868",2024-04-20,8.903232186933474E-5
"7723,2868",2024-04-20,1.0444337929855405E-4
"7728,2868",2024-04-20,1.0415446620246002E-4
"7733,2868",2024-04-20,1.1147386467130108E-4
"7693,2873",2024-04-20,4.201885062407663E-5
"7698,2873",2024-04-20,3.535241866126402E-5
"7703,2873",2024-04-20,4.716726338589707E-5
"7708,2873",2024-04-20,5.474818872594122E-5
"7713,2873",2024-04-20,6.693510459627131E-5
"7718,2873",2024-04-20,8.087001357599965E-5
"7723,2873",2024-04-20,8.270938855080794E-5
"7728,2873",2024-04-20,8.015367507281361E-5
"7733,2873",2024-04-20,7.40143610847926E-5
"7693,2878",2024-04-20,3.98994670476356E-5
"7698,2878",2024-04-20,3.803868271201846E-5
"7703,2878",2024-04-20,4.046039816870608E-5
"7708,2878",2024-04-20,4.748025157908646E-5
"7713,2878",2024-04-20,4.8494589542563896E-5
"7718,2878",2024-04-20,5.59832084336271E-5
"7723,2878",2024-04-20,5.7857286118216446E-5
"7728,2878",2024-04-20,5.253827070042943E-5
"7693,2883",2024-04-20,3.249116081746747E-5
"7698,2883",2024-04-20,3.86000328835366E-5
"7703,2883",2024-04-20,4.015673997739417E-5
"7708,2883",2024-04-20,4.906660774079212E-5
"7713,2883",2024-04-20,4.737552199626414E-5
"7718,2883",2024-04-20,4.741792940978833E-5
"7723,2883",2024-04-20,4.962790745582864E-5
"7703,2888",2024-04-20,3.928464502240328E-5
"7708,2888",2024-04-20,4.689812138148529E-5
"7713,2888",2024-04-20,4.6340750772068666E-5
"7718,2888",2024-04-20,5.115700228842373E-5
"7723,2888",2024-04-20,5.094270128429666E-5
"7708,2848",2024-04-21,9.309729189387408E-5
"7733,2848",2024-04-21,7.674604018503978E-5
"7688,2853",2024-04-21,4.029110674382629E-5
"7693,2853",2024-04-21,4.605815380514286E-5
"7698,2853",2024-04-21,7.20818145072107E-5
"7703,2853",2024-04-21,7.59104592738206E-5
"7708,2853",2024-04-21,7.891920588414278E-5
"7683,2858",2024-04-21,4.3940971771660356E-5
"7688,2858",2024-04-21,4.082393096335186E-5
"7693,2858",2024-04-21,4.799337745651255E-5
"7698,2858",2024-04-21,6.041348089704136E-5
"7703,2858",2024-04-21,6.416875732098209E-5
"7708,2858",2024-04-21,6.292838963750511E-5
"7713,2858",2024-04-21,6.292838872626849E-5
"7688,2863",2024-04-21,4.97442851150008E-5
"7693,2863",2024-04-21,4.838146682689373E-5
"7698,2863",2024-04-21,4.914865445553565E-5
"7703,2863",2024-04-21,5.728017004698661E-5
"7708,2863",2024-04-21,6.036394277149187E-5
"7713,2863",2024-04-21,6.28897846215602E-5
"7728,2863",2024-04-21,7.235943430678059E-5
"7733,2863",2024-04-21,6.792370277117588E-5
"7693,2868",2024-04-21,4.836117370277022E-5
"7698,2868",2024-04-21,4.941056678884529E-5
"7703,2868",2024-04-21,5.451923976204588E-5
"7708,2868",2024-04-21,6.006204181879582E-5
"7713,2868",2024-04-21,6.977824562216206E-5
"7718,2868",2024-04-21,4.9941500240148114E-5
"7723,2868",2024-04-21,5.2060385536980304E-5
"7728,2868",2024-04-21,7.187450748228471E-5
"7733,2868",2024-04-21,7.121903895936255E-5
"7693,2873",2024-04-21,4.729528212139051E-5
"7698,2873",2024-04-21,4.670528711844317E-5
"7703,2873",2024-04-21,4.7090319259163165E-5
"7708,2873",2024-04-21,6.139625164865698E-5
"7713,2873",2024-04-21,6.785597814578681E-5
"7718,2873",2024-04-21,4.803483395640416E-5
"7723,2873",2024-04-21,5.1029056963616084E-5
"7728,2873",2024-04-21,6.346918148208508E-5
"7733,2873",2024-04-21,5.95094765629859E-5
"7693,2878",2024-04-21,4.790160553669591E-5
"7698,2878",2024-04-21,5.391001706842144E-5
"7703,2878",2024-04-21,5.026769655719214E-5
"7708,2878",2024-04-21,5.146257456780835E-5
"7713,2878",2024-04-21,5.738884272108711E-5
"7718,2878",2024-04-21,5.448310888923516E-5
"7723,2878",2024-04-21,4.525731920419592E-5
"7728,2878",2024-04-21,4.70452432123321E-5
"7693,2883",2024-04-21,4.821181968364395E-5
"7698,2883",2024-04-21,4.7233328910083895E-5
"7703,2883",2024-04-21,5.0339843528577886E-5
"7708,2883",2024-04-21,4.443177087804842E-5
"7713,2883",2024-04-21,4.473960126434474E-5
"7718,2883",2024-04-21,5.288851843200408E-5
"7723,2883",2024-04-21,3.960500259778101E-5
"7703,2888",2024-04-21,4.8305531432015526E-5
"7708,2888",2024-04-21,5.423039314024269E-5
"7713,2888",2024-04-21,3.995347212706471E-5
"7718,2888",2024-04-21,4.124222953359331E-5
"7723,2888",2024-04-21,4.1272916569849695E-5
"7713,2843",2024-04-22,8.354789183552303E-5
"7718,2843",2024-04-22,9.508975487600734E-5
"7723,2843",2024-04-22,9.541821852627467E-5
"7708,2848",2024-04-22,8.379087973373418E-5
"7713,2848",2024-04-22,9.041112617332687E-5
"7718,2848",2024-04-22,9.621747345010874E-5
"7723,2848",2024-04-22,1.1822909275660967E-4
"7728,2848",2024-04-22,1.2896378860267945E-4
"7733,2848",2024-04-22,1.3250821158663435E-4
"7688,2853",2024-04-22,5.1455135420287446E-5
"7693,2853",2024-04-22,5.9012370672098853E-5
"7698,2853",2024-04-22,6.144886262485421E-5
"7703,2853",2024-04-22,7.65252439969166E-5
"7708,2853",2024-04-22,8.61031149048264E-5
"7713,2853",2024-04-22,9.276728287860352E-5
"7718,2853",2024-04-22,1.0064657745011602E-4
"7723,2853",2024-04-22,1.2131613415224362E-4
"7728,2853",2024-04-22,1.3204061790721215E-4
"7733,2853",2024-04-22,1.380350579999283E-4
"7683,2858",2024-04-22,4.415930833252018E-5
"7688,2858",2024-04-22,4.53114436591646E-5
"7693,2858",2024-04-22,6.1102738033972E-5
"7698,2858",2024-04-22,6.293489567259041E-5
"7703,2858",2024-04-22,7.26827921097439E-5
"7708,2858",2024-04-22,7.935532978009913E-5
"7713,2858",2024-04-22,7.658685365750963E-5
"7718,2858",2024-04-22,9.235257717701613E-5
"7723,2858",2024-04-22,1.0723074221052641E-4
"7728,2858",2024-04-22,1.1433080758062107E-4
"7733,2858",2024-04-22,1.2595236880256913E-4
"7688,2863",2024-04-22,4.2903775728803464E-5
"7693,2863",2024-04-22,4.833067729291983E-5
"7698,2863",2024-04-22,5.708247406299566E-5
"7703,2863",2024-04-22,5.798236349644982E-5
"7708,2863",2024-04-22,7.123759990193829E-5
"7713,2863",2024-04-22,7.926833732768568E-5
"7718,2863",2024-04-22,7.257085960340543E-5
"7723,2863",2024-04-22,9.540217762089655E-5
"7728,2863",2024-04-22,1.076255744378149E-4
"7733,2863",2024-04-22,1.074903399999831E-4
"7693,2868",2024-04-22,4.24969798399687E-5
"7698,2868",2024-04-22,5.850707675253425E-5
"7703,2868",2024-04-22,5.942953474918931E-5
"7708,2868",2024-04-22,6.397658497689227E-5
"7713,2868",2024-04-22,6.740179166737681E-5
"7718,2868",2024-04-22,6.164361485129525E-5
"7723,2868",2024-04-22,6.62058681454513E-5
"7728,2868",2024-04-22,8.546302629743435E-5
"7733,2868",2024-04-22,6.630639179418006E-5
"7693,2873",2024-04-22,4.388736898003823E-5
"7698,2873",2024-04-22,5.360313661940704E-5
"7703,2873",2024-04-22,6.067296833587351E-5
"7708,2873",2024-04-22,6.351958489899495E-5
"7713,2873",2024-04-22,6.265303720050171E-5
"7718,2873",2024-04-22,6.746630973391735E-5
"7723,2873",2024-04-22,6.492403937095882E-5
"7728,2873",2024-04-22,6.413869359973342E-5
"7733,2873",2024-04-22,5.4971549992685285E-5
"7693,2878",2024-04-22,4.815008342779914E-5
"7698,2878",2024-04-22,5.0843837789211995E-5
"7703,2878",2024-04-22,5.7334234639384904E-5
"7708,2878",2024-04-22,6.153521485517818E-5
"7713,2878",2024-04-22,4.5624971529466206E-5
"7718,2878",2024-04-22,5.3065841649227486E-5
"7723,2878",2024-04-22,5.1694932315012976E-5
"7728,2878",2024-04-22,5.039632824795194E-5
"7693,2883",2024-04-22,5.100724509816131E-5
"7698,2883",2024-04-22,5.042691847589059E-5
"7703,2883",2024-04-22,4.766477191731624E-5
"7708,2883",2024-04-22,4.587217647903665E-5
"7713,2883",2024-04-22,4.143072544810893E-5
"7718,2883",2024-04-22,5.3080193234741034E-5
"7723,2883",2024-04-22,5.282024280931822E-5
"7703,2888",2024-04-22,4.366207025389854E-5
"7708,2888",2024-04-22,4.499516442398095E-5
"7713,2888",2024-04-22,4.5538876729047146E-5
"7718,2888",2024-04-22,5.366995511753476E-5
"7723,2888",2024-04-22,4.60738926798105E-5
"7713,2843",2024-04-22,8.371598978814013E-5
"7718,2843",2024-04-22,8.371598958046467E-5
"7723,2843",2024-04-22,8.452040725516733E-5
"7708,2848",2024-04-22,7.315746964097017E-5
"7713,2848",2024-04-22,6.994751806419362E-5
"7718,2848",2024-04-22,6.995896834562711E-5
"7723,2848",2024-04-22,8.630719569809903E-5
"7728,2848",2024-04-22,8.8650537026858E-5
"7733,2848",2024-04-22,8.902287052261641E-5
"7688,2853",2024-04-22,5.8618731392908016E-5
"7693,2853",2024-04-22,5.629626470662871E-5
"7698,2853",2024-04-22,5.555993239974808E-5
"7703,2853",2024-04-22,5.5496159220009246E-5
"7708,2853",2024-04-22,7.445670267833465E-5
"7713,2853",2024-04-22,7.823971275572928E-5
"7718,2853",2024-04-22,7.907490151052733E-5
"7723,2853",2024-04-22,9.052168459234207E-5
"7728,2853",2024-04-22,9.101940923177679E-5
"7733,2853",2024-04-22,9.191102811026522E-5
"7683,2858",2024-04-22,5.733895947433316E-5
"7688,2858",2024-04-22,5.7171606716636274E-5
"7693,2858",2024-04-22,4.7785635778904835E-5
"7698,2858",2024-04-22,4.683285352197965E-5
"7703,2858",2024-04-22,4.7888041766660015E-5
"7708,2858",2024-04-22,7.181142470261777E-5
"7713,2858",2024-04-22,7.334391669297173E-5
"7718,2858",2024-04-22,7.697832060918922E-5
"7723,2858",2024-04-22,9.275334243851602E-5
"7728,2858",2024-04-22,9.277935009362286E-5
"7733,2858",2024-04-22,9.546846774667246E-5
"7688,2863",2024-04-22,5.0666632767777E-5
"7693,2863",2024-04-22,5.799302307259239E-5
"7698,2863",2024-04-22,5.810312644303491E-5
"7703,2863",2024-04-22,5.908708003293428E-5
"7708,2863",2024-04-22,6.52353531406109E-5
"7713,2863",2024-04-22,6.52944824107058E-5
"7718,2863",2024-04-22,7.609471776995132E-5
"7723,2863",2024-04-22,9.704537743057337E-5
"7728,2863",2024-04-22,9.700314169912485E-5
"7733,2863",2024-04-22,1.028921566296311E-4
"7693,2868",2024-04-22,5.5510979000168234E-5
"7698,2868",2024-04-22,5.549655419763349E-5
"7703,2868",2024-04-22,5.984777379592544E-5
"7708,2868",2024-04-22,7.028379646320748E-5
"7713,2868",2024-04-22,7.024061526893604E-5
"7718,2868",2024-04-22,7.730887367048803E-5
"7723,2868",2024-04-22,8.465580721144555E-5
"7728,2868",2024-04-22,8.45285181393451E-5
"7733,2868",2024-04-22,8.359612894173017E-5
"7693,2873",2024-04-22,4.917366411273683E-5
"7698,2873",2024-04-22,4.915041669352364E-5
"7703,2873",2024-04-22,5.2418185351757175E-5
"7708,2873",2024-04-22,5.635507361881968E-5
"7713,2873",2024-04-22,5.632364867774156E-5
"7718,2873",2024-04-22,5.909134150714413E-5
"7723,2873",2024-04-22,6.05816615275611E-5
"7728,2873",2024-04-22,6.051740025697635E-5
"7733,2873",2024-04-22,5.47806526120994E-5
"7693,2878",2024-04-22,4.004345168656121E-5
"7698,2878",2024-04-22,4.0016962944190475E-5
"7703,2878",2024-04-22,4.7669366319100264E-5
"7708,2878",2024-04-22,5.241432635608561E-5
"7713,2878",2024-04-22,5.2415202085573534E-5
"7718,2878",2024-04-22,5.429190529114896E-5
"7723,2878",2024-04-22,5.474558012978453E-5
"7728,2878",2024-04-22,5.4645108193049845E-5
"7693,2883",2024-04-22,3.172962493529196E-5
"7698,2883",2024-04-22,3.172254093646135E-5
"7703,2883",2024-04-22,4.743971532259474E-5
"7708,2883",2024-04-22,5.219755329085545E-5
"7713,2883",2024-04-22,5.221026585871236E-5
"7718,2883",2024-04-22,5.355003505369207E-5
"7723,2883",2024-04-22,5.3596909520083786E-5
"7703,2888",2024-04-22,4.1628452945605334E-5
"7708,2888",2024-04-22,4.1687624018659285E-5
"7713,2888",2024-04-22,4.1927865968478444E-5
"7718,2888",2024-04-22,4.400395249485502E-5
"7723,2888",2024-04-22,4.3993228769909826E-5
"7713,2843",2024-04-23,7.892628140053574E-5
"7718,2843",2024-04-23,8.143952045119836E-5
"7723,2843",2024-04-23,8.75568577909825E-5
"7708,2848",2024-04-23,7.43159412667084E-5
"7713,2848",2024-04-23,8.224291461998339E-5
"7718,2848",2024-04-23,8.937016535554633E-5
"7723,2848",2024-04-23,9.387204777494607E-5
"7728,2848",2024-04-23,1.0172555837808684E-4
"7733,2848",2024-04-23,1.317137060803211E-4
"7688,2853",2024-04-23,5.093202887468605E-5
"7693,2853",2024-04-23,5.0849637393830784E-5
"7698,2853",2024-04-23,5.416063736303826E-5
"7703,2853",2024-04-23,6.531578840944941E-5
"7708,2853",2024-04-23,7.745799954610547E-5
"7713,2853",2024-04-23,9.49426141225984E-5
"7718,2853",2024-04-23,1.08649414455586E-4
"7723,2853",2024-04-23,1.114055701654271E-4
"7728,2853",2024-04-23,1.1051735755299909E-4
"7733,2853",2024-04-23,1.1804885614434989E-4
"7683,2858",2024-04-23,5.133362628463179E-5
"7688,2858",2024-04-23,5.337565390941591E-5
"7693,2858",2024-04-23,5.570180030042949E-5
"7698,2858",2024-04-23,5.8642268209646995E-5
"7703,2858",2024-04-23,7.589615455323658E-5
"7708,2858",2024-04-23,9.32034165509659E-5
"7713,2858",2024-04-23,1.1262035005092438E-4
"7718,2858",2024-04-23,1.3066620342276177E-4
"7723,2858",2024-04-23,1.230472331480836E-4
"7728,2858",2024-04-23,1.1642757721143367E-4
"7733,2858",2024-04-23,1.0888668708275358E-4
"7688,2863",2024-04-23,5.571985097254185E-5
"7693,2863",2024-04-23,6.0614100896705907E-5
"7698,2863",2024-04-23,6.441985248061344E-5
"7703,2863",2024-04-23,7.832325999611726E-5
"7708,2863",2024-04-23,9.260640005502764E-5
"7713,2863",2024-04-23,1.0551394905778575E-4
"7718,2863",2024-04-23,1.2140578230561668E-4
"7723,2863",2024-04-23,1.1382030563018538E-4
"7728,2863",2024-04-23,1.0888240071235888E-4
"7733,2863",2024-04-23,1.0363884092132067E-4
"7693,2868",2024-04-23,6.507859192416428E-5
"7698,2868",2024-04-23,6.666692196263277E-5
"7703,2868",2024-04-23,7.058398879279967E-5
"7708,2868",2024-04-23,9.395733682096441E-5
"7713,2868",2024-04-23,1.0605936697906971E-4
"7718,2868",2024-04-23,1.1590927004574329E-4
"7723,2868",2024-04-23,1.0761487263900774E-4
"7728,2868",2024-04-23,9.49324038459454E-5
"7733,2868",2024-04-23,8.509519104342087E-5
"7693,2873",2024-04-23,6.838899740272784E-5
"7698,2873",2024-04-23,7.326644835063151E-5
"7703,2873",2024-04-23,8.24809195047514E-5
"7708,2873",2024-04-23,1.0751618703530365E-4
"7713,2873",2024-04-23,1.0856202304977629E-4
"7718,2873",2024-04-23,1.0664858952573265E-4
"7723,2873",2024-04-23,9.549901837749465E-5
"7728,2873",2024-04-23,8.514750900757611E-5
"7733,2873",2024-04-23,7.738357293539447E-5
"7693,2878",2024-04-23,7.465623564082337E-5
"7698,2878",2024-04-23,8.017699298873362E-5
"7703,2878",2024-04-23,8.409926069415936E-5
"7708,2878",2024-04-23,9.281925130173433E-5
"7713,2878",2024-04-23,9.290389320034787E-5
"7718,2878",2024-04-23,8.732080581216711E-5
"7723,2878",2024-04-23,7.770895976557564E-5
"7728,2878",2024-04-23,7.026022146057088E-5
"7693,2883",2024-04-23,6.254413504106087E-5
"7698,2883",2024-04-23,8.013054535035971E-5
"7703,2883",2024-04-23,8.508928993496507E-5
"7708,2883",2024-04-23,9.012875255590755E-5
"7713,2883",2024-04-23,8.848286495560348E-5
"7718,2883",2024-04-23,8.161998479854845E-5
"7723,2883",2024-04-23,7.44227305395791E-5
"7703,2888",2024-04-23,7.998466564876445E-5
"7708,2888",2024-04-23,8.666606238013253E-5
"7713,2888",2024-04-23,8.230278346124233E-5
"7718,2888",2024-04-23,8.087513064603673E-5
"7723,2888",2024-04-23,7.603013085064121E-5
"7713,2843",2024-04-24,1.2923299104416252E-4
"7718,2843",2024-04-24,1.131879828678354E-4
"7723,2843",2024-04-24,1.068229230552518E-4
"7708,2848",2024-04-24,1.2154663831321825E-4
"7713,2848",2024-04-24,1.33293564783074E-4
"7718,2848",2024-04-24,1.3821892315459341E-4
"7723,2848",2024-04-24,1.4173597176297313E-4
"7728,2848",2024-04-24,1.4375650652007616E-4
"7733,2848",2024-04-24,1.4297274295489788E-4
"7688,2853",2024-04-24,5.317854312654234E-5
"7693,2853",2024-04-24,6.171048534585818E-5
"7698,2853",2024-04-24,6.734149087289736E-5
"7703,2853",2024-04-24,7.972037209664439E-5
"7708,2853",2024-04-24,1.029087254017333E-4
"7713,2853",2024-04-24,1.3206759160430226E-4
"7718,2853",2024-04-24,1.54443398647329E-4
"7723,2853",2024-04-24,1.638251779392679E-4
"7728,2853",2024-04-24,1.6311605647611894E-4
"7733,2853",2024-04-24,1.792195876324354E-4
"7683,2858",2024-04-24,5.761215728306406E-5
"7688,2858",2024-04-24,5.822084549022633E-5
"7693,2858",2024-04-24,6.270625053417918E-5
"7698,2858",2024-04-24,6.205045919426386E-5
"7703,2858",2024-04-24,7.31842591978375E-5
"7708,2858",2024-04-24,1.0532759475541829E-4
"7713,2858",2024-04-24,1.3811546993310509E-4
"7718,2858",2024-04-24,1.4638426624249176E-4
"7723,2858",2024-04-24,1.468517006646796E-4
"7728,2858",2024-04-24,1.5145351422183326E-4
"7733,2858",2024-04-24,1.66080396497898E-4
"7688,2863",2024-04-24,6.40438653960358E-5
"7693,2863",2024-04-24,5.742261542231212E-5
"7698,2863",2024-04-24,6.410087111692111E-5
"7703,2863",2024-04-24,7.925349231956869E-5
"7708,2863",2024-04-24,9.586070526765203E-5
"7713,2863",2024-04-24,1.1737313272443663E-4
"7718,2863",2024-04-24,1.231505875651569E-4
"7723,2863",2024-04-24,1.2957701242877236E-4
"7728,2863",2024-04-24,1.346057492804283E-4
"7733,2863",2024-04-24,1.438960640275464E-4
"7693,2868",2024-04-24,5.9808323158506255E-5
"7698,2868",2024-04-24,7.384919904847635E-5
"7703,2868",2024-04-24,8.134614951749243E-5
"7708,2868",2024-04-24,9.019570444983518E-5
"7713,2868",2024-04-24,1.0193078550085759E-4
"7718,2868",2024-04-24,1.0643920129065635E-4
"7723,2868",2024-04-24,1.0953159942923637E-4
"7728,2868",2024-04-24,1.1063218757231916E-4
"7733,2868",2024-04-24,1.0325033306541585E-4
"7693,2873",2024-04-24,5.780876485665433E-5
"7698,2873",2024-04-24,7.414081356326478E-5
"7703,2873",2024-04-24,7.825391115503292E-5
"7708,2873",2024-04-24,8.233288733040818E-5
"7713,2873",2024-04-24,7.895215766447826E-5
"7718,2873",2024-04-24,8.199345357509354E-5
"7723,2873",2024-04-24,9.304148297649923E-5
"7728,2873",2024-04-24,9.885450090876274E-5
"7733,2873",2024-04-24,1.0030713312835446E-4
"7693,2878",2024-04-24,6.424204495835794E-5
"7698,2878",2024-04-24,7.606992316491537E-5
"7703,2878",2024-04-24,6.525698154450506E-5
"7708,2878",2024-04-24,7.2402069948154E-5
"7713,2878",2024-04-24,7.363114659686011E-5
"7718,2878",2024-04-24,7.956113708073262E-5
"7723,2878",2024-04-24,8.752954393608614E-5
"7728,2878",2024-04-24,8.250056972540077E-5
"7693,2883",2024-04-24,6.17607920145087E-5
"7698,2883",2024-04-24,6.486740564668443E-5
"7703,2883",2024-04-24,5.8933383669995933E-5
"7708,2883",2024-04-24,6.242115341824513E-5
"7713,2883",2024-04-24,7.030585426618664E-5
"7718,2883",2024-04-24,8.190249723659721E-5
"7723,2883",2024-04-24,7.492648908792304E-5
"7703,2888",2024-04-24,5.202991442510592E-5
"7708,2888",2024-04-24,6.642110982552578E-5
"7713,2888",2024-04-24,6.507332755071827E-5
"7718,2888",2024-04-24,6.892159719729625E-5
"7723,2888",2024-04-24,7.054824565099689E-5
"7713,2843",2024-04-25,9.347410793208823E-5
"7718,2843",2024-04-25,8.721822177745815E-5
"7723,2843",2024-04-25,9.494914470675113E-5
"7708,2848",2024-04-25,9.569834807820735E-5
"7713,2848",2024-04-25,9.856380510744292E-5
"7718,2848",2024-04-25,9.836957918650929E-5
"7723,2848",2024-04-25,1.0561781199091553E-4
"7728,2848",2024-04-25,1.0626745890390526E-4
"7733,2848",2024-04-25,1.3272172972823618E-4
"7688,2853",2024-04-25,5.203293636451698E-5
"7693,2853",2024-04-25,5.668746436974369E-5
"7698,2853",2024-04-25,6.60345090307959E-5
"7703,2853",2024-04-25,8.107253359442922E-5
"7708,2853",2024-04-25,9.794666964794541E-5
"7713,2853",2024-04-25,9.580321468255985E-5
"7718,2853",2024-04-25,9.905115526223662E-5
"7723,2853",2024-04-25,1.1756368101180114E-4
"7728,2853",2024-04-25,1.4327150180915105E-4
"7733,2853",2024-04-25,1.6688852569250466E-4
"7683,2858",2024-04-25,4.9664967706815746E-5
"7688,2858",2024-04-25,5.5031844510458664E-5
"7693,2858",2024-04-25,6.201619772635297E-5
"7698,2858",2024-04-25,6.440993564948768E-5
"7703,2858",2024-04-25,7.730918374396597E-5
"7708,2858",2024-04-25,8.256316825375995E-5
"7713,2858",2024-04-25,9.800334344141019E-5
"7718,2858",2024-04-25,1.161069730718675E-4
"7723,2858",2024-04-25,1.5104465908718581E-4
"7728,2858",2024-04-25,1.59200186420604E-4
"7733,2858",2024-04-25,1.6469455795032977E-4
"7688,2863",2024-04-25,6.192630613341384E-5
"7693,2863",2024-04-25,6.545978138117703E-5
"7698,2863",2024-04-25,6.923225648054366E-5
"7703,2863",2024-04-25,6.82123531760294E-5
"7708,2863",2024-04-25,8.511259122094561E-5
"7713,2863",2024-04-25,1.062083393026656E-4
"7718,2863",2024-04-25,1.1881997560227465E-4
"7723,2863",2024-04-25,1.2906507024853882E-4
"7728,2863",2024-04-25,1.4363728665889745E-4
"7733,2863",2024-04-25,1.4310847694117126E-4
"7693,2868",2024-04-25,6.51718608398048E-5
"7698,2868",2024-04-25,6.130539070773855E-5
"7703,2868",2024-04-25,7.608495202585489E-5
"7708,2868",2024-04-25,8.407554746796278E-5
"7713,2868",2024-04-25,9.560576150262185E-5
"7718,2868",2024-04-25,1.0713629809544216E-4
"7723,2868",2024-04-25,1.1760454463359757E-4
"7728,2868",2024-04-25,1.1938207158529782E-4
"7733,2868",2024-04-25,1.1434949450436543E-4
"7693,2873",2024-04-25,6.318776408704977E-5
"7698,2873",2024-04-25,6.417822399484456E-5
"7703,2873",2024-04-25,6.802173446228658E-5
"7708,2873",2024-04-25,7.572421782566635E-5
"7713,2873",2024-04-25,8.452007629931449E-5
"7718,2873",2024-04-25,8.851776709100003E-5
"7723,2873",2024-04-25,8.641421977725738E-5
"7728,2873",2024-04-25,8.30306565431989E-5
"7733,2873",2024-04-25,8.529690403655318E-5
"7693,2878",2024-04-25,5.83869917919814E-5
"7698,2878",2024-04-25,5.6448195417071514E-5
"7703,2878",2024-04-25,6.947082124562021E-5
"7708,2878",2024-04-25,7.143902872726862E-5
"7713,2878",2024-04-25,8.183459470106254E-5
"7718,2878",2024-04-25,8.939545338114528E-5
"7723,2878",2024-04-25,7.106300831258496E-5
"7728,2878",2024-04-25,7.03390567951545E-5
"7693,2883",2024-04-25,5.1375623018573284E-5
"7698,2883",2024-04-25,5.341283176047365E-5
"7703,2883",2024-04-25,5.966575720407741E-5
"7708,2883",2024-04-25,6.821432978943555E-5
"7713,2883",2024-04-25,6.946299745949009E-5
"7718,2883",2024-04-25,6.193975011688262E-5
"7723,2883",2024-04-25,6.172717724440024E-5
"7703,2888",2024-04-25,5.074848832593037E-5
"7708,2888",2024-04-25,5.4570673732405E-5
"7713,2888",2024-04-25,6.163797963519457E-5
"7718,2888",2024-04-25,5.5943931812513295E-5
"7723,2888",2024-04-25,5.518787853268334E-5
"7713,2843",2024-04-26,6.879739338823976E-5
"7718,2843",2024-04-26,5.881104884898888E-5
"7723,2843",2024-04-26,6.442055489870015E-5
"7708,2848",2024-04-26,1.0960981017856978E-4
"7713,2848",2024-04-26,9.625948023350331E-5
"7718,2848",2024-04-26,8.342337188712002E-5
"7723,2848",2024-04-26,8.618369268165529E-5
"7728,2848",2024-04-26,1.1275776109479493E-4
"7733,2848",2024-04-26,1.343635572717623E-4
"7688,2853",2024-04-26,5.7948790569822864E-5
"7693,2853",2024-04-26,6.87895233635069E-5
"7698,2853",2024-04-26,7.866035018915119E-5
"7703,2853",2024-04-26,1.0112717319851138E-4
"7708,2853",2024-04-26,1.2127643731072239E-4
"7713,2853",2024-04-26,1.3399383693346147E-4
"7718,2853",2024-04-26,1.2403275987578978E-4
"7723,2853",2024-04-26,1.3520557308217306E-4
"7728,2853",2024-04-26,1.3995825157935105E-4
"7733,2853",2024-04-26,1.5194547232308536E-4
"7683,2858",2024-04-26,7.446660342323541E-5
"7688,2858",2024-04-26,7.538200877257624E-5
"7693,2858",2024-04-26,8.349597772168672E-5
"7698,2858",2024-04-26,8.479079133246048E-5
"7703,2858",2024-04-26,9.645839956036932E-5
"7708,2858",2024-04-26,1.308036559510485E-4
"7713,2858",2024-04-26,1.4435327973115757E-4
"7718,2858",2024-04-26,1.4365729120862557E-4
"7723,2858",2024-04-26,1.7458165718582883E-4
"7728,2858",2024-04-26,1.7785654165475355E-4
"7733,2858",2024-04-26,1.6944404107328186E-4
"7688,2863",2024-04-26,7.44601839912475E-5
"7693,2863",2024-04-26,8.519111092741513E-5
"7698,2863",2024-04-26,9.758906986668404E-5
"7703,2863",2024-04-26,1.0579381595852005E-4
"7708,2863",2024-04-26,1.271609775400249E-4
"7713,2863",2024-04-26,1.3802453070289395E-4
"7718,2863",2024-04-26,1.457081000963336E-4
"7723,2863",2024-04-26,1.6806430100896346E-4
"7728,2863",2024-04-26,2.0108996012613043E-4
"7733,2863",2024-04-26,1.9519266887825867E-4
"7693,2868",2024-04-26,7.529194892705977E-5
"7698,2868",2024-04-26,7.767931612726514E-5
"7703,2868",2024-04-26,8.842392224846846E-5
"7708,2868",2024-04-26,1.0570966623361515E-4
"7713,2868",2024-04-26,1.149928483672127E-4
"7718,2868",2024-04-26,1.2580545877811486E-4
"7723,2868",2024-04-26,1.3925367527743457E-4
"7728,2868",2024-04-26,1.667840442244171E-4
"7733,2868",2024-04-26,1.6702475180874706E-4
"7693,2873",2024-04-26,6.819038851375957E-5
"7698,2873",2024-04-26,5.9766316173420924E-5
"7703,2873",2024-04-26,7.239095392989909E-5
"7708,2873",2024-04-26,8.412332022608494E-5
"7713,2873",2024-04-26,9.640741217399382E-5
"7718,2873",2024-04-26,1.0556099598591859E-4
"7723,2873",2024-04-26,1.0870949723863143E-4
"7728,2873",2024-04-26,1.0977320450110654E-4
"7733,2873",2024-04-26,1.1260570269171009E-4
"7693,2878",2024-04-26,5.861040828649834E-5
"7698,2878",2024-04-26,5.7988553484731715E-5
"7703,2878",2024-04-26,6.65092020121534E-5
"7708,2878",2024-04-26,8.169583347907529E-5
"7713,2878",2024-04-26,9.045965022965587E-5
"7718,2878",2024-04-26,9.563267823568588E-5
"7723,2878",2024-04-26,9.060023052956558E-5
"7728,2878",2024-04-26,8.561729119714885E-5
"7693,2883",2024-04-26,4.71769156769352E-5
"7698,2883",2024-04-26,4.951410680487779E-5
"7703,2883",2024-04-26,5.8050855519176696E-5
"7708,2883",2024-04-26,8.215488402135803E-5
"7713,2883",2024-04-26,8.702204336408678E-5
"7718,2883",2024-04-26,8.810526510523166E-5
"7723,2883",2024-04-26,8.00689569008275E-5
"7703,2888",2024-04-26,5.667503498525359E-5
"7708,2888",2024-04-26,6.353365297308348E-5
"7713,2888",2024-04-26,7.330882638500247E-5
"7718,2888",2024-04-26,7.352432158388109E-5
"7723,2888",2024-04-26,7.077460488446322E-5
"7713,2843",2024-04-27,7.276299762350177E-5
"7718,2843",2024-04-27,7.171803741110543E-5
"7723,2843",2024-04-27,7.649950053175108E-5
"7708,2848",2024-04-27,7.5477556147554E-5
"7713,2848",2024-04-27,7.487475794890946E-5
"7718,2848",2024-04-27,7.494730350472568E-5
"7723,2848",2024-04-27,9.415640301655115E-5
"7728,2848",2024-04-27,9.031941580135542E-5
"7733,2848",2024-04-27,8.635358967832676E-5
"7688,2853",2024-04-27,7.126836285310417E-5
"7693,2853",2024-04-27,5.4887556491857605E-5
"7698,2853",2024-04-27,5.680873192209642E-5
"7703,2853",2024-04-27,6.0619575413259145E-5
"7708,2853",2024-04-27,7.437850068925352E-5
"7713,2853",2024-04-27,7.843217969973126E-5
"7718,2853",2024-04-27,8.610292197279934E-5
"7723,2853",2024-04-27,1.0569406419338449E-4
"7728,2853",2024-04-27,1.0466365795585564E-4
"7733,2853",2024-04-27,1.0153920923890689E-4
"7683,2858",2024-04-27,7.561107166503341E-5
"7688,2858",2024-04-27,5.831953298900317E-5
"7693,2858",2024-04-27,5.060454100518569E-5
"7698,2858",2024-04-27,5.2395688886125074E-5
"7703,2858",2024-04-27,6.012485557293585E-5
"7708,2858",2024-04-27,6.713028091573634E-5
"7713,2858",2024-04-27,6.95215626627162E-5
"7718,2858",2024-04-27,8.968021287628059E-5
"7723,2858",2024-04-27,1.0021794666315332E-4
"7728,2858",2024-04-27,1.0315422762703615E-4
"7733,2858",2024-04-27,1.084774707695529E-4
"7688,2863",2024-04-27,5.2566346408514196E-5
"7693,2863",2024-04-27,4.9833504748198345E-5
"7698,2863",2024-04-27,4.877821932648179E-5
"7703,2863",2024-04-27,5.6967181071138605E-5
"7708,2863",2024-04-27,6.160036665900462E-5
"7713,2863",2024-04-27,6.755478184079889E-5
"7718,2863",2024-04-27,8.86201492547844E-5
"7723,2863",2024-04-27,9.107816221377077E-5
"7728,2863",2024-04-27,9.655254637489577E-5
"7733,2863",2024-04-27,1.0796552179697839E-4
"7693,2868",2024-04-27,5.227729295799199E-5
"7698,2868",2024-04-27,5.5612440875240485E-5
"7703,2868",2024-04-27,5.84427773584182E-5
"7708,2868",2024-04-27,5.554635860402965E-5
"7713,2868",2024-04-27,6.974540725865526E-5
"7718,2868",2024-04-27,8.460749009895755E-5
"7723,2868",2024-04-27,8.672736834181318E-5
"7728,2868",2024-04-27,8.2846308697816E-5
"7733,2868",2024-04-27,9.114921577752541E-5
"7693,2873",2024-04-27,5.0125408314581675E-5
"7698,2873",2024-04-27,5.313544685533475E-5
"7703,2873",2024-04-27,5.7551576314275164E-5
"7708,2873",2024-04-27,6.093403165008558E-5
"7713,2873",2024-04-27,6.754482918087014E-5
"7718,2873",2024-04-27,7.685432734943599E-5
"7723,2873",2024-04-27,7.955500789646222E-5
"7728,2873",2024-04-27,6.899922626477576E-5
"7733,2873",2024-04-27,6.969571325745623E-5
"7693,2878",2024-04-27,4.764002119192275E-5
"7698,2878",2024-04-27,5.11063676740318E-5
"7703,2878",2024-04-27,5.1579010625777875E-5
"7708,2878",2024-04-27,5.525191715815964E-5
"7713,2878",2024-04-27,6.147581782353772E-5
"7718,2878",2024-04-27,6.212726389122508E-5
"7723,2878",2024-04-27,6.740551631214855E-5
"7728,2878",2024-04-27,6.843170406807336E-5
"7693,2883",2024-04-27,4.9624829449048404E-5
"7698,2883",2024-04-27,5.1055437131283094E-5
"7703,2883",2024-04-27,5.0886594220686816E-5
"7708,2883",2024-04-27,5.632067341653714E-5
"7713,2883",2024-04-27,5.977415962793343E-5
"7718,2883",2024-04-27,6.0879604182314115E-5
"7723,2883",2024-04-27,6.345233193340454E-5
"7703,2888",2024-04-27,5.051029906186035E-5
"7708,2888",2024-04-27,5.1056338826879985E-5
"7713,2888",2024-04-27,5.53256967468879E-5
"7718,2888",2024-04-27,5.7198177776057733E-5
"7723,2888",2024-04-27,5.773006248938372E-5
"7713,2843",2024-04-27,7.306394245766833E-5
"7718,2843",2024-04-27,7.181574669649369E-5
"7723,2843",2024-04-27,7.182848563138097E-5
"7708,2848",2024-04-27,9.054764011359455E-5
"7713,2848",2024-04-27,7.944382111778564E-5
"7718,2848",2024-04-27,7.55408421389496E-5
"7723,2848",2024-04-27,7.591469525117201E-5
"7728,2848",2024-04-27,7.957479140215786E-5
"7733,2848",2024-04-27,9.34179438487496E-5
"7703,2853",2024-04-27,9.383988763603596E-5
"7708,2853",2024-04-27,9.37326319030845E-5
"7713,2853",2024-04-27,9.138272460059764E-5
"7718,2853",2024-04-27,9.144922420454748E-5
"7723,2853",2024-04-27,9.157097940078403E-5
"7728,2853",2024-04-27,9.19850516118846E-5
"7733,2853",2024-04-27,9.323355564083856E-5
"7708,2858",2024-04-27,9.430815224598027E-5
"7713,2858",2024-04-27,9.382614952582822E-5
"7718,2858",2024-04-27,9.297592949579549E-5
"7723,2858",2024-04-27,9.192395089548996E-5
"7728,2858",2024-04-27,9.225111982028298E-5
"7733,2858",2024-04-27,9.220492868370108E-5
"7698,2863",2024-04-27,8.29085555610758E-5
"7703,2863",2024-04-27,8.290855523022622E-5
"7708,2863",2024-04-27,8.567256468430531E-5
"7713,2863",2024-04-27,8.911813616147456E-5
"7718,2863",2024-04-27,8.529707375854057E-5
"7723,2863",2024-04-27,7.980742819382549E-5
"7728,2863",2024-04-27,8.422742034359868E-5
"7733,2863",2024-04-27,8.677246053790504E-5
"7693,2868",2024-04-27,5.195869702706659E-5
"7698,2868",2024-04-27,6.995719440281245E-5
"7703,2868",2024-04-27,7.36268192864465E-5
"7708,2868",2024-04-27,7.301427771447349E-5
"7713,2868",2024-04-27,7.207328038541329E-5
"7718,2868",2024-04-27,7.361529779915282E-5
"7723,2868",2024-04-27,7.449350364897618E-5
"7728,2868",2024-04-27,7.31083713114894E-5
"7733,2868",2024-04-27,7.296867387392661E-5
"7693,2873",2024-04-27,5.529516256611926E-5
"7698,2873",2024-04-27,5.58852133263437E-5
"7703,2873",2024-04-27,5.542134531712247E-5
"7708,2873",2024-04-27,5.73070877753336E-5
"7713,2873",2024-04-27,5.9249329054588076E-5
"7718,2873",2024-04-27,5.850753845640609E-5
"7723,2873",2024-04-27,5.825710812463519E-5
"7728,2873",2024-04-27,5.594500759923966E-5
"7733,2873",2024-04-27,5.540198439721806E-5
"7693,2878",2024-04-27,6.150224758831502E-5
"7698,2878",2024-04-27,5.9022725763833754E-5
"7703,2878",2024-04-27,5.4267530612982454E-5
"7708,2878",2024-04-27,5.521820325679904E-5
"7713,2878",2024-04-27,5.613183685287829E-5
"7718,2878",2024-04-27,5.051543917858268E-5
"7723,2878",2024-04-27,4.9131189152449394E-5
"7728,2878",2024-04-27,4.951572060659605E-5
"7693,2883",2024-04-27,6.408584254887315E-5
"7698,2883",2024-04-27,5.816377607983166E-5
"7703,2883",2024-04-27,5.2592272199914065E-5
"7708,2883",2024-04-27,5.3507271331098114E-5
"7703,2888",2024-04-27,5.328270226024944E-5
"7708,2888",2024-04-27,5.22744042525125E-5
"7713,2843",2024-04-28,8.932380920881061E-5
"7718,2843",2024-04-28,8.813343346709263E-5
"7723,2843",2024-04-28,8.723902249171628E-5
"7708,2848",2024-04-28,1.105957606425378E-4
"7713,2848",2024-04-28,1.137506578900623E-4
"7718,2848",2024-04-28,1.0872251679785934E-4
"7723,2848",2024-04-28,1.0551055314116709E-4
"7728,2848",2024-04-28,1.1666064365829425E-4
"7733,2848",2024-04-28,1.1830184979914195E-4
"7688,2853",2024-04-28,7.617114024645255E-5
"7693,2853",2024-04-28,7.418817182418338E-5
"7698,2853",2024-04-28,7.885631572337598E-5
"7703,2853",2024-04-28,8.896903212937808E-5
"7708,2853",2024-04-28,9.829889798171106E-5
"7713,2853",2024-04-28,1.0460001662247132E-4
"7718,2853",2024-04-28,1.0942247615306401E-4
"7723,2853",2024-04-28,1.1203778863004386E-4
"7728,2853",2024-04-28,1.3315952362217927E-4
"7733,2853",2024-04-28,1.3139616467932013E-4
"7683,2858",2024-04-28,7.949202874793303E-5
"7688,2858",2024-04-28,7.888637778410167E-5
"7693,2858",2024-04-28,7.844025861920792E-5
"7698,2858",2024-04-28,8.223683489368495E-5
"7703,2858",2024-04-28,8.679765477149381E-5
"7708,2858",2024-04-28,1.0549674623424335E-4
"7713,2858",2024-04-28,1.1120389898492204E-4
"7718,2858",2024-04-28,1.1074718224176217E-4
"7723,2858",2024-04-28,1.1159176586010578E-4
"7728,2858",2024-04-28,1.1315708649991986E-4
"7733,2858",2024-04-28,1.2130538936590301E-4
"7688,2863",2024-04-28,7.439107933239712E-5
"7693,2863",2024-04-28,7.443738266571704E-5
"7698,2863",2024-04-28,7.169199280158912E-5
"7703,2863",2024-04-28,7.14541443416837E-5
"7708,2863",2024-04-28,8.840535181846906E-5
"7713,2863",2024-04-28,9.11996048533134E-5
"7718,2863",2024-04-28,9.292720879366317E-5
"7723,2863",2024-04-28,9.963001713920707E-5
"7728,2863",2024-04-28,1.0954808470291382E-4
"7733,2863",2024-04-28,1.1259453120695695E-4
"7693,2868",2024-04-28,6.885992295197148E-5
"7698,2868",2024-04-28,7.181302891363503E-5
"7703,2868",2024-04-28,7.218362340749834E-5
"7708,2868",2024-04-28,7.40817767513009E-5
"7713,2868",2024-04-28,8.140200130970341E-5
"7718,2868",2024-04-28,9.39072459568948E-5
"7723,2868",2024-04-28,9.639318754759936E-5
"7728,2868",2024-04-28,9.827659470097287E-5
"7733,2868",2024-04-28,9.548546740142762E-5
"7693,2873",2024-04-28,6.918799359276641E-5
"7698,2873",2024-04-28,7.032486233217886E-5
"7703,2873",2024-04-28,7.170471947728908E-5
"7708,2873",2024-04-28,7.464997191341037E-5
"7713,2873",2024-04-28,7.845443932954122E-5
"7718,2873",2024-04-28,8.160488308122274E-5
"7723,2873",2024-04-28,8.480150839735246E-5
"7728,2873",2024-04-28,8.549979352582064E-5
"7733,2873",2024-04-28,7.822292601953213E-5
"7693,2878",2024-04-28,6.599932204705408E-5
"7698,2878",2024-04-28,6.554496671287865E-5
"7703,2878",2024-04-28,6.527254859005616E-5
"7718,2878",2024-04-28,8.15245161845295E-5
"7723,2878",2024-04-28,8.491476223840086E-5
"7728,2878",2024-04-28,8.490621807006494E-5
"7693,2883",2024-04-28,6.476863968501004E-5
"7698,2883",2024-04-28,6.37401132404872E-5
"7703,2883",2024-04-28,6.550976828759117E-5
"7703,2888",2024-04-28,5.339649493345175E-5
"7718,2888",2024-04-28,8.762121450372372E-5
"7723,2888",2024-04-28,8.762121474685164E-5
"7713,2843",2024-04-29,1.3463684891533282E-4
"7718,2843",2024-04-29,1.285311244429862E-4
"7723,2843",2024-04-29,1.2770362840523148E-4
"7708,2848",2024-04-29,1.768365761744666E-4
"7713,2848",2024-04-29,1.840826131944972E-4
"7718,2848",2024-04-29,1.9851380349235462E-4
"7723,2848",2024-04-29,1.8227082205324777E-4
"7728,2848",2024-04-29,2.00321209362009E-4
"7733,2848",2024-04-29,1.9463417680971504E-4
"7688,2853",2024-04-29,1.204275912334661E-4
"7693,2853",2024-04-29,1.0522587236025614E-4
"7698,2853",2024-04-29,1.0873444533484301E-4
"7703,2853",2024-04-29,1.440878486144748E-4
"7708,2853",2024-04-29,1.6783301989594193E-4
"7713,2853",2024-04-29,1.8668585683677118E-4
"7718,2853",2024-04-29,2.0861225889114862E-4
"7723,2853",2024-04-29,2.1126660360425799E-4
"7728,2853",2024-04-29,2.2141339207589917E-4
"7733,2853",2024-04-29,2.1809980533923554E-4
"7683,2858",2024-04-29,9.626922657150529E-5
"7688,2858",2024-04-29,1.0184399134135054E-4
"7693,2858",2024-04-29,1.0595630919566309E-4
"7698,2858",2024-04-29,1.1443700121183897E-4
"7703,2858",2024-04-29,1.3500266530804686E-4
"7708,2858",2024-04-29,1.6200715683121187E-4
"7713,2858",2024-04-29,1.8439283284970068E-4
"7718,2858",2024-04-29,1.9248115367456335E-4
"7723,2858",2024-04-29,1.7445238311714233E-4
"7728,2858",2024-04-29,1.705476474724388E-4
"7733,2858",2024-04-29,1.8931371986474486E-4
"7688,2863",2024-04-29,1.0974402395918339E-4
"7693,2863",2024-04-29,1.1183399916980672E-4
"7698,2863",2024-04-29,1.1012090233637627E-4
"7703,2863",2024-04-29,1.2317770905345276E-4
"7708,2863",2024-04-29,1.4573563009701154E-4
"7713,2863",2024-04-29,1.608604357476058E-4
"7718,2863",2024-04-29,1.662708202595909E-4
"7723,2863",2024-04-29,1.6091610925098935E-4
"7728,2863",2024-04-29,1.5483679578153368E-4
"7733,2863",2024-04-29,1.717857963566025E-4
"7693,2868",2024-04-29,9.94174202161312E-5
"7698,2868",2024-04-29,1.0395523374189349E-4
"7703,2868",2024-04-29,1.0772123579371452E-4
"7708,2868",2024-04-29,1.2999605869840758E-4
"7713,2868",2024-04-29,1.4657122929272529E-4
"7718,2868",2024-04-29,1.5867299311609446E-4
"7723,2868",2024-04-29,1.541969165734985E-4
"7728,2868",2024-04-29,1.3050478448520776E-4
"7733,2868",2024-04-29,1.3647501104344786E-4
"7693,2873",2024-04-29,9.48058674679932E-5
"7698,2873",2024-04-29,1.0200188596129498E-4
"7703,2873",2024-04-29,9.444597025898234E-5
"7708,2873",2024-04-29,1.1476661212802766E-4
"7713,2873",2024-04-29,1.3326503673709612E-4
"7718,2873",2024-04-29,1.3429963180730043E-4
"7723,2873",2024-04-29,1.1318880132167776E-4
"7728,2873",2024-04-29,1.0742364417383395E-4
"7733,2873",2024-04-29,1.0554566859835762E-4
"7693,2878",2024-04-29,1.0636850917819767E-4
"7698,2878",2024-04-29,9.971292436262477E-5
"7703,2878",2024-04-29,9.079107241069279E-5
"7708,2878",2024-04-29,9.670881861582168E-5
"7713,2878",2024-04-29,1.024031599419508E-4
"7718,2878",2024-04-29,1.0082181677989527E-4
"7723,2878",2024-04-29,9.249576902993316E-5
"7728,2878",2024-04-29,8.050234046426779E-5
"7693,2883",2024-04-29,9.61063885021222E-5
"7698,2883",2024-04-29,1.0176480860224813E-4
"7703,2883",2024-04-29,1.0137985434763594E-4
"7708,2883",2024-04-29,1.0443456634434551E-4
"7713,2883",2024-04-29,9.532309885977789E-5
"7718,2883",2024-04-29,7.568813228394316E-5
"7723,2883",2024-04-29,7.523558751844558E-5
"7703,2888",2024-04-29,1.0016532500110184E-4
"7708,2888",2024-04-29,1.072967340927486E-4
"7713,2888",2024-04-29,9.111118074306734E-5
"7718,2888",2024-04-29,6.600817582417493E-5
"7723,2888",2024-04-29,6.067596775473777E-5
"7713,2843",2024-04-30,9.419783190375237E-5
"7718,2843",2024-04-30,8.135946947339244E-5
"7723,2843",2024-04-30,7.642730231494428E-5
"7708,2848",2024-04-30,9.77074430326138E-5
"7713,2848",2024-04-30,9.950963734527675E-5
"7718,2848",2024-04-30,1.001559033932936E-4
"7723,2848",2024-04-30,9.936046090236803E-5
"7728,2848",2024-04-30,1.1543820578050638E-4
"7733,2848",2024-04-30,1.2959699990417156E-4
"7688,2853",2024-04-30,5.888611341973851E-5
"7693,2853",2024-04-30,6.437584174524201E-5
"7698,2853",2024-04-30,6.806745996845343E-5
"7703,2853",2024-04-30,8.121873967843795E-5
"7708,2853",2024-04-30,9.976635981169177E-5
"7713,2853",2024-04-30,1.2408976967237564E-4
"7718,2853",2024-04-30,1.2529351202289493E-4
"7723,2853",2024-04-30,1.2688329761234373E-4
"7728,2853",2024-04-30,1.43436772425879E-4
"7733,2853",2024-04-30,1.6654049921542186E-4
"7683,2858",2024-04-30,5.642285869114009E-5
"7688,2858",2024-04-30,6.131597410479496E-5
"7693,2858",2024-04-30,6.838031838711917E-5
"7698,2858",2024-04-30,7.04929563518977E-5
"7703,2858",2024-04-30,7.925349562735546E-5
"7708,2858",2024-04-30,9.692984893321052E-5
"7713,2858",2024-04-30,1.1525053147635886E-4
"7718,2858",2024-04-30,1.1877676886476301E-4
"7723,2858",2024-04-30,1.3955391295226372E-4
"7728,2858",2024-04-30,1.6410075409308692E-4
"7733,2858",2024-04-30,1.6218180358758378E-4
"7688,2863",2024-04-30,5.8533629092995304E-5
"7693,2863",2024-04-30,6.29888467475319E-5
"7698,2863",2024-04-30,6.779179745462018E-5
"7703,2863",2024-04-30,8.421805028988605E-5
"7708,2863",2024-04-30,9.943337432653856E-5
"7713,2863",2024-04-30,1.0900684040447297E-4
"7718,2863",2024-04-30,1.2708107796114123E-4
"7723,2863",2024-04-30,1.479686013523708E-4
"7728,2863",2024-04-30,1.66045220419336E-4
"7733,2863",2024-04-30,1.8009185829716862E-4
"7693,2868",2024-04-30,7.400062777604706E-5
"7698,2868",2024-04-30,8.092892554066427E-5
"7703,2868",2024-04-30,9.648643556019065E-5
"7708,2868",2024-04-30,1.0123490077711879E-4
"7713,2868",2024-04-30,1.1117088356729722E-4
"7718,2868",2024-04-30,1.2241412609819295E-4
"7723,2868",2024-04-30,1.4455660337441516E-4
"7728,2868",2024-04-30,1.445637297093421E-4
"7733,2868",2024-04-30,1.4385891713816168E-4
"7693,2873",2024-04-30,7.672133208956929E-5
"7698,2873",2024-04-30,7.950954835069746E-5
"7703,2873",2024-04-30,7.282850549403632E-5
"7708,2873",2024-04-30,8.297371478950412E-5
"7713,2873",2024-04-30,8.605596405902512E-5
"7718,2873",2024-04-30,1.0699905190383657E-4
"7723,2873",2024-04-30,1.1440704778457472E-4
"7728,2873",2024-04-30,1.0425428853564147E-4
"7733,2873",2024-04-30,9.361637830931373E-5
"7693,2878",2024-04-30,6.381295093015559E-5
"7698,2878",2024-04-30,5.993622378317664E-5
"7703,2878",2024-04-30,6.247890610518243E-5
"7708,2878",2024-04-30,7.355743235755269E-5
"7713,2878",2024-04-30,9.31333835493087E-5
"7718,2878",2024-04-30,9.168098460660303E-5
"7723,2878",2024-04-30,8.859777874305358E-5
"7728,2878",2024-04-30,7.216697045890506E-5
"7693,2883",2024-04-30,5.8990330366492866E-5
"7698,2883",2024-04-30,6.008028816173532E-5
"7703,2883",2024-04-30,6.606561802915507E-5
"7708,2883",2024-04-30,6.856065401825516E-5
"7713,2883",2024-04-30,8.114237137320305E-5
"7718,2883",2024-04-30,7.572620889408673E-5
"7723,2883",2024-04-30,7.8911575024534E-5
"7703,2888",2024-04-30,5.3057894475697155E-5
"7708,2888",2024-04-30,5.8985117390040395E-5
"7713,2888",2024-04-30,7.183689116479386E-5
"7718,2888",2024-04-30,7.269234480102771E-5
"7723,2888",2024-04-30,7.036514249381947E-5
"7713,2843",2024-05-01,7.341744430525646E-5
"7718,2843",2024-05-01,8.340806273410259E-5
"7723,2843",2024-05-01,8.44790929306539E-5
"7708,2848",2024-05-01,7.721317255010668E-5
"7713,2848",2024-05-01,8.137934235763037E-5
"7718,2848",2024-05-01,9.821078598372179E-5
"7723,2848",2024-05-01,1.1023394254080732E-4
"7728,2848",2024-05-01,1.1639623094054452E-4
"7733,2848",2024-05-01,1.3077012255996692E-4
"7688,2853",2024-05-01,5.32686715800249E-5
"7693,2853",2024-05-01,5.433295619564413E-5
"7698,2853",2024-05-01,6.0463910701000127E-5
"7703,2853",2024-05-01,6.723039726789254E-5
"7708,2853",2024-05-01,7.991873531391913E-5
"7713,2853",2024-05-01,8.795607973675382E-5
"7718,2853",2024-05-01,9.87961533958642E-5
"7723,2853",2024-05-01,1.1328898474569459E-4
"7728,2853",2024-05-01,1.2279360657163838E-4
"7733,2853",2024-05-01,1.3919674777186552E-4
"7683,2858",2024-05-01,6.310107906843934E-5
"7688,2858",2024-05-01,5.257829019278377E-5
"7693,2858",2024-05-01,5.1656113416462164E-5
"7698,2858",2024-05-01,5.400905468923561E-5
"7703,2858",2024-05-01,6.977088907582951E-5
"7708,2858",2024-05-01,8.052684284429114E-5
"7713,2858",2024-05-01,9.022410524085831E-5
"7718,2858",2024-05-01,1.0081401474774148E-4
"7723,2858",2024-05-01,1.1121514985031477E-4
"7728,2858",2024-05-01,1.2514994149191865E-4
"7733,2858",2024-05-01,1.404277222139837E-4
"7688,2863",2024-05-01,5.054557037428211E-5
"7693,2863",2024-05-01,5.618369211052782E-5
"7698,2863",2024-05-01,6.185151101748003E-5
"7703,2863",2024-05-01,6.401806065126199E-5
"7708,2863",2024-05-01,7.3869460726566E-5
"7713,2863",2024-05-01,7.879102865058936E-5
"7718,2863",2024-05-01,9.636486511192685E-5
"7723,2863",2024-05-01,1.0436352683113768E-4
"7728,2863",2024-05-01,1.2142949004696185E-4
"7733,2863",2024-05-01,1.2782905970108068E-4
"7693,2868",2024-05-01,6.072355595235977E-5
"7698,2868",2024-05-01,6.79767661406769E-5
"7703,2868",2024-05-01,6.351907991512312E-5
"7708,2868",2024-05-01,7.241862295097364E-5
"7713,2868",2024-05-01,8.919979918422255E-5
"7718,2868",2024-05-01,9.239913618129911E-5
"7723,2868",2024-05-01,9.146177576051664E-5
"7728,2868",2024-05-01,1.0932144527701522E-4
"7733,2868",2024-05-01,1.0854789941151441E-4
"7693,2873",2024-05-01,5.7253887006618955E-5
"7698,2873",2024-05-01,5.156894536617028E-5
"7703,2873",2024-05-01,5.60935137864675E-5
"7708,2873",2024-05-01,6.462991403877534E-5
"7713,2873",2024-05-01,7.31471031274547E-5
"7718,2873",2024-05-01,8.10563553737041E-5
"7723,2873",2024-05-01,8.290868665561731E-5
"7728,2873",2024-05-01,8.591766068041025E-5
"7733,2873",2024-05-01,8.688879349379404E-5
"7693,2878",2024-05-01,5.5492466228462836E-5
"7698,2878",2024-05-01,5.4834433401041906E-5
"7703,2878",2024-05-01,5.726144873671309E-5
"7708,2878",2024-05-01,6.530795533805369E-5
"7713,2878",2024-05-01,6.93769523905887E-5
"7718,2878",2024-05-01,8.32898605697609E-5
"7723,2878",2024-05-01,7.633582791740451E-5
"7728,2878",2024-05-01,7.386145985915651E-5
"7693,2883",2024-05-01,5.869915237847102E-5
"7698,2883",2024-05-01,4.957232549841806E-5
"7703,2883",2024-05-01,5.994279000189899E-5
"7708,2883",2024-05-01,6.427000839287055E-5
"7713,2883",2024-05-01,6.451160707973169E-5
"7718,2883",2024-05-01,8.023170333333351E-5
"7723,2883",2024-05-01,6.790614281332215E-5
"7703,2888",2024-05-01,6.401262970848754E-5
"7708,2888",2024-05-01,6.522537978916263E-5
"7713,2888",2024-05-01,6.5412157736172E-5
"7718,2888",2024-05-01,6.484503708480236E-5
"7723,2888",2024-05-01,5.9807791235095955E-5
"7713,2843",2024-05-02,1.0499469199388131E-4
"7718,2843",2024-05-02,1.145291474910008E-4
"7723,2843",2024-05-02,1.1698603409746265E-4
"7708,2848",2024-05-02,1.0212141908941404E-4
"7713,2848",2024-05-02,1.1008432328435715E-4
"7718,2848",2024-05-02,1.2238495378559032E-4
"7723,2848",2024-05-02,1.1899298578796993E-4
"7728,2848",2024-05-02,1.407101576572531E-4
"7733,2848",2024-05-02,1.4115688692880595E-4
"7688,2853",2024-05-02,8.179256016180361E-5
"7693,2853",2024-05-02,8.492483636331228E-5
"7698,2853",2024-05-02,8.827551121330041E-5
"7703,2853",2024-05-02,9.652350192555659E-5
"7708,2853",2024-05-02,9.937394408300578E-5
"7713,2853",2024-05-02,1.1770911663936611E-4
"7718,2853",2024-05-02,1.2872467875845603E-4
"7723,2853",2024-05-02,1.3303589103394497E-4
"7728,2853",2024-05-02,1.3943183440823757E-4
"7733,2853",2024-05-02,1.4006555640451335E-4
"7683,2858",2024-05-02,7.99278706700363E-5
"7688,2858",2024-05-02,7.768244296023648E-5
"7693,2858",2024-05-02,7.612043452312015E-5
"7698,2858",2024-05-02,8.221957261870746E-5
"7703,2858",2024-05-02,9.287299041647462E-5
"7708,2858",2024-05-02,9.445608368738263E-5
"7713,2858",2024-05-02,1.0551511637876557E-4
"7718,2858",2024-05-02,1.1852669905318029E-4
"7723,2858",2024-05-02,1.2993452975506507E-4
"7728,2858",2024-05-02,1.3402098407534616E-4
"7733,2858",2024-05-02,1.3129298859035726E-4
"7688,2863",2024-05-02,7.754453990879674E-5
"7693,2863",2024-05-02,7.764901727252608E-5
"7698,2863",2024-05-02,8.775533169633095E-5
"7703,2863",2024-05-02,9.050098184766164E-5
"7708,2863",2024-05-02,9.508771929755085E-5
"7713,2863",2024-05-02,9.907037523194667E-5
"7718,2863",2024-05-02,9.753078605992343E-5
"7723,2863",2024-05-02,1.0647366972187958E-4
"7728,2863",2024-05-02,1.1861129682939939E-4
"7733,2863",2024-05-02,1.080444794777815E-4
"7693,2868",2024-05-02,7.568507117322911E-5
"7698,2868",2024-05-02,7.750122962074721E-5
"7703,2868",2024-05-02,8.578556486955615E-5
"7708,2868",2024-05-02,8.521454090111849E-5
"7713,2868",2024-05-02,9.242683411015798E-5
"7718,2868",2024-05-02,9.324721494456913E-5
"7723,2868",2024-05-02,9.157608024163333E-5
"7728,2868",2024-05-02,9.31813584191049E-5
"7733,2868",2024-05-02,8.91643373366889E-5
"7693,2873",2024-05-02,7.11033872236605E-5
"7698,2873",2024-05-02,7.257744093557129E-5
"7703,2873",2024-05-02,7.125765136157954E-5
"7708,2873",2024-05-02,7.705696140689077E-5
"7713,2873",2024-05-02,7.922428873799095E-5
"7718,2873",2024-05-02,8.654759313689946E-5
"7723,2873",2024-05-02,8.734784706321062E-5
"7728,2873",2024-05-02,8.267331009587106E-5
"7733,2873",2024-05-02,8.18089232986077E-5
"7693,2878",2024-05-02,7.411649975785169E-5
"7698,2878",2024-05-02,7.544465880668594E-5
"7703,2878",2024-05-02,7.923915963156326E-5
"7708,2878",2024-05-02,7.99260632593297E-5
"7713,2878",2024-05-02,8.120641991859074E-5
"7718,2878",2024-05-02,9.010687231683418E-5
"7723,2878",2024-05-02,8.792435934198395E-5
"7728,2878",2024-05-02,8.121386749324458E-5
"7693,2883",2024-05-02,7.198891844420281E-5
"7698,2883",2024-05-02,7.297179371216959E-5
"7703,2883",2024-05-02,7.639092970364054E-5
"7708,2883",2024-05-02,7.90936642338802E-5
"7713,2883",2024-05-02,8.356854571822294E-5
"7718,2883",2024-05-02,8.787554179437306E-5
"7723,2883",2024-05-02,8.398454822930249E-5
"7703,2888",2024-05-02,6.6248237542994E-5
"7708,2888",2024-05-02,7.156552514370657E-5
"7713,2888",2024-05-02,6.59080009375325E-5
"7718,2888",2024-05-02,7.19008713623725E-5
"7723,2888",2024-05-02,7.296177732052347E-5
"7713,2843",2024-05-03,8.432778135250339E-5
"7718,2843",2024-05-03,8.803754910953327E-5
"7723,2843",2024-05-03,9.523824261545542E-5
"7708,2848",2024-05-03,7.821797235338307E-5
"7713,2848",2024-05-03,8.570364682325204E-5
"7718,2848",2024-05-03,8.85080149962334E-5
"7723,2848",2024-05-03,9.155188035628451E-5
"7728,2848",2024-05-03,8.870946118681174E-5
"7733,2848",2024-05-03,7.956976003713855E-5
"7688,2853",2024-05-03,4.9959631547671236E-5
"7693,2853",2024-05-03,5.397498320550346E-5
"7698,2853",2024-05-03,6.483398166236573E-5
"7703,2853",2024-05-03,6.486236179892879E-5
"7708,2853",2024-05-03,7.31262403134253E-5
"7713,2853",2024-05-03,7.45835247729982E-5
"7718,2853",2024-05-03,6.649736746814436E-5
"7723,2853",2024-05-03,6.299527343062427E-5
"7728,2853",2024-05-03,7.697162679917881E-5
"7733,2853",2024-05-03,9.450147785537812E-5
"7683,2858",2024-05-03,4.4163922767042936E-5
"7688,2858",2024-05-03,4.424025276025631E-5
"7693,2858",2024-05-03,4.996066619614703E-5
"7698,2858",2024-05-03,5.740444527435324E-5
"7703,2858",2024-05-03,5.827615549624787E-5
"7708,2858",2024-05-03,6.793685639557188E-5
"7713,2858",2024-05-03,6.822324505955623E-5
"7718,2858",2024-05-03,7.732543999498445E-5
"7723,2858",2024-05-03,7.862844476861913E-5
"7728,2858",2024-05-03,9.652166381154163E-5
"7733,2858",2024-05-03,1.0900355748843996E-4
"7688,2863",2024-05-03,4.400781831978125E-5
"7693,2863",2024-05-03,6.0688976693743595E-5
"7698,2863",2024-05-03,6.126945392212446E-5
"7703,2863",2024-05-03,6.473632710508332E-5
"7708,2863",2024-05-03,7.613165993462201E-5
"7713,2863",2024-05-03,7.710148515098322E-5
"7718,2863",2024-05-03,9.397499144038069E-5
"7723,2863",2024-05-03,9.455066268421957E-5
"7728,2863",2024-05-03,8.520103093815326E-5
"7733,2863",2024-05-03,8.297857583777866E-5
"7693,2868",2024-05-03,5.819552816478241E-5
"7698,2868",2024-05-03,5.812025759757063E-5
"7703,2868",2024-05-03,6.93436480005369E-5
"7708,2868",2024-05-03,8.614361088435854E-5
"7713,2868",2024-05-03,8.98756025230583E-5
"7718,2868",2024-05-03,1.0682956890646346E-4
"7723,2868",2024-05-03,1.0656638254250559E-4
"7728,2868",2024-05-03,9.067359189917833E-5
"7733,2868",2024-05-03,8.938837828443347E-5
"7693,2873",2024-05-03,7.073225451748176E-5
"7698,2873",2024-05-03,7.057806192485019E-5
"7703,2873",2024-05-03,8.012071095601116E-5
"7708,2873",2024-05-03,8.788819836727384E-5
"7713,2873",2024-05-03,8.808578430960512E-5
"7718,2873",2024-05-03,8.848580222431429E-5
"7723,2873",2024-05-03,8.352236496391645E-5
"7728,2873",2024-05-03,4.4600144184374326E-5
"7733,2873",2024-05-03,4.42578136778824E-5
"7693,2878",2024-05-03,8.169098284369307E-5
"7698,2878",2024-05-03,8.178601300911175E-5
"7703,2878",2024-05-03,6.905355583920198E-5
"7708,2878",2024-05-03,6.485059856299819E-5
"7713,2878",2024-05-03,6.564821559175419E-5
"7718,2878",2024-05-03,6.665044452098691E-5
"7723,2878",2024-05-03,6.055746361947715E-5
"7728,2878",2024-05-03,4.3118384203483294E-5
"7693,2883",2024-05-03,7.274086659874881E-5
"7698,2883",2024-05-03,7.274985145156329E-5
"7703,2883",2024-05-03,6.214429363884255E-5
"7708,2883",2024-05-03,6.11102528908424E-5
"7713,2883",2024-05-03,5.150507445078016E-5
"7718,2883",2024-05-03,4.717144849980991E-5
"7723,2883",2024-05-03,4.7100207422024855E-5
"7703,2888",2024-05-03,4.115055167996566E-5
"7708,2888",2024-05-03,4.120380433551614E-5
"7713,2888",2024-05-03,4.314665873754536E-5
"7718,2888",2024-05-03,4.653240451696998E-5
"7723,2888",2024-05-03,5.2164305762307716E-5
"7713,2843",2024-05-04,9.798123731946525E-5
"7718,2843",2024-05-04,9.583775159234065E-5
"7723,2843",2024-05-04,8.899105392539596E-5
"7708,2848",2024-05-04,1.101872794118739E-4
"7713,2848",2024-05-04,1.0474379414224571E-4
"7718,2848",2024-05-04,1.0471306402975887E-4
"7723,2848",2024-05-04,1.0925939147461528E-4
"7728,2848",2024-05-04,1.1441990447355067E-4
"7733,2848",2024-05-04,1.294423338028473E-4
"7688,2853",2024-05-04,1.356306491748093E-4
"7693,2853",2024-05-04,1.3065128577296204E-4
"7698,2853",2024-05-04,1.041816651615636E-4
"7703,2853",2024-05-04,9.683247602361886E-5
"7708,2853",2024-05-04,1.0023164921101272E-4
"7713,2853",2024-05-04,1.1885034113774616E-4
"7718,2853",2024-05-04,1.3026543397006254E-4
"7723,2853",2024-05-04,1.3074813883097374E-4
"7728,2853",2024-05-04,1.373588573881824E-4
"7733,2853",2024-05-04,1.6017749044767475E-4
"7683,2858",2024-05-04,1.3126025725828627E-4
"7688,2858",2024-05-04,1.4461485112569582E-4
"7693,2858",2024-05-04,1.169897228713454E-4
"7698,2858",2024-05-04,9.312174364500052E-5
"7703,2858",2024-05-04,9.313994124973338E-5
"7708,2858",2024-05-04,1.0129601024603034E-4
"7713,2858",2024-05-04,1.1157967651698437E-4
"7718,2858",2024-05-04,1.1524692861524392E-4
"7723,2858",2024-05-04,1.172674204495264E-4
"7728,2858",2024-05-04,1.2985902202229075E-4
"7733,2858",2024-05-04,1.5913206805497372E-4
"7688,2863",2024-05-04,1.3110281387191254E-4
"7693,2863",2024-05-04,1.0846164356011305E-4
"7698,2863",2024-05-04,9.909722999836099E-5
"7703,2863",2024-05-04,1.0057539614126978E-4
"7708,2863",2024-05-04,1.090883976056645E-4
"7713,2863",2024-05-04,1.462992457160644E-4
"7718,2863",2024-05-04,1.465035230601724E-4
"7723,2863",2024-05-04,1.2987869281553765E-4
"7728,2863",2024-05-04,1.5752720917499297E-4
"7733,2863",2024-05-04,1.6060598208072542E-4
"7693,2868",2024-05-04,1.2135066452802216E-4
"7698,2868",2024-05-04,1.212684588495405E-4
"7703,2868",2024-05-04,1.36638111704926E-4
"7708,2868",2024-05-04,1.6072293304162183E-4
"7713,2868",2024-05-04,1.6894096938387457E-4
"7718,2868",2024-05-04,1.5035936750544483E-4
"7723,2868",2024-05-04,1.4816210890222222E-4
"7728,2868",2024-05-04,1.8253160095687057E-4
"7733,2868",2024-05-04,1.5521185577449222E-4
"7693,2873",2024-05-04,1.3446328807063487E-4
"7698,2873",2024-05-04,1.2481420122191435E-4
"7703,2873",2024-05-04,1.3151114698580694E-4
"7708,2873",2024-05-04,1.364391689838232E-4
"7713,2873",2024-05-04,1.282788952467798E-4
"7718,2873",2024-05-04,1.2109531089898544E-4
"7723,2873",2024-05-04,1.5311541203938474E-4
"7728,2873",2024-05-04,1.225891509337794E-4
"7733,2873",2024-05-04,1.0697075192067869E-4
"7693,2878",2024-05-04,1.1714771961713786E-4
"7698,2878",2024-05-04,1.0915768938486477E-4
"7703,2878",2024-05-04,1.0016759615078433E-4
"7708,2878",2024-05-04,1.3392750163086987E-4
"7713,2878",2024-05-04,1.0519660219176004E-4
"7718,2878",2024-05-04,9.196984399342774E-5
"7728,2878",2024-05-04,1.0407217448566543E-4
"7693,2883",2024-05-04,9.510781060513118E-5
"7698,2883",2024-05-04,8.330903331701302E-5
"7703,2883",2024-05-04,1.1700692501744221E-4
"7708,2883",2024-05-04,1.3642213958633E-4
"7713,2883",2024-05-04,1.1224341726623216E-4
"7718,2883",2024-05-04,1.0452649853519656E-4
"7723,2883",2024-05-04,1.0696315433913645E-4
"7703,2888",2024-05-04,1.0787453462082545E-4
"7708,2888",2024-05-04,1.145721259106593E-4
"7713,2888",2024-05-04,1.0511450006607316E-4
"7718,2888",2024-05-04,1.0570937561485621E-4
"7723,2888",2024-05-04,9.140315847600408E-5
"7713,2843",2024-05-05,1.402706804693902E-4
"7718,2843",2024-05-05,1.2230960893097476E-4
"7723,2843",2024-05-05,1.213155541535105E-4
"7708,2848",2024-05-05,1.3029330985641095E-4
"7713,2848",2024-05-05,1.4132702055114408E-4
"7718,2848",2024-05-05,1.4069706302041594E-4
"7723,2848",2024-05-05,1.2218682486799881E-4
"7728,2848",2024-05-05,1.5389872851885375E-4
"7733,2848",2024-05-05,1.7429754134249886E-4
"7688,2853",2024-05-05,1.0469638511214728E-4
"7693,2853",2024-05-05,1.1606817123378723E-4
"7698,2853",2024-05-05,1.1730590102196677E-4
"7703,2853",2024-05-05,1.2004848301457402E-4
"7708,2853",2024-05-05,1.3217271469421514E-4
"7713,2853",2024-05-05,1.578930489757548E-4
"7718,2853",2024-05-05,1.4714868314133785E-4
"7723,2853",2024-05-05,1.4135132067719973E-4
"7728,2853",2024-05-05,1.6555659395520818E-4
"7733,2853",2024-05-05,1.6717391244516828E-4
"7683,2858",2024-05-05,1.0777276669556218E-4
"7688,2858",2024-05-05,1.100238681311451E-4
"7693,2858",2024-05-05,1.1982636498626223E-4
"7698,2858",2024-05-05,1.1828613252010657E-4
"7703,2858",2024-05-05,1.1042687209622746E-4
"7708,2858",2024-05-05,1.2608890881938046E-4
"7713,2858",2024-05-05,1.3922824458190928E-4
"7718,2858",2024-05-05,1.350035299941677E-4
"7723,2858",2024-05-05,1.4639267695736177E-4
"7728,2858",2024-05-05,1.5781350493920235E-4
"7733,2858",2024-05-05,1.5765471302861049E-4
"7688,2863",2024-05-05,1.0954066628127684E-4
"7693,2863",2024-05-05,1.1802545302971828E-4
"7698,2863",2024-05-05,1.1489275990279864E-4
"7703,2863",2024-05-05,1.0663412784304877E-4
"7708,2863",2024-05-05,1.4188623229682425E-4
"7713,2863",2024-05-05,1.299514729200455E-4
"7718,2863",2024-05-05,1.3510740430426997E-4
"7723,2863",2024-05-05,1.4593040124260756E-4
"7728,2863",2024-05-05,1.5418147013232996E-4
"7733,2863",2024-05-05,1.4501358205624035E-4
"7693,2868",2024-05-05,1.2149541058232788E-4
"7698,2868",2024-05-05,1.083721385678287E-4
"7703,2868",2024-05-05,1.0922532594533578E-4
"7708,2868",2024-05-05,1.1345750536074309E-4
"7713,2868",2024-05-05,1.1944282110491388E-4
"7718,2868",2024-05-05,1.265673534307606E-4
"7723,2868",2024-05-05,1.387003449588187E-4
"7728,2868",2024-05-05,1.3253227749616072E-4
"7733,2868",2024-05-05,1.1498175041348308E-4
"7693,2873",2024-05-05,1.0959386407118786E-4
"7698,2873",2024-05-05,9.360871699410492E-5
"7703,2873",2024-05-05,9.457630827739982E-5
"7708,2873",2024-05-05,9.556366038942571E-5
"7713,2873",2024-05-05,1.1039455984520368E-4
"7718,2873",2024-05-05,1.1198476890677152E-4
"7723,2873",2024-05-05,1.1859146491073945E-4
"7728,2873",2024-05-05,1.1248782520466184E-4
"7733,2873",2024-05-05,1.0065208255360687E-4
"7693,2878",2024-05-05,9.981545953935658E-5
"7698,2878",2024-05-05,9.108578186535679E-5
"7703,2878",2024-05-05,9.291644967769165E-5
"7708,2878",2024-05-05,9.967871376730561E-5
"7713,2878",2024-05-05,1.0757218851895246E-4
"7718,2878",2024-05-05,1.0366113572414581E-4
"7723,2878",2024-05-05,1.1554085881118288E-4
"7728,2878",2024-05-05,1.0331100353254947E-4
"7693,2883",2024-05-05,1.0516836564776241E-4
"7698,2883",2024-05-05,9.125985741626437E-5
"7703,2883",2024-05-05,1.0182308646602365E-4
"7708,2883",2024-05-05,9.815420328186123E-5
"7713,2883",2024-05-05,1.0760389312575293E-4
"7718,2883",2024-05-05,1.02862276562268E-4
"7723,2883",2024-05-05,1.0782873388595026E-4
"7703,2888",2024-05-05,8.40116692402125E-5
"7708,2888",2024-05-05,9.297396342648309E-5
"7713,2888",2024-05-05,1.0875893943879934E-4
"7718,2888",2024-05-05,1.0418490659194551E-4
"7723,2888",2024-05-05,1.0204525198175106E-4
"7713,2843",2024-05-06,1.2081381971292388E-4
"7718,2843",2024-05-06,1.2418038291295703E-4
"7723,2843",2024-05-06,1.3395746430416435E-4
"7708,2848",2024-05-06,1.2524312418140776E-4
"7713,2848",2024-05-06,1.3051381473449126E-4
"7718,2848",2024-05-06,1.2829540340547952E-4
"7723,2848",2024-05-06,1.2656625257575523E-4
"7728,2848",2024-05-06,1.3295058564979792E-4
"7733,2848",2024-05-06,1.5863974591898714E-4
"7688,2853",2024-05-06,9.080801969874306E-5
"7693,2853",2024-05-06,8.454876250888227E-5
"7698,2853",2024-05-06,9.240841511927293E-5
"7703,2853",2024-05-06,1.0893911227395215E-4
"7708,2853",2024-05-06,1.173787434561104E-4
"7713,2853",2024-05-06,1.1739815919696077E-4
"7718,2853",2024-05-06,1.235876087638932E-4
"7723,2853",2024-05-06,1.4094631828355078E-4
"7728,2853",2024-05-06,1.6417604649759737E-4
"7733,2853",2024-05-06,1.744208046575205E-4
"7683,2858",2024-05-06,1.0134295310770464E-4
"7688,2858",2024-05-06,9.63898138409975E-5
"7693,2858",2024-05-06,9.44658672487933E-5
"7698,2858",2024-05-06,9.1690260090129E-5
"7703,2858",2024-05-06,1.1500040075194114E-4
"7708,2858",2024-05-06,1.173266071504391E-4
"7713,2858",2024-05-06,1.1460366936922601E-4
"7718,2858",2024-05-06,1.2013569442008834E-4
"7723,2858",2024-05-06,1.5194913049232798E-4
"7728,2858",2024-05-06,1.8909482208203597E-4
"7733,2858",2024-05-06,1.6991164214939344E-4
"7688,2863",2024-05-06,1.0183134760086588E-4
"7693,2863",2024-05-06,1.0053322477602128E-4
"7698,2863",2024-05-06,1.0587884324547237E-4
"7703,2863",2024-05-06,1.0941325909255345E-4
"7708,2863",2024-05-06,1.0874385360807952E-4
"7713,2863",2024-05-06,1.1305038746811845E-4
"7718,2863",2024-05-06,1.3028125698041462E-4
"7723,2863",2024-05-06,1.4034460242339517E-4
"7728,2863",2024-05-06,1.5160563022517892E-4
"7733,2863",2024-05-06,1.4289167252563907E-4
"7693,2868",2024-05-06,9.239050606419718E-5
"7698,2868",2024-05-06,9.140355769809333E-5
"7703,2868",2024-05-06,9.983776447776776E-5
"7708,2868",2024-05-06,1.1374434210458625E-4
"7713,2868",2024-05-06,1.238527877706281E-4
"7718,2868",2024-05-06,1.2961373174258023E-4
"7723,2868",2024-05-06,1.348267616514359E-4
"7728,2868",2024-05-06,1.1973457201884448E-4
"7733,2868",2024-05-06,1.1489085590982975E-4
"7693,2873",2024-05-06,9.399123811169546E-5
"7698,2873",2024-05-06,9.450286171145574E-5
"7703,2873",2024-05-06,1.045299124573183E-4
"7708,2873",2024-05-06,1.1368337046252192E-4
"7713,2873",2024-05-06,1.1421175882302135E-4
"7718,2873",2024-05-06,1.0994638628830944E-4
"7723,2873",2024-05-06,1.0649394074815883E-4
"7728,2873",2024-05-06,9.132749475171564E-5
"7733,2873",2024-05-06,9.448476120737759E-5
"7693,2878",2024-05-06,8.504894448324564E-5
"7698,2878",2024-05-06,9.905032151883198E-5
"7703,2878",2024-05-06,9.616515981500223E-5
"7708,2878",2024-05-06,1.0179676947715761E-4
"7713,2878",2024-05-06,1.0401306501889346E-4
"7718,2878",2024-05-06,9.415269803309301E-5
"7723,2878",2024-05-06,8.977889735320607E-5
"7728,2878",2024-05-06,8.867976098546657E-5
"7693,2883",2024-05-06,8.937783543803494E-5
"7698,2883",2024-05-06,9.240179654356507E-5
"7703,2883",2024-05-06,9.889715936045624E-5
"7708,2883",2024-05-06,1.041278009903131E-4
"7713,2883",2024-05-06,9.374535924883545E-5
"7718,2883",2024-05-06,8.644372648918508E-5
"7723,2883",2024-05-06,8.781463724549457E-5
"7703,2888",2024-05-06,9.195569503777947E-5
"7708,2888",2024-05-06,8.395692277525564E-5
"7713,2888",2024-05-06,8.536724774946872E-5
"7718,2888",2024-05-06,9.843686871334515E-5
"7723,2888",2024-05-06,9.534594934914463E-5
"7713,2843",2024-05-07,1.9257785891435095E-4
"7718,2843",2024-05-07,1.858012590069338E-4
"7723,2843",2024-05-07,1.781815566181074E-4
"7708,2848",2024-05-07,1.9977250515501162E-4
"7713,2848",2024-05-07,2.0936693630454618E-4
"7718,2848",2024-05-07,1.812628772050053E-4
"7723,2848",2024-05-07,1.619047188588729E-4
"7728,2848",2024-05-07,1.2166775207527775E-4
"7733,2848",2024-05-07,1.1002326062264097E-4
"7688,2853",2024-05-07,1.429566506056617E-4
"7693,2853",2024-05-07,1.6019246865110084E-4
"7698,2853",2024-05-07,1.8798164388027634E-4
"7703,2853",2024-05-07,2.1398093713035133E-4
"7708,2853",2024-05-07,2.612985187969788E-4
"7713,2853",2024-05-07,2.498662279951582E-4
"7718,2853",2024-05-07,1.9777437797129636E-4
"7723,2853",2024-05-07,1.757771650257498E-4
"7728,2853",2024-05-07,1.2883470962649586E-4
"7733,2853",2024-05-07,1.2107323558499709E-4
"7683,2858",2024-05-07,1.1917261337014468E-4
"7688,2858",2024-05-07,1.474828983845419E-4
"7693,2858",2024-05-07,1.5362102998041192E-4
"7698,2858",2024-05-07,1.7482954118233055E-4
"7703,2858",2024-05-07,1.9307327756103192E-4
"7708,2858",2024-05-07,2.6101698650215393E-4
"7713,2858",2024-05-07,2.662559275247308E-4
"7718,2858",2024-05-07,2.3751669881746004E-4
"7723,2858",2024-05-07,1.9636250397883924E-4
"7728,2858",2024-05-07,1.6058242818895875E-4
"7733,2858",2024-05-07,1.4576751440976968E-4
"7688,2863",2024-05-07,1.5138785772621867E-4
"7693,2863",2024-05-07,1.5619327374473218E-4
"7698,2863",2024-05-07,1.6512595695358516E-4
"7703,2863",2024-05-07,2.1341679726098213E-4
"7708,2863",2024-05-07,2.5893063571652287E-4
"7713,2863",2024-05-07,2.8844835253380967E-4
"7718,2863",2024-05-07,2.906574342345656E-4
"7723,2863",2024-05-07,2.054187307301221E-4
"7728,2863",2024-05-07,1.873060639738859E-4
"7733,2863",2024-05-07,1.737225138832832E-4
"7693,2868",2024-05-07,2.1940609685840347E-4
"7698,2868",2024-05-07,1.9642801617449331E-4
"7703,2868",2024-05-07,2.5471656105565576E-4
"7708,2868",2024-05-07,2.6731487993523155E-4
"7713,2868",2024-05-07,2.973069754628216E-4
"7718,2868",2024-05-07,2.8231054509391664E-4
"7723,2868",2024-05-07,1.992067771678926E-4
"7728,2868",2024-05-07,2.0028389272563785E-4
"7733,2868",2024-05-07,1.9969576145601584E-4
"7693,2873",2024-05-07,2.3126751284870053E-4
"7698,2873",2024-05-07,2.4870610156401454E-4
"7703,2873",2024-05-07,2.6974440067308226E-4
"7708,2873",2024-05-07,2.5631689395134896E-4
"7713,2873",2024-05-07,2.522218376763064E-4
"7718,2873",2024-05-07,2.1160435481135491E-4
"7723,2873",2024-05-07,1.860562808198405E-4
"7728,2873",2024-05-07,1.7166917030760374E-4
"7733,2873",2024-05-07,1.7125542994395117E-4
"7693,2878",2024-05-07,2.0972126478061446E-4
"7698,2878",2024-05-07,2.4051878466770717E-4
"7703,2878",2024-05-07,2.6221122698549397E-4
"7708,2878",2024-05-07,2.1377892123580875E-4
"7713,2878",2024-05-07,2.1068881160911498E-4
"7718,2878",2024-05-07,1.606156871591409E-4
"7723,2878",2024-05-07,1.5647212592874695E-4
"7728,2878",2024-05-07,1.294718609754132E-4
"7693,2883",2024-05-07,2.026743696733523E-4
"7698,2883",2024-05-07,2.1546470991459758E-4
"7703,2883",2024-05-07,2.1925045281276254E-4
"7708,2883",2024-05-07,1.7490046399168426E-4
"7713,2883",2024-05-07,1.598585064548399E-4
"7718,2883",2024-05-07,1.3306766065713865E-4
"7723,2883",2024-05-07,1.2046659538112097E-4
"7703,2888",2024-05-07,1.744453208845173E-4
"7708,2888",2024-05-07,1.61002284272712E-4
"7713,2888",2024-05-07,1.3283753354112097E-4
"7718,2888",2024-05-07,1.1951865546264037E-4
"7723,2888",2024-05-07,8.327843782577157E-5
"7713,2843",2024-05-08,7.517335167076261E-5
"7718,2843",2024-05-08,7.60315304592055E-5
"7723,2843",2024-05-08,8.571987465054541E-5
"7708,2848",2024-05-08,8.424219924940975E-5
"7713,2848",2024-05-08,8.029764872946267E-5
"7718,2848",2024-05-08,7.813387810597685E-5
"7723,2848",2024-05-08,7.099636107936868E-5
"7728,2848",2024-05-08,6.305230734078984E-5
"7733,2848",2024-05-08,6.779980767197274E-5
"7688,2853",2024-05-08,9.39998177438082E-5
"7693,2853",2024-05-08,9.811464343464254E-5
"7698,2853",2024-05-08,1.138908217089299E-4
"7703,2853",2024-05-08,1.0567272753598098E-4
"7708,2853",2024-05-08,9.552389898890707E-5
"7713,2853",2024-05-08,9.373382985444945E-5
"7718,2853",2024-05-08,9.089738231550341E-5
"7723,2853",2024-05-08,8.685676552335584E-5
"7728,2853",2024-05-08,7.856149537616749E-5
"7733,2853",2024-05-08,7.751581840097689E-5
"7683,2858",2024-05-08,1.0688729485920095E-4
"7688,2858",2024-05-08,9.762285569609262E-5
"7693,2858",2024-05-08,1.1171926944437535E-4
"7698,2858",2024-05-08,1.2417989366605853E-4
"7703,2858",2024-05-08,1.2044136984844701E-4
"7708,2858",2024-05-08,1.0819998478404924E-4
"7713,2858",2024-05-08,1.0619314199749503E-4
"7718,2858",2024-05-08,1.0547441382845768E-4
"7723,2858",2024-05-08,1.2654527269314654E-4
"7728,2858",2024-05-08,1.12500957054193E-4
"7733,2858",2024-05-08,9.24117632561737E-5
"7688,2863",2024-05-08,1.253508275907653E-4
"7693,2863",2024-05-08,1.2010636065937531E-4
"7698,2863",2024-05-08,1.2018626341801286E-4
"7703,2863",2024-05-08,1.3508567274727522E-4
"7708,2863",2024-05-08,1.3654862731936828E-4
"7713,2863",2024-05-08,1.429127626777967E-4
"7718,2863",2024-05-08,1.3183190683771506E-4
"7723,2863",2024-05-08,1.415708100899999E-4
"7728,2863",2024-05-08,1.3736074392063684E-4
"7733,2863",2024-05-08,1.4032273274803487E-4
"7693,2868",2024-05-08,1.297081736533571E-4
"7698,2868",2024-05-08,1.2606597724828871E-4
"7703,2868",2024-05-08,1.3253549558172166E-4
"7708,2868",2024-05-08,1.3910184223066868E-4
"7713,2868",2024-05-08,1.4563567455206264E-4
"7718,2868",2024-05-08,1.4182005959585667E-4
"7723,2868",2024-05-08,1.3787786824490269E-4
"7728,2868",2024-05-08,1.1678521310424591E-4
"7733,2868",2024-05-08,1.1230663842616856E-4
"7693,2873",2024-05-08,1.2619113170472704E-4
"7698,2873",2024-05-08,1.1660500184055867E-4
"7703,2873",2024-05-08,1.1687691100327757E-4
"7708,2873",2024-05-08,1.1194871772281618E-4
"7713,2873",2024-05-08,1.173293005852877E-4
"7718,2873",2024-05-08,1.0190871369568804E-4
"7723,2873",2024-05-08,9.756826627001642E-5
"7728,2873",2024-05-08,8.413167315268889E-5
"7733,2873",2024-05-08,8.313775478362693E-5
"7693,2878",2024-05-08,1.0374316067827881E-4
"7698,2878",2024-05-08,1.0022171349016055E-4
"7703,2878",2024-05-08,1.0376435439246323E-4
"7708,2878",2024-05-08,1.003793417147803E-4
"7713,2878",2024-05-08,9.465122349399679E-5
"7718,2878",2024-05-08,9.407115979607576E-5
"7723,2878",2024-05-08,8.141706874529195E-5
"7728,2878",2024-05-08,7.671215369912304E-5
"7693,2883",2024-05-08,9.177114724348E-5
"7698,2883",2024-05-08,9.067408889603248E-5
"7703,2883",2024-05-08,8.593791194597906E-5
"7708,2883",2024-05-08,8.722985419776413E-5
"7713,2883",2024-05-08,7.922488882740095E-5
"7718,2883",2024-05-08,7.878832485563786E-5
"7723,2883",2024-05-08,7.659523514797449E-5
"7703,2888",2024-05-08,8.649679081807759E-5
"7708,2888",2024-05-08,7.538139447626559E-5
"7713,2888",2024-05-08,6.873633197783978E-5
"7718,2888",2024-05-08,6.118192401730177E-5
"7723,2888",2024-05-08,6.533616078142756E-5
"7713,2843",2024-05-08,6.82811876151365E-5
"7718,2843",2024-05-08,6.831167405042725E-5
"7723,2843",2024-05-08,6.535938954188755E-5
"7708,2848",2024-05-08,7.616858863529436E-5
"7713,2848",2024-05-08,7.272506787425673E-5
"7718,2848",2024-05-08,7.272036434544843E-5
"7723,2848",2024-05-08,6.547489556541019E-5
"7728,2848",2024-05-08,5.854364534287743E-5
"7733,2848",2024-05-08,5.8579954394278054E-5
"7688,2853",2024-05-08,7.710037243493324E-5
"7693,2853",2024-05-08,7.799125800077556E-5
"7698,2853",2024-05-08,7.890630377142787E-5
"7703,2853",2024-05-08,7.893980535065495E-5
"7708,2853",2024-05-08,7.739408000004124E-5
"7713,2853",2024-05-08,7.578611562597717E-5
"7718,2853",2024-05-08,7.582649915717213E-5
"7723,2853",2024-05-08,7.224234310606146E-5
"7728,2853",2024-05-08,7.035641440866392E-5
"7733,2853",2024-05-08,7.045306183936532E-5
"7683,2858",2024-05-08,8.218117932115605E-5
"7688,2858",2024-05-08,8.218946415292559E-5
"7693,2858",2024-05-08,8.869358167766107E-5
"7698,2858",2024-05-08,9.329581505009345E-5
"7703,2858",2024-05-08,9.333684408810586E-5
"7708,2858",2024-05-08,8.958946578098622E-5
"7713,2858",2024-05-08,8.745692879076404E-5
"7718,2858",2024-05-08,8.751101111428078E-5
"7723,2858",2024-05-08,8.338299695330173E-5
"7728,2858",2024-05-08,8.280127723573271E-5
"7733,2858",2024-05-08,8.255324447067593E-5
"7688,2863",2024-05-08,9.009417725741711E-5
"7693,2863",2024-05-08,9.670008302913499E-5
"7698,2863",2024-05-08,9.965310508329197E-5
"7703,2863",2024-05-08,9.963505213866817E-5
"7708,2863",2024-05-08,9.858660862039191E-5
"7713,2863",2024-05-08,9.801435834387855E-5
"7718,2863",2024-05-08,9.815975538903926E-5
"7723,2863",2024-05-08,9.65101148055138E-5
"7728,2863",2024-05-08,9.636796150241734E-5
"7733,2863",2024-05-08,9.66525301458048E-5
"7693,2868",2024-05-08,1.048852063636206E-4
"7698,2868",2024-05-08,1.061838009300979E-4
"7703,2868",2024-05-08,1.064412955089897E-4
"7708,2868",2024-05-08,1.1282050958038839E-4
"7713,2868",2024-05-08,1.134463120264598E-4
"7718,2868",2024-05-08,1.153593615413614E-4
"7723,2868",2024-05-08,1.2510116950895163E-4
"7728,2868",2024-05-08,1.2530345228120614E-4
"7733,2868",2024-05-08,1.258508331517472E-4
"7693,2873",2024-05-08,1.1580217385289828E-4
"7698,2873",2024-05-08,1.1666574118263725E-4
"7703,2873",2024-05-08,1.1860748833170973E-4
"7708,2873",2024-05-08,1.3231121550053796E-4
"7713,2873",2024-05-08,1.3246233942839066E-4
"7718,2873",2024-05-08,1.3174991029339368E-4
"7723,2873",2024-05-08,1.3189951130255197E-4
"7728,2873",2024-05-08,1.3179291363121207E-4
"7733,2873",2024-05-08,1.2578051933200392E-4
"7693,2878",2024-05-08,1.1333933071471217E-4
"7698,2878",2024-05-08,1.1332740797703987E-4
"7703,2878",2024-05-08,1.1455224172616897E-4
"7708,2878",2024-05-08,1.2034076409155126E-4
"7713,2878",2024-05-08,1.201870061513046E-4
"7718,2878",2024-05-08,1.1215624324280806E-4
"7723,2878",2024-05-08,1.027311583247423E-4
"7728,2878",2024-05-08,1.0250933870778853E-4
"7693,2883",2024-05-08,9.342433379299263E-5
"7698,2883",2024-05-08,9.332400684303779E-5
"7703,2883",2024-05-08,9.132891588194272E-5
"7708,2883",2024-05-08,8.835683483401013E-5
"7713,2883",2024-05-08,8.821832677349107E-5
"7718,2883",2024-05-08,7.721111275002007E-5
"7723,2883",2024-05-08,7.012283272683965E-5
"7703,2888",2024-05-08,7.182573485870649E-5
"7708,2888",2024-05-08,6.929168919662216E-5
"7713,2888",2024-05-08,6.923977805990728E-5
"7718,2888",2024-05-08,6.257921258870463E-5
"7723,2888",2024-05-08,6.023512250614759E-5
"7713,2843",2024-05-09,6.142953040420321E-5
"7718,2843",2024-05-09,7.083461812095695E-5
"7723,2843",2024-05-09,7.086804815844495E-5
"7708,2848",2024-05-09,6.855084645811074E-5
"7713,2848",2024-05-09,6.669658493728664E-5
"7718,2848",2024-05-09,6.318551917638726E-5
"7723,2848",2024-05-09,5.062141434085423E-5
"7728,2848",2024-05-09,5.394738602142012E-5
"7733,2848",2024-05-09,5.47398247225953E-5
"7688,2853",2024-05-09,6.198203344940207E-5
"7693,2853",2024-05-09,7.034397418470248E-5
"7698,2853",2024-05-09,7.79393992466063E-5
"7703,2853",2024-05-09,8.104110318158846E-5
"7708,2853",2024-05-09,7.447509119381923E-5
"7713,2853",2024-05-09,7.356928951637456E-5
"7718,2853",2024-05-09,7.086110651018877E-5
"7723,2853",2024-05-09,6.818050941424363E-5
"7728,2853",2024-05-09,6.799663786905574E-5
"7733,2853",2024-05-09,6.749734814556302E-5
"7683,2858",2024-05-09,6.51763782448766E-5
"7688,2858",2024-05-09,6.508015635539327E-5
"7693,2858",2024-05-09,6.744970283577716E-5
"7698,2858",2024-05-09,8.017553049581974E-5
"7703,2858",2024-05-09,8.602964701831018E-5
"7708,2858",2024-05-09,9.29531115833277E-5
"7713,2858",2024-05-09,9.901634714766163E-5
"7718,2858",2024-05-09,9.49571374533207E-5
"7723,2858",2024-05-09,9.172894042144434E-5
"7728,2858",2024-05-09,9.23132992955959E-5
"7733,2858",2024-05-09,9.080981857595747E-5
"7688,2863",2024-05-09,7.565155215393194E-5
"7693,2863",2024-05-09,7.89032974235378E-5
"7698,2863",2024-05-09,9.102137882665106E-5
"7703,2863",2024-05-09,1.0038828584685613E-4
"7708,2863",2024-05-09,1.096680612178817E-4
"7713,2863",2024-05-09,1.1577409107333902E-4
"7718,2863",2024-05-09,1.0834040121559502E-4
"7723,2863",2024-05-09,1.0282342869751377E-4
"7728,2863",2024-05-09,9.644616840827709E-5
"7733,2863",2024-05-09,9.269218130890871E-5
"7693,2868",2024-05-09,9.145940317281007E-5
"7698,2868",2024-05-09,9.526737105733316E-5
"7703,2868",2024-05-09,1.0890785235380884E-4
"7708,2868",2024-05-09,1.1668804668872699E-4
"7713,2868",2024-05-09,1.2531415619688918E-4
"7718,2868",2024-05-09,1.1747246671320307E-4
"7723,2868",2024-05-09,1.148633027858472E-4
"7728,2868",2024-05-09,1.1277756538632034E-4
"7733,2868",2024-05-09,1.0658723011147118E-4
"7693,2873",2024-05-09,9.57043696923416E-5
"7698,2873",2024-05-09,9.562439354944843E-5
"7703,2873",2024-05-09,1.1704363247648851E-4
"7708,2873",2024-05-09,1.2456786909450365E-4
"7713,2873",2024-05-09,1.2713425380746283E-4
"7718,2873",2024-05-09,1.2104216716324184E-4
"7723,2873",2024-05-09,1.203625174951983E-4
"7728,2873",2024-05-09,1.262186516441781E-4
"7733,2873",2024-05-09,1.4142072593379917E-4
"7693,2878",2024-05-09,9.388952975915422E-5
"7698,2878",2024-05-09,9.824210710268307E-5
"7703,2878",2024-05-09,1.1000371652540862E-4
"7708,2878",2024-05-09,1.134815586276493E-4
"7713,2878",2024-05-09,1.1314846391780376E-4
"7718,2878",2024-05-09,1.0994207310909705E-4
"7723,2878",2024-05-09,1.271250467531843E-4
"7728,2878",2024-05-09,1.2991997967734775E-4
"7693,2883",2024-05-09,9.353301593014613E-5
"7698,2883",2024-05-09,9.833562464903675E-5
"7703,2883",2024-05-09,1.066495281387902E-4
"7708,2883",2024-05-09,1.0620884352543935E-4
"7713,2883",2024-05-09,1.0520024832330465E-4
"7718,2883",2024-05-09,1.0510697192612704E-4
"7723,2883",2024-05-09,1.1009784605973854E-4
"7703,2888",2024-05-09,1.0048342163365969E-4
"7708,2888",2024-05-09,1.0399707505253564E-4
"7713,2888",2024-05-09,9.475228899024558E-5
"7718,2888",2024-05-09,8.548744390162796E-5
"7723,2888",2024-05-09,7.074569705533202E-5
"7713,2843",2024-05-10,7.536751671036765E-5
"7718,2843",2024-05-10,7.745514980468863E-5
"7723,2843",2024-05-10,7.340828005113396E-5
"7708,2848",2024-05-10,7.564768069008808E-5
"7713,2848",2024-05-10,7.901425843361301E-5
"7718,2848",2024-05-10,8.310095667267953E-5
"7723,2848",2024-05-10,7.56137686585854E-5
"7728,2848",2024-05-10,8.065545473339893E-5
"7733,2848",2024-05-10,7.601622713859184E-5
"7688,2853",2024-05-10,6.0702468961274716E-5
"7693,2853",2024-05-10,7.108089809108572E-5
"7698,2853",2024-05-10,8.223952682678799E-5
"7703,2853",2024-05-10,9.179897490915285E-5
"7708,2853",2024-05-10,1.0083058599747989E-4
"7713,2853",2024-05-10,9.15340682479976E-5
"7718,2853",2024-05-10,9.410947183837052E-5
"7723,2853",2024-05-10,9.124467539988287E-5
"7728,2853",2024-05-10,8.642386633152718E-5
"7733,2853",2024-05-10,7.991428624610666E-5
"7683,2858",2024-05-10,6.677143705892726E-5
"7688,2858",2024-05-10,6.970382507875504E-5
"7693,2858",2024-05-10,8.090115531813572E-5
"7698,2858",2024-05-10,9.192816257261431E-5
"7703,2858",2024-05-10,1.080647473572854E-4
"7708,2858",2024-05-10,1.1972905002788654E-4
"7713,2858",2024-05-10,1.1838452997552416E-4
"7718,2858",2024-05-10,1.1661235577813017E-4
"7723,2858",2024-05-10,1.0460272360335773E-4
"7728,2858",2024-05-10,9.921313590706812E-5
"7733,2858",2024-05-10,9.439096282929512E-5
"7688,2863",2024-05-10,8.249441174303962E-5
"7693,2863",2024-05-10,9.421326808577316E-5
"7698,2863",2024-05-10,1.0739642017371642E-4
"7703,2863",2024-05-10,1.2151616587160812E-4
"7708,2863",2024-05-10,1.2639659571294433E-4
"7713,2863",2024-05-10,1.1976149133098308E-4
"7718,2863",2024-05-10,1.1715362995883183E-4
"7723,2863",2024-05-10,1.191294492655103E-4
"7728,2863",2024-05-10,1.165288095813521E-4
"7733,2863",2024-05-10,1.1208888266745875E-4
"7693,2868",2024-05-10,9.887170703175524E-5
"7698,2868",2024-05-10,1.0810297257582867E-4
"7703,2868",2024-05-10,1.201468692582339E-4
"7708,2868",2024-05-10,1.248548806792619E-4
"7713,2868",2024-05-10,1.3358167275134145E-4
"7718,2868",2024-05-10,1.3676418578774575E-4
"7723,2868",2024-05-10,1.3152094968058023E-4
"7728,2868",2024-05-10,1.2974000141518474E-4
"7733,2868",2024-05-10,1.517302413906528E-4
"7693,2873",2024-05-10,9.603921611051713E-5
"7698,2873",2024-05-10,9.869260549379303E-5
"7703,2873",2024-05-10,1.1125678594119416E-4
"7708,2873",2024-05-10,1.2708162034798766E-4
"7713,2873",2024-05-10,1.402427192350516E-4
"7718,2873",2024-05-10,1.299711566017958E-4
"7723,2873",2024-05-10,1.344707270909581E-4
"7728,2873",2024-05-10,1.5170748771669475E-4
"7733,2873",2024-05-10,1.7678642509480732E-4
"7693,2878",2024-05-10,9.24034892156265E-5
"7698,2878",2024-05-10,9.870823682330801E-5
"7703,2878",2024-05-10,1.0381870322276894E-4
"7708,2878",2024-05-10,1.0795949251177041E-4
"7713,2878",2024-05-10,1.1247893581188812E-4
"7718,2878",2024-05-10,1.2173505744317524E-4
"7723,2878",2024-05-10,1.3472688007802713E-4
"7728,2878",2024-05-10,1.3419462375404922E-4
"7693,2883",2024-05-10,9.235861694905662E-5
"7698,2883",2024-05-10,1.0284341876548872E-4
"7703,2883",2024-05-10,1.0041363001355667E-4
"7708,2883",2024-05-10,1.0050872613469245E-4
"7713,2883",2024-05-10,1.113892304314329E-4
"7718,2883",2024-05-10,1.1796265807568407E-4
"7723,2883",2024-05-10,1.0534064462401616E-4
"7703,2888",2024-05-10,8.581145020649949E-5
"7708,2888",2024-05-10,9.300719300338886E-5
"7713,2888",2024-05-10,1.0149756831762039E-4
"7718,2888",2024-05-10,9.285371267738258E-5
"7723,2888",2024-05-10,7.423437965289508E-5
"7713,2843",2024-05-11,1.100219033382603E-4
"7718,2843",2024-05-11,1.1293732272075102E-4
"7723,2843",2024-05-11,1.0513469768626316E-4
"7708,2848",2024-05-11,1.511160778565357E-4
"7713,2848",2024-05-11,1.710748991134046E-4
"7718,2848",2024-05-11,1.4214739037134375E-4
"7723,2848",2024-05-11,1.402876358913781E-4
"7728,2848",2024-05-11,1.6485960773813407E-4
"7733,2848",2024-05-11,1.4390895474987458E-4
"7688,2853",2024-05-11,7.198326166705653E-5
"7693,2853",2024-05-11,8.722267818694496E-5
"7698,2853",2024-05-11,9.97268820076585E-5
"7703,2853",2024-05-11,1.317907679205771E-4
"7708,2853",2024-05-11,1.5655410147862647E-4
"7713,2853",2024-05-11,1.6067119139005596E-4
"7718,2853",2024-05-11,1.759320950747881E-4
"7723,2853",2024-05-11,1.8613019712274863E-4
"7728,2853",2024-05-11,1.881708487230483E-4
"7733,2853",2024-05-11,1.62639903763613E-4
"7683,2858",2024-05-11,7.816703040920274E-5
"7688,2858",2024-05-11,7.044392630954376E-5
"7693,2858",2024-05-11,8.163468217245349E-5
"7698,2858",2024-05-11,1.0295784008226704E-4
"7703,2858",2024-05-11,1.1912264318390433E-4
"7708,2858",2024-05-11,1.4042502015173096E-4
"7713,2858",2024-05-11,1.4546556119588518E-4
"7718,2858",2024-05-11,1.8815948517935912E-4
"7723,2858",2024-05-11,2.0221454307404516E-4
"7728,2858",2024-05-11,1.8563061454964207E-4
"7733,2858",2024-05-11,1.847226540662984E-4
"7688,2863",2024-05-11,9.357451263017503E-5
"7693,2863",2024-05-11,8.31953358593601E-5
"7698,2863",2024-05-11,1.0520250399597148E-4
"7703,2863",2024-05-11,1.2029435387743911E-4
"7708,2863",2024-05-11,1.501489647716917E-4
"7713,2863",2024-05-11,1.7080754549659845E-4
"7718,2863",2024-05-11,1.8955184014967833E-4
"7723,2863",2024-05-11,1.788865891621548E-4
"7728,2863",2024-05-11,1.5833559043472927E-4
"7733,2863",2024-05-11,1.5502415006110604E-4
"7693,2868",2024-05-11,1.1712044532349881E-4
"7698,2868",2024-05-11,9.903790207775434E-5
"7703,2868",2024-05-11,1.2269540482051102E-4
"7708,2868",2024-05-11,1.635597794227042E-4
"7713,2868",2024-05-11,1.764133232551746E-4
"7718,2868",2024-05-11,1.5711385443443302E-4
"7723,2868",2024-05-11,1.4403742534125879E-4
"7728,2868",2024-05-11,1.3635186068478234E-4
"7733,2868",2024-05-11,1.1979000454295117E-4
"7693,2873",2024-05-11,1.2221546101425556E-4
"7698,2873",2024-05-11,1.0362880859026947E-4
"7703,2873",2024-05-11,1.1987760453134395E-4
"7708,2873",2024-05-11,1.5173281464516235E-4
"7713,2873",2024-05-11,1.405322441688804E-4
"7718,2873",2024-05-11,1.1389554634323761E-4
"7723,2873",2024-05-11,1.0154856150195355E-4
"7728,2873",2024-05-11,1.2997690280445656E-4
"7733,2873",2024-05-11,9.6027404997956E-5
"7693,2878",2024-05-11,1.1267714236204322E-4
"7698,2878",2024-05-11,1.1152894109996004E-4
"7703,2878",2024-05-11,1.1691257975078486E-4
"7708,2878",2024-05-11,1.3314729172815543E-4
"7713,2878",2024-05-11,1.2862480054736959E-4
"7718,2878",2024-05-11,8.753019045717774E-5
"7723,2878",2024-05-11,7.741793019149995E-5
"7728,2878",2024-05-11,1.0178728736331024E-4
"7693,2883",2024-05-11,1.1136579821471854E-4
"7698,2883",2024-05-11,1.2572367458924363E-4
"7703,2883",2024-05-11,1.3255211308668355E-4
"7708,2883",2024-05-11,1.4058128318978702E-4
"7713,2883",2024-05-11,1.3554743172435223E-4
"7718,2883",2024-05-11,8.73900878590341E-5
"7723,2883",2024-05-11,6.597867085385582E-5
"7703,2888",2024-05-11,1.2107782582984222E-4
"7708,2888",2024-05-11,1.3083399607256185E-4
"7713,2888",2024-05-11,1.2785033662606233E-4
"7718,2888",2024-05-11,8.698371886331853E-5
"7723,2888",2024-05-11,7.756359563318831E-5
"7713,2843",2024-05-12,8.869520238867748E-5
"7718,2843",2024-05-12,9.447630827753392E-5
"7723,2843",2024-05-12,1.321881003401944E-4
"7708,2848",2024-05-12,1.1250671269033731E-4
"7713,2848",2024-05-12,9.822961944469335E-5
"7718,2848",2024-05-12,9.379584882682681E-5
"7723,2848",2024-05-12,1.2887238301532923E-4
"7728,2848",2024-05-12,1.3888901658492403E-4
"7733,2848",2024-05-12,1.3962962400929912E-4
"7693,2853",2024-05-12,1.1336762446231703E-4
"7698,2853",2024-05-12,1.203446027673787E-4
"7703,2853",2024-05-12,1.1771416730646375E-4
"7708,2853",2024-05-12,1.1907367791092938E-4
"7713,2853",2024-05-12,1.040193401258594E-4
"7718,2853",2024-05-12,1.0220844317683858E-4
"7723,2853",2024-05-12,1.0488629075570322E-4
"7728,2853",2024-05-12,1.0873936664172592E-4
"7733,2853",2024-05-12,1.1714378427498644E-4
"7683,2858",2024-05-12,1.0108761674287546E-4
"7688,2858",2024-05-12,1.0108762195854027E-4
"7693,2858",2024-05-12,1.0314407138312677E-4
"7698,2858",2024-05-12,1.0285006040209914E-4
"7703,2858",2024-05-12,1.1525376240830096E-4
"7708,2858",2024-05-12,1.0964442694289289E-4
"7713,2858",2024-05-12,1.0195789822434321E-4
"7718,2858",2024-05-12,1.093664509894827E-4
"7723,2858",2024-05-12,1.1522678747652517E-4
"7728,2858",2024-05-12,1.147949698401143E-4
"7733,2858",2024-05-12,1.241743955748764E-4
"7688,2863",2024-05-12,1.0164193696478775E-4
"7693,2863",2024-05-12,1.0921940206728207E-4
"7698,2863",2024-05-12,1.1914433140635937E-4
"7703,2863",2024-05-12,1.3323919611488584E-4
"7708,2863",2024-05-12,1.247845753947146E-4
"7713,2863",2024-05-12,1.16581252686305E-4
"7718,2863",2024-05-12,1.3716047080419865E-4
"7723,2863",2024-05-12,1.221905709016204E-4
"7728,2863",2024-05-12,1.2856287527155001E-4
"7733,2863",2024-05-12,1.47143716820688E-4
"7693,2868",2024-05-12,7.780542110777707E-5
"7698,2868",2024-05-12,9.297152424437324E-5
"7703,2868",2024-05-12,1.2729372664022163E-4
"7708,2868",2024-05-12,1.4687841762732763E-4
"7713,2868",2024-05-12,1.4764044095435578E-4
"7718,2868",2024-05-12,1.630719826869972E-4
"7723,2868",2024-05-12,1.5236619561236813E-4
"7728,2868",2024-05-12,1.5236923734544372E-4
"7733,2868",2024-05-12,1.5896870614094823E-4
"7693,2873",2024-05-12,8.882029423332475E-5
"7698,2873",2024-05-12,1.006282189671677E-4
"7703,2873",2024-05-12,1.1340274222240619E-4
"7708,2873",2024-05-12,1.3531670937640827E-4
"7713,2873",2024-05-12,1.3918632805830474E-4
"7718,2873",2024-05-12,1.2181529798765143E-4
"7723,2873",2024-05-12,1.2823285802985993E-4
"7728,2873",2024-05-12,1.2891587927629086E-4
"7733,2873",2024-05-12,1.337028456193608E-4
"7693,2878",2024-05-12,7.42538732561801E-5
"7698,2878",2024-05-12,9.122731985835444E-5
"7703,2878",2024-05-12,1.1527491722702341E-4
"7708,2878",2024-05-12,1.3659031750672376E-4
"7713,2878",2024-05-12,1.7501730932182444E-4
"7718,2878",2024-05-12,1.2598307335379366E-4
"7723,2878",2024-05-12,1.064970843961281E-4
"7728,2878",2024-05-12,1.0197010386688493E-4
"7693,2883",2024-05-12,8.109299796864704E-5
"7698,2883",2024-05-12,8.687772439241407E-5
"7703,2883",2024-05-12,1.1926029260829521E-4
"7708,2883",2024-05-12,1.224730265773268E-4
"7713,2883",2024-05-12,1.4002054449830268E-4
"7718,2883",2024-05-12,1.4533228517279412E-4
"7723,2883",2024-05-12,1.0195087059742283E-4
"7703,2888",2024-05-12,1.1939342615988729E-4
"7708,2888",2024-05-12,1.1075533742616368E-4
"7713,2888",2024-05-12,9.803159603175917E-5
"7718,2888",2024-05-12,7.936893691685375E-5
"7723,2888",2024-05-12,6.692001926496827E-5
"7688,2853",2024-05-13,9.076431021799947E-5
"7693,2853",2024-05-13,1.0051987460405723E-4
"7698,2853",2024-05-13,1.0629325718158445E-4
"7703,2853",2024-05-13,1.0629325735862404E-4
"7708,2853",2024-05-13,1.0629326002541999E-4
"7683,2858",2024-05-13,9.684026771773703E-5
"7688,2858",2024-05-13,9.283569963692415E-5
"7693,2858",2024-05-13,1.126056949062716E-4
"7698,2858",2024-05-13,1.1146109117145717E-4
"7703,2858",2024-05-13,1.0879571199901266E-4
"7708,2858",2024-05-13,1.4787412340706244E-4
"7713,2858",2024-05-13,1.5494470573832643E-4
"7718,2858",2024-05-13,1.5494470494256449E-4
"7688,2863",2024-05-13,9.673104700388732E-5
"7693,2863",2024-05-13,9.436392577768272E-5
"7698,2863",2024-05-13,1.0428766621084838E-4
"7703,2863",2024-05-13,1.1838783371519657E-4
"7708,2863",2024-05-13,1.3883712831782783E-4
"7713,2863",2024-05-13,1.4957332919672987E-4
"7718,2863",2024-05-13,1.5671058032463956E-4
"7723,2863",2024-05-13,1.5918712588875174E-4
"7728,2863",2024-05-13,1.5918712468410904E-4
"7693,2868",2024-05-13,9.672847227791766E-5
"7698,2868",2024-05-13,9.273121297500312E-5
"7703,2868",2024-05-13,1.1261787203114176E-4
"7708,2868",2024-05-13,1.2608586505830584E-4
"7713,2868",2024-05-13,1.3001152649733965E-4
"7718,2868",2024-05-13,1.3383534891633458E-4
"7723,2868",2024-05-13,1.4849898325549477E-4
"7728,2868",2024-05-13,1.5858953900967012E-4
"7733,2868",2024-05-13,1.5918712441024651E-4
"7693,2873",2024-05-13,9.415709301298975E-5
"7698,2873",2024-05-13,9.966356491312298E-5
"7703,2873",2024-05-13,1.1365904960837388E-4
"7708,2873",2024-05-13,1.1807783151885879E-4
"7713,2873",2024-05-13,1.1891820200022036E-4
"7718,2873",2024-05-13,1.1523730726553904E-4
"7723,2873",2024-05-13,1.2189920860591761E-4
"7728,2873",2024-05-13,1.303813772326494E-4
"7693,2878",2024-05-13,9.09856313688429E-5
"7698,2878",2024-05-13,1.0550069305176552E-4
"7703,2878",2024-05-13,1.1870138616825696E-4
"7708,2878",2024-05-13,1.1517755419351447E-4
"7713,2878",2024-05-13,1.0651114232277028E-4
"7718,2878",2024-05-13,1.055667525128777E-4
"7723,2878",2024-05-13,1.091265749199612E-4
"7728,2878",2024-05-13,1.1369623338888023E-4
"7693,2883",2024-05-13,9.290266741464834E-5
"7698,2883",2024-05-13,1.1081057500816129E-4
"7703,2883",2024-05-13,1.147618808517195E-4
"7708,2883",2024-05-13,1.1771626553976469E-4
"7713,2883",2024-05-13,1.0731942594674235E-4
"7718,2883",2024-05-13,1.0403618692781839E-4
"7723,2883",2024-05-13,9.634513140498024E-5
"7703,2888",2024-05-13,1.0721659188416779E-4
"7708,2888",2024-05-13,1.0242503732252595E-4
"7713,2888",2024-05-13,9.625336708253406E-5
"7718,2888",2024-05-13,1.0332287940738205E-4
"7723,2888",2024-05-13,8.128008737629532E-5
"7713,2843",2024-05-13,8.752448868604172E-5
"7718,2843",2024-05-13,9.480015877561005E-5
"7723,2843",2024-05-13,9.84329952662125E-5
"7708,2848",2024-05-13,7.759646536250226E-5
"7713,2848",2024-05-13,8.235590406182846E-5
"7718,2848",2024-05-13,9.871668896745733E-5
"7723,2848",2024-05-13,1.0407291935636684E-4
"7728,2848",2024-05-13,1.5267689147301498E-4
"7733,2848",2024-05-13,1.399701908621501E-4
"7688,2853",2024-05-13,7.389802109669708E-5
"7693,2853",2024-05-13,8.282390007366228E-5
"7698,2853",2024-05-13,7.711616089457852E-5
"7703,2853",2024-05-13,7.778755907991697E-5
"7708,2853",2024-05-13,8.772182636265603E-5
"7713,2853",2024-05-13,9.255306952506354E-5
"7718,2853",2024-05-13,1.0144968915370574E-4
"7723,2853",2024-05-13,1.2987864932804887E-4
"7728,2853",2024-05-13,1.505561513231158E-4
"7733,2853",2024-05-13,1.3783239002539802E-4
"7683,2858",2024-05-13,6.771012826110933E-5
"7688,2858",2024-05-13,6.549753320481072E-5
"7693,2858",2024-05-13,6.700804052947143E-5
"7698,2858",2024-05-13,7.921986007807586E-5
"7703,2858",2024-05-13,7.972607141959641E-5
"7708,2858",2024-05-13,8.134197684619055E-5
"7713,2858",2024-05-13,9.207489142532292E-5
"7718,2858",2024-05-13,1.0368776129601765E-4
"7723,2858",2024-05-13,1.281666627278106E-4
"7728,2858",2024-05-13,1.3730837787180117E-4
"7733,2858",2024-05-13,1.2193734421080016E-4
"7688,2863",2024-05-13,6.648622711681814E-5
"7693,2863",2024-05-13,6.989898378493873E-5
"7698,2863",2024-05-13,7.62357807170473E-5
"7703,2863",2024-05-13,7.933158371078689E-5
"7708,2863",2024-05-13,8.451824538147945E-5
"7713,2863",2024-05-13,9.49078387285432E-5
"7718,2863",2024-05-13,1.0121318995943406E-4
"7723,2863",2024-05-13,1.2258599085800955E-4
"7728,2863",2024-05-13,1.2468489560220333E-4
"7733,2863",2024-05-13,1.13611251272332E-4
"7693,2868",2024-05-13,6.595100222127443E-5
"7698,2868",2024-05-13,6.735544644092222E-5
"7703,2868",2024-05-13,7.768155079434175E-5
"7708,2868",2024-05-13,8.779658485889512E-5
"7713,2868",2024-05-13,9.803405262368265E-5
"7718,2868",2024-05-13,1.0125176019494059E-4
"7723,2868",2024-05-13,1.086291851184607E-4
"7728,2868",2024-05-13,1.038397870546395E-4
"7733,2868",2024-05-13,8.632298002974536E-5
"7693,2873",2024-05-13,7.055101685770303E-5
"7698,2873",2024-05-13,6.529856558665425E-5
"7703,2873",2024-05-13,6.977927215107739E-5
"7708,2873",2024-05-13,7.264134965279016E-5
"7713,2873",2024-05-13,9.328176556649474E-5
"7718,2873",2024-05-13,9.378438441442866E-5
"7723,2873",2024-05-13,8.393543054798552E-5
"7728,2873",2024-05-13,7.598832888443361E-5
"7733,2873",2024-05-13,6.178578528659272E-5
"7693,2878",2024-05-13,6.441639548037242E-5
"7698,2878",2024-05-13,6.126350008149008E-5
"7703,2878",2024-05-13,5.5357714106420256E-5
"7708,2878",2024-05-13,5.660655429526167E-5
"7713,2878",2024-05-13,9.210333079710807E-5
"7718,2878",2024-05-13,9.054007414545124E-5
"7723,2878",2024-05-13,8.375957016818865E-5
"7728,2878",2024-05-13,7.555555108253386E-5
"7693,2883",2024-05-13,6.02469531195947E-5
"7698,2883",2024-05-13,5.716152256159755E-5
"7703,2883",2024-05-13,6.0041690289402966E-5
"7708,2883",2024-05-13,6.502878727944362E-5
"7713,2883",2024-05-13,8.549782624932303E-5
"7718,2883",2024-05-13,8.362486286284716E-5
"7723,2883",2024-05-13,8.087956440820647E-5
"7703,2888",2024-05-13,6.179322292493701E-5
"7708,2888",2024-05-13,6.698118389514038E-5
"7713,2888",2024-05-13,7.74211277410152E-5
"7718,2888",2024-05-13,7.569618719854013E-5
"7723,2888",2024-05-13,7.460517942916435E-5
"7713,2843",2024-05-14,1.3041515513867154E-4
"7718,2843",2024-05-14,1.3813889322665394E-4
"7723,2843",2024-05-14,1.4581362005788645E-4
"7708,2848",2024-05-14,1.1725822678815453E-4
"7713,2848",2024-05-14,1.3070235505638797E-4
"7718,2848",2024-05-14,1.369271185929674E-4
"7723,2848",2024-05-14,1.646268053376756E-4
"7728,2848",2024-05-14,1.6665235405570515E-4
"7733,2848",2024-05-14,1.7284372381782577E-4
"7688,2853",2024-05-14,1.0628265177789622E-4
"7693,2853",2024-05-14,1.0508439514945718E-4
"7698,2853",2024-05-14,1.0400645781527575E-4
"7703,2853",2024-05-14,1.0829214976389353E-4
"7708,2853",2024-05-14,1.1222324023690071E-4
"7713,2853",2024-05-14,1.4959956013792288E-4
"7718,2853",2024-05-14,1.5494942400859344E-4
"7723,2853",2024-05-14,1.7084680244646222E-4
"7728,2853",2024-05-14,1.672142529936987E-4
"7733,2853",2024-05-14,1.6296516592195364E-4
"7683,2858",2024-05-14,9.149542900981504E-5
"7688,2858",2024-05-14,9.117348331905954E-5
"7693,2858",2024-05-14,9.415364249926995E-5
"7698,2858",2024-05-14,9.529005823392412E-5
"7703,2858",2024-05-14,1.1949972652766897E-4
"7708,2858",2024-05-14,1.27240291080289E-4
"7713,2858",2024-05-14,1.576448668159696E-4
"7718,2858",2024-05-14,1.601379940030235E-4
"7723,2858",2024-05-14,1.6441791545028213E-4
"7728,2858",2024-05-14,1.6586684526008922E-4
"7733,2858",2024-05-14,1.6575732298829295E-4
"7688,2863",2024-05-14,8.752869211997913E-5
"7693,2863",2024-05-14,9.210166268901589E-5
"7698,2863",2024-05-14,9.288707804711466E-5
"7703,2863",2024-05-14,9.965350595656542E-5
"7708,2863",2024-05-14,1.1374251165573476E-4
"7713,2863",2024-05-14,1.4035984686673017E-4
"7718,2863",2024-05-14,1.5392772711137192E-4
"7723,2863",2024-05-14,1.632013141642572E-4
"7728,2863",2024-05-14,1.7623515403830835E-4
"7733,2863",2024-05-14,1.7914834414068057E-4
"7693,2868",2024-05-14,9.839933416374978E-5
"7698,2868",2024-05-14,9.75968303127688E-5
"7703,2868",2024-05-14,9.589476336339656E-5
"7708,2868",2024-05-14,1.0633993079150047E-4
"7713,2868",2024-05-14,1.1720932093317887E-4
"7718,2868",2024-05-14,1.490675860353996E-4
"7723,2868",2024-05-14,1.595244701321075E-4
"7728,2868",2024-05-14,1.7041855357278912E-4
"7733,2868",2024-05-14,1.7013688953339588E-4
"7693,2873",2024-05-14,9.499705789726931E-5
"7698,2873",2024-05-14,9.102990677444772E-5
"7703,2873",2024-05-14,8.613876797540248E-5
"7708,2873",2024-05-14,9.583799112923809E-5
"7713,2873",2024-05-14,1.0179907396826064E-4
"7718,2873",2024-05-14,1.5861316728149212E-4
"7723,2873",2024-05-14,1.6360913271636098E-4
"7728,2873",2024-05-14,1.6476830744953865E-4
"7733,2873",2024-05-14,1.5852511410242043E-4
"7693,2878",2024-05-14,7.876837673005959E-5
"7698,2878",2024-05-14,7.189411217604657E-5
"7703,2878",2024-05-14,7.024100857510621E-5
"7708,2878",2024-05-14,1.029580625561025E-4
"7713,2878",2024-05-14,1.110862136099128E-4
"7718,2878",2024-05-14,1.4204234509537238E-4
"7723,2878",2024-05-14,1.462336039989745E-4
"7728,2878",2024-05-14,1.521151063712711E-4
"7693,2883",2024-05-14,6.466672581926006E-5
"7698,2883",2024-05-14,7.546704300549436E-5
"7703,2883",2024-05-14,7.914609670705292E-5
"7708,2883",2024-05-14,1.1302668938719033E-4
"7713,2883",2024-05-14,1.2206770289230683E-4
"7718,2883",2024-05-14,1.4093313186738356E-4
"7723,2883",2024-05-14,1.4755735352728873E-4
"7703,2888",2024-05-14,9.851311184491986E-5
"7708,2888",2024-05-14,1.1233296639799161E-4
"7713,2888",2024-05-14,1.1940853346632727E-4
"7718,2888",2024-05-14,1.2723115139049975E-4
"7723,2888",2024-05-14,1.3247563227202758E-4
"7713,2843",2024-05-15,1.2437825095909763E-4
"7718,2843",2024-05-15,1.129795804414122E-4
"7723,2843",2024-05-15,9.693405119867462E-5
"7708,2848",2024-05-15,1.1089238498962363E-4
"7713,2848",2024-05-15,1.2869032030051036E-4
"7718,2848",2024-05-15,1.2407474053995654E-4
"7723,2848",2024-05-15,1.219559563340655E-4
"7728,2848",2024-05-15,1.3456244087881115E-4
"7733,2848",2024-05-15,1.631072195385692E-4
"7688,2853",2024-05-15,7.546597705152523E-5
"7693,2853",2024-05-15,7.105872859975001E-5
"7698,2853",2024-05-15,7.620174340235442E-5
"7703,2853",2024-05-15,9.950237579551279E-5
"7708,2853",2024-05-15,1.2376816723567072E-4
"7713,2853",2024-05-15,1.3441565054345876E-4
"7718,2853",2024-05-15,1.3649920341963267E-4
"7723,2853",2024-05-15,1.3476328996829488E-4
"7728,2853",2024-05-15,1.5880534071339414E-4
"7733,2853",2024-05-15,1.9671679262144265E-4
"7683,2858",2024-05-15,6.747089892232148E-5
"7688,2858",2024-05-15,6.913219001727016E-5
"7693,2858",2024-05-15,7.582753873672003E-5
"7698,2858",2024-05-15,8.358815337385199E-5
"7703,2858",2024-05-15,9.980549877493941E-5
"7708,2858",2024-05-15,1.1844858866689508E-4
"7713,2858",2024-05-15,1.1929689434476012E-4
"7718,2858",2024-05-15,1.2042153718508802E-4
"7723,2858",2024-05-15,1.240445310492601E-4
"7728,2858",2024-05-15,1.726682644200775E-4
"7733,2858",2024-05-15,2.2518008553736214E-4
"7688,2863",2024-05-15,7.476732622872028E-5
"7693,2863",2024-05-15,7.980252459031931E-5
"7698,2863",2024-05-15,8.420333595980278E-5
"7703,2863",2024-05-15,9.399928772019114E-5
"7708,2863",2024-05-15,1.0513939221004023E-4
"7713,2863",2024-05-15,9.818180150146513E-5
"7718,2863",2024-05-15,1.008030482614221E-4
"7723,2863",2024-05-15,1.2659204255620433E-4
"7728,2863",2024-05-15,1.8118827106594905E-4
"7733,2863",2024-05-15,1.948877462733759E-4
"7693,2868",2024-05-15,7.9186327053961E-5
"7698,2868",2024-05-15,7.646726468996786E-5
"7703,2868",2024-05-15,8.787715245640422E-5
"7708,2868",2024-05-15,1.0363021026894539E-4
"7713,2868",2024-05-15,1.1517145610140309E-4
"7718,2868",2024-05-15,1.290527494676175E-4
"7723,2868",2024-05-15,1.3355863249897345E-4
"7728,2868",2024-05-15,1.4547443259468242E-4
"7733,2868",2024-05-15,1.4254505307543985E-4
"7693,2873",2024-05-15,7.854052011077322E-5
"7698,2873",2024-05-15,7.248973596475813E-5
"7703,2873",2024-05-15,7.764278490034783E-5
"7708,2873",2024-05-15,9.854533124372918E-5
"7713,2873",2024-05-15,1.2081080046705947E-4
"7718,2873",2024-05-15,1.384485529618356E-4
"7723,2873",2024-05-15,1.3317236993471318E-4
"7728,2873",2024-05-15,1.1659352906498659E-4
"7733,2873",2024-05-15,1.0189133463696623E-4
"7693,2878",2024-05-15,7.912707566011426E-5
"7698,2878",2024-05-15,7.811037377855773E-5
"7703,2878",2024-05-15,8.684506843382676E-5
"7708,2878",2024-05-15,8.99676370222436E-5
"7713,2878",2024-05-15,1.0375210793457281E-4
"7718,2878",2024-05-15,1.0511752573902393E-4
"7723,2878",2024-05-15,9.608644109692936E-5
"7728,2878",2024-05-15,8.690708144331172E-5
"7693,2883",2024-05-15,7.768975638566845E-5
"7698,2883",2024-05-15,8.189599601969367E-5
"7703,2883",2024-05-15,9.411620673489414E-5
"7708,2883",2024-05-15,8.762732797001685E-5
"7713,2883",2024-05-15,8.511732584767112E-5
"7718,2883",2024-05-15,8.601575302127817E-5
"7723,2883",2024-05-15,8.907229822068448E-5
"7703,2888",2024-05-15,8.152092905556594E-5
"7708,2888",2024-05-15,8.341638563124496E-5
"7713,2888",2024-05-15,9.356818189604321E-5
"7718,2888",2024-05-15,9.658928130693703E-5
"7723,2888",2024-05-15,1.0537157038931022E-4
"7713,2843",2024-05-16,1.5200860025093037E-4
"7718,2843",2024-05-16,1.748240522850607E-4
"7723,2843",2024-05-16,1.8378520067475554E-4
"7708,2848",2024-05-16,1.7037022788738416E-4
"7713,2848",2024-05-16,2.1251327813027364E-4
"7718,2848",2024-05-16,2.3666275548000086E-4
"7723,2848",2024-05-16,2.0474178411788663E-4
"7728,2848",2024-05-16,1.9392571786402556E-4
"7733,2848",2024-05-16,1.4704281931049548E-4
"7688,2853",2024-05-16,1.1716285467153766E-4
"7693,2853",2024-05-16,1.655435146452194E-4
"7698,2853",2024-05-16,1.668302796833088E-4
"7703,2853",2024-05-16,1.6944597345807375E-4
"7708,2853",2024-05-16,1.954143866614693E-4
"7713,2853",2024-05-16,2.5034169089714923E-4
"7718,2853",2024-05-16,2.7494645126276514E-4
"7723,2853",2024-05-16,2.51743862164016E-4
"7728,2853",2024-05-16,2.0840562800881026E-4
"7733,2853",2024-05-16,1.633489804141331E-4
"7683,2858",2024-05-16,9.736664700013826E-5
"7688,2858",2024-05-16,1.42402847406983E-4
"7693,2858",2024-05-16,1.6793653449259733E-4
"7698,2858",2024-05-16,1.6788789608627864E-4
"7703,2858",2024-05-16,1.691981581473515E-4
"7708,2858",2024-05-16,1.9285184796863535E-4
"7713,2858",2024-05-16,2.2227786905811182E-4
"7718,2858",2024-05-16,2.5176109355838037E-4
"7723,2858",2024-05-16,2.541154558915018E-4
"7728,2858",2024-05-16,2.0758354620062963E-4
"7733,2858",2024-05-16,1.9683289664263327E-4
"7688,2863",2024-05-16,1.518207745495057E-4
"7693,2863",2024-05-16,1.5662218299662665E-4
"7698,2863",2024-05-16,1.6109759317132065E-4
"7703,2863",2024-05-16,1.5270618789273909E-4
"7708,2863",2024-05-16,1.8519989921751183E-4
"7713,2863",2024-05-16,1.944240224146166E-4
"7718,2863",2024-05-16,2.1054333237374346E-4
"7723,2863",2024-05-16,2.125989760340133E-4
"7728,2863",2024-05-16,2.0245360656113382E-4
"7733,2863",2024-05-16,2.0749265607858419E-4
"7693,2868",2024-05-16,1.517174327616626E-4
"7698,2868",2024-05-16,1.57364450647283E-4
"7703,2868",2024-05-16,1.4554243812345952E-4
"7708,2868",2024-05-16,1.6671492566157237E-4
"7713,2868",2024-05-16,1.7896088113635836E-4
"7718,2868",2024-05-16,1.762039415710283E-4
"7723,2868",2024-05-16,1.6832670714414177E-4
"7728,2868",2024-05-16,1.5855020700820756E-4
"7733,2868",2024-05-16,1.6016198976781924E-4
"7693,2873",2024-05-16,1.3133730978764498E-4
"7698,2873",2024-05-16,1.3077617758374248E-4
"7703,2873",2024-05-16,1.3155356252603621E-4
"7708,2873",2024-05-16,1.4940110163359595E-4
"7713,2873",2024-05-16,1.5599626501268263E-4
"7718,2873",2024-05-16,1.5080980662107572E-4
"7723,2873",2024-05-16,1.2395826542966793E-4
"7728,2873",2024-05-16,1.2180810923871761E-4
"7733,2873",2024-05-16,1.1133403259813745E-4
"7693,2878",2024-05-16,1.1386243270527504E-4
"7698,2878",2024-05-16,1.056939589956327E-4
"7703,2878",2024-05-16,1.1566108700925697E-4
"7708,2878",2024-05-16,1.3660877713093106E-4
"7713,2878",2024-05-16,1.3792798721879937E-4
"7718,2878",2024-05-16,1.255189852891275E-4
"7723,2878",2024-05-16,9.720174110395123E-5
"7728,2878",2024-05-16,9.797759931768181E-5
"7693,2883",2024-05-16,1.1100639198498497E-4
"7698,2883",2024-05-16,1.065176080529445E-4
"7703,2883",2024-05-16,1.0331646579477376E-4
"7708,2883",2024-05-16,1.2005985581026381E-4
"7713,2883",2024-05-16,1.200589617577325E-4
"7718,2883",2024-05-16,1.0255093523115947E-4
"7723,2883",2024-05-16,9.789503999122181E-5
"7703,2888",2024-05-16,1.0141313905690594E-4
"7708,2888",2024-05-16,1.0193164548177026E-4
"7713,2888",2024-05-16,1.0401570304312239E-4
"7718,2888",2024-05-16,8.729635483564886E-5
"7723,2888",2024-05-16,7.989952094025991E-5
"7713,2843",2024-05-17,1.6446312381228895E-4
"7718,2843",2024-05-17,1.4093805581093133E-4
"7723,2843",2024-05-17,1.3189074788389358E-4
"7708,2848",2024-05-17,1.4875251119054957E-4
"7713,2848",2024-05-17,1.8566734019435411E-4
"7718,2848",2024-05-17,1.763984738949607E-4
"7723,2848",2024-05-17,1.5596008025847087E-4
"7728,2848",2024-05-17,1.3988216366529177E-4
"7733,2848",2024-05-17,1.7151513503869885E-4
"7688,2853",2024-05-17,1.0272901232304224E-4
"7693,2853",2024-05-17,9.325587281663737E-5
"7698,2853",2024-05-17,9.890842479047915E-5
"7703,2853",2024-05-17,1.2660027184894563E-4
"7708,2853",2024-05-17,1.471029839782782E-4
"7713,2853",2024-05-17,1.9741848400538632E-4
"7718,2853",2024-05-17,1.9169679983604434E-4
"7723,2853",2024-05-17,1.9034327944937213E-4
"7728,2853",2024-05-17,1.7248774864960832E-4
"7733,2853",2024-05-17,1.6298553233961763E-4
"7683,2858",2024-05-17,9.453237323373082E-5
"7688,2858",2024-05-17,8.837226338910923E-5
"7693,2858",2024-05-17,8.108710709322855E-5
"7698,2858",2024-05-17,1.0457364414872776E-4
"7703,2858",2024-05-17,1.2493267991449324E-4
"7708,2858",2024-05-17,1.485936008832649E-4
"7713,2858",2024-05-17,1.719967100635127E-4
"7718,2858",2024-05-17,1.8938790993626832E-4
"7723,2858",2024-05-17,1.9567704672098337E-4
"7728,2858",2024-05-17,2.0862150663271617E-4
"7733,2858",2024-05-17,2.159689370000831E-4
"7688,2863",2024-05-17,8.617228933151323E-5
"7693,2863",2024-05-17,8.361074648231892E-5
"7698,2863",2024-05-17,1.018269950984628E-4
"7703,2863",2024-05-17,1.1957357598341952E-4
"7708,2863",2024-05-17,1.3513841334002625E-4
"7713,2863",2024-05-17,1.624024980023934E-4
"7718,2863",2024-05-17,1.9336870666632653E-4
"7723,2863",2024-05-17,2.1291023413551937E-4
"7728,2863",2024-05-17,2.1718958389403044E-4
"7733,2863",2024-05-17,2.1166215280524924E-4
"7693,2868",2024-05-17,8.742907754302039E-5
"7698,2868",2024-05-17,9.4573105003045E-5
"7703,2868",2024-05-17,1.0565492925528501E-4
"7708,2868",2024-05-17,1.2616403426148583E-4
"7713,2868",2024-05-17,1.4760236584199983E-4
"7718,2868",2024-05-17,2.0230703070564401E-4
"7723,2868",2024-05-17,2.0674465606954052E-4
"7728,2868",2024-05-17,2.0571916612425857E-4
"7733,2868",2024-05-17,1.8313485613976737E-4
"7693,2873",2024-05-17,9.451654560217607E-5
"7698,2873",2024-05-17,9.800180880088538E-5
"7703,2873",2024-05-17,1.1080226429468447E-4
"7708,2873",2024-05-17,1.2519926496959733E-4
"7713,2873",2024-05-17,1.6685075598304186E-4
"7718,2873",2024-05-17,1.592730635717399E-4
"7723,2873",2024-05-17,1.5712348100735995E-4
"7728,2873",2024-05-17,1.6936910927708358E-4
"7733,2873",2024-05-17,1.516660669069388E-4
"7693,2878",2024-05-17,1.2254762900639222E-4
"7703,2878",2024-05-17,1.1476495965613928E-4
"7708,2878",2024-05-17,1.243437787375144E-4
"7713,2878",2024-05-17,1.3602453336993597E-4
"7718,2878",2024-05-17,1.3818450178616174E-4
"7723,2878",2024-05-17,1.1954212578341255E-4
"7728,2878",2024-05-17,1.0870106764285254E-4
"7698,2883",2024-05-17,1.0336192601150104E-4
"7703,2883",2024-05-17,1.033601687481922E-4
"7708,2883",2024-05-17,1.1728960733022879E-4
"7713,2883",2024-05-17,1.2000138595526111E-4
"7718,2883",2024-05-17,1.1558127831341912E-4
"7723,2883",2024-05-17,9.473863347855699E-5
"7703,2888",2024-05-17,9.655750264070238E-5
"7708,2888",2024-05-17,8.922254035590409E-5
"7713,2888",2024-05-17,8.636676292955272E-5
"7718,2888",2024-05-17,8.225801818659707E-5
"7723,2888",2024-05-17,7.427521192338778E-5
"7713,2843",2024-05-18,1.3899558038454245E-4
"7718,2843",2024-05-18,1.3856251062366087E-4
"7723,2843",2024-05-18,1.8363784302064643E-4
"7708,2848",2024-05-18,1.373090273809624E-4
"7713,2848",2024-05-18,1.4685434848114918E-4
"7718,2848",2024-05-18,1.6549539482828426E-4
"7723,2848",2024-05-18,2.0127201164117555E-4
"7728,2848",2024-05-18,1.9765954136813021E-4
"7733,2848",2024-05-18,1.9979905867649245E-4
"7688,2853",2024-05-18,7.736247386261803E-5
"7693,2853",2024-05-18,7.93624492815307E-5
"7698,2853",2024-05-18,9.233857566760295E-5
"7703,2853",2024-05-18,1.0132078333057559E-4
"7708,2853",2024-05-18,1.3727171534562497E-4
"7713,2853",2024-05-18,1.4674291216490166E-4
"7718,2853",2024-05-18,1.853392651891227E-4
"7723,2853",2024-05-18,2.0349941056617822E-4
"7728,2853",2024-05-18,2.086745178619193E-4
"7733,2853",2024-05-18,2.0826323926126153E-4
"7683,2858",2024-05-18,8.026859519119388E-5
"7688,2858",2024-05-18,8.219060908433578E-5
"7693,2858",2024-05-18,8.007577510207956E-5
"7698,2858",2024-05-18,7.742377488061743E-5
"7703,2858",2024-05-18,9.45104424482616E-5
"7708,2858",2024-05-18,1.2481690063511993E-4
"7713,2858",2024-05-18,1.3612200005127845E-4
"7718,2858",2024-05-18,1.8239240575836142E-4
"7723,2858",2024-05-18,1.92418849020241E-4
"7728,2858",2024-05-18,1.9704262466394763E-4
"7733,2858",2024-05-18,2.0392919151923045E-4
"7688,2863",2024-05-18,7.536241334978291E-5
"7693,2863",2024-05-18,7.911896630054861E-5
"7698,2863",2024-05-18,8.26173394194876E-5
"7703,2863",2024-05-18,9.997188598177381E-5
"7708,2863",2024-05-18,1.1187491868088781E-4
"7713,2863",2024-05-18,1.2989103846128817E-4
"7718,2863",2024-05-18,1.568321693325684E-4
"7723,2863",2024-05-18,1.7215813562012914E-4
"7728,2863",2024-05-18,1.8130866175651854E-4
"7733,2863",2024-05-18,1.8453601222332121E-4
"7693,2868",2024-05-18,7.187682730963942E-5
"7698,2868",2024-05-18,7.523063681283135E-5
"7703,2868",2024-05-18,9.109678059686268E-5
"7708,2868",2024-05-18,9.855420452601119E-5
"7713,2868",2024-05-18,1.2080239559470008E-4
"7718,2868",2024-05-18,1.3218261359346925E-4
"7723,2868",2024-05-18,1.477892525959756E-4
"7728,2868",2024-05-18,1.6124102976521575E-4
"7733,2868",2024-05-18,1.4799269616704182E-4
"7693,2873",2024-05-18,6.994525969169498E-5
"7698,2873",2024-05-18,7.354857772388804E-5
"7703,2873",2024-05-18,8.00340632441183E-5
"7708,2873",2024-05-18,9.25916502367567E-5
"7713,2873",2024-05-18,1.20135204306226E-4
"7718,2873",2024-05-18,1.212145756346768E-4
"7723,2873",2024-05-18,1.3305847181282332E-4
"7728,2873",2024-05-18,1.4163741371929877E-4
"7733,2873",2024-05-18,1.1401410121162583E-4
"7693,2878",2024-05-18,7.212143009141545E-5
"7698,2878",2024-05-18,8.128302820526176E-5
"7703,2878",2024-05-18,7.825603590908458E-5
"7708,2878",2024-05-18,1.0526812661368115E-4
"7713,2878",2024-05-18,1.2259214295621526E-4
"7718,2878",2024-05-18,1.2261073805011914E-4
"7723,2878",2024-05-18,1.2500564736981203E-4
"7728,2878",2024-05-18,1.261404348789808E-4
"7693,2883",2024-05-18,7.318869513211981E-5
"7698,2883",2024-05-18,8.293537637484883E-5
"7703,2883",2024-05-18,8.510536899032487E-5
"7708,2883",2024-05-18,1.1805878679281928E-4
"7713,2883",2024-05-18,1.2205860499535725E-4
"7718,2883",2024-05-18,1.3164344067359524E-4
"7723,2883",2024-05-18,1.316967219228894E-4
"7703,2888",2024-05-18,9.598831284817585E-5
"7708,2888",2024-05-18,1.1487860265017605E-4
"7713,2888",2024-05-18,1.198764852520001E-4
"7718,2888",2024-05-18,1.3813003970429024E-4
"7723,2888",2024-05-18,1.3695190170116532E-4
"7713,2843",2024-05-19,6.50785596805988E-5
"7718,2843",2024-05-19,6.626711144847794E-5
"7723,2843",2024-05-19,7.903020392308188E-5
"7708,2848",2024-05-19,5.799825384063445E-5
"7713,2848",2024-05-19,7.844335658545785E-5
"7718,2848",2024-05-19,8.299037965633868E-5
"7723,2848",2024-05-19,9.278962737776956E-5
"7728,2848",2024-05-19,9.862244628672623E-5
"7733,2848",2024-05-19,1.0208368127283072E-4
"7688,2853",2024-05-19,5.107377336509646E-5
"7693,2853",2024-05-19,5.361967627662858E-5
"7698,2853",2024-05-19,5.555914117132568E-5
"7703,2853",2024-05-19,6.577356936623948E-5
"7708,2853",2024-05-19,6.678710136564843E-5
"7713,2853",2024-05-19,8.410790436620528E-5
"7718,2853",2024-05-19,8.518969314148742E-5
"7723,2853",2024-05-19,1.1050329963978812E-4
"7728,2853",2024-05-19,1.1788717569685075E-4
"7733,2853",2024-05-19,1.1622670830836211E-4
"7683,2858",2024-05-19,4.7725516384859834E-5
"7688,2858",2024-05-19,5.065938056872165E-5
"7693,2858",2024-05-19,5.2161986496330456E-5
"7698,2858",2024-05-19,5.3624026384333554E-5
"7703,2858",2024-05-19,5.675000233603205E-5
"7708,2858",2024-05-19,6.0196982141793645E-5
"7713,2858",2024-05-19,7.758551773571203E-5
"7718,2858",2024-05-19,7.83252119903049E-5
"7723,2858",2024-05-19,9.83094749748695E-5
"7728,2858",2024-05-19,1.0024274433310997E-4
"7733,2858",2024-05-19,1.0420125742922624E-4
"7688,2863",2024-05-19,5.204995194686996E-5
"7693,2863",2024-05-19,5.2260913010112396E-5
"7698,2863",2024-05-19,5.056751901075774E-5
"7703,2863",2024-05-19,4.96837933394606E-5
"7708,2863",2024-05-19,5.6223034271003414E-5
"7713,2863",2024-05-19,6.867632208531613E-5
"7718,2863",2024-05-19,7.090741706699599E-5
"7723,2863",2024-05-19,8.632660566415242E-5
"7728,2863",2024-05-19,8.633676179473376E-5
"7733,2863",2024-05-19,1.0154450800828781E-4
"7693,2868",2024-05-19,5.5521731338151306E-5
"7698,2868",2024-05-19,5.238293788230548E-5
"7703,2868",2024-05-19,5.1312100782627645E-5
"7708,2868",2024-05-19,6.106090630624478E-5
"7713,2868",2024-05-19,7.151326880962455E-5
"7718,2868",2024-05-19,7.719358064669788E-5
"7723,2868",2024-05-19,9.067928643364073E-5
"7728,2868",2024-05-19,9.125656135846756E-5
"7733,2868",2024-05-19,9.328117937832611E-5
"7693,2873",2024-05-19,4.5458783848616614E-5
"7698,2873",2024-05-19,5.181478399205439E-5
"7703,2873",2024-05-19,5.208146247823533E-5
"7708,2873",2024-05-19,5.4733986119024585E-5
"7713,2873",2024-05-19,5.5806207571618043E-5
"7718,2873",2024-05-19,6.403592399817709E-5
"7723,2873",2024-05-19,7.341367503343624E-5
"7728,2873",2024-05-19,7.674562005261887E-5
"7733,2873",2024-05-19,9.017487990002457E-5
"7693,2878",2024-05-19,4.4026909637413585E-5
"7698,2878",2024-05-19,4.90899494240398E-5
"7703,2878",2024-05-19,4.906702230022901E-5
"7708,2878",2024-05-19,5.7297785289588365E-5
"7713,2878",2024-05-19,5.852164827351485E-5
"7718,2878",2024-05-19,6.849506314364479E-5
"7723,2878",2024-05-19,7.465926848961417E-5
"7728,2878",2024-05-19,7.812416804593252E-5
"7693,2883",2024-05-19,4.717700213244637E-5
"7698,2883",2024-05-19,5.1889678765460515E-5
"7703,2883",2024-05-19,5.2566202814989945E-5
"7708,2883",2024-05-19,6.308891557129581E-5
"7713,2883",2024-05-19,6.366748204639142E-5
"7718,2883",2024-05-19,7.127561619012986E-5
"7723,2883",2024-05-19,7.283681018189795E-5
"7703,2888",2024-05-19,5.1543503211508146E-5
"7708,2888",2024-05-19,5.742300283779528E-5
"7713,2888",2024-05-19,5.829233478355164E-5
"7718,2888",2024-05-19,7.529200142459526E-5
"7723,2888",2024-05-19,7.63029041210962E-5
"7713,2843",2024-05-20,8.775137110361695E-5
"7718,2843",2024-05-20,9.287907765575055E-5
"7723,2843",2024-05-20,1.0902743681310443E-4
"7708,2848",2024-05-20,7.981221468348993E-5
"7713,2848",2024-05-20,9.345444908761096E-5
"7718,2848",2024-05-20,1.012346049438084E-4
"7723,2848",2024-05-20,1.0784191734431395E-4
"7728,2848",2024-05-20,1.1102383806589325E-4
"7733,2848",2024-05-20,1.1859093609789919E-4
"7688,2853",2024-05-20,5.175167163749179E-5
"7693,2853",2024-05-20,5.302463076964591E-5
"7698,2853",2024-05-20,5.4876561782273676E-5
"7703,2853",2024-05-20,6.667438666098179E-5
"7708,2853",2024-05-20,7.59978857683642E-5
"7713,2853",2024-05-20,9.183772797164051E-5
"7718,2853",2024-05-20,9.753674937253397E-5
"7723,2853",2024-05-20,1.0368174922988485E-4
"7728,2853",2024-05-20,1.1454393633351539E-4
"7733,2853",2024-05-20,1.2797571050854597E-4
"7683,2858",2024-05-20,4.5638502208956495E-5
"7688,2858",2024-05-20,5.151623039734963E-5
"7693,2858",2024-05-20,5.406666439464395E-5
"7698,2858",2024-05-20,5.7404377294046863E-5
"7703,2858",2024-05-20,6.8549562873211E-5
"7708,2858",2024-05-20,8.052664006528915E-5
"7713,2858",2024-05-20,7.383187988679369E-5
"7718,2858",2024-05-20,8.753338571393069E-5
"7723,2858",2024-05-20,1.0252771600013368E-4
"7728,2858",2024-05-20,1.084393813666722E-4
"7733,2858",2024-05-20,1.1482997715902609E-4
"7688,2863",2024-05-20,4.822266168504624E-5
"7693,2863",2024-05-20,6.266778354607354E-5
"7698,2863",2024-05-20,6.345114730183304E-5
"7703,2863",2024-05-20,6.739979042652788E-5
"7708,2863",2024-05-20,7.292250308270148E-5
"7713,2863",2024-05-20,7.402360095452534E-5
"7718,2863",2024-05-20,8.9160033733478E-5
"7723,2863",2024-05-20,9.72278670792501E-5
"7728,2863",2024-05-20,1.0372022176316594E-4
"7733,2863",2024-05-20,1.1044905292262987E-4
"7693,2868",2024-05-20,7.27420622647521E-5
"7698,2868",2024-05-20,7.438199096458036E-5
"7703,2868",2024-05-20,7.635998048940143E-5
"7708,2868",2024-05-20,7.810358556075847E-5
"7713,2868",2024-05-20,8.316209601987986E-5
"7718,2868",2024-05-20,8.993250812270341E-5
"7723,2868",2024-05-20,9.039890235845441E-5
"7728,2868",2024-05-20,9.511190858029372E-5
"7733,2868",2024-05-20,1.0557947883295117E-4
"7693,2873",2024-05-20,6.504670446782552E-5
"7698,2873",2024-05-20,5.944711514665268E-5
"7703,2873",2024-05-20,6.701672015383687E-5
"7708,2873",2024-05-20,7.519418650432462E-5
"7713,2873",2024-05-20,7.830657399903176E-5
"7718,2873",2024-05-20,7.884781642204558E-5
"7723,2873",2024-05-20,7.92697131846461E-5
"7728,2873",2024-05-20,8.451373270939836E-5
"7733,2873",2024-05-20,8.967776780062163E-5
"7693,2878",2024-05-20,5.7091487519474056E-5
"7698,2878",2024-05-20,6.498671418070988E-5
"7703,2878",2024-05-20,5.9599656816239624E-5
"7708,2878",2024-05-20,7.355750005297163E-5
"7713,2878",2024-05-20,7.190903098666886E-5
"7718,2878",2024-05-20,6.891703187518751E-5
"7723,2878",2024-05-20,7.219824614571772E-5
"7728,2878",2024-05-20,7.510273438661019E-5
"7693,2883",2024-05-20,6.0430913120637055E-5
"7698,2883",2024-05-20,6.405053781238549E-5
"7703,2883",2024-05-20,7.011434285954636E-5
"7708,2883",2024-05-20,7.162520062641607E-5
"7713,2883",2024-05-20,6.575342380357335E-5
"7718,2883",2024-05-20,6.545937322423763E-5
"7723,2883",2024-05-20,7.54240161350676E-5
"7703,2888",2024-05-20,6.76293288572907E-5
"7708,2888",2024-05-20,6.648473578552177E-5
"7713,2888",2024-05-20,6.693686586701036E-5
"7718,2888",2024-05-20,7.444343514789556E-5
"7723,2888",2024-05-20,7.560520799787393E-5
"7713,2843",2024-05-21,1.0521759386014955E-4
"7718,2843",2024-05-21,9.72117888100519E-5
"7723,2843",2024-05-21,9.558214249128557E-5
"7708,2848",2024-05-21,1.655088117465148E-4
"7713,2848",2024-05-21,1.1308729795044841E-4
"7718,2848",2024-05-21,1.0309130787263959E-4
"7723,2848",2024-05-21,9.863970819531653E-5
"7728,2848",2024-05-21,1.1036036005658917E-4
"7733,2848",2024-05-21,1.0209736891623873E-4
"7688,2853",2024-05-21,1.3003855012431816E-4
"7693,2853",2024-05-21,1.3882314476549448E-4
"7698,2853",2024-05-21,1.522551289386999E-4
"7703,2853",2024-05-21,1.6218725085805319E-4
"7708,2853",2024-05-21,1.637444810538658E-4
"7713,2853",2024-05-21,1.3794315981329E-4
"7718,2853",2024-05-21,1.274509451751416E-4
"7723,2853",2024-05-21,1.4021062273208567E-4
"7728,2853",2024-05-21,1.3191065820768394E-4
"7733,2853",2024-05-21,1.253484872382995E-4
"7683,2858",2024-05-21,1.1141631469290142E-4
"7688,2858",2024-05-21,1.2871767658677885E-4
"7693,2858",2024-05-21,1.3992574414268484E-4
"7698,2858",2024-05-21,1.488471705051147E-4
"7703,2858",2024-05-21,1.573695801482469E-4
"7708,2858",2024-05-21,1.6733454174141304E-4
"7713,2858",2024-05-21,1.5733939215223643E-4
"7718,2858",2024-05-21,1.4934371771143414E-4
"7723,2858",2024-05-21,1.6679194347913402E-4
"7728,2858",2024-05-21,1.4334988643053455E-4
"7733,2858",2024-05-21,1.3199031137955703E-4
"7688,2863",2024-05-21,1.1999339715583415E-4
"7693,2863",2024-05-21,1.3314436719636755E-4
"7698,2863",2024-05-21,1.3807395678996735E-4
"7703,2863",2024-05-21,1.5551592712807985E-4
"7708,2863",2024-05-21,1.6868840502802597E-4
"7713,2863",2024-05-21,1.6965338736277136E-4
"7718,2863",2024-05-21,1.62196244574837E-4
"7723,2863",2024-05-21,1.6616231866911955E-4
"7728,2863",2024-05-21,1.6248748611848868E-4
"7733,2863",2024-05-21,1.8239778082531022E-4
"7693,2868",2024-05-21,1.3585796713186415E-4
"7698,2868",2024-05-21,1.447196613440123E-4
"7703,2868",2024-05-21,1.6396357375962712E-4
"7708,2868",2024-05-21,1.7543349072346977E-4
"7713,2868",2024-05-21,1.7499721038540688E-4
"7718,2868",2024-05-21,1.7334447119531023E-4
"7723,2868",2024-05-21,1.8641681005934337E-4
"7728,2868",2024-05-21,2.200595817359643E-4
"7733,2868",2024-05-21,2.6307832403525504E-4
"7693,2873",2024-05-21,1.3882559942230137E-4
"7698,2873",2024-05-21,1.4447214467922033E-4
"7703,2873",2024-05-21,1.4566420066502644E-4
"7708,2873",2024-05-21,1.5877274595220824E-4
"7713,2873",2024-05-21,1.6238556087340777E-4
"7718,2873",2024-05-21,1.5860339894820525E-4
"7723,2873",2024-05-21,1.834903430418281E-4
"7728,2873",2024-05-21,1.7442976519986005E-4
"7733,2873",2024-05-21,1.5500283589037423E-4
"7693,2878",2024-05-21,1.0885552296974027E-4
"7698,2878",2024-05-21,1.1547438053189045E-4
"7703,2878",2024-05-21,1.234023804900863E-4
"7708,2878",2024-05-21,1.3398954683200513E-4
"7713,2878",2024-05-21,1.3626328236548713E-4
"7718,2878",2024-05-21,1.2366772642649209E-4
"7723,2878",2024-05-21,1.1179589991665405E-4
"7728,2878",2024-05-21,9.474410487649654E-5
"7693,2883",2024-05-21,1.0957108290455503E-4
"7698,2883",2024-05-21,1.1335625067284258E-4
"7703,2883",2024-05-21,1.2173389138504914E-4
"7708,2883",2024-05-21,1.150009410464265E-4
"7713,2883",2024-05-21,1.0122217814432878E-4
"7718,2883",2024-05-21,9.074140616304865E-5
"7723,2883",2024-05-21,8.776571293035272E-5
"7703,2888",2024-05-21,1.0035189790393517E-4
"7708,2888",2024-05-21,9.4965414346912E-5
"7713,2888",2024-05-21,8.277411770753047E-5
"7718,2888",2024-05-21,7.783139892652935E-5
"7723,2888",2024-05-21,7.849116302751265E-5
"7713,2843",2024-05-22,9.261973211035216E-5
"7718,2843",2024-05-22,9.268956306068202E-5
"7723,2843",2024-05-22,8.92139115850135E-5
"7708,2848",2024-05-22,1.1884366996425279E-4
"7713,2848",2024-05-22,1.0295031819132872E-4
"7718,2848",2024-05-22,8.650829564757579E-5
"7723,2848",2024-05-22,7.863667985912846E-5
"7728,2848",2024-05-22,8.80492387569665E-5
"7733,2848",2024-05-22,7.843495666672235E-5
"7688,2853",2024-05-22,1.0233822921743096E-4
"7693,2853",2024-05-22,1.128852233342958E-4
"7698,2853",2024-05-22,1.3015441288778755E-4
"7703,2853",2024-05-22,1.2886424161918364E-4
"7708,2853",2024-05-22,1.1895525204465314E-4
"7713,2853",2024-05-22,1.056960871535519E-4
"7718,2853",2024-05-22,8.35585018139341E-5
"7723,2853",2024-05-22,8.979442073907822E-5
"7728,2853",2024-05-22,9.763164546403843E-5
"7733,2853",2024-05-22,8.44220563350277E-5
"7683,2858",2024-05-22,1.066323733325721E-4
"7688,2858",2024-05-22,1.1090980491521595E-4
"7693,2858",2024-05-22,1.1299007761101484E-4
"7698,2858",2024-05-22,1.1391474560279242E-4
"7703,2858",2024-05-22,1.190051982562549E-4
"7708,2858",2024-05-22,1.1914672733205296E-4
"7713,2858",2024-05-22,1.2138244666538693E-4
"7718,2858",2024-05-22,1.1894493271260324E-4
"7723,2858",2024-05-22,1.091110919399862E-4
"7728,2858",2024-05-22,1.0597261734159536E-4
"7733,2858",2024-05-22,9.791279074993787E-5
"7688,2863",2024-05-22,1.1130308649742056E-4
"7693,2863",2024-05-22,1.1512431899013513E-4
"7698,2863",2024-05-22,1.2631093398740974E-4
"7703,2863",2024-05-22,1.2727004579942902E-4
"7708,2863",2024-05-22,1.25302422480675E-4
"7713,2863",2024-05-22,1.3755140522546755E-4
"7718,2863",2024-05-22,1.323181388440436E-4
"7723,2863",2024-05-22,1.1955430156318943E-4
"7728,2863",2024-05-22,1.0895991630716332E-4
"7733,2863",2024-05-22,1.078035679547998E-4
"7693,2868",2024-05-22,1.1800528310801993E-4
"7698,2868",2024-05-22,1.2182221779288517E-4
"7703,2868",2024-05-22,1.3186696132918045E-4
"7708,2868",2024-05-22,1.364945291376201E-4
"7713,2868",2024-05-22,1.4011334021556035E-4
"7718,2868",2024-05-22,1.3425201560630156E-4
"7723,2868",2024-05-22,1.2566264922743084E-4
"7728,2868",2024-05-22,1.195908335920295E-4
"7733,2868",2024-05-22,1.1260952018412892E-4
"7693,2873",2024-05-22,1.2939236284931354E-4
"7698,2873",2024-05-22,1.282748716015149E-4
"7703,2873",2024-05-22,1.322805667045303E-4
"7708,2873",2024-05-22,1.3876673037234287E-4
"7713,2873",2024-05-22,1.4027918135622254E-4
"7718,2873",2024-05-22,1.259952172313799E-4
"7723,2873",2024-05-22,1.227262640700147E-4
"7728,2873",2024-05-22,1.3224647391994515E-4
"7733,2873",2024-05-22,1.3568641018443144E-4
"7693,2878",2024-05-22,1.3178284034066944E-4
"7698,2878",2024-05-22,1.3095856070017848E-4
"7703,2878",2024-05-22,1.3251319446173747E-4
"7708,2878",2024-05-22,1.2117381066218084E-4
"7713,2878",2024-05-22,1.2193821904161301E-4
"7718,2878",2024-05-22,1.2286684357371854E-4
"7723,2878",2024-05-22,1.254530964919524E-4
"7728,2878",2024-05-22,1.3428492203444075E-4
"7693,2883",2024-05-22,1.2852751967524953E-4
"7698,2883",2024-05-22,1.3126646167384837E-4
"7703,2883",2024-05-22,1.294265019310062E-4
"7708,2883",2024-05-22,1.1613228389651916E-4
"7713,2883",2024-05-22,1.1890917600711015E-4
"7718,2883",2024-05-22,1.1601304726752284E-4
"7723,2883",2024-05-22,1.1618709261267005E-4
"7703,2888",2024-05-22,1.148055470897793E-4
"7708,2888",2024-05-22,1.0400924360267997E-4
"7713,2888",2024-05-22,9.794566155022226E-5
"7718,2888",2024-05-22,9.117862190746373E-5
"7723,2888",2024-05-22,8.141052022453228E-5
"7713,2843",2024-05-23,7.675766579552898E-5
"7718,2843",2024-05-23,7.523221124038289E-5
"7723,2843",2024-05-23,7.827818372468336E-5
"7708,2848",2024-05-23,9.22188057749524E-5
"7713,2848",2024-05-23,8.636824683629042E-5
"7718,2848",2024-05-23,7.480304656180722E-5
"7723,2848",2024-05-23,7.675367819808444E-5
"7728,2848",2024-05-23,7.830347159400847E-5
"7733,2848",2024-05-23,7.371550567136503E-5
"7688,2853",2024-05-23,8.895246326057153E-5
"7693,2853",2024-05-23,9.472022018668093E-5
"7698,2853",2024-05-23,1.0870098335544442E-4
"7703,2853",2024-05-23,1.096092362414452E-4
"7708,2853",2024-05-23,1.0058745941016612E-4
"7713,2853",2024-05-23,9.661923338989945E-5
"7718,2853",2024-05-23,9.300620778623701E-5
"7723,2853",2024-05-23,8.674436489253574E-5
"7728,2853",2024-05-23,8.545710125825115E-5
"7733,2853",2024-05-23,9.011797972746336E-5
"7683,2858",2024-05-23,8.259674276272149E-5
"7688,2858",2024-05-23,9.009114600844568E-5
"7693,2858",2024-05-23,1.022908821504546E-4
"7698,2858",2024-05-23,1.0221396820155327E-4
"7703,2858",2024-05-23,1.0798630672833416E-4
"7708,2858",2024-05-23,1.0828186119991223E-4
"7713,2858",2024-05-23,1.009964830922664E-4
"7718,2858",2024-05-23,9.85932412581423E-5
"7723,2858",2024-05-23,9.657206140543553E-5
"7728,2858",2024-05-23,8.95574067251279E-5
"7733,2858",2024-05-23,8.706032244493296E-5
"7688,2863",2024-05-23,9.069676392963233E-5
"7693,2863",2024-05-23,1.0527704645912068E-4
"7698,2863",2024-05-23,1.0924410817277537E-4
"7703,2863",2024-05-23,1.1360746051121111E-4
"7708,2863",2024-05-23,1.1340912631045699E-4
"7713,2863",2024-05-23,1.0894337212178533E-4
"7718,2863",2024-05-23,1.0594623579672356E-4
"7723,2863",2024-05-23,1.0542109207661622E-4
"7728,2863",2024-05-23,9.912930056332726E-5
"7733,2863",2024-05-23,9.265039252788977E-5
"7693,2868",2024-05-23,1.0478909056786498E-4
"7698,2868",2024-05-23,1.0996699157385614E-4
"7703,2868",2024-05-23,1.1972815467571254E-4
"7708,2868",2024-05-23,1.1966902492256919E-4
"7713,2868",2024-05-23,1.2125707356356463E-4
"7718,2868",2024-05-23,1.062625794431345E-4
"7723,2868",2024-05-23,1.0573673886970147E-4
"7728,2868",2024-05-23,1.0807264922222502E-4
"7733,2868",2024-05-23,1.059560036878022E-4
"7693,2873",2024-05-23,1.023185740879009E-4
"7698,2873",2024-05-23,1.0465085623894438E-4
"7703,2873",2024-05-23,1.0929311763248567E-4
"7708,2873",2024-05-23,1.16828923386892E-4
"7713,2873",2024-05-23,1.1731941299395462E-4
"7718,2873",2024-05-23,9.915290210444398E-5
"7723,2873",2024-05-23,1.0541666011344826E-4
"7728,2873",2024-05-23,1.1402271848781263E-4
"7733,2873",2024-05-23,1.1107763481516321E-4
"7693,2878",2024-05-23,9.495346832390785E-5
"7698,2878",2024-05-23,1.0203208923025695E-4
"7703,2878",2024-05-23,1.0264090563205464E-4
"7708,2878",2024-05-23,1.0473388499655747E-4
"7713,2878",2024-05-23,9.9116328286368E-5
"7718,2878",2024-05-23,9.36437860069959E-5
"7723,2878",2024-05-23,1.0883200078819605E-4
"7728,2878",2024-05-23,1.1276174585237411E-4
"7693,2883",2024-05-23,9.586227682787982E-5
"7698,2883",2024-05-23,9.678126036500802E-5
"7703,2883",2024-05-23,9.553908987927664E-5
"7708,2883",2024-05-23,9.877462059827302E-5
"7713,2883",2024-05-23,1.0022847033262582E-4
"7718,2883",2024-05-23,9.500830470678157E-5
"7723,2883",2024-05-23,1.1253340675993685E-4
"7703,2888",2024-05-23,8.939376272334035E-5
"7708,2888",2024-05-23,8.753774694395906E-5
"7713,2888",2024-05-23,9.118670021798364E-5
"7718,2888",2024-05-23,8.578565898657996E-5
"7723,2888",2024-05-23,7.745179037042353E-5
"7713,2843",2024-05-24,7.376948599319091E-5
"7718,2843",2024-05-24,8.775798325623321E-5
"7723,2843",2024-05-24,8.562311702767992E-5
"7708,2848",2024-05-24,8.320512760179094E-5
"7713,2848",2024-05-24,8.023049895879948E-5
"7718,2848",2024-05-24,8.671194051501068E-5
"7723,2848",2024-05-24,8.020275338655854E-5
"7728,2848",2024-05-24,8.007832890890623E-5
"7733,2848",2024-05-24,6.768606346928566E-5
"7688,2853",2024-05-24,8.194597539053057E-5
"7693,2853",2024-05-24,9.175207901273055E-5
"7698,2853",2024-05-24,9.913851631591727E-5
"7703,2853",2024-05-24,1.0027357491308159E-4
"7708,2853",2024-05-24,9.55798021270287E-5
"7713,2853",2024-05-24,1.0146206410331045E-4
"7718,2853",2024-05-24,9.904280821622015E-5
"7723,2853",2024-05-24,7.462113315523527E-5
"7728,2853",2024-05-24,7.052741146596588E-5
"7733,2853",2024-05-24,7.88790896609979E-5
"7683,2858",2024-05-24,6.817848284580901E-5
"7688,2858",2024-05-24,7.278439325843863E-5
"7693,2858",2024-05-24,9.652741551031675E-5
"7698,2858",2024-05-24,9.606153288066782E-5
"7703,2858",2024-05-24,1.0218965575108739E-4
"7708,2858",2024-05-24,1.0294070892985117E-4
"7713,2858",2024-05-24,1.0522106135790643E-4
"7718,2858",2024-05-24,1.0949658021608031E-4
"7723,2858",2024-05-24,1.041642951143183E-4
"7728,2858",2024-05-24,9.385425874071355E-5
"7733,2858",2024-05-24,8.901552066821613E-5
"7688,2863",2024-05-24,7.851902439890493E-5
"7693,2863",2024-05-24,9.418937384747255E-5
"7698,2863",2024-05-24,1.0567961046492842E-4
"7703,2863",2024-05-24,1.1186983366006314E-4
"7708,2863",2024-05-24,1.101888363775954E-4
"7713,2863",2024-05-24,1.1121381994797401E-4
"7718,2863",2024-05-24,1.1767201969564691E-4
"7723,2863",2024-05-24,1.240602204892059E-4
"7728,2863",2024-05-24,1.0896610259300707E-4
"7733,2863",2024-05-24,1.0520568442926047E-4
"7693,2868",2024-05-24,9.301289725009415E-5
"7698,2868",2024-05-24,1.0790397141325615E-4
"7703,2868",2024-05-24,1.1120971405352799E-4
"7708,2868",2024-05-24,1.1247467663704657E-4
"7713,2868",2024-05-24,1.1313017986873018E-4
"7718,2868",2024-05-24,1.12529898592914E-4
"7723,2868",2024-05-24,1.1745099757645713E-4
"7728,2868",2024-05-24,1.1941409683147958E-4
"7733,2868",2024-05-24,1.1745902266105534E-4
"7693,2873",2024-05-24,9.185485770632521E-5
"7698,2873",2024-05-24,9.175260123312458E-5
"7703,2873",2024-05-24,1.008989724363129E-4
"7708,2873",2024-05-24,1.0733346207822135E-4
"7713,2873",2024-05-24,9.172124990321725E-5
"7718,2873",2024-05-24,1.033466160061871E-4
"7723,2873",2024-05-24,1.0672832933240833E-4
"7728,2873",2024-05-24,1.102635740758756E-4
"7733,2873",2024-05-24,9.553892878692563E-5
"7693,2878",2024-05-24,8.380836370639841E-5
"7698,2878",2024-05-24,8.656116425947062E-5
"7703,2878",2024-05-24,9.611040568443811E-5
"7708,2878",2024-05-24,9.573898078251946E-5
"7713,2878",2024-05-24,7.723850520672566E-5
"7718,2878",2024-05-24,7.887586372962238E-5
"7723,2878",2024-05-24,9.931741818471605E-5
"7728,2878",2024-05-24,8.541058523102628E-5
"7693,2883",2024-05-24,7.245967540413322E-5
"7698,2883",2024-05-24,7.973682963304072E-5
"7703,2883",2024-05-24,9.449923574897478E-5
"7708,2883",2024-05-24,8.561043724853069E-5
"7713,2883",2024-05-24,7.836840555669346E-5
"7718,2883",2024-05-24,7.629983060976833E-5
"7723,2883",2024-05-24,8.247724511118974E-5
"7703,2888",2024-05-24,8.522523562707435E-5
"7708,2888",2024-05-24,8.051357115357334E-5
"7713,2888",2024-05-24,7.255201418007242E-5
"7718,2888",2024-05-24,6.107110779353058E-5
"7723,2888",2024-05-24,6.618053639474387E-5
"7713,2843",2024-05-24,7.391738108463235E-5
"7718,2843",2024-05-24,6.839629362001678E-5
"7723,2843",2024-05-24,6.802748390636125E-5
"7708,2848",2024-05-24,8.21133473073277E-5
"7713,2848",2024-05-24,7.988216464061351E-5
"7718,2848",2024-05-24,6.219114035922456E-5
"7723,2848",2024-05-24,6.20468168908967E-5
"7728,2848",2024-05-24,6.082666612397854E-5
"7733,2848",2024-05-24,5.80075655048567E-5
"7688,2853",2024-05-24,6.720115382207814E-5
"7693,2853",2024-05-24,6.886349176864987E-5
"7698,2853",2024-05-24,7.004457070882229E-5
"7703,2853",2024-05-24,9.013033585704052E-5
"7708,2853",2024-05-24,9.118207838839775E-5
"7713,2853",2024-05-24,8.753857522310393E-5
"7718,2853",2024-05-24,7.700975981189987E-5
"7723,2853",2024-05-24,7.704375912628477E-5
"7728,2853",2024-05-24,7.537935342604646E-5
"7733,2853",2024-05-24,7.360061005819405E-5
"7683,2858",2024-05-24,5.44439480706503E-5
"7688,2858",2024-05-24,6.941676960403179E-5
"7693,2858",2024-05-24,6.990103421869466E-5
"7698,2858",2024-05-24,7.310040203827482E-5
"7703,2858",2024-05-24,9.137812136117437E-5
"7708,2858",2024-05-24,9.139512383795037E-5
"7713,2858",2024-05-24,9.042598224770745E-5
"7718,2858",2024-05-24,8.821275001664483E-5
"7723,2858",2024-05-24,8.82812978160027E-5
"7728,2858",2024-05-24,8.125552429979346E-5
"7733,2858",2024-05-24,7.75237793355019E-5
"7688,2863",2024-05-24,7.497215913889789E-5
"7693,2863",2024-05-24,7.495877862915724E-5
"7698,2863",2024-05-24,7.85948744327893E-5
"7703,2863",2024-05-24,8.605804613251723E-5
"7708,2863",2024-05-24,8.604871594039783E-5
"7713,2863",2024-05-24,9.42948176794573E-5
"7718,2863",2024-05-24,1.0011292669814237E-4
"7723,2863",2024-05-24,1.0012172510624493E-4
"7728,2863",2024-05-24,8.89066436104177E-5
"7733,2863",2024-05-24,8.545426904319183E-5
"7693,2868",2024-05-24,6.989117895325629E-5
"7698,2868",2024-05-24,7.71121923800428E-5
"7703,2868",2024-05-24,8.46249910363535E-5
"7708,2868",2024-05-24,8.463113197248005E-5
"7713,2868",2024-05-24,9.707285205694209E-5
"7718,2868",2024-05-24,1.0154336344553417E-4
"7723,2868",2024-05-24,1.0171209220424088E-4
"7728,2868",2024-05-24,1.043067230433651E-4
"7733,2868",2024-05-24,1.044819299218195E-4
"7693,2873",2024-05-24,6.903901772532644E-5
"7698,2873",2024-05-24,7.95087655050982E-5
"7703,2873",2024-05-24,8.291027363911192E-5
"7708,2873",2024-05-24,8.299400645367101E-5
"7713,2873",2024-05-24,9.63058271099633E-5
"7718,2873",2024-05-24,9.801068387481E-5
"7723,2873",2024-05-24,9.789692007052748E-5
"7728,2873",2024-05-24,9.977063167330518E-5
"7733,2873",2024-05-24,9.972347638409734E-5
"7693,2878",2024-05-24,6.753312196666587E-5
"7698,2878",2024-05-24,7.739217431159795E-5
"7703,2878",2024-05-24,7.796562003033991E-5
"7708,2878",2024-05-24,7.826685095071092E-5
"7713,2878",2024-05-24,8.406049596342414E-5
"7718,2878",2024-05-24,8.430324072315057E-5
"7723,2878",2024-05-24,8.161249035522446E-5
"7728,2878",2024-05-24,7.384791701086351E-5
"7693,2883",2024-05-24,6.833115896156997E-5
"7698,2883",2024-05-24,7.384859435900934E-5
"7703,2883",2024-05-24,7.38407709815693E-5
"7708,2883",2024-05-24,7.358118581003304E-5
"7713,2883",2024-05-24,7.216407275322422E-5
"7718,2883",2024-05-24,7.215058809724086E-5
"7723,2883",2024-05-24,6.566223546828086E-5
"7703,2888",2024-05-24,6.793486639342509E-5
"7708,2888",2024-05-24,6.750573365670966E-5
"7713,2888",2024-05-24,6.700223644708022E-5
"7718,2888",2024-05-24,6.696631372586473E-5
"7723,2888",2024-05-24,5.6896870434800855E-5
"7713,2843",2024-05-25,8.072357213693018E-5
"7718,2843",2024-05-25,7.598444030598061E-5
"7723,2843",2024-05-25,8.597365595880917E-5
"7708,2848",2024-05-25,8.900187842839704E-5
"7713,2848",2024-05-25,8.319511061474645E-5
"7718,2848",2024-05-25,8.330706225209528E-5
"7723,2848",2024-05-25,9.107174505308845E-5
"7728,2848",2024-05-25,1.0680892647617036E-4
"7733,2848",2024-05-25,1.0201295178388119E-4
"7688,2853",2024-05-25,5.8121904500564346E-5
"7693,2853",2024-05-25,6.0700434696585664E-5
"7698,2853",2024-05-25,6.955871885117539E-5
"7703,2853",2024-05-25,7.546156568196592E-5
"7708,2853",2024-05-25,8.407094537294085E-5
"7713,2853",2024-05-25,9.402662895087528E-5
"7718,2853",2024-05-25,8.904318665122478E-5
"7723,2853",2024-05-25,8.816217061777295E-5
"7728,2853",2024-05-25,1.1773377979354375E-4
"7733,2853",2024-05-25,1.0428546331713693E-4
"7683,2858",2024-05-25,6.144139179356537E-5
"7688,2858",2024-05-25,6.382980745385556E-5
"7693,2858",2024-05-25,6.411274191454728E-5
"7698,2858",2024-05-25,6.749542987379904E-5
"7703,2858",2024-05-25,6.685593014790557E-5
"7708,2858",2024-05-25,6.797603488244391E-5
"7713,2858",2024-05-25,8.162542759578147E-5
"7718,2858",2024-05-25,9.103349335056143E-5
"7723,2858",2024-05-25,9.555282046188373E-5
"7728,2858",2024-05-25,1.040491310178322E-4
"7733,2858",2024-05-25,1.0063675852846223E-4
"7688,2863",2024-05-25,6.127577524310921E-5
"7693,2863",2024-05-25,6.2622309179527E-5
"7698,2863",2024-05-25,6.520862500436656E-5
"7703,2863",2024-05-25,6.457686797939776E-5
"7708,2863",2024-05-25,6.547605345495369E-5
"7713,2863",2024-05-25,7.070480112126162E-5
"7718,2863",2024-05-25,9.578590075917179E-5
"7723,2863",2024-05-25,9.796545402020644E-5
"7728,2863",2024-05-25,9.762601321703569E-5
"7733,2863",2024-05-25,1.0284720637102049E-4
"7693,2868",2024-05-25,5.7073129120375735E-5
"7698,2868",2024-05-25,6.239817687496771E-5
"7703,2868",2024-05-25,7.563123953930681E-5
"7708,2868",2024-05-25,7.456777911386803E-5
"7713,2868",2024-05-25,7.427235924010809E-5
"7718,2868",2024-05-25,9.90055167581948E-5
"7723,2868",2024-05-25,1.0392961299337347E-4
"7728,2868",2024-05-25,1.0226539781430057E-4
"7733,2868",2024-05-25,9.576479925050457E-5
"7693,2873",2024-05-25,6.525886884649413E-5
"7698,2873",2024-05-25,6.626436893686954E-5
"7703,2873",2024-05-25,6.606562926599744E-5
"7708,2873",2024-05-25,6.773277496417386E-5
"7713,2873",2024-05-25,6.956131839917742E-5
"7718,2873",2024-05-25,7.464029827297413E-5
"7723,2873",2024-05-25,9.391552758096695E-5
"7728,2873",2024-05-25,9.233299659788016E-5
"7733,2873",2024-05-25,8.68154306172989E-5
"7693,2878",2024-05-25,6.362065050724054E-5
"7698,2878",2024-05-25,6.359857831862785E-5
"7703,2878",2024-05-25,5.965076578636832E-5
"7708,2878",2024-05-25,6.816346451308567E-5
"7713,2878",2024-05-25,6.376969419002002E-5
"7718,2878",2024-05-25,5.880748832239347E-5
"7723,2878",2024-05-25,6.183490106326674E-5
"7728,2878",2024-05-25,7.646038211274221E-5
"7693,2883",2024-05-25,5.330120627582281E-5
"7698,2883",2024-05-25,5.791870218709847E-5
"7703,2883",2024-05-25,6.238572732744475E-5
"7708,2883",2024-05-25,5.8463365896802954E-5
"7713,2883",2024-05-25,5.626965482471241E-5
"7718,2883",2024-05-25,5.87728022084328E-5
"7723,2883",2024-05-25,6.657798682779678E-5
"7703,2888",2024-05-25,5.6482505133578357E-5
"7708,2888",2024-05-25,5.276447444137143E-5
"7713,2888",2024-05-25,5.538626907276401E-5
"7718,2888",2024-05-25,5.63931072423874E-5
"7723,2888",2024-05-25,5.8210084420211774E-5
"7713,2843",2024-05-26,1.2347512227629744E-4
"7718,2843",2024-05-26,1.109693541487024E-4
"7723,2843",2024-05-26,1.220099300515617E-4
"7708,2848",2024-05-26,1.1944735385102884E-4
"7713,2848",2024-05-26,1.27770191710252E-4
"7718,2848",2024-05-26,1.252002848099293E-4
"7723,2848",2024-05-26,1.244618918140885E-4
"7728,2848",2024-05-26,1.2380794006758031E-4
"7733,2848",2024-05-26,1.1227298846988977E-4
"7688,2853",2024-05-26,6.0309153306389334E-5
"7693,2853",2024-05-26,6.933567903520259E-5
"7698,2853",2024-05-26,8.366100412832226E-5
"7703,2853",2024-05-26,1.0452672649679754E-4
"7708,2853",2024-05-26,1.2330488298932586E-4
"7713,2853",2024-05-26,1.2735805294182486E-4
"7718,2853",2024-05-26,1.3255098872409822E-4
"7723,2853",2024-05-26,1.4185208410949252E-4
"7728,2853",2024-05-26,1.2620102800092902E-4
"7733,2853",2024-05-26,1.0378282116869634E-4
"7683,2858",2024-05-26,6.983713269834266E-5
"7688,2858",2024-05-26,5.871122740128648E-5
"7693,2858",2024-05-26,7.353561620235368E-5
"7698,2858",2024-05-26,8.904693892498174E-5
"7703,2858",2024-05-26,1.0777288010953185E-4
"7708,2858",2024-05-26,1.2348538415003662E-4
"7713,2858",2024-05-26,1.2755815044531043E-4
"7718,2858",2024-05-26,1.1817495471222307E-4
"7723,2858",2024-05-26,1.284156133130569E-4
"7728,2858",2024-05-26,1.2388555916893908E-4
"7733,2858",2024-05-26,1.0345941468126406E-4
"7688,2863",2024-05-26,7.127978923248531E-5
"7693,2863",2024-05-26,7.703639946928279E-5
"7698,2863",2024-05-26,8.864798979540499E-5
"7703,2863",2024-05-26,1.0307701743203599E-4
"7708,2863",2024-05-26,1.1440617622403785E-4
"7713,2863",2024-05-26,1.1927830718006594E-4
"7718,2863",2024-05-26,1.3101805703891404E-4
"7723,2863",2024-05-26,1.0656653277272718E-4
"7728,2863",2024-05-26,9.970936012557714E-5
"7733,2863",2024-05-26,1.0237584396791107E-4
"7693,2868",2024-05-26,7.622789567351192E-5
"7698,2868",2024-05-26,8.326927014314359E-5
"7703,2868",2024-05-26,9.350957832064832E-5
"7708,2868",2024-05-26,9.495242940612646E-5
"7713,2868",2024-05-26,1.09864498517615E-4
"7718,2868",2024-05-26,1.2737803662047988E-4
"7723,2868",2024-05-26,9.683567210749594E-5
"7728,2868",2024-05-26,8.470532081779702E-5
"7733,2868",2024-05-26,9.217358411689438E-5
"7693,2873",2024-05-26,7.021011294863897E-5
"7698,2873",2024-05-26,7.772452261791404E-5
"7703,2873",2024-05-26,8.821216188072206E-5
"7708,2873",2024-05-26,9.129858454947468E-5
"7713,2873",2024-05-26,1.1635087339482739E-4
"7718,2873",2024-05-26,1.0261622501523737E-4
"7723,2873",2024-05-26,7.876156198732186E-5
"7728,2873",2024-05-26,7.695991787046405E-5
"7733,2873",2024-05-26,7.794466963076245E-5
"7693,2878",2024-05-26,7.116301115159809E-5
"7698,2878",2024-05-26,8.46469732204607E-5
"7703,2878",2024-05-26,8.772158414993377E-5
"7708,2878",2024-05-26,8.954578994489095E-5
"7713,2878",2024-05-26,9.648680208478536E-5
"7718,2878",2024-05-26,9.297882980569579E-5
"7723,2878",2024-05-26,6.842291906985984E-5
"7728,2878",2024-05-26,7.309911062101097E-5
"7693,2883",2024-05-26,7.619311779329109E-5
"7698,2883",2024-05-26,9.189998627436607E-5
"7703,2883",2024-05-26,8.62667258241866E-5
"7708,2883",2024-05-26,8.819855807416046E-5
"7713,2883",2024-05-26,9.407032641110303E-5
"7718,2883",2024-05-26,7.73274325583702E-5
"7723,2883",2024-05-26,6.933113921351431E-5
"7703,2888",2024-05-26,8.949807332707167E-5
"7708,2888",2024-05-26,9.041306434453402E-5
"7713,2888",2024-05-26,8.966980349002938E-5
"7718,2888",2024-05-26,7.875608757861782E-5
"7723,2888",2024-05-26,7.96747896709802E-5
"7713,2843",2024-05-27,1.6021109132166792E-4
"7718,2843",2024-05-27,1.3991369860335951E-4
"7723,2843",2024-05-27,1.221896992360178E-4
"7708,2848",2024-05-27,1.7390420952992318E-4
"7713,2848",2024-05-27,1.697080904638181E-4
"7718,2848",2024-05-27,1.430418846599669E-4
"7723,2848",2024-05-27,1.3569559285359512E-4
"7728,2848",2024-05-27,1.566733782713975E-4
"7733,2848",2024-05-27,1.9824752949051917E-4
"7688,2853",2024-05-27,7.985155444404647E-5
"7693,2853",2024-05-27,8.582516946511729E-5
"7698,2853",2024-05-27,9.451100428473144E-5
"7703,2853",2024-05-27,1.1729700082847893E-4
"7708,2853",2024-05-27,1.4915263317828324E-4
"7713,2853",2024-05-27,1.5275918438514068E-4
"7718,2853",2024-05-27,1.462351677933666E-4
"7723,2853",2024-05-27,1.5994944315865452E-4
"7728,2853",2024-05-27,1.7730464440499338E-4
"7733,2853",2024-05-27,1.8215431504840982E-4
"7683,2858",2024-05-27,9.184873960966827E-5
"7688,2858",2024-05-27,8.462571471163944E-5
"7693,2858",2024-05-27,9.02697130269514E-5
"7698,2858",2024-05-27,9.685486721594507E-5
"7703,2858",2024-05-27,1.2943142678588523E-4
"7708,2858",2024-05-27,1.3844067561977558E-4
"7713,2858",2024-05-27,1.4259022598488467E-4
"7718,2858",2024-05-27,1.5330071722270003E-4
"7723,2858",2024-05-27,1.8270615894654663E-4
"7728,2858",2024-05-27,1.8248798963559716E-4
"7733,2858",2024-05-27,1.8367689591649043E-4
"7688,2863",2024-05-27,9.00206709825844E-5
"7693,2863",2024-05-27,9.473402832253378E-5
"7698,2863",2024-05-27,9.438863236861887E-5
"7703,2863",2024-05-27,1.1248081590081693E-4
"7708,2863",2024-05-27,1.2270522327928143E-4
"7713,2863",2024-05-27,1.3321341199464416E-4
"7718,2863",2024-05-27,1.5173421822828236E-4
"7723,2863",2024-05-27,1.8059440344361932E-4
"7728,2863",2024-05-27,2.0664239047327689E-4
"7733,2863",2024-05-27,2.0412463709177042E-4
"7693,2868",2024-05-27,9.255580896422815E-5
"7698,2868",2024-05-27,8.335987551083043E-5
"7703,2868",2024-05-27,9.647502881075138E-5
"7708,2868",2024-05-27,1.1128557094759505E-4
"7713,2868",2024-05-27,1.2367263367518005E-4
"7718,2868",2024-05-27,1.3189353510677758E-4
"7723,2868",2024-05-27,1.5510060060191301E-4
"7728,2868",2024-05-27,1.7592472451641655E-4
"7733,2868",2024-05-27,1.6364857908855292E-4
"7693,2873",2024-05-27,8.373372270590831E-5
"7698,2873",2024-05-27,7.900603921331561E-5
"7703,2873",2024-05-27,9.912038561120108E-5
"7708,2873",2024-05-27,1.0647152624107538E-4
"7713,2873",2024-05-27,1.1028485152931314E-4
"7718,2873",2024-05-27,1.2234334058942037E-4
"7723,2873",2024-05-27,1.38150280842549E-4
"7728,2873",2024-05-27,1.3749229070229827E-4
"7733,2873",2024-05-27,1.192818176211037E-4
"7693,2878",2024-05-27,8.042105344942235E-5
"7698,2878",2024-05-27,7.942299433032744E-5
"7703,2878",2024-05-27,9.184053260114404E-5
"7708,2878",2024-05-27,1.0374404289393542E-4
"7713,2878",2024-05-27,1.0912662722382005E-4
"7718,2878",2024-05-27,1.16115994460343E-4
"7723,2878",2024-05-27,1.1752536277062529E-4
"7728,2878",2024-05-27,1.167642056027914E-4
"7693,2883",2024-05-27,8.580212844716328E-5
"7698,2883",2024-05-27,7.609226898678952E-5
"7703,2883",2024-05-27,8.730014482021579E-5
"7708,2883",2024-05-27,1.0277414211158678E-4
"7713,2883",2024-05-27,1.1607375595229138E-4
"7718,2883",2024-05-27,1.0957514872662587E-4
"7723,2883",2024-05-27,1.0821016657035051E-4
"7703,2888",2024-05-27,9.595526407544082E-5
"7708,2888",2024-05-27,1.0060703092498225E-4
"7713,2888",2024-05-27,1.0728049307063355E-4
"7718,2888",2024-05-27,1.0452929405621586E-4
"7723,2888",2024-05-27,1.0700392689444987E-4
"7713,2843",2024-05-28,1.5315334739115228E-4
"7718,2843",2024-05-28,1.373697399080361E-4
"7723,2843",2024-05-28,1.3280123869628967E-4
"7708,2848",2024-05-28,1.306797379061122E-4
"7713,2848",2024-05-28,1.3992249465620676E-4
"7718,2848",2024-05-28,1.372859869893971E-4
"7723,2848",2024-05-28,1.379498174130966E-4
"7728,2848",2024-05-28,1.553855540493907E-4
"7733,2848",2024-05-28,1.8315700609322383E-4
"7688,2853",2024-05-28,6.630560165626414E-5
"7693,2853",2024-05-28,7.756301388271106E-5
"7698,2853",2024-05-28,7.613179923203923E-5
"7703,2853",2024-05-28,8.47621404218819E-5
"7708,2853",2024-05-28,1.2039287981356838E-4
"7713,2853",2024-05-28,1.4496919651159514E-4
"7718,2853",2024-05-28,1.5504435356503995E-4
"7723,2853",2024-05-28,1.703340364782805E-4
"7728,2853",2024-05-28,1.925997432427753E-4
"7733,2853",2024-05-28,1.7864036343662705E-4
"7683,2858",2024-05-28,7.734209165944423E-5
"7688,2858",2024-05-28,6.365162709110393E-5
"7693,2858",2024-05-28,5.655509746930909E-5
"7698,2858",2024-05-28,7.057678661024551E-5
"7703,2858",2024-05-28,8.560886315755111E-5
"7708,2858",2024-05-28,1.0428930610841919E-4
"7713,2858",2024-05-28,1.5163055180675397E-4
"7718,2858",2024-05-28,1.871119527250793E-4
"7723,2858",2024-05-28,1.975750402379093E-4
"7728,2858",2024-05-28,1.899541219656554E-4
"7733,2858",2024-05-28,1.6472237373631646E-4
"7688,2863",2024-05-28,7.601721771625846E-5
"7693,2863",2024-05-28,7.532222303934864E-5
"7698,2863",2024-05-28,7.39488841204834E-5
"7703,2863",2024-05-28,9.283416671790844E-5
"7708,2863",2024-05-28,1.2029140884432964E-4
"7713,2863",2024-05-28,1.5515334866960938E-4
"7718,2863",2024-05-28,2.1083732571633215E-4
"7723,2863",2024-05-28,1.9930612875693015E-4
"7728,2863",2024-05-28,1.7129767450772552E-4
"7733,2863",2024-05-28,1.4549192483438733E-4
"7693,2868",2024-05-28,7.804972355894918E-5
"7698,2868",2024-05-28,7.94963217416043E-5
"7703,2868",2024-05-28,9.149737413216235E-5
"7708,2868",2024-05-28,1.0072520766650308E-4
"7713,2868",2024-05-28,1.3498505197907234E-4
"7718,2868",2024-05-28,1.7549121725450522E-4
"7723,2868",2024-05-28,1.4561225769390708E-4
"7728,2868",2024-05-28,1.3781459270843048E-4
"7733,2868",2024-05-28,1.261535115571539E-4
"7693,2873",2024-05-28,6.582738312966264E-5
"7698,2873",2024-05-28,7.667127231307926E-5
"7703,2873",2024-05-28,8.266411558059924E-5
"7708,2873",2024-05-28,9.572743945397934E-5
"7713,2873",2024-05-28,1.2056377245481686E-4
"7718,2873",2024-05-28,1.3315810041497885E-4
"7723,2873",2024-05-28,1.0563926170949099E-4
"7728,2873",2024-05-28,1.0295539817249655E-4
"7733,2873",2024-05-28,9.792033992643868E-5
"7693,2878",2024-05-28,6.784972605841555E-5
"7698,2878",2024-05-28,7.423481074659488E-5
"7703,2878",2024-05-28,8.265641070432323E-5
"7708,2878",2024-05-28,9.40457390503865E-5
"7713,2878",2024-05-28,1.1766760138804126E-4
"7718,2878",2024-05-28,1.1317259966030394E-4
"7723,2878",2024-05-28,9.76357286146963E-5
"7728,2878",2024-05-28,9.020243764385077E-5
"7693,2883",2024-05-28,6.903552847118602E-5
"7698,2883",2024-05-28,6.781744004160858E-5
"7703,2883",2024-05-28,7.524177376549587E-5
"7708,2883",2024-05-28,8.79845792509487E-5
"7713,2883",2024-05-28,1.007375321714836E-4
"7718,2883",2024-05-28,9.86093175060383E-5
"7723,2883",2024-05-28,9.153358989305327E-5
"7703,2888",2024-05-28,8.170091567365098E-5
"7708,2888",2024-05-28,9.650712610673729E-5
"7713,2888",2024-05-28,9.917268025582075E-5
"7718,2888",2024-05-28,8.566616079259598E-5
"7723,2888",2024-05-28,8.556685738114084E-5
"7713,2843",2024-05-29,1.0981821552900417E-4
"7718,2843",2024-05-29,1.1133580668949694E-4
"7723,2843",2024-05-29,1.2641275942813998E-4
"7708,2848",2024-05-29,1.2482014990880663E-4
"7713,2848",2024-05-29,1.227781959603647E-4
"7718,2848",2024-05-29,1.2622244756216867E-4
"7723,2848",2024-05-29,1.4019975326644312E-4
"7728,2848",2024-05-29,1.3467284261488817E-4
"7733,2848",2024-05-29,1.2887721268624994E-4
"7688,2853",2024-05-29,6.630308397473836E-5
"7693,2853",2024-05-29,7.746233691823491E-5
"7698,2853",2024-05-29,8.057741055594963E-5
"7703,2853",2024-05-29,9.674740044845776E-5
"7708,2853",2024-05-29,1.1450449958650331E-4
"7713,2853",2024-05-29,1.196365149441641E-4
"7718,2853",2024-05-29,1.334469399794146E-4
"7723,2853",2024-05-29,1.3759754399996112E-4
"7728,2853",2024-05-29,1.4030740602169264E-4
"7733,2853",2024-05-29,1.4157468515200238E-4
"7683,2858",2024-05-29,5.646759107792024E-5
"7688,2858",2024-05-29,6.277528942236041E-5
"7693,2858",2024-05-29,5.863371810216361E-5
"7698,2858",2024-05-29,6.681536627944149E-5
"7703,2858",2024-05-29,8.874010462295832E-5
"7708,2858",2024-05-29,9.197213782025226E-5
"7713,2858",2024-05-29,1.0941982313643173E-4
"7718,2858",2024-05-29,1.3067876389929236E-4
"7723,2858",2024-05-29,1.317314440894079E-4
"7728,2858",2024-05-29,1.4452787985891948E-4
"7733,2858",2024-05-29,1.624161070865098E-4
"7688,2863",2024-05-29,6.430750643149843E-5
"7693,2863",2024-05-29,6.75092770836458E-5
"7698,2863",2024-05-29,7.023438274078849E-5
"7703,2863",2024-05-29,8.249848768583975E-5
"7708,2863",2024-05-29,8.671926000738241E-5
"7713,2863",2024-05-29,1.1114824403623324E-4
"7718,2863",2024-05-29,1.342727891623218E-4
"7723,2863",2024-05-29,1.3364381776898262E-4
"7728,2863",2024-05-29,1.40924167248962E-4
"7733,2863",2024-05-29,1.5045401226379713E-4
"7693,2868",2024-05-29,6.095665541962983E-5
"7698,2868",2024-05-29,7.226470589302769E-5
"7703,2868",2024-05-29,7.017716487418516E-5
"7708,2868",2024-05-29,7.542056527665862E-5
"7713,2868",2024-05-29,1.033697149550182E-4
"7718,2868",2024-05-29,1.1114139193478882E-4
"7723,2868",2024-05-29,1.206894170878133E-4
"7728,2868",2024-05-29,1.2533638574655485E-4
"7733,2868",2024-05-29,1.331177609146481E-4
"7693,2873",2024-05-29,6.368387286910102E-5
"7698,2873",2024-05-29,7.114746387837231E-5
"7703,2873",2024-05-29,7.4419482184742E-5
"7708,2873",2024-05-29,8.008191044061521E-5
"7713,2873",2024-05-29,9.28774891844685E-5
"7718,2873",2024-05-29,9.676857059913973E-5
"7723,2873",2024-05-29,9.851984090527217E-5
"7728,2873",2024-05-29,1.0196149872342192E-4
"7733,2873",2024-05-29,1.1177009261213805E-4
"7693,2878",2024-05-29,6.640181818638869E-5
"7698,2878",2024-05-29,6.604223924227923E-5
"7703,2878",2024-05-29,6.614074973249734E-5
"7708,2878",2024-05-29,8.397803989917975E-5
"7713,2878",2024-05-29,8.693805211854998E-5
"7718,2878",2024-05-29,8.783596337914827E-5
"7723,2878",2024-05-29,8.04273757411665E-5
"7728,2878",2024-05-29,8.627580407864024E-5
"7693,2883",2024-05-29,6.423647672879204E-5
"7698,2883",2024-05-29,6.749098980491726E-5
"7703,2883",2024-05-29,6.972985751751869E-5
"7708,2883",2024-05-29,8.164446310741515E-5
"7713,2883",2024-05-29,8.690039828326623E-5
"7718,2883",2024-05-29,7.979800154883629E-5
"7723,2883",2024-05-29,6.617835245512397E-5
"7703,2888",2024-05-29,6.449606520207785E-5
"7708,2888",2024-05-29,6.997314114190746E-5
"7713,2888",2024-05-29,7.409774397024139E-5
"7718,2888",2024-05-29,7.094253154812358E-5
"7723,2888",2024-05-29,6.823479270580422E-5
"7713,2843",2024-05-29,7.708669376683219E-5
"7718,2843",2024-05-29,8.215229058012753E-5
"7723,2843",2024-05-29,8.38548060866862E-5
"7708,2848",2024-05-29,7.496046599797097E-5
"7713,2848",2024-05-29,8.626772409156568E-5
"7718,2848",2024-05-29,8.860207938927225E-5
"7723,2848",2024-05-29,1.1158691240827843E-4
"7728,2848",2024-05-29,1.2107823167458001E-4
"7733,2848",2024-05-29,1.2198042621918975E-4
"7688,2853",2024-05-29,3.381416739765798E-5
"7693,2853",2024-05-29,3.198143423594548E-5
"7698,2853",2024-05-29,3.274358356210663E-5
"7703,2853",2024-05-29,4.431794939816005E-5
"7708,2853",2024-05-29,7.904083901629398E-5
"7713,2853",2024-05-29,1.1078989769176074E-4
"7718,2853",2024-05-29,1.1262284262588333E-4
"7723,2853",2024-05-29,1.258263694464057E-4
"7728,2853",2024-05-29,1.2742452751867661E-4
"7733,2853",2024-05-29,1.2082641887310155E-4
"7683,2858",2024-05-29,3.9881673741949756E-5
"7688,2858",2024-05-29,5.692367929152134E-5
"7693,2858",2024-05-29,5.804963902098588E-5
"7698,2858",2024-05-29,6.288116738922897E-5
"7703,2858",2024-05-29,7.685950330284847E-5
"7708,2858",2024-05-29,7.877432328180638E-5
"7713,2858",2024-05-29,8.915886448472036E-5
"7718,2858",2024-05-29,9.434691955036846E-5
"7723,2858",2024-05-29,1.2215924905923593E-4
"7728,2858",2024-05-29,1.2582939288402747E-4
"7733,2858",2024-05-29,1.323784907211857E-4
"7688,2863",2024-05-29,5.717383010925054E-5
"7693,2863",2024-05-29,5.973100444279673E-5
"7698,2863",2024-05-29,6.245989653629429E-5
"7703,2863",2024-05-29,6.9339126603432E-5
"7708,2863",2024-05-29,7.416491138811456E-5
"7713,2863",2024-05-29,8.809376454561312E-5
"7718,2863",2024-05-29,9.474067392100943E-5
"7723,2863",2024-05-29,1.241987026212607E-4
"7728,2863",2024-05-29,1.2980304214444077E-4
"7733,2863",2024-05-29,1.3911496623170906E-4
"7693,2868",2024-05-29,5.314793211431398E-5
"7698,2868",2024-05-29,5.649937847412325E-5
"7703,2868",2024-05-29,6.555801425659063E-5
"7708,2868",2024-05-29,7.042070049478308E-5
"7713,2868",2024-05-29,9.569690822812624E-5
"7718,2868",2024-05-29,1.0129511449478256E-4
"7723,2868",2024-05-29,1.1270728442743667E-4
"7728,2868",2024-05-29,1.1886948829443408E-4
"7733,2868",2024-05-29,1.2476483642324065E-4
"7693,2873",2024-05-29,5.6333543499763536E-5
"7698,2873",2024-05-29,6.006480468288542E-5
"7703,2873",2024-05-29,6.663019753200744E-5
"7708,2873",2024-05-29,6.944925597495139E-5
"7713,2873",2024-05-29,7.920228086571207E-5
"7718,2873",2024-05-29,8.88439887004656E-5
"7723,2873",2024-05-29,1.0240450226720183E-4
"7728,2873",2024-05-29,9.927282142250579E-5
"7733,2873",2024-05-29,9.749187621367722E-5
"7693,2878",2024-05-29,5.210145555520243E-5
"7698,2878",2024-05-29,5.338279387296666E-5
"7703,2878",2024-05-29,5.721155768816735E-5
"7708,2878",2024-05-29,6.324676500747228E-5
"7713,2878",2024-05-29,7.670494098974343E-5
"7718,2878",2024-05-29,8.035323033550148E-5
"7723,2878",2024-05-29,8.320749572625241E-5
"7728,2878",2024-05-29,7.620641609118311E-5
"7693,2883",2024-05-29,5.4184264406559176E-5
"7698,2883",2024-05-29,5.431362196041795E-5
"7703,2883",2024-05-29,5.227344640354543E-5
"7708,2883",2024-05-29,6.0578737888219576E-5
"7713,2883",2024-05-29,7.093510983700162E-5
"7718,2883",2024-05-29,6.880354113652648E-5
"7723,2883",2024-05-29,6.805706063696136E-5
"7703,2888",2024-05-29,5.993569204450502E-5
"7708,2888",2024-05-29,6.478807675011595E-5
"7713,2888",2024-05-29,6.843582941035369E-5
"7718,2888",2024-05-29,5.993407849750632E-5
"7723,2888",2024-05-29,5.94561772538318E-5
"7713,2843",2024-05-30,9.880287614110881E-5
"7718,2843",2024-05-30,1.0367515166452375E-4
"7723,2843",2024-05-30,1.0405546781289734E-4
"7708,2848",2024-05-30,7.655432436896779E-5
"7713,2848",2024-05-30,1.0162588752020838E-4
"7718,2848",2024-05-30,1.0690763694363385E-4
"7723,2848",2024-05-30,1.1292309116249459E-4
"7728,2848",2024-05-30,1.17960079399865E-4
"7733,2848",2024-05-30,1.2563518066202757E-4
"7688,2853",2024-05-30,4.841027056572711E-5
"7693,2853",2024-05-30,5.0040184860975196E-5
"7698,2853",2024-05-30,5.143056284747897E-5
"7703,2853",2024-05-30,6.739767817703325E-5
"7708,2853",2024-05-30,7.538369595968236E-5
"7713,2853",2024-05-30,1.0766572802493437E-4
"7718,2853",2024-05-30,1.1558608916106827E-4
"7723,2853",2024-05-30,1.299660963244945E-4
"7728,2853",2024-05-30,1.3740243075894336E-4
"7733,2853",2024-05-30,1.4172942432086073E-4
"7683,2858",2024-05-30,4.5240701391237564E-5
"7688,2858",2024-05-30,4.428483117779917E-5
"7693,2858",2024-05-30,5.126002974612194E-5
"7698,2858",2024-05-30,5.270589532610622E-5
"7703,2858",2024-05-30,7.090770382233589E-5
"7708,2858",2024-05-30,8.041733401241218E-5
"7713,2858",2024-05-30,1.0335482895866986E-4
"7718,2858",2024-05-30,1.1306792639712617E-4
"7723,2858",2024-05-30,1.2047655721814316E-4
"7728,2858",2024-05-30,1.3371659054616823E-4
"7733,2858",2024-05-30,1.3769621077856643E-4
"7688,2863",2024-05-30,4.011645064352303E-5
"7693,2863",2024-05-30,5.275583978794605E-5
"7698,2863",2024-05-30,5.618938837125216E-5
"7703,2863",2024-05-30,6.903153174013429E-5
"7708,2863",2024-05-30,8.002839510114027E-5
"7713,2863",2024-05-30,9.1007893028963E-5
"7718,2863",2024-05-30,1.0160321884655479E-4
"7723,2863",2024-05-30,1.0630166920097692E-4
"7728,2863",2024-05-30,1.207166842144685E-4
"7733,2863",2024-05-30,1.2173925441090214E-4
"7693,2868",2024-05-30,5.842222756712583E-5
"7698,2868",2024-05-30,6.091448060434078E-5
"7703,2868",2024-05-30,6.564623569676723E-5
"7708,2868",2024-05-30,7.863932607102315E-5
"7713,2868",2024-05-30,8.580715271994619E-5
"7718,2868",2024-05-30,9.918031909882276E-5
"7723,2868",2024-05-30,9.964529661162342E-5
"7728,2868",2024-05-30,1.010634989012464E-4
"7733,2868",2024-05-30,1.0014477757327374E-4
"7693,2873",2024-05-30,6.310150253551715E-5
"7698,2873",2024-05-30,6.109473245065196E-5
"7703,2873",2024-05-30,6.102406914121774E-5
"7708,2873",2024-05-30,7.923811422078797E-5
"7713,2873",2024-05-30,8.296937046005604E-5
"7718,2873",2024-05-30,9.249511226872734E-5
"7723,2873",2024-05-30,8.739252050202598E-5
"7728,2873",2024-05-30,7.74211602825699E-5
"7733,2873",2024-05-30,7.968939816654997E-5
"7693,2878",2024-05-30,6.137284205939026E-5
"7698,2878",2024-05-30,6.158125081738155E-5
"7703,2878",2024-05-30,6.262836290740845E-5
"7708,2878",2024-05-30,7.878476072096097E-5
"7713,2878",2024-05-30,7.944743884195312E-5
"7718,2878",2024-05-30,7.990676280895792E-5
"7723,2878",2024-05-30,7.433484116891211E-5
"7728,2878",2024-05-30,6.922411875193266E-5
"7693,2883",2024-05-30,5.405573398104681E-5
"7698,2883",2024-05-30,6.650767769990652E-5
"7703,2883",2024-05-30,6.993774217836337E-5
"7708,2883",2024-05-30,8.088725784385304E-5
"7713,2883",2024-05-30,7.895785717491581E-5
"7718,2883",2024-05-30,7.712912872521439E-5
"7723,2883",2024-05-30,6.892569314990298E-5
"7703,2888",2024-05-30,7.00850119818014E-5
"7708,2888",2024-05-30,7.620776974479706E-5
"7713,2888",2024-05-30,7.850230337558412E-5
"7718,2888",2024-05-30,7.89371497930467E-5
"7723,2888",2024-05-30,6.878131458334946E-5
"7713,2843",2024-05-31,7.992243409609201E-5
"7718,2843",2024-05-31,7.995234290857687E-5
"7723,2843",2024-05-31,7.4592208690731E-5
"7708,2848",2024-05-31,8.547631850852985E-5
"7713,2848",2024-05-31,9.582469245056939E-5
"7718,2848",2024-05-31,9.822294955648029E-5
"7723,2848",2024-05-31,9.303267875667786E-5
"7728,2848",2024-05-31,9.263044992176144E-5
"7733,2848",2024-05-31,1.0672773889294646E-4
"7688,2853",2024-05-31,5.131020377343311E-5
"7693,2853",2024-05-31,5.500217327751104E-5
"7698,2853",2024-05-31,6.233930416829972E-5
"7703,2853",2024-05-31,7.246326074290948E-5
"7708,2853",2024-05-31,9.852817965437974E-5
"7713,2853",2024-05-31,1.2077398744519992E-4
"7718,2853",2024-05-31,1.1272844678462845E-4
"7723,2853",2024-05-31,1.0077700847399223E-4
"7728,2853",2024-05-31,1.1546029621772018E-4
"7733,2853",2024-05-31,1.2102655979600427E-4
"7683,2858",2024-05-31,5.1234614917026076E-5
"7688,2858",2024-05-31,5.451630668693656E-5
"7693,2858",2024-05-31,6.469794591137083E-5
"7698,2858",2024-05-31,7.106320842238506E-5
"7703,2858",2024-05-31,7.768630236215336E-5
"7708,2858",2024-05-31,1.0664696764727049E-4
"7713,2858",2024-05-31,9.992129354343806E-5
"7718,2858",2024-05-31,9.750344798518837E-5
"7723,2858",2024-05-31,1.0782661083807967E-4
"7728,2858",2024-05-31,1.277421765289684E-4
"7733,2858",2024-05-31,1.4082065269077043E-4
"7688,2863",2024-05-31,6.160042030315573E-5
"7693,2863",2024-05-31,6.834692574092142E-5
"7698,2863",2024-05-31,7.748419431974543E-5
"7703,2863",2024-05-31,8.668099565315633E-5
"7708,2863",2024-05-31,9.006241294619936E-5
"7713,2863",2024-05-31,1.0332955015804878E-4
"7718,2863",2024-05-31,1.0702086064173126E-4
"7723,2863",2024-05-31,1.2022623874057853E-4
"7728,2863",2024-05-31,1.338220209529977E-4
"7733,2863",2024-05-31,1.373692256196073E-4
"7693,2868",2024-05-31,7.668821897888187E-5
"7698,2868",2024-05-31,8.213682896525935E-5
"7703,2868",2024-05-31,7.749720069585442E-5
"7708,2868",2024-05-31,9.217788594354332E-5
"7713,2868",2024-05-31,1.0498403542414671E-4
"7718,2868",2024-05-31,1.0935261541079171E-4
"7723,2868",2024-05-31,1.1933222370193575E-4
"7728,2868",2024-05-31,1.2378458959371607E-4
"7733,2868",2024-05-31,1.1530535218026547E-4
"7693,2873",2024-05-31,7.387944467024301E-5
"7698,2873",2024-05-31,7.472155110457378E-5
"7703,2873",2024-05-31,8.001250019349058E-5
"7708,2873",2024-05-31,8.123462868826943E-5
"7713,2873",2024-05-31,9.52666443109701E-5
"7718,2873",2024-05-31,1.1344937901668802E-4
"7723,2873",2024-05-31,9.922802257161826E-5
"7728,2873",2024-05-31,9.356490973022996E-5
"7733,2873",2024-05-31,9.039590025402377E-5
"7693,2878",2024-05-31,6.880198290117533E-5
"7698,2878",2024-05-31,5.7718600648205177E-5
"7703,2878",2024-05-31,6.834153172422673E-5
"7708,2878",2024-05-31,9.142186534033424E-5
"7713,2878",2024-05-31,1.0338046192628726E-4
"7718,2878",2024-05-31,9.749740383611847E-5
"7723,2878",2024-05-31,8.015132471138621E-5
"7728,2878",2024-05-31,7.826273429129253E-5
"7693,2883",2024-05-31,6.431019013179544E-5
"7698,2883",2024-05-31,7.116581726970509E-5
"7703,2883",2024-05-31,7.768170150872023E-5
"7708,2883",2024-05-31,7.797926759499287E-5
"7713,2883",2024-05-31,8.682837826333255E-5
"7718,2883",2024-05-31,7.935575322222347E-5
"7723,2883",2024-05-31,7.241872865284131E-5
"7703,2888",2024-05-31,7.119973192305154E-5
"7708,2888",2024-05-31,7.785811199690285E-5
"7713,2888",2024-05-31,8.441535723544073E-5
"7718,2888",2024-05-31,7.581601151853445E-5
"7723,2888",2024-05-31,6.531724989244013E-5
"7713,2843",2024-06-01,6.589478799189106E-5
"7718,2843",2024-06-01,6.870426200176506E-5
"7723,2843",2024-06-01,7.090185697063416E-5
"7708,2848",2024-06-01,7.785559531130456E-5
"7713,2848",2024-06-01,7.93076098467553E-5
"7718,2848",2024-06-01,8.016857917352962E-5
"7723,2848",2024-06-01,8.008613904362138E-5
"7728,2848",2024-06-01,8.956275584196589E-5
"7733,2848",2024-06-01,1.11723571574665E-4
"7688,2853",2024-06-01,6.80821938453445E-5
"7693,2853",2024-06-01,6.162975154116256E-5
"7698,2853",2024-06-01,5.742801972585996E-5
"7703,2853",2024-06-01,6.439113171405183E-5
"7708,2853",2024-06-01,8.072744119624003E-5
"7713,2853",2024-06-01,8.631120952170236E-5
"7718,2853",2024-06-01,8.235559888015373E-5
"7723,2853",2024-06-01,8.353790581009044E-5
"7728,2853",2024-06-01,1.1654885215376264E-4
"7733,2853",2024-06-01,1.1565806798018173E-4
"7683,2858",2024-06-01,7.119827286285586E-5
"7688,2858",2024-06-01,6.486652970325882E-5
"7693,2858",2024-06-01,5.7481029721357124E-5
"7698,2858",2024-06-01,5.6312850171343196E-5
"7703,2858",2024-06-01,6.28243673470971E-5
"7708,2858",2024-06-01,7.607210454072197E-5
"7713,2858",2024-06-01,7.597269986890443E-5
"7718,2858",2024-06-01,7.242861049890108E-5
"7723,2858",2024-06-01,8.308966663021752E-5
"7728,2858",2024-06-01,9.275780109418703E-5
"7733,2858",2024-06-01,9.748650671989796E-5
"7693,2863",2024-06-01,5.3872179643070285E-5
"7698,2863",2024-06-01,4.998245720715433E-5
"7703,2863",2024-06-01,5.247553466196903E-5
"7708,2863",2024-06-01,7.127023852470303E-5
"7713,2863",2024-06-01,6.891609403150536E-5
"7718,2863",2024-06-01,6.684743021020454E-5
"7723,2863",2024-06-01,7.24051234801599E-5
"7728,2863",2024-06-01,7.321111869784825E-5
"7733,2863",2024-06-01,8.493132982660384E-5
"7693,2868",2024-06-01,3.9111650917224796E-5
"7698,2868",2024-06-01,5.020182412192056E-5
"7703,2868",2024-06-01,5.341663682750863E-5
"7708,2868",2024-06-01,6.813870227840189E-5
"7713,2868",2024-06-01,6.95753311029E-5
"7723,2868",2024-06-01,7.026437495485876E-5
"7728,2868",2024-06-01,7.410283627151082E-5
"7733,2868",2024-06-01,8.467797845017989E-5
"7693,2873",2024-06-01,3.8242310776596356E-5
"7698,2873",2024-06-01,4.6999170670237086E-5
"7703,2873",2024-06-01,5.8619408000451155E-5
"7708,2873",2024-06-01,6.101387471640875E-5
"7713,2873",2024-06-01,6.307692512614804E-5
"7718,2873",2024-06-01,8.051920273584838E-5
"7693,2878",2024-06-01,4.104971220353654E-5
"7698,2878",2024-06-01,4.8427822270382306E-5
"7703,2878",2024-06-01,6.698196283980845E-5
"7708,2878",2024-06-01,6.854382394509455E-5
"7713,2878",2024-06-01,7.220331946532819E-5
"7718,2878",2024-06-01,6.858733813251565E-5
"7723,2878",2024-06-01,5.914471676371602E-5
"7728,2878",2024-06-01,4.8934035635073725E-5
"7693,2883",2024-06-01,4.5821049159565776E-5
"7698,2883",2024-06-01,5.864510698313273E-5
"7703,2883",2024-06-01,6.579878122961112E-5
"7708,2883",2024-06-01,6.485302801557225E-5
"7713,2883",2024-06-01,7.248651610058326E-5
"7718,2883",2024-06-01,6.37789315353128E-5
"7723,2883",2024-06-01,5.480651682823772E-5
"7703,2888",2024-06-01,5.1842785278441803E-5
"7708,2888",2024-06-01,6.00645836058144E-5
"7713,2888",2024-06-01,7.108293940210794E-5
"7718,2888",2024-06-01,5.880081753122406E-5
"7723,2888",2024-06-01,5.831706556081426E-5
"7713,2843",2024-06-02,9.22867796624322E-5
"7718,2843",2024-06-02,1.0573345116387511E-4
"7723,2843",2024-06-02,1.1494892954948696E-4
"7708,2848",2024-06-02,9.501683374182878E-5
"7713,2848",2024-06-02,1.0281158393155823E-4
"7718,2848",2024-06-02,1.1461688816901455E-4
"7723,2848",2024-06-02,1.1827147773098997E-4
"7728,2848",2024-06-02,1.2612613885007866E-4
"7733,2848",2024-06-02,1.3336153307772373E-4
"7688,2853",2024-06-02,7.293511359387776E-5
"7693,2853",2024-06-02,7.873668920947625E-5
"7698,2853",2024-06-02,8.125633298810357E-5
"7703,2853",2024-06-02,8.603864093696128E-5
"7708,2853",2024-06-02,1.0253235509754052E-4
"7713,2853",2024-06-02,1.144089561730587E-4
"7718,2853",2024-06-02,1.1510716924942621E-4
"7723,2853",2024-06-02,1.1759909984034412E-4
"7728,2853",2024-06-02,1.3809629049283144E-4
"7733,2853",2024-06-02,1.4418768019935896E-4
"7683,2858",2024-06-02,7.398576004550898E-5
"7688,2858",2024-06-02,8.298380418238655E-5
"7693,2858",2024-06-02,8.56740412957586E-5
"7698,2858",2024-06-02,8.593064243534869E-5
"7703,2858",2024-06-02,8.610642397260962E-5
"7708,2858",2024-06-02,1.102124815190778E-4
"7713,2858",2024-06-02,1.0838384082515039E-4
"7718,2858",2024-06-02,1.0862280261028196E-4
"7723,2858",2024-06-02,1.1813224466112972E-4
"7728,2858",2024-06-02,1.3493643536945606E-4
"7733,2858",2024-06-02,1.4055878326265189E-4
"7688,2863",2024-06-02,9.052292589752206E-5
"7693,2863",2024-06-02,8.579977861152177E-5
"7698,2863",2024-06-02,8.186757509336593E-5
"7703,2863",2024-06-02,8.284503539145693E-5
"7708,2863",2024-06-02,1.0173244139173109E-4
"7713,2863",2024-06-02,1.0375454261630852E-4
"7718,2863",2024-06-02,1.0314254095168252E-4
"7723,2863",2024-06-02,1.1519216660450789E-4
"7728,2863",2024-06-02,1.2173536923298471E-4
"7733,2863",2024-06-02,1.2413580129427742E-4
"7693,2868",2024-06-02,8.784020585152124E-5
"7698,2868",2024-06-02,8.449198518929272E-5
"7703,2868",2024-06-02,8.19086023844937E-5
"7708,2868",2024-06-02,8.581670249304841E-5
"7713,2868",2024-06-02,9.479192770659986E-5
"7718,2868",2024-06-02,1.0228951822898828E-4
"7723,2868",2024-06-02,1.0921646745942285E-4
"7728,2868",2024-06-02,1.0638358954054948E-4
"7733,2868",2024-06-02,1.0323968410707824E-4
"7693,2873",2024-06-02,7.992559378244436E-5
"7698,2873",2024-06-02,7.123544567379944E-5
"7703,2873",2024-06-02,7.724038131420128E-5
"7708,2873",2024-06-02,8.304726698688038E-5
"7713,2873",2024-06-02,8.896272806253931E-5
"7718,2873",2024-06-02,9.397682668220976E-5
"7723,2873",2024-06-02,8.977207239800521E-5
"7728,2873",2024-06-02,7.790932191636096E-5
"7733,2873",2024-06-02,8.353671569435238E-5
"7693,2878",2024-06-02,7.615564060541511E-5
"7698,2878",2024-06-02,7.301835202633659E-5
"7703,2878",2024-06-02,7.252700808858674E-5
"7708,2878",2024-06-02,8.221522032471438E-5
"7713,2878",2024-06-02,8.9485276146495E-5
"7718,2878",2024-06-02,8.488226643824612E-5
"7723,2878",2024-06-02,7.970175587177004E-5
"7728,2878",2024-06-02,7.562306639568664E-5
"7693,2883",2024-06-02,6.159835412280174E-5
"7698,2883",2024-06-02,6.86502917555764E-5
"7703,2883",2024-06-02,7.27569765002944E-5
"7708,2883",2024-06-02,7.56093064212845E-5
"7713,2883",2024-06-02,8.615115557179057E-5
"7718,2883",2024-06-02,7.611802406014655E-5
"7723,2883",2024-06-02,7.338566944219356E-5
"7703,2888",2024-06-02,7.88201097437596E-5
"7708,2888",2024-06-02,8.818903967528967E-5
"7713,2888",2024-06-02,9.011532692615452E-5
"7718,2888",2024-06-02,7.645818224535788E-5
"7723,2888",2024-06-02,7.963240475527057E-5
"7713,2843",2024-06-03,1.0161216845728518E-4
"7718,2843",2024-06-03,1.0320950602575651E-4
"7723,2843",2024-06-03,1.1518899774247646E-4
"7708,2848",2024-06-03,1.0932921924492894E-4
"7713,2848",2024-06-03,1.1536291988338917E-4
"7718,2848",2024-06-03,1.1840947867251121E-4
"7723,2848",2024-06-03,1.1889548253404673E-4
"7728,2848",2024-06-03,1.1977961673513385E-4
"7733,2848",2024-06-03,1.1849122490478302E-4
"7688,2853",2024-06-03,5.956047143362021E-5
"7693,2853",2024-06-03,6.601208508533902E-5
"7698,2853",2024-06-03,6.469796033690954E-5
"7703,2853",2024-06-03,7.735515509233284E-5
"7708,2853",2024-06-03,9.817450666438719E-5
"7713,2853",2024-06-03,1.0451085242729925E-4
"7718,2853",2024-06-03,1.1220376606506095E-4
"7723,2853",2024-06-03,1.1704755309922006E-4
"7728,2853",2024-06-03,1.2253996367827803E-4
"7733,2853",2024-06-03,1.2262433306171332E-4
"7683,2858",2024-06-03,5.722971368052815E-5
"7688,2858",2024-06-03,6.181155498435316E-5
"7693,2858",2024-06-03,6.991203238402496E-5
"7698,2858",2024-06-03,6.908844821472049E-5
"7703,2858",2024-06-03,7.938080002756992E-5
"7708,2858",2024-06-03,8.659514432187614E-5
"7713,2858",2024-06-03,9.683023916296403E-5
"7718,2858",2024-06-03,1.054448307025711E-4
"7723,2858",2024-06-03,1.1387032956788209E-4
"7728,2858",2024-06-03,1.3398649571950318E-4
"7733,2858",2024-06-03,1.278444015256155E-4
"7688,2863",2024-06-03,6.822745875938399E-5
"7693,2863",2024-06-03,7.083309019482472E-5
"7698,2863",2024-06-03,7.309156391847909E-5
"7703,2863",2024-06-03,7.995412380949178E-5
"7708,2863",2024-06-03,7.979646528919897E-5
"7713,2863",2024-06-03,9.121179441038427E-5
"7718,2863",2024-06-03,9.748677791850348E-5
"7723,2863",2024-06-03,1.1182278811068401E-4
"7728,2863",2024-06-03,1.247238872250646E-4
"7733,2863",2024-06-03,1.2288386915777804E-4
"7693,2868",2024-06-03,7.070031028356056E-5
"7698,2868",2024-06-03,7.288514352873491E-5
"7703,2868",2024-06-03,7.663367818674347E-5
"7708,2868",2024-06-03,8.019869384550489E-5
"7713,2868",2024-06-03,8.450777934165403E-5
"7718,2868",2024-06-03,8.813797012358169E-5
"7723,2868",2024-06-03,9.202756586775834E-5
"7728,2868",2024-06-03,1.025553825072536E-4
"7733,2868",2024-06-03,1.0075868513045614E-4
"7693,2873",2024-06-03,7.171544199533329E-5
"7698,2873",2024-06-03,6.67683160807913E-5
"7703,2873",2024-06-03,7.005763709571512E-5
"7708,2873",2024-06-03,8.082197696851495E-5
"7713,2873",2024-06-03,8.444863714095403E-5
"7718,2873",2024-06-03,7.947678954912433E-5
"7723,2873",2024-06-03,7.50667908038889E-5
"7728,2873",2024-06-03,8.098483296285082E-5
"7733,2873",2024-06-03,7.91743167391286E-5
"7693,2878",2024-06-03,6.95732379963337E-5
"7698,2878",2024-06-03,6.598912683434124E-5
"7703,2878",2024-06-03,6.691802059619806E-5
"7708,2878",2024-06-03,8.50745368173904E-5
"7713,2878",2024-06-03,8.596558143109078E-5
"7718,2878",2024-06-03,7.292106460250828E-5
"7723,2878",2024-06-03,6.97069120036926E-5
"7728,2878",2024-06-03,6.735997699535043E-5
"7693,2883",2024-06-03,6.338730433160355E-5
"7698,2883",2024-06-03,6.338648551747245E-5
"7703,2883",2024-06-03,6.801178579357673E-5
"7708,2883",2024-06-03,7.539229751116768E-5
"7713,2883",2024-06-03,7.834244777332451E-5
"7718,2883",2024-06-03,6.545836390169389E-5
"7723,2883",2024-06-03,6.610741758277577E-5
"7703,2888",2024-06-03,6.364408011868353E-5
"7708,2888",2024-06-03,6.738241691467887E-5
"7713,2888",2024-06-03,6.56277082886532E-5
"7718,2888",2024-06-03,6.0878679471892815E-5
"7723,2888",2024-06-03,6.001531279808203E-5
"7713,2843",2024-06-04,1.0619214140744103E-4
"7718,2843",2024-06-04,1.0631134126153341E-4
"7723,2843",2024-06-04,9.841628620639401E-5
"7708,2848",2024-06-04,8.587674564775833E-5
"7713,2848",2024-06-04,1.1361118976387275E-4
"7718,2848",2024-06-04,1.1310534460377958E-4
"7723,2848",2024-06-04,1.0494940847752827E-4
"7728,2848",2024-06-04,1.0435144410650117E-4
"7733,2848",2024-06-04,1.1595002368284747E-4
"7688,2853",2024-06-04,5.828637632414225E-5
"7693,2853",2024-06-04,5.8742650998040395E-5
"7698,2853",2024-06-04,7.193386240337441E-5
"7703,2853",2024-06-04,8.215765405206735E-5
"7708,2853",2024-06-04,9.258253746357006E-5
"7713,2853",2024-06-04,1.109786153178598E-4
"7718,2853",2024-06-04,1.0989723705094864E-4
"7723,2853",2024-06-04,1.0526705047575366E-4
"7728,2853",2024-06-04,1.0600189245568762E-4
"7733,2853",2024-06-04,1.2002507621683497E-4
"7683,2858",2024-06-04,5.6663732021719096E-5
"7688,2858",2024-06-04,5.686300827874228E-5
"7693,2858",2024-06-04,5.948650295003619E-5
"7698,2858",2024-06-04,7.151958614230153E-5
"7703,2858",2024-06-04,7.309369595939698E-5
"7708,2858",2024-06-04,8.791308343309345E-5
"7713,2858",2024-06-04,1.0019365211427833E-4
"7718,2858",2024-06-04,1.0054584101738808E-4
"7723,2858",2024-06-04,1.0062596311291558E-4
"7728,2858",2024-06-04,1.0225250924190618E-4
"7733,2858",2024-06-04,1.113632725026564E-4
"7688,2863",2024-06-04,5.6661491880830614E-5
"7693,2863",2024-06-04,6.40314144493495E-5
"7698,2863",2024-06-04,6.452147225359729E-5
"7703,2863",2024-06-04,6.462101870848678E-5
"7708,2863",2024-06-04,7.750967100568978E-5
"7713,2863",2024-06-04,8.294423112081886E-5
"7718,2863",2024-06-04,9.100224866890056E-5
"7723,2863",2024-06-04,9.731642910177964E-5
"7728,2863",2024-06-04,1.0051550403160246E-4
"7733,2863",2024-06-04,1.0698231480853712E-4
"7693,2868",2024-06-04,7.038120667024724E-5
"7698,2868",2024-06-04,7.338536318578147E-5
"7703,2868",2024-06-04,7.333333930809276E-5
"7708,2868",2024-06-04,8.434272877974907E-5
"7713,2868",2024-06-04,8.576734419365057E-5
"7718,2868",2024-06-04,9.401767075980869E-5
"7723,2868",2024-06-04,9.749056460227494E-5
"7728,2868",2024-06-04,9.293366547187525E-5
"7733,2868",2024-06-04,8.924433109487213E-5
"7693,2873",2024-06-04,6.21154002578606E-5
"7698,2873",2024-06-04,6.496876746716002E-5
"7703,2873",2024-06-04,6.434365186893923E-5
"7708,2873",2024-06-04,5.8309264864104736E-5
"7713,2873",2024-06-04,5.8951752516397095E-5
"7718,2873",2024-06-04,8.939123102568744E-5
"7723,2873",2024-06-04,9.326998284671522E-5
"7728,2873",2024-06-04,8.667669201366143E-5
"7733,2873",2024-06-04,8.334546509947998E-5
"7693,2878",2024-06-04,4.675517622440196E-5
"7698,2878",2024-06-04,4.446007829456132E-5
"7703,2878",2024-06-04,4.499885104065262E-5
"7708,2878",2024-06-04,5.34052743945618E-5
"7713,2878",2024-06-04,6.733669091914173E-5
"7718,2878",2024-06-04,8.73786683570113E-5
"7723,2878",2024-06-04,8.780686941414177E-5
"7728,2878",2024-06-04,7.739828502362752E-5
"7693,2883",2024-06-04,6.081455828837469E-5
"7698,2883",2024-06-04,6.176765325157948E-5
"7703,2883",2024-06-04,6.125055129451272E-5
"7713,2883",2024-06-04,9.305022534836337E-5
"7718,2883",2024-06-04,9.288667099249012E-5
"7723,2883",2024-06-04,9.172300813341238E-5
"7703,2888",2024-06-04,4.806539465210754E-5
"7713,2888",2024-06-04,8.227077073938465E-5
"7718,2888",2024-06-04,8.245191912202213E-5
"7723,2888",2024-06-04,8.15869995367017E-5
"7713,2843",2024-06-05,7.985015395193157E-5
"7718,2843",2024-06-05,7.266168388262654E-5
"7723,2843",2024-06-05,7.141442196084377E-5
"7708,2848",2024-06-05,6.21212430520938E-5
"7713,2848",2024-06-05,8.367740738054E-5
"7718,2848",2024-06-05,7.43407218232908E-5
"7723,2848",2024-06-05,8.384330475805835E-5
"7728,2848",2024-06-05,8.090289838512822E-5
"7733,2848",2024-06-05,8.143852918639073E-5
"7688,2853",2024-06-05,3.180332243969119E-5
"7693,2853",2024-06-05,3.3604803394773646E-5
"7698,2853",2024-06-05,3.798711782298638E-5
"7703,2853",2024-06-05,4.809064820745372E-5
"7708,2853",2024-06-05,6.097955697283378E-5
"7713,2853",2024-06-05,7.428546987373919E-5
"7718,2853",2024-06-05,8.396186788794739E-5
"7723,2853",2024-06-05,8.349118277761939E-5
"7728,2853",2024-06-05,7.830444482573715E-5
"7733,2853",2024-06-05,9.234176797193855E-5
"7683,2858",2024-06-05,2.8898076280628752E-5
"7688,2858",2024-06-05,3.997660250866987E-5
"7693,2858",2024-06-05,3.3394352807404045E-5
"7698,2858",2024-06-05,4.091212900935889E-5
"7703,2858",2024-06-05,4.654222021205948E-5
"7708,2858",2024-06-05,5.9867560308725715E-5
"7713,2858",2024-06-05,7.235635339513296E-5
"7718,2858",2024-06-05,7.9109064568476E-5
"7723,2858",2024-06-05,8.238047020669824E-5
"7728,2858",2024-06-05,8.82107908645095E-5
"7733,2858",2024-06-05,1.1471305520546131E-4
"7688,2863",2024-06-05,3.245388803219408E-5
"7693,2863",2024-06-05,2.8636819530364152E-5
"7698,2863",2024-06-05,4.1079982383734105E-5
"7703,2863",2024-06-05,4.398686282592479E-5
"7708,2863",2024-06-05,5.4465008221210985E-5
"7713,2863",2024-06-05,6.265243175249984E-5
"7718,2863",2024-06-05,7.216930010622627E-5
"7723,2863",2024-06-05,8.61386511115042E-5
"7728,2863",2024-06-05,9.859309146926431E-5
"7733,2863",2024-06-05,1.0425412450767238E-4
"7693,2868",2024-06-05,2.99386907272186E-5
"7698,2868",2024-06-05,3.9005635677511955E-5
"7703,2868",2024-06-05,4.378472273038148E-5
"7708,2868",2024-06-05,5.283184622391759E-5
"7713,2868",2024-06-05,6.03768790490911E-5
"7718,2868",2024-06-05,7.159661775982288E-5
"7723,2868",2024-06-05,8.033991423656012E-5
"7728,2868",2024-06-05,8.918663983583534E-5
"7733,2868",2024-06-05,9.49917504324813E-5
"7693,2873",2024-06-05,3.8785943089133895E-5
"7698,2873",2024-06-05,4.018701637917722E-5
"7703,2873",2024-06-05,4.004922406748495E-5
"7708,2873",2024-06-05,4.952140714013764E-5
"7713,2873",2024-06-05,5.701320142865027E-5
"7718,2873",2024-06-05,6.849659344507833E-5
"7723,2873",2024-06-05,6.831188853394869E-5
"7728,2873",2024-06-05,7.174439702601205E-5
"7733,2873",2024-06-05,7.417055471034889E-5
"7693,2878",2024-06-05,4.097608222978055E-5
"7698,2878",2024-06-05,4.159454272717789E-5
"7703,2878",2024-06-05,4.322304717693735E-5
"7708,2878",2024-06-05,4.8477518367074623E-5
"7713,2878",2024-06-05,5.405685557566028E-5
"7718,2878",2024-06-05,5.7953327564794813E-5
"7723,2878",2024-06-05,7.030154930559758E-5
"7728,2878",2024-06-05,7.018393678885802E-5
"7693,2883",2024-06-05,3.456774832480581E-5
"7698,2883",2024-06-05,3.859463623377983E-5
"7703,2883",2024-06-05,4.1175136238795715E-5
"7708,2883",2024-06-05,4.534252293315696E-5
"7713,2883",2024-06-05,4.9242169663625346E-5
"7718,2883",2024-06-05,5.210319964799746E-5
"7723,2883",2024-06-05,5.436327566157783E-5
"7703,2888",2024-06-05,3.621617241300511E-5
"7708,2888",2024-06-05,4.587052270584663E-5
"7713,2888",2024-06-05,5.373543171440254E-5
"7718,2888",2024-06-05,5.664503549771591E-5
"7723,2888",2024-06-05,6.2857198694478E-5
"7713,2843",2024-06-06,1.015600993288175E-4
"7718,2843",2024-06-06,1.0199155101704923E-4
"7723,2843",2024-06-06,9.653883245933491E-5
"7708,2848",2024-06-06,9.978877521482875E-5
"7713,2848",2024-06-06,1.0924773070538341E-4
"7718,2848",2024-06-06,1.2316227636659024E-4
"7723,2848",2024-06-06,1.2383824328091235E-4
"7728,2848",2024-06-06,1.4795554981339798E-4
"7733,2848",2024-06-06,1.8814861136548595E-4
"7688,2853",2024-06-06,6.74066123914204E-5
"7693,2853",2024-06-06,6.839680527309262E-5
"7698,2853",2024-06-06,7.136929101075358E-5
"7703,2853",2024-06-06,7.842601506094483E-5
"7708,2853",2024-06-06,1.0558573202574896E-4
"7713,2853",2024-06-06,1.1160562980508059E-4
"7718,2853",2024-06-06,1.3155139430560492E-4
"7723,2853",2024-06-06,1.549434955970423E-4
"7728,2853",2024-06-06,1.7507826137363005E-4
"7733,2853",2024-06-06,1.9659388060140422E-4
"7683,2858",2024-06-06,6.367557275042097E-5
"7688,2858",2024-06-06,6.0237847469190967E-5
"7693,2858",2024-06-06,6.0602529278571464E-5
"7698,2858",2024-06-06,6.592287499129547E-5
"7703,2858",2024-06-06,7.953486950791095E-5
"7708,2858",2024-06-06,9.477605602563021E-5
"7713,2858",2024-06-06,9.038955099306444E-5
"7718,2858",2024-06-06,1.032514759432739E-4
"7723,2858",2024-06-06,1.3903118720598063E-4
"7728,2858",2024-06-06,1.8303826404158442E-4
"7733,2858",2024-06-06,1.9603692438151588E-4
"7688,2863",2024-06-06,7.092200536941159E-5
"7693,2863",2024-06-06,6.627983546442601E-5
"7698,2863",2024-06-06,6.39793330252565E-5
"7703,2863",2024-06-06,7.968123151792707E-5
"7708,2863",2024-06-06,8.956921724979867E-5
"7713,2863",2024-06-06,1.0316856306594128E-4
"7718,2863",2024-06-06,1.1701592342855666E-4
"7723,2863",2024-06-06,1.7768353818081354E-4
"7728,2863",2024-06-06,1.8639824220832797E-4
"7733,2863",2024-06-06,1.8343334328965746E-4
"7693,2868",2024-06-06,7.121239585074257E-5
"7698,2868",2024-06-06,6.897216667236683E-5
"7703,2868",2024-06-06,8.099046688261781E-5
"7708,2868",2024-06-06,1.0269390869940258E-4
"7713,2868",2024-06-06,1.4558921582617852E-4
"7718,2868",2024-06-06,1.6250591927346653E-4
"7723,2868",2024-06-06,1.6018798592599664E-4
"7728,2868",2024-06-06,1.5480224484769664E-4
"7733,2868",2024-06-06,1.505870355764585E-4
"7693,2873",2024-06-06,6.876781734558972E-5
"7698,2873",2024-06-06,7.439392072179994E-5
"7703,2873",2024-06-06,9.034763029386943E-5
"7708,2873",2024-06-06,1.310214025049458E-4
"7713,2873",2024-06-06,1.4842219157416546E-4
"7718,2873",2024-06-06,1.4068344206607614E-4
"7723,2873",2024-06-06,1.328709601648458E-4
"7728,2873",2024-06-06,1.3102997046628005E-4
"7733,2873",2024-06-06,1.2464196716038318E-4
"7693,2878",2024-06-06,7.792488410945751E-5
"7698,2878",2024-06-06,9.578910141618159E-5
"7703,2878",2024-06-06,1.1849678912288898E-4
"7708,2878",2024-06-06,1.5148041078229992E-4
"7713,2878",2024-06-06,1.5168433726304293E-4
"7718,2878",2024-06-06,1.2605821711939765E-4
"7723,2878",2024-06-06,1.2193669618197395E-4
"7728,2878",2024-06-06,1.2106054715242467E-4
"7693,2883",2024-06-06,9.301962768334462E-5
"7698,2883",2024-06-06,1.1847226144581159E-4
"7703,2883",2024-06-06,1.3551883277465867E-4
"7708,2883",2024-06-06,1.4819677938192108E-4
"7713,2883",2024-06-06,1.6466088729220524E-4
"7718,2883",2024-06-06,1.321656115090724E-4
"7723,2883",2024-06-06,1.2064625504142004E-4
"7703,2888",2024-06-06,1.3412057760188225E-4
"7708,2888",2024-06-06,1.3574052885479952E-4
"7713,2888",2024-06-06,1.4919264546375328E-4
"7718,2888",2024-06-06,1.2380194507766493E-4
"7723,2888",2024-06-06,1.1778264262288452E-4
"7713,2843",2024-06-07,9.852733729599514E-5
"7718,2843",2024-06-07,1.0587088581027367E-4
"7723,2843",2024-06-07,1.1217050502606725E-4
"7708,2848",2024-06-07,1.0317448249501346E-4
"7713,2848",2024-06-07,1.067671887125835E-4
"7718,2848",2024-06-07,1.0998853666804441E-4
"7723,2848",2024-06-07,1.1545071115890736E-4
"7728,2848",2024-06-07,1.2538456413712295E-4
"7733,2848",2024-06-07,1.3724953884159354E-4
"7688,2853",2024-06-07,6.020355802323351E-5
"7693,2853",2024-06-07,6.701287013450086E-5
"7698,2853",2024-06-07,6.371156354632494E-5
"7703,2853",2024-06-07,7.571021537594956E-5
"7708,2853",2024-06-07,1.0418126654864149E-4
"7713,2853",2024-06-07,1.101100053281813E-4
"7718,2853",2024-06-07,1.1220026916496225E-4
"7723,2853",2024-06-07,1.1939608523408466E-4
"7728,2853",2024-06-07,1.5367326383282392E-4
"7733,2853",2024-06-07,1.7205814266627877E-4
"7683,2858",2024-06-07,6.836359596964227E-5
"7688,2858",2024-06-07,6.06345098016658E-5
"7693,2858",2024-06-07,7.385836042586152E-5
"7698,2858",2024-06-07,7.15290333252468E-5
"7703,2858",2024-06-07,7.482388050657465E-5
"7708,2858",2024-06-07,9.751253605323583E-5
"7713,2858",2024-06-07,9.52022594646363E-5
"7718,2858",2024-06-07,1.060417346712522E-4
"7723,2858",2024-06-07,1.2622985646342178E-4
"7728,2858",2024-06-07,1.4964315298290453E-4
"7733,2858",2024-06-07,1.696344713470428E-4
"7688,2863",2024-06-07,6.188680036066045E-5
"7693,2863",2024-06-07,7.158025666724204E-5
"7698,2863",2024-06-07,7.739103388193884E-5
"7703,2863",2024-06-07,8.097398353986863E-5
"7708,2863",2024-06-07,9.027594846699217E-5
"7713,2863",2024-06-07,8.725377453731925E-5
"7718,2863",2024-06-07,1.0280598199646086E-4
"7723,2863",2024-06-07,1.268413729905649E-4
"7728,2863",2024-06-07,1.509762823575698E-4
"7733,2863",2024-06-07,1.5882277451497153E-4
"7693,2868",2024-06-07,7.366987046685208E-5
"7698,2868",2024-06-07,7.713580480389823E-5
"7703,2868",2024-06-07,7.94718185429248E-5
"7708,2868",2024-06-07,8.63750040864777E-5
"7713,2868",2024-06-07,1.001421208834061E-4
"7718,2868",2024-06-07,1.075496951170136E-4
"7723,2868",2024-06-07,1.193365834108836E-4
"7728,2868",2024-06-07,1.33220270284146E-4
"7733,2868",2024-06-07,1.2551836666686763E-4
"7693,2873",2024-06-07,6.169593440422073E-5
"7698,2873",2024-06-07,6.392294630584712E-5
"7703,2873",2024-06-07,7.512894472526247E-5
"7708,2873",2024-06-07,8.311400650169223E-5
"7713,2873",2024-06-07,9.786414901096246E-5
"7718,2873",2024-06-07,1.0179828034979808E-4
"7723,2873",2024-06-07,1.151736691207719E-4
"7728,2873",2024-06-07,1.1165396375256019E-4
"7733,2873",2024-06-07,1.1140962274034356E-4
"7693,2878",2024-06-07,5.956609078366727E-5
"7698,2878",2024-06-07,6.4896673486746E-5
"7703,2878",2024-06-07,7.695686531781957E-5
"7708,2878",2024-06-07,8.286695193000259E-5
"7713,2878",2024-06-07,9.93764964216702E-5
"7718,2878",2024-06-07,1.037573212060156E-4
"7723,2878",2024-06-07,1.07692730045422E-4
"7728,2878",2024-06-07,1.0306514422530447E-4
"7693,2883",2024-06-07,6.55786723197091E-5
"7698,2883",2024-06-07,6.923452758456246E-5
"7703,2883",2024-06-07,7.504337268160502E-5
"7708,2883",2024-06-07,8.552580215983766E-5
"7713,2883",2024-06-07,9.7421514005096E-5
"7718,2883",2024-06-07,1.0291013887316045E-4
"7723,2883",2024-06-07,1.0599187903084816E-4
"7703,2888",2024-06-07,7.957023696847803E-5
"7708,2888",2024-06-07,9.075606923988003E-5
"7713,2888",2024-06-07,1.002654089962507E-4
"7718,2888",2024-06-07,1.0194113544417824E-4
"7723,2888",2024-06-07,1.0576815186603264E-4
"7713,2843",2024-06-08,9.477580307874023E-5
"7718,2843",2024-06-08,9.478358569699416E-5
"7723,2843",2024-06-08,1.0024184357839565E-4
"7708,2848",2024-06-08,9.568686424278051E-5
"7713,2848",2024-06-08,9.468907684560146E-5
"7718,2848",2024-06-08,9.616911848730363E-5
"7723,2848",2024-06-08,9.962344385741254E-5
"7728,2848",2024-06-08,1.0352756846834226E-4
"7733,2848",2024-06-08,1.0704446276525187E-4
"7688,2853",2024-06-08,6.038311786238099E-5
"7693,2853",2024-06-08,6.454464049370305E-5
"7698,2853",2024-06-08,6.783487681011125E-5
"7703,2853",2024-06-08,8.694139565032044E-5
"7708,2853",2024-06-08,9.40854220678016E-5
"7713,2853",2024-06-08,9.130213803176258E-5
"7718,2853",2024-06-08,9.396329730564035E-5
"7723,2853",2024-06-08,1.05106097851828E-4
"7728,2853",2024-06-08,1.0547054838971095E-4
"7733,2853",2024-06-08,1.058343381348734E-4
"7683,2858",2024-06-08,5.9544371588001706E-5
"7688,2858",2024-06-08,5.9027420261198735E-5
"7693,2858",2024-06-08,6.451004166662472E-5
"7698,2858",2024-06-08,6.598579493567347E-5
"7703,2858",2024-06-08,7.603236743594962E-5
"7708,2858",2024-06-08,7.624452485479015E-5
"7713,2858",2024-06-08,7.87263107279598E-5
"7718,2858",2024-06-08,9.022239403334637E-5
"7723,2858",2024-06-08,9.690741856890585E-5
"7728,2858",2024-06-08,1.1053684101795343E-4
"7733,2858",2024-06-08,1.1661784266237251E-4
"7688,2863",2024-06-08,5.8047534397419635E-5
"7693,2863",2024-06-08,6.163793056591661E-5
"7698,2863",2024-06-08,6.471488508937914E-5
"7703,2863",2024-06-08,6.718891397569613E-5
"7708,2863",2024-06-08,7.34551284774144E-5
"7713,2863",2024-06-08,6.975793589590623E-5
"7718,2863",2024-06-08,7.41038458003464E-5
"7723,2863",2024-06-08,8.222687150619267E-5
"7728,2863",2024-06-08,9.715982157257936E-5
"7733,2863",2024-06-08,9.579139236038918E-5
"7693,2868",2024-06-08,4.859596539574911E-5
"7698,2868",2024-06-08,5.854542295509917E-5
"7703,2868",2024-06-08,6.251563105824828E-5
"7708,2868",2024-06-08,6.589689911726674E-5
"7713,2868",2024-06-08,7.004451443655009E-5
"7718,2868",2024-06-08,6.258697000278813E-5
"7723,2868",2024-06-08,6.902512487640401E-5
"7728,2868",2024-06-08,7.604637901055868E-5
"7733,2868",2024-06-08,7.466985665977956E-5
"7693,2873",2024-06-08,5.114928318457297E-5
"7698,2873",2024-06-08,4.866196717985629E-5
"7703,2873",2024-06-08,5.476485420124185E-5
"7708,2873",2024-06-08,5.990209077227935E-5
"7713,2873",2024-06-08,5.9290863893983655E-5
"7718,2873",2024-06-08,5.8050088221997526E-5
"7723,2873",2024-06-08,6.000797140935476E-5
"7728,2873",2024-06-08,6.30926308798271E-5
"7733,2873",2024-06-08,5.627450227276497E-5
"7693,2878",2024-06-08,4.949907262394651E-5
"7698,2878",2024-06-08,4.607819134651313E-5
"7703,2878",2024-06-08,5.232926304691744E-5
"7708,2878",2024-06-08,5.74580936770312E-5
"7713,2878",2024-06-08,6.803030491831561E-5
"7718,2878",2024-06-08,6.194667330026421E-5
"7723,2878",2024-06-08,5.051647505765137E-5
"7728,2878",2024-06-08,5.405659140500273E-5
"7693,2883",2024-06-08,5.0311958323962964E-5
"7698,2883",2024-06-08,5.013287433100664E-5
"7703,2883",2024-06-08,5.236188295899515E-5
"7708,2883",2024-06-08,5.8419949663357614E-5
"7713,2883",2024-06-08,7.08880019172118E-5
"7718,2883",2024-06-08,5.789478690272938E-5
"7723,2883",2024-06-08,4.405011351493803E-5
"7708,2888",2024-06-08,5.7671107860308566E-5
"7713,2888",2024-06-08,5.918236129183607E-5
"7718,2888",2024-06-08,5.8469491404892234E-5
"7723,2888",2024-06-08,4.9421942444401755E-5
"7713,2843",2024-06-09,6.313188216245798E-5
"7718,2843",2024-06-09,6.317357651941595E-5
"7723,2843",2024-06-09,7.442397125553547E-5
"7708,2848",2024-06-09,6.734850423521485E-5
"7713,2848",2024-06-09,8.057535783590168E-5
"7718,2848",2024-06-09,7.7668769812175E-5
"7723,2848",2024-06-09,9.460623442123558E-5
"7728,2848",2024-06-09,8.965010048453092E-5
"7733,2848",2024-06-09,7.853113553119633E-5
"7688,2853",2024-06-09,5.199646568748778E-5
"7693,2853",2024-06-09,5.8298292477606014E-5
"7698,2853",2024-06-09,6.24856236004365E-5
"7703,2853",2024-06-09,7.08404550688477E-5
"7708,2853",2024-06-09,6.8786931171079E-5
"7713,2853",2024-06-09,7.423672330888368E-5
"7718,2853",2024-06-09,8.481593749206005E-5
"7723,2853",2024-06-09,8.549471599631689E-5
"7728,2853",2024-06-09,9.298223250809973E-5
"7733,2853",2024-06-09,9.527450284351454E-5
"7683,2858",2024-06-09,5.669175302051645E-5
"7688,2858",2024-06-09,5.519911570576408E-5
"7693,2858",2024-06-09,5.835963516270736E-5
"7698,2858",2024-06-09,6.717449372055025E-5
"7703,2858",2024-06-09,7.06280677027017E-5
"7708,2858",2024-06-09,6.891394552722776E-5
"7713,2858",2024-06-09,6.972908682942407E-5
"7718,2858",2024-06-09,8.483732153868714E-5
"7723,2858",2024-06-09,8.957348474286342E-5
"7728,2858",2024-06-09,8.919589840680063E-5
"7733,2858",2024-06-09,9.086017805009468E-5
"7688,2863",2024-06-09,5.339494305767971E-5
"7693,2863",2024-06-09,5.4188773794377827E-5
"7698,2863",2024-06-09,5.508010665664369E-5
"7703,2863",2024-06-09,6.418505764583232E-5
"7708,2863",2024-06-09,7.082050812078251E-5
"7713,2863",2024-06-09,6.857468732069452E-5
"7718,2863",2024-06-09,6.970334177470186E-5
"7723,2863",2024-06-09,7.972565232268274E-5
"7728,2863",2024-06-09,8.418740514954362E-5
"7733,2863",2024-06-09,8.288481769640652E-5
"7693,2868",2024-06-09,6.42256182842467E-5
"7698,2868",2024-06-09,6.616374731623096E-5
"7703,2868",2024-06-09,6.302903124329911E-5
"7708,2868",2024-06-09,6.92585774838879E-5
"7713,2868",2024-06-09,7.484221303931506E-5
"7718,2868",2024-06-09,6.899536549393514E-5
"7723,2868",2024-06-09,7.758331108125962E-5
"7728,2868",2024-06-09,7.581931717689185E-5
"7733,2868",2024-06-09,7.607374825844117E-5
"7693,2873",2024-06-09,5.283360639372883E-5
"7698,2873",2024-06-09,5.714215964803325E-5
"7703,2873",2024-06-09,5.522625559195961E-5
"7708,2873",2024-06-09,6.148775172337333E-5
"7713,2873",2024-06-09,7.611678807315648E-5
"7718,2873",2024-06-09,7.651622513830284E-5
"7723,2873",2024-06-09,7.358624142379546E-5
"7728,2873",2024-06-09,5.357164209845923E-5
"7733,2873",2024-06-09,5.2964661347500035E-5
"7693,2878",2024-06-09,5.267639893786317E-5
"7698,2878",2024-06-09,5.029864490072877E-5
"7703,2878",2024-06-09,4.9765095255482113E-5
"7708,2878",2024-06-09,5.6270028356267484E-5
"7713,2878",2024-06-09,6.190220537848304E-5
"7718,2878",2024-06-09,7.313563742449865E-5
"7723,2878",2024-06-09,7.190054383100205E-5
"7728,2878",2024-06-09,7.006596412411827E-5
"7693,2883",2024-06-09,5.2460041779826624E-5
"7698,2883",2024-06-09,5.054595496860122E-5
"7703,2883",2024-06-09,5.0127248344641614E-5
"7708,2883",2024-06-09,5.4145778179667505E-5
"7713,2883",2024-06-09,5.757450650663681E-5
"7718,2883",2024-06-09,6.373581229474203E-5
"7723,2883",2024-06-09,6.553132306822416E-5
"7703,2888",2024-06-09,5.8895264799135436E-5
"7708,2888",2024-06-09,5.844787226321104E-5
"7713,2888",2024-06-09,6.215646205961101E-5
"7718,2888",2024-06-09,6.157448333164094E-5
"7723,2888",2024-06-09,5.4013240191989656E-5
"7713,2843",2024-06-09,6.546368197627762E-5
"7718,2843",2024-06-09,6.547532538273225E-5
"7723,2843",2024-06-09,7.785114873169265E-5
"7708,2848",2024-06-09,7.219717358297881E-5
"7713,2848",2024-06-09,7.826088961393522E-5
"7718,2848",2024-06-09,7.840553089472372E-5
"7723,2848",2024-06-09,8.420975731745664E-5
"7728,2848",2024-06-09,8.475614421427946E-5
"7733,2848",2024-06-09,8.546860621757289E-5
"7688,2853",2024-06-09,5.383202125178105E-5
"7693,2853",2024-06-09,5.547089593298273E-5
"7698,2853",2024-06-09,5.619687014608649E-5
"7703,2853",2024-06-09,5.62343808414933E-5
"7708,2853",2024-06-09,7.544488552108207E-5
"7713,2853",2024-06-09,7.869441483165598E-5
"7718,2853",2024-06-09,7.994882960501941E-5
"7723,2853",2024-06-09,8.788612924419273E-5
"7728,2853",2024-06-09,8.792648179807141E-5
"7733,2853",2024-06-09,8.778490154135437E-5
"7683,2858",2024-06-09,5.346727470604937E-5
"7688,2858",2024-06-09,5.3416321012488704E-5
"7693,2858",2024-06-09,5.00952025996967E-5
"7698,2858",2024-06-09,4.975860934383837E-5
"7703,2858",2024-06-09,5.0785166759865664E-5
"7708,2858",2024-06-09,6.714162706510538E-5
"7713,2858",2024-06-09,6.78972047462037E-5
"7718,2858",2024-06-09,7.438343118624041E-5
"7723,2858",2024-06-09,9.053469141682001E-5
"7728,2858",2024-06-09,9.054446041379737E-5
"7733,2858",2024-06-09,8.74530698145888E-5
"7688,2863",2024-06-09,4.875164784403675E-5
"7693,2863",2024-06-09,4.993373686065969E-5
"7698,2863",2024-06-09,4.9919800963391757E-5
"7703,2863",2024-06-09,5.323727284356806E-5
"7708,2863",2024-06-09,6.844831894658525E-5
"7713,2863",2024-06-09,6.846769660949277E-5
"7718,2863",2024-06-09,7.212442661605496E-5
"7723,2863",2024-06-09,7.740840129355423E-5
"7728,2863",2024-06-09,7.734016920790806E-5
"7733,2863",2024-06-09,7.77629038640307E-5
"7693,2868",2024-06-09,4.4486434991466E-5
"7698,2868",2024-06-09,4.447546591072244E-5
"7703,2868",2024-06-09,4.911921173951081E-5
"7708,2868",2024-06-09,5.8470915542818676E-5
"7713,2868",2024-06-09,5.843127563114245E-5
"7718,2868",2024-06-09,6.762802749446182E-5
"7723,2868",2024-06-09,7.366664159507853E-5
"7728,2868",2024-06-09,7.366392629910432E-5
"7733,2868",2024-06-09,7.413793677967519E-5
"7693,2873",2024-06-09,4.886138384817854E-5
"7698,2873",2024-06-09,4.8872314780649574E-5
"7703,2873",2024-06-09,5.5515912999106215E-5
"7708,2873",2024-06-09,6.229362040666287E-5
"7713,2873",2024-06-09,6.231602884549466E-5
"7718,2873",2024-06-09,6.313880490139848E-5
"7723,2873",2024-06-09,6.360972956464662E-5
"7728,2873",2024-06-09,6.346200166564054E-5
"7733,2873",2024-06-09,6.053641599675765E-5
"7693,2878",2024-06-09,5.674119982575385E-5
"7698,2878",2024-06-09,5.67549199826851E-5
"7703,2878",2024-06-09,5.873038006539771E-5
"7708,2878",2024-06-09,5.99293251552303E-5
"7713,2878",2024-06-09,6.0009328873651E-5
"7718,2878",2024-06-09,6.660367750833535E-5
"7723,2878",2024-06-09,6.732013269996191E-5
"7728,2878",2024-06-09,6.624773297782349E-5
"7693,2883",2024-06-09,5.22008921647419E-5
"7698,2883",2024-06-09,5.218933772553008E-5
"7703,2883",2024-06-09,5.919078554486747E-5
"7708,2883",2024-06-09,6.0746579420124515E-5
"7713,2883",2024-06-09,6.114038746156994E-5
"7718,2883",2024-06-09,6.526350150316967E-5
"7723,2883",2024-06-09,6.536161814454435E-5
"7703,2888",2024-06-09,5.649461103629576E-5
"7708,2888",2024-06-09,5.6401021833378554E-5
"7713,2888",2024-06-09,5.789278824107641E-5
"7718,2888",2024-06-09,6.302764646938054E-5
"7723,2888",2024-06-09,6.30125407922501E-5
"7713,2843",2024-06-10,7.635378114487894E-5
"7718,2843",2024-06-10,7.34542092333208E-5
"7723,2843",2024-06-10,7.156232977196466E-5
"7708,2848",2024-06-10,7.075668470008005E-5
"7713,2848",2024-06-10,8.425958602259596E-5
"7718,2848",2024-06-10,8.731829975330092E-5
"7723,2848",2024-06-10,8.582582408148395E-5
"7728,2848",2024-06-10,8.375878684531572E-5
"7733,2848",2024-06-10,1.0371232620651866E-4
"7688,2853",2024-06-10,4.050916297841049E-5
"7693,2853",2024-06-10,4.787467110256022E-5
"7698,2853",2024-06-10,5.734541352544507E-5
"7703,2853",2024-06-10,5.181433422141894E-5
"7708,2853",2024-06-10,6.202547529993198E-5
"7713,2853",2024-06-10,8.682838029513892E-5
"7718,2853",2024-06-10,1.0095021458802228E-4
"7723,2853",2024-06-10,1.0231679590556701E-4
"7728,2853",2024-06-10,1.0334697450508502E-4
"7733,2853",2024-06-10,1.1281369033409983E-4
"7683,2858",2024-06-10,3.52587405602815E-5
"7688,2858",2024-06-10,4.510076950625937E-5
"7693,2858",2024-06-10,5.012622306384464E-5
"7698,2858",2024-06-10,5.086710787122605E-5
"7703,2858",2024-06-10,4.943318523944973E-5
"7708,2858",2024-06-10,6.66499634016584E-5
"7713,2858",2024-06-10,8.07575140117697E-5
"7718,2858",2024-06-10,7.851209049759898E-5
"7723,2858",2024-06-10,8.969605735014925E-5
"7728,2858",2024-06-10,1.002941682720623E-4
"7733,2858",2024-06-10,1.1303496963548101E-4
"7688,2863",2024-06-10,4.619976871252944E-5
"7693,2863",2024-06-10,4.789329924067611E-5
"7698,2863",2024-06-10,4.84642506409344E-5
"7703,2863",2024-06-10,5.015153911247323E-5
"7708,2863",2024-06-10,6.688392411492856E-5
"7713,2863",2024-06-10,7.11140653467686E-5
"7718,2863",2024-06-10,6.581240897964247E-5
"7723,2863",2024-06-10,7.076049638345321E-5
"7728,2863",2024-06-10,1.0176106548071944E-4
"7733,2863",2024-06-10,1.0799861377675862E-4
"7693,2868",2024-06-10,5.229703862844589E-5
"7698,2868",2024-06-10,5.02250269779781E-5
"7703,2868",2024-06-10,4.7463397643827394E-5
"7708,2868",2024-06-10,6.36917840024948E-5
"7713,2868",2024-06-10,6.88264977514441E-5
"7718,2868",2024-06-10,7.244855557336147E-5
"7723,2868",2024-06-10,7.360343414967534E-5
"7728,2868",2024-06-10,1.0488599226374579E-4
"7733,2868",2024-06-10,9.499641424378168E-5
"7693,2873",2024-06-10,5.2124045639593936E-5
"7698,2873",2024-06-10,4.770384143101548E-5
"7703,2873",2024-06-10,4.5271911101829785E-5
"7708,2873",2024-06-10,6.476840126530332E-5
"7713,2873",2024-06-10,6.866577675074339E-5
"7718,2873",2024-06-10,7.008306588614674E-5
"7723,2873",2024-06-10,8.105448169504124E-5
"7728,2873",2024-06-10,9.800802522656896E-5
"7733,2873",2024-06-10,8.01499630214423E-5
"7693,2878",2024-06-10,4.5422805728030214E-5
"7698,2878",2024-06-10,4.597252981967009E-5
"7703,2878",2024-06-10,5.143327862714424E-5
"7708,2878",2024-06-10,6.13463386091856E-5
"7713,2878",2024-06-10,6.943423044480126E-5
"7718,2878",2024-06-10,6.780401214573107E-5
"7723,2878",2024-06-10,6.497453390437249E-5
"7728,2878",2024-06-10,4.734963886145853E-5
"7693,2883",2024-06-10,4.720710327613949E-5
"7698,2883",2024-06-10,4.682193014250738E-5
"7703,2883",2024-06-10,5.098246096374274E-5
"7708,2883",2024-06-10,5.663215019144872E-5
"7713,2883",2024-06-10,6.0281467909105194E-5
"7718,2883",2024-06-10,4.353033693721854E-5
"7723,2883",2024-06-10,4.2807790588048056E-5
"7703,2888",2024-06-10,4.999266470728366E-5
"7708,2888",2024-06-10,5.299393672529232E-5
"7713,2888",2024-06-10,5.8930280146471654E-5
"7718,2888",2024-06-10,5.7636650823192554E-5
"7723,2888",2024-06-10,6.68309131942153E-5
"7723,2843",2024-06-11,1.0161965470247617E-4
"7723,2848",2024-06-11,1.0161965631054015E-4
"7728,2848",2024-06-11,1.1551758854120634E-4
"7733,2848",2024-06-11,1.1977075666642281E-4
"7688,2853",2024-06-11,4.054302007552886E-5
"7693,2853",2024-06-11,4.539208742690172E-5
"7698,2853",2024-06-11,5.016227551102593E-5
"7703,2853",2024-06-11,5.419690928122805E-5
"7708,2853",2024-06-11,9.002600250873246E-5
"7713,2853",2024-06-11,9.543461570189303E-5
"7728,2853",2024-06-11,1.274012365964538E-4
"7733,2853",2024-06-11,1.1128509382934161E-4
"7683,2858",2024-06-11,4.84026093563131E-5
"7688,2858",2024-06-11,4.7908710873011E-5
"7693,2858",2024-06-11,4.389506663736861E-5
"7698,2858",2024-06-11,4.774015806727491E-5
"7703,2858",2024-06-11,5.3331353084221394E-5
"7708,2858",2024-06-11,8.811616974445992E-5
"7713,2858",2024-06-11,8.950597436721775E-5
"7718,2858",2024-06-11,9.66377982987255E-5
"7723,2858",2024-06-11,1.1382230061280617E-4
"7728,2858",2024-06-11,1.19857465432078E-4
"7733,2858",2024-06-11,1.1239476077375676E-4
"7688,2863",2024-06-11,5.00617007441164E-5
"7693,2863",2024-06-11,4.48700605259216E-5
"7698,2863",2024-06-11,5.307239339318622E-5
"7703,2863",2024-06-11,5.573547271793929E-5
"7708,2863",2024-06-11,7.326851082661827E-5
"7713,2863",2024-06-11,9.002361908754416E-5
"7718,2863",2024-06-11,9.181315206500192E-5
"7723,2863",2024-06-11,1.1148083167872555E-4
"7728,2863",2024-06-11,1.1601990146434707E-4
"7733,2863",2024-06-11,1.2083432623611111E-4
"7693,2868",2024-06-11,5.5442316232057524E-5
"7698,2868",2024-06-11,6.076921667197787E-5
"7703,2868",2024-06-11,6.410360717787266E-5
"7708,2868",2024-06-11,6.126481288533436E-5
"7713,2868",2024-06-11,7.517939176907063E-5
"7718,2868",2024-06-11,7.848684409466924E-5
"7723,2868",2024-06-11,9.953902517110435E-5
"7728,2868",2024-06-11,1.0247504062281973E-4
"7733,2868",2024-06-11,1.047620607029326E-4
"7693,2873",2024-06-11,5.9840441860292404E-5
"7698,2873",2024-06-11,5.604540400137062E-5
"7703,2873",2024-06-11,6.0547112411471084E-5
"7708,2873",2024-06-11,5.5083015101367274E-5
"7713,2873",2024-06-11,7.079765357501244E-5
"7718,2873",2024-06-11,7.966565345353982E-5
"7723,2873",2024-06-11,8.399141548189103E-5
"7728,2873",2024-06-11,7.572862441752138E-5
"7733,2873",2024-06-11,7.897683988831102E-5
"7693,2878",2024-06-11,5.2273445174400794E-5
"7698,2878",2024-06-11,5.4879168811687516E-5
"7703,2878",2024-06-11,5.122340206137673E-5
"7708,2878",2024-06-11,6.204960012176526E-5
"7713,2878",2024-06-11,7.467697326751466E-5
"7718,2878",2024-06-11,7.635263212215561E-5
"7723,2878",2024-06-11,7.625730326942507E-5
"7728,2878",2024-06-11,6.631531489407312E-5
"7693,2883",2024-06-11,5.444083513942298E-5
"7698,2883",2024-06-11,5.627949544592785E-5
"7703,2883",2024-06-11,5.158057116107683E-5
"7708,2883",2024-06-11,6.334296222939999E-5
"7713,2883",2024-06-11,6.663724992630707E-5
"7718,2883",2024-06-11,6.0712223227121016E-5
"7723,2883",2024-06-11,7.120440099558453E-5
"7703,2888",2024-06-11,5.596555497921609E-5
"7708,2888",2024-06-11,6.341145304150277E-5
"7713,2888",2024-06-11,6.0978977714341405E-5
"7718,2888",2024-06-11,7.240912579867016E-5
"7723,2888",2024-06-11,7.559057663074234E-5
"7713,2843",2024-06-12,1.020378366047096E-4
"7718,2843",2024-06-12,1.0004775540562149E-4
"7723,2843",2024-06-12,1.1099408972727562E-4
"7708,2848",2024-06-12,9.306578942555177E-5
"7713,2848",2024-06-12,1.0499744742998043E-4
"7718,2848",2024-06-12,1.1448678575488442E-4
"7723,2848",2024-06-12,1.1577650569310005E-4
"7728,2848",2024-06-12,1.3095764580968797E-4
"7733,2848",2024-06-12,1.3649042069322225E-4
"7688,2853",2024-06-12,6.133565426059162E-5
"7693,2853",2024-06-12,6.195289344293032E-5
"7698,2853",2024-06-12,6.605036643531827E-5
"7703,2853",2024-06-12,7.602757127889963E-5
"7708,2853",2024-06-12,8.780865587180122E-5
"7713,2853",2024-06-12,1.0956670507329112E-4
"7718,2853",2024-06-12,1.254600480339232E-4
"7723,2853",2024-06-12,1.290186298593988E-4
"7728,2853",2024-06-12,1.3662186344037242E-4
"7733,2853",2024-06-12,1.393773139834749E-4
"7683,2858",2024-06-12,6.323786527958816E-5
"7688,2858",2024-06-12,6.205635909215062E-5
"7693,2858",2024-06-12,6.707983876214905E-5
"7698,2858",2024-06-12,6.9283593128239E-5
"7703,2858",2024-06-12,8.562711265399026E-5
"7708,2858",2024-06-12,8.832130097896221E-5
"7713,2858",2024-06-12,1.0971944833982612E-4
"7718,2858",2024-06-12,1.1078773352948044E-4
"7723,2858",2024-06-12,1.2218987580202344E-4
"7728,2858",2024-06-12,1.4400620150006256E-4
"7733,2858",2024-06-12,1.5725833802271428E-4
"7688,2863",2024-06-12,6.350562910577959E-5
"7693,2863",2024-06-12,7.104231231916372E-5
"7698,2863",2024-06-12,7.166927911514698E-5
"7703,2863",2024-06-12,8.186138828716178E-5
"7708,2863",2024-06-12,9.068846877225518E-5
"7713,2863",2024-06-12,1.0795565574452947E-4
"7718,2863",2024-06-12,1.1504367878714344E-4
"7723,2863",2024-06-12,1.2689542476140676E-4
"7728,2863",2024-06-12,1.410726807534756E-4
"7733,2863",2024-06-12,1.5400653237237125E-4
"7693,2868",2024-06-12,7.799415560332805E-5
"7698,2868",2024-06-12,8.752360963957268E-5
"7703,2868",2024-06-12,8.700915205043095E-5
"7708,2868",2024-06-12,8.504552775808566E-5
"7713,2868",2024-06-12,1.0316844983495269E-4
"7718,2868",2024-06-12,1.1382494540524981E-4
"7723,2868",2024-06-12,1.2122144285189498E-4
"7728,2868",2024-06-12,1.2041769146061306E-4
"7733,2868",2024-06-12,1.3034416291360606E-4
"7693,2873",2024-06-12,7.4362848170601E-5
"7698,2873",2024-06-12,6.828613032311717E-5
"7703,2873",2024-06-12,7.18152534183054E-5
"7708,2873",2024-06-12,7.989918291710181E-5
"7713,2873",2024-06-12,9.157733237159538E-5
"7718,2873",2024-06-12,1.0384010271047022E-4
"7723,2873",2024-06-12,1.028071852303506E-4
"7728,2873",2024-06-12,1.0209235791300643E-4
"7733,2873",2024-06-12,1.0688156562801637E-4
"7693,2878",2024-06-12,7.52909517747264E-5
"7698,2878",2024-06-12,8.228251822890213E-5
"7703,2878",2024-06-12,7.381290066313591E-5
"7708,2878",2024-06-12,8.467469828230453E-5
"7713,2878",2024-06-12,9.562131567365627E-5
"7718,2878",2024-06-12,9.681163703618546E-5
"7723,2878",2024-06-12,8.154284900877572E-5
"7728,2878",2024-06-12,8.115857240345131E-5
"7693,2883",2024-06-12,7.02320050566672E-5
"7698,2883",2024-06-12,7.774356891953861E-5
"7703,2883",2024-06-12,6.851223401504615E-5
"7708,2883",2024-06-12,8.217607993790965E-5
"7713,2883",2024-06-12,8.803286629365942E-5
"7718,2883",2024-06-12,8.204236171413443E-5
"7723,2883",2024-06-12,7.850665150634832E-5
"7703,2888",2024-06-12,7.47766566856333E-5
"7708,2888",2024-06-12,7.235449194223697E-5
"7713,2888",2024-06-12,8.3039387389707E-5
"7718,2888",2024-06-12,7.871215444443298E-5
"7723,2888",2024-06-12,7.568590610550709E-5
"7713,2843",2024-06-13,1.0062093789047546E-4
"7718,2843",2024-06-13,9.048753566992675E-5
"7723,2843",2024-06-13,9.043885531571863E-5
"7708,2848",2024-06-13,8.424932298865522E-5
"7713,2848",2024-06-13,9.371072672402556E-5
"7718,2848",2024-06-13,8.829661412212838E-5
"7723,2848",2024-06-13,9.518676978264689E-5
"7728,2848",2024-06-13,1.009842882933822E-4
"7733,2848",2024-06-13,1.09273130112937E-4
"7688,2853",2024-06-13,5.119797831621238E-5
"7693,2853",2024-06-13,5.5588905756081185E-5
"7698,2853",2024-06-13,5.929865744221146E-5
"7703,2853",2024-06-13,6.593534300359672E-5
"7708,2853",2024-06-13,7.494942535413113E-5
"7713,2853",2024-06-13,8.171271596049181E-5
"7718,2853",2024-06-13,8.667798727814777E-5
"7723,2853",2024-06-13,1.0125950421125633E-4
"7728,2853",2024-06-13,1.1307998809060058E-4
"7733,2853",2024-06-13,1.2109700027079327E-4
"7683,2858",2024-06-13,5.4253053717144594E-5
"7688,2858",2024-06-13,5.232351154483455E-5
"7693,2858",2024-06-13,5.423416050037045E-5
"7698,2858",2024-06-13,6.509366466259964E-5
"7703,2858",2024-06-13,6.76356742181194E-5
"7708,2858",2024-06-13,7.514401471321663E-5
"7713,2858",2024-06-13,8.35831881425543E-5
"7718,2858",2024-06-13,9.071370493932428E-5
"7723,2858",2024-06-13,1.0599134922016764E-4
"7728,2858",2024-06-13,1.1532775967579172E-4
"7733,2858",2024-06-13,1.2210616771392055E-4
"7688,2863",2024-06-13,6.110667082816562E-5
"7693,2863",2024-06-13,5.999739336923432E-5
"7698,2863",2024-06-13,6.111700941356463E-5
"7703,2863",2024-06-13,6.556402239790556E-5
"7708,2863",2024-06-13,6.971848552704614E-5
"7713,2863",2024-06-13,8.075382191996792E-5
"7718,2863",2024-06-13,8.872983111028712E-5
"7723,2863",2024-06-13,9.78780864235216E-5
"7728,2863",2024-06-13,1.1189052238069899E-4
"7733,2863",2024-06-13,1.185335231805527E-4
"7693,2868",2024-06-13,6.259574239790394E-5
"7698,2868",2024-06-13,6.077087136383568E-5
"7703,2868",2024-06-13,6.12280204699707E-5
"7708,2868",2024-06-13,6.737168173906883E-5
"7713,2868",2024-06-13,7.502633120671297E-5
"7718,2868",2024-06-13,8.611334281998499E-5
"7723,2868",2024-06-13,8.85905263013682E-5
"7728,2868",2024-06-13,9.785527246504645E-5
"7733,2868",2024-06-13,9.570353481814606E-5
"7693,2873",2024-06-13,5.65610034444087E-5
"7698,2873",2024-06-13,6.086155286977992E-5
"7703,2873",2024-06-13,6.045942513239822E-5
"7708,2873",2024-06-13,6.648693593357134E-5
"7713,2873",2024-06-13,7.207061224351898E-5
"7718,2873",2024-06-13,8.438748946423174E-5
"7723,2873",2024-06-13,7.789261410051563E-5
"7728,2873",2024-06-13,7.598129245421872E-5
"7733,2873",2024-06-13,7.701650540211504E-5
"7693,2878",2024-06-13,5.1992553413768445E-5
"7698,2878",2024-06-13,6.023651763012611E-5
"7703,2878",2024-06-13,6.385311089538195E-5
"7708,2878",2024-06-13,5.9851602880590584E-5
"7713,2878",2024-06-13,5.9000261861114624E-5
"7718,2878",2024-06-13,6.255030352213791E-5
"7723,2878",2024-06-13,7.189395853164395E-5
"7728,2878",2024-06-13,6.360452264896176E-5
"7693,2883",2024-06-13,5.6422420751588826E-5
"7698,2883",2024-06-13,5.62462908493574E-5
"7703,2883",2024-06-13,5.700528600502327E-5
"7708,2883",2024-06-13,5.869544819953533E-5
"7713,2883",2024-06-13,5.9365586643605084E-5
"7718,2883",2024-06-13,6.193837793540148E-5
"7723,2883",2024-06-13,6.672342031295793E-5
"7703,2888",2024-06-13,5.779684733318603E-5
"7708,2888",2024-06-13,6.615833832825243E-5
"7713,2888",2024-06-13,7.612398659195108E-5
"7718,2888",2024-06-13,6.1182756554624E-5
"7723,2888",2024-06-13,5.894041921655953E-5
"7713,2843",2024-06-14,8.013725771931794E-5
"7718,2843",2024-06-14,8.206636398996973E-5
"7723,2843",2024-06-14,9.641894059124951E-5
"7708,2848",2024-06-14,8.240848606336709E-5
"7713,2848",2024-06-14,8.68043203899126E-5
"7718,2848",2024-06-14,9.095563711709674E-5
"7723,2848",2024-06-14,9.848335404684357E-5
"7728,2848",2024-06-14,9.788730972338577E-5
"7733,2848",2024-06-14,9.487887441076902E-5
"7688,2853",2024-06-14,5.8832352847959294E-5
"7693,2853",2024-06-14,5.80856782958917E-5
"7698,2853",2024-06-14,5.680509088378916E-5
"7703,2853",2024-06-14,6.996937780480715E-5
"7708,2853",2024-06-14,7.46099103591724E-5
"7713,2853",2024-06-14,7.633533826986757E-5
"7718,2853",2024-06-14,9.371313831913544E-5
"7723,2853",2024-06-14,9.917220720011167E-5
"7728,2853",2024-06-14,9.918678538003039E-5
"7733,2853",2024-06-14,9.49891188474016E-5
"7683,2858",2024-06-14,5.739450772068465E-5
"7688,2858",2024-06-14,5.301577414240689E-5
"7693,2858",2024-06-14,5.716020990701728E-5
"7698,2858",2024-06-14,6.03521186055209E-5
"7703,2858",2024-06-14,6.703914141385242E-5
"7708,2858",2024-06-14,7.166694024798846E-5
"7713,2858",2024-06-14,7.767882545881454E-5
"7718,2858",2024-06-14,9.196919133261406E-5
"7723,2858",2024-06-14,9.3287541289849E-5
"7728,2858",2024-06-14,9.34331450417E-5
"7733,2858",2024-06-14,9.466275756663633E-5
"7688,2863",2024-06-14,5.565833567799773E-5
"7693,2863",2024-06-14,5.257919650642024E-5
"7698,2863",2024-06-14,6.023705649906776E-5
"7703,2863",2024-06-14,6.52037328045102E-5
"7708,2863",2024-06-14,6.403283644340373E-5
"7713,2863",2024-06-14,7.537563204012547E-5
"7718,2863",2024-06-14,8.680998907619326E-5
"7723,2863",2024-06-14,9.049992486520625E-5
"7728,2863",2024-06-14,8.068913129020016E-5
"7733,2863",2024-06-14,8.383022619769613E-5
"7693,2868",2024-06-14,5.699379729352627E-5
"7698,2868",2024-06-14,5.640188479961841E-5
"7703,2868",2024-06-14,6.183446866616591E-5
"7708,2868",2024-06-14,6.597991190905861E-5
"7713,2868",2024-06-14,6.943180674563181E-5
"7718,2868",2024-06-14,7.515604652412727E-5
"7723,2868",2024-06-14,7.710110872661423E-5
"7728,2868",2024-06-14,6.788158650337963E-5
"7733,2868",2024-06-14,7.02280318081211E-5
"7693,2873",2024-06-14,5.6810032930473086E-5
"7698,2873",2024-06-14,5.708846647642103E-5
"7703,2873",2024-06-14,5.5235048942670184E-5
"7708,2873",2024-06-14,5.865186935231952E-5
"7713,2873",2024-06-14,6.409673536899246E-5
"7718,2873",2024-06-14,6.491648236739786E-5
"7723,2873",2024-06-14,6.400832941135438E-5
"7728,2873",2024-06-14,6.301435043670475E-5
"7733,2873",2024-06-14,6.488968164249924E-5
"7693,2878",2024-06-14,6.108427397037582E-5
"7698,2878",2024-06-14,6.054512426789035E-5
"7703,2878",2024-06-14,5.9056466910348985E-5
"7708,2878",2024-06-14,6.30041574361809E-5
"7713,2878",2024-06-14,6.371386149098241E-5
"7718,2878",2024-06-14,6.331336351889287E-5
"7723,2878",2024-06-14,6.0493292111788736E-5
"7728,2878",2024-06-14,5.938168747917025E-5
"7693,2883",2024-06-14,5.056059436841837E-5
"7698,2883",2024-06-14,5.585934137573871E-5
"7703,2883",2024-06-14,6.040736140684983E-5
"7708,2883",2024-06-14,6.085104290597573E-5
"7713,2883",2024-06-14,6.32026433662829E-5
"7718,2883",2024-06-14,6.359089004951019E-5
"7723,2883",2024-06-14,6.173536465332628E-5
"7703,2888",2024-06-14,5.8059475162617987E-5
"7708,2888",2024-06-14,6.214655306284625E-5
"7713,2888",2024-06-14,5.996064795492023E-5
"7718,2888",2024-06-14,6.175949694494008E-5
"7723,2888",2024-06-14,6.25069351118365E-5
"7733,2848",2024-06-14,6.56788256498639E-5
"7683,2858",2024-06-14,5.840947381709455E-5
"7688,2858",2024-06-14,5.9268041153543656E-5
"7693,2858",2024-06-14,5.930748991277323E-5
"7688,2863",2024-06-14,5.848983369730698E-5
"7693,2863",2024-06-14,5.800413763761167E-5
"7698,2863",2024-06-14,5.224087656675621E-5
"7703,2863",2024-06-14,5.224087675944341E-5
"7693,2868",2024-06-14,4.9797268283811275E-5
"7698,2868",2024-06-14,5.1478200925525876E-5
"7703,2868",2024-06-14,5.1763989753571736E-5
"7693,2873",2024-06-14,4.8106331337848885E-5
"7698,2873",2024-06-14,4.535621948401956E-5
"7703,2873",2024-06-14,4.557727991000291E-5
"7693,2878",2024-06-14,4.552482526354773E-5
"7698,2878",2024-06-14,4.629338710273053E-5
"7703,2878",2024-06-14,4.5706315728866885E-5
"7693,2883",2024-06-14,5.270673319604596E-5
"7698,2883",2024-06-14,5.360974960653101E-5
"7703,2883",2024-06-14,5.260224486530399E-5
"7703,2888",2024-06-14,4.7674955890403335E-5
"7708,2888",2024-06-14,4.767495577272358E-5
"7713,2843",2024-06-15,6.698472369829275E-5
"7718,2843",2024-06-15,6.573202693822163E-5
"7723,2843",2024-06-15,5.712751345136519E-5
"7708,2848",2024-06-15,6.003440814743414E-5
"7713,2848",2024-06-15,6.923692008534016E-5
"7718,2848",2024-06-15,7.26506493748304E-5
"7723,2848",2024-06-15,7.832864230833136E-5
"7728,2848",2024-06-15,7.868049053238439E-5
"7733,2848",2024-06-15,7.952196554645057E-5
"7688,2853",2024-06-15,3.738033457194597E-5
"7693,2853",2024-06-15,3.967484547764369E-5
"7698,2853",2024-06-15,4.044776298892347E-5
"7703,2853",2024-06-15,5.5256566664534246E-5
"7708,2853",2024-06-15,5.882051056560048E-5
"7713,2853",2024-06-15,6.641619935219515E-5
"7718,2853",2024-06-15,7.206476043328895E-5
"7723,2853",2024-06-15,7.714731511622707E-5
"7728,2853",2024-06-15,8.566443590058501E-5
"7733,2853",2024-06-15,8.817012197923577E-5
"7683,2858",2024-06-15,3.8220753419255515E-5
"7688,2858",2024-06-15,3.879572379927598E-5
"7693,2858",2024-06-15,4.631818482023162E-5
"7698,2858",2024-06-15,4.8049296246420346E-5
"7703,2858",2024-06-15,5.585117280793912E-5
"7708,2858",2024-06-15,5.619853833224041E-5
"7713,2858",2024-06-15,5.637956618888628E-5
"7718,2858",2024-06-15,6.426484410981309E-5
"7723,2858",2024-06-15,6.826929671970041E-5
"7728,2858",2024-06-15,8.475669566167041E-5
"7733,2858",2024-06-15,8.868475944373718E-5
"7688,2863",2024-06-15,3.8685517109901414E-5
"7693,2863",2024-06-15,4.544718221490205E-5
"7698,2863",2024-06-15,4.709861894968277E-5
"7703,2863",2024-06-15,5.030083566155438E-5
"7708,2863",2024-06-15,5.4409301933982096E-5
"7713,2863",2024-06-15,5.7214904177586716E-5
"7718,2863",2024-06-15,5.958832844162446E-5
"7723,2863",2024-06-15,6.314304421157665E-5
"7728,2863",2024-06-15,8.528441640384953E-5
"7733,2863",2024-06-15,8.633724826840715E-5
"7693,2868",2024-06-15,4.763582962408073E-5
"7698,2868",2024-06-15,4.7763074260383484E-5
"7703,2868",2024-06-15,4.8521501635174715E-5
"7708,2868",2024-06-15,4.6118459805324954E-5
"7713,2868",2024-06-15,4.824465619644826E-5
"7718,2868",2024-06-15,7.28086722671666E-5
"7723,2868",2024-06-15,7.646990694305573E-5
"7728,2868",2024-06-15,8.347021242515516E-5
"7733,2868",2024-06-15,7.271255161709998E-5
"7693,2873",2024-06-15,4.679215072475907E-5
"7698,2873",2024-06-15,4.232330789169702E-5
"7703,2873",2024-06-15,4.225440684096023E-5
"7708,2873",2024-06-15,4.9184108929119856E-5
"7713,2873",2024-06-15,5.210150609464604E-5
"7718,2873",2024-06-15,6.0240755917516576E-5
"7723,2873",2024-06-15,6.196042765850394E-5
"7728,2873",2024-06-15,6.403256520884622E-5
"7733,2873",2024-06-15,5.804275612140227E-5
"7693,2878",2024-06-15,3.955464034027285E-5
"7698,2878",2024-06-15,4.2226642038806E-5
"7703,2878",2024-06-15,4.46550303373757E-5
"7708,2878",2024-06-15,5.58102608364049E-5
"7713,2878",2024-06-15,5.697610490930292E-5
"7718,2878",2024-06-15,5.8282190849783685E-5
"7723,2878",2024-06-15,5.294714432146139E-5
"7728,2878",2024-06-15,5.065519031865154E-5
"7693,2883",2024-06-15,4.55297145227534E-5
"7698,2883",2024-06-15,4.834525678632869E-5
"7703,2883",2024-06-15,4.9513716131429986E-5
"7708,2883",2024-06-15,5.1431258756806817E-5
"7713,2883",2024-06-15,5.520009674111434E-5
"7718,2883",2024-06-15,5.721300160963962E-5
"7723,2883",2024-06-15,5.300783192385527E-5
"7703,2888",2024-06-15,4.985528962636796E-5
"7708,2888",2024-06-15,5.0561679384309877E-5
"7713,2888",2024-06-15,5.4485270334423E-5
"7718,2888",2024-06-15,5.4969352161432924E-5
"7723,2888",2024-06-15,4.954655452445667E-5
"7713,2843",2024-06-16,6.0633926480968096E-5
"7718,2843",2024-06-16,6.110957291462994E-5
"7723,2843",2024-06-16,6.088649458072698E-5
"7708,2848",2024-06-16,5.8471553184893485E-5
"7713,2848",2024-06-16,5.559893713944549E-5
"7718,2848",2024-06-16,6.404000917637798E-5
"7723,2848",2024-06-16,6.823669070199746E-5
"7728,2848",2024-06-16,8.05924225846662E-5
"7733,2848",2024-06-16,8.556534760171133E-5
"7688,2853",2024-06-16,4.8763719272817434E-5
"7693,2853",2024-06-16,4.452659255602185E-5
"7698,2853",2024-06-16,5.598496629544348E-5
"7703,2853",2024-06-16,5.011377694799291E-5
"7708,2853",2024-06-16,5.536763896111184E-5
"7713,2853",2024-06-16,6.509524825550583E-5
"7718,2853",2024-06-16,7.45335615918667E-5
"7723,2853",2024-06-16,8.069830433064488E-5
"7728,2853",2024-06-16,8.872498800546885E-5
"7733,2853",2024-06-16,8.919845541900216E-5
"7683,2858",2024-06-16,4.7578540738400546E-5
"7688,2858",2024-06-16,4.208506564311341E-5
"7693,2858",2024-06-16,4.385163327838229E-5
"7698,2858",2024-06-16,5.173447130809504E-5
"7703,2858",2024-06-16,5.012271931751213E-5
"7708,2858",2024-06-16,6.173636975777791E-5
"7713,2858",2024-06-16,6.768005518225589E-5
"7718,2858",2024-06-16,6.984021799385288E-5
"7723,2858",2024-06-16,7.818630199102527E-5
"7728,2858",2024-06-16,7.884826009181087E-5
"7733,2858",2024-06-16,9.00798722901287E-5
"7688,2863",2024-06-16,4.5844149206579936E-5
"7693,2863",2024-06-16,4.7730055488510866E-5
"7698,2863",2024-06-16,5.315562245144169E-5
"7703,2863",2024-06-16,5.7258892006558034E-5
"7708,2863",2024-06-16,6.0777758152216806E-5
"7713,2863",2024-06-16,5.911828171532303E-5
"7718,2863",2024-06-16,6.8906752891667E-5
"7723,2863",2024-06-16,8.040912023594764E-5
"7728,2863",2024-06-16,8.102397554364437E-5
"7733,2863",2024-06-16,9.212814012322364E-5
"7693,2868",2024-06-16,4.941741607242387E-5
"7698,2868",2024-06-16,5.4696452185292695E-5
"7703,2868",2024-06-16,5.387223821668089E-5
"7708,2868",2024-06-16,5.8953144908785684E-5
"7713,2868",2024-06-16,6.0184862849953296E-5
"7718,2868",2024-06-16,6.56891537298853E-5
"7723,2868",2024-06-16,7.18145223753754E-5
"7728,2868",2024-06-16,6.837315358661698E-5
"7733,2868",2024-06-16,7.965829303822327E-5
"7693,2873",2024-06-16,4.9393316023052006E-5
"7698,2873",2024-06-16,5.0289801074920224E-5
"7703,2873",2024-06-16,5.175761092675312E-5
"7708,2873",2024-06-16,5.912194994755963E-5
"7713,2873",2024-06-16,5.744522421027839E-5
"7718,2873",2024-06-16,5.9531602321005785E-5
"7723,2873",2024-06-16,6.84471901073538E-5
"7728,2873",2024-06-16,6.211518417951587E-5
"7733,2873",2024-06-16,6.55006626368621E-5
"7693,2878",2024-06-16,4.5327858909008154E-5
"7698,2878",2024-06-16,4.520630081676216E-5
"7703,2878",2024-06-16,5.117699399896225E-5
"7708,2878",2024-06-16,5.665966137475452E-5
"7713,2878",2024-06-16,5.5304323719806E-5
"7718,2878",2024-06-16,5.615180787689695E-5
"7723,2878",2024-06-16,5.815357084895944E-5
"7728,2878",2024-06-16,5.6822612467765624E-5
"7693,2883",2024-06-16,5.092203420407963E-5
"7698,2883",2024-06-16,5.359370038418023E-5
"7703,2883",2024-06-16,5.690904588283205E-5
"7708,2883",2024-06-16,5.95944100554618E-5
"7713,2883",2024-06-16,5.897541803226093E-5
"7718,2883",2024-06-16,5.8137361552692234E-5
"7723,2883",2024-06-16,5.414163916609438E-5
"7703,2888",2024-06-16,5.3481357996136016E-5
"7708,2888",2024-06-16,5.519121140599329E-5
"7713,2888",2024-06-16,5.849890038835023E-5
"7718,2888",2024-06-16,5.5598793901667854E-5
"7723,2888",2024-06-16,5.6701507704772434E-5
"7713,2843",2024-06-17,7.186756026594447E-5
"7718,2843",2024-06-17,8.177940462633109E-5
"7723,2843",2024-06-17,7.046305248042184E-5
"7708,2848",2024-06-17,7.138427722116648E-5
"7713,2848",2024-06-17,7.735869407153026E-5
"7718,2848",2024-06-17,8.185390508990842E-5
"7723,2848",2024-06-17,7.484619242663716E-5
"7728,2848",2024-06-17,8.451891646378396E-5
"7733,2848",2024-06-17,8.178305828982105E-5
"7688,2853",2024-06-17,4.943852821541453E-5
"7693,2853",2024-06-17,4.4127592808137654E-5
"7698,2853",2024-06-17,4.807164696400812E-5
"7703,2853",2024-06-17,5.509946384410681E-5
"7708,2853",2024-06-17,6.525603137031176E-5
"7713,2853",2024-06-17,7.59630682816073E-5
"7718,2853",2024-06-17,7.946743917004164E-5
"7723,2853",2024-06-17,8.332756857707574E-5
"7728,2853",2024-06-17,8.381391845132212E-5
"7733,2853",2024-06-17,1.0212775699915102E-4
"7683,2858",2024-06-17,5.019701994636207E-5
"7688,2858",2024-06-17,5.398847425654882E-5
"7693,2858",2024-06-17,4.2122999171340386E-5
"7698,2858",2024-06-17,4.468111882766431E-5
"7703,2858",2024-06-17,5.4920469818057426E-5
"7708,2858",2024-06-17,6.893237061902947E-5
"7713,2858",2024-06-17,7.919119820599145E-5
"7718,2858",2024-06-17,7.92156680766506E-5
"7723,2858",2024-06-17,7.975901781275585E-5
"7728,2858",2024-06-17,7.79818076593712E-5
"7733,2858",2024-06-17,9.485700389544689E-5
"7688,2863",2024-06-17,4.968217011943864E-5
"7693,2863",2024-06-17,4.56168679915201E-5
"7698,2863",2024-06-17,5.3496906533674E-5
"7703,2863",2024-06-17,5.147811197898714E-5
"7708,2863",2024-06-17,6.754592580880426E-5
"7713,2863",2024-06-17,7.486141751527656E-5
"7718,2863",2024-06-17,7.492769348407257E-5
"7723,2863",2024-06-17,8.195268885979301E-5
"7728,2863",2024-06-17,8.674062456141585E-5
"7733,2863",2024-06-17,9.833280869293463E-5
"7693,2868",2024-06-17,5.2955089625931395E-5
"7698,2868",2024-06-17,5.9073449620169155E-5
"7703,2868",2024-06-17,5.65543034091137E-5
"7708,2868",2024-06-17,6.0715203347429604E-5
"7713,2868",2024-06-17,7.048379499369865E-5
"7718,2868",2024-06-17,7.180800750512392E-5
"7723,2868",2024-06-17,8.422017418736588E-5
"7728,2868",2024-06-17,7.836577659974228E-5
"7733,2868",2024-06-17,8.821237814081894E-5
"7693,2873",2024-06-17,5.3651176290331507E-5
"7698,2873",2024-06-17,4.559541716582469E-5
"7703,2873",2024-06-17,4.5361352072423775E-5
"7708,2873",2024-06-17,5.7712897094135975E-5
"7713,2873",2024-06-17,7.104643410641421E-5
"7718,2873",2024-06-17,7.061920220162218E-5
"7723,2873",2024-06-17,7.593840258816839E-5
"7728,2873",2024-06-17,6.41550686936047E-5
"7733,2873",2024-06-17,6.843989878509148E-5
"7693,2878",2024-06-17,5.0637544321711195E-5
"7698,2878",2024-06-17,5.233326022209471E-5
"7703,2878",2024-06-17,5.544637620575477E-5
"7708,2878",2024-06-17,6.126324945676528E-5
"7713,2878",2024-06-17,6.373686371077929E-5
"7718,2878",2024-06-17,6.66831731386929E-5
"7723,2878",2024-06-17,5.952301037819022E-5
"7728,2878",2024-06-17,5.899638136601808E-5
"7693,2883",2024-06-17,4.8081072449071044E-5
"7698,2883",2024-06-17,5.0479479688414914E-5
"7703,2883",2024-06-17,5.419798972693795E-5
"7708,2883",2024-06-17,5.619708587621923E-5
"7713,2883",2024-06-17,5.474734727453136E-5
"7718,2883",2024-06-17,5.835457637681681E-5
"7723,2883",2024-06-17,5.828248387587992E-5
"7703,2888",2024-06-17,4.450571353518198E-5
"7708,2888",2024-06-17,4.992508220790874E-5
"7713,2888",2024-06-17,5.7856856174621695E-5
"7718,2888",2024-06-17,5.811230156520347E-5
"7723,2888",2024-06-17,5.2966548838958304E-5
"7713,2843",2024-06-18,6.011378865158465E-5
"7718,2843",2024-06-18,6.114832151197051E-5
"7723,2843",2024-06-18,6.711520673775156E-5
"7708,2848",2024-06-18,6.418246608935086E-5
"7713,2848",2024-06-18,6.691178400305755E-5
"7718,2848",2024-06-18,6.639499211614006E-5
"7723,2848",2024-06-18,6.702761915454791E-5
"7728,2848",2024-06-18,7.012469085548794E-5
"7733,2848",2024-06-18,7.764828053947793E-5
"7688,2853",2024-06-18,2.8824138145734866E-5
"7693,2853",2024-06-18,4.145338924487688E-5
"7698,2853",2024-06-18,4.25506755973472E-5
"7703,2853",2024-06-18,4.586104250000869E-5
"7708,2853",2024-06-18,5.274339708891104E-5
"7713,2853",2024-06-18,6.526502975221193E-5
"7718,2853",2024-06-18,6.719576212992774E-5
"7723,2853",2024-06-18,7.441433568702766E-5
"7728,2853",2024-06-18,7.498026505721557E-5
"7733,2853",2024-06-18,8.90326388214942E-5
"7683,2858",2024-06-18,3.8831509711603343E-5
"7688,2858",2024-06-18,4.486920186131064E-5
"7693,2858",2024-06-18,4.05772250486777E-5
"7698,2858",2024-06-18,4.6706591691124776E-5
"7703,2858",2024-06-18,4.669452252000099E-5
"7708,2858",2024-06-18,5.0390305731202E-5
"7713,2858",2024-06-18,5.996479558516213E-5
"7718,2858",2024-06-18,7.105683569883697E-5
"7723,2858",2024-06-18,7.046030876547163E-5
"7728,2858",2024-06-18,7.539476300610851E-5
"7733,2858",2024-06-18,9.60302803561895E-5
"7688,2863",2024-06-18,4.0545579229749646E-5
"7693,2863",2024-06-18,4.447098162616199E-5
"7698,2863",2024-06-18,5.198126986627243E-5
"7703,2863",2024-06-18,5.089688188937289E-5
"7708,2863",2024-06-18,5.418315596300525E-5
"7713,2863",2024-06-18,6.0612760316101136E-5
"7718,2863",2024-06-18,6.289037378541826E-5
"7723,2863",2024-06-18,6.602649162680584E-5
"7728,2863",2024-06-18,7.708170572555291E-5
"7733,2863",2024-06-18,1.0304238077754913E-4
"7693,2868",2024-06-18,4.998213535568786E-5
"7698,2868",2024-06-18,4.910111120580684E-5
"7703,2868",2024-06-18,4.94808487716381E-5
"7708,2868",2024-06-18,5.350609192394861E-5
"7713,2868",2024-06-18,6.458968695342467E-5
"7718,2868",2024-06-18,7.652235491515137E-5
"7723,2868",2024-06-18,7.457141008282459E-5
"7728,2868",2024-06-18,7.361672825687614E-5
"7733,2868",2024-06-18,7.450398202684372E-5
"7693,2873",2024-06-18,4.671301300877962E-5
"7698,2873",2024-06-18,4.069889400722322E-5
"7703,2873",2024-06-18,4.350629591626795E-5
"7708,2873",2024-06-18,5.313732753534999E-5
"7713,2873",2024-06-18,5.8362235747930435E-5
"7718,2873",2024-06-18,7.025165259326072E-5
"7723,2873",2024-06-18,6.6438916669514E-5
"7728,2873",2024-06-18,6.569549520569837E-5
"7733,2873",2024-06-18,6.419570969159999E-5
"7693,2878",2024-06-18,3.9967063248548745E-5
"7698,2878",2024-06-18,4.641779670284526E-5
"7703,2878",2024-06-18,4.67154825309561E-5
"7708,2878",2024-06-18,5.3287588586919946E-5
"7713,2878",2024-06-18,5.888672008056531E-5
"7718,2878",2024-06-18,6.0963790257371266E-5
"7723,2878",2024-06-18,5.326387332581851E-5
"7728,2878",2024-06-18,4.9629871899597696E-5
"7693,2883",2024-06-18,4.295990436893421E-5
"7698,2883",2024-06-18,4.3395942177061806E-5
"7703,2883",2024-06-18,4.128154216147629E-5
"7708,2883",2024-06-18,5.253194293590007E-5
"7713,2883",2024-06-18,5.593543344574222E-5
"7718,2883",2024-06-18,5.738816944946407E-5
"7723,2883",2024-06-18,5.007985774279507E-5
"7703,2888",2024-06-18,4.811642743284069E-5
"7708,2888",2024-06-18,4.8037894191396154E-5
"7713,2888",2024-06-18,5.3879930811423195E-5
"7718,2888",2024-06-18,5.210955294511823E-5
"7723,2888",2024-06-18,5.47130462870088E-5
"7713,2843",2024-06-19,7.667763041996295E-5
"7718,2843",2024-06-19,7.006637991959385E-5
"7723,2843",2024-06-19,7.160511780777119E-5
"7708,2848",2024-06-19,6.531615422106597E-5
"7713,2848",2024-06-19,7.031751638045895E-5
"7723,2848",2024-06-19,8.377005655507131E-5
"7728,2848",2024-06-19,8.244598695893376E-5
"7733,2848",2024-06-19,7.834191153620649E-5
"7688,2853",2024-06-19,4.351093688007645E-5
"7693,2853",2024-06-19,4.823666052177492E-5
"7698,2853",2024-06-19,4.585458033095798E-5
"7703,2853",2024-06-19,4.389924706943653E-5
"7708,2853",2024-06-19,5.564058268434015E-5
"7713,2853",2024-06-19,6.982380121148222E-5
"7718,2853",2024-06-19,7.066221435057685E-5
"7723,2853",2024-06-19,8.189356897566918E-5
"7728,2853",2024-06-19,8.376839018892204E-5
"7733,2853",2024-06-19,8.689589168786789E-5
"7683,2858",2024-06-19,4.638413229165328E-5
"7688,2858",2024-06-19,4.72759354439631E-5
"7693,2858",2024-06-19,4.437331675918659E-5
"7698,2858",2024-06-19,4.594983263474706E-5
"7703,2858",2024-06-19,4.3984880009250655E-5
"7708,2858",2024-06-19,5.628747886687391E-5
"7713,2858",2024-06-19,6.925276831243541E-5
"7718,2858",2024-06-19,6.97492105494115E-5
"7723,2858",2024-06-19,7.325447390967058E-5
"7728,2858",2024-06-19,7.781390547500325E-5
"7733,2858",2024-06-19,8.916906837292504E-5
"7688,2863",2024-06-19,4.529145378915853E-5
"7693,2863",2024-06-19,4.779976830994137E-5
"7698,2863",2024-06-19,5.021187944828074E-5
"7703,2863",2024-06-19,4.850470005355893E-5
"7708,2863",2024-06-19,5.424733696133362E-5
"7713,2863",2024-06-19,5.912500362701662E-5
"7718,2863",2024-06-19,6.478462861910734E-5
"7723,2863",2024-06-19,6.621466444634258E-5
"7728,2863",2024-06-19,7.315527108547995E-5
"7733,2863",2024-06-19,8.519747712491795E-5
"7693,2868",2024-06-19,3.8988161488993815E-5
"7698,2868",2024-06-19,3.963227189362708E-5
"7703,2868",2024-06-19,4.3383313057246814E-5
"7708,2868",2024-06-19,4.480030249034411E-5
"7713,2868",2024-06-19,4.924982383555988E-5
"7718,2868",2024-06-19,5.923910217910061E-5
"7723,2868",2024-06-19,6.31976734556268E-5
"7728,2868",2024-06-19,6.739556274504902E-5
"7733,2868",2024-06-19,7.137767914827159E-5
"7693,2873",2024-06-19,4.169258374890358E-5
"7698,2873",2024-06-19,4.1182194188946485E-5
"7703,2873",2024-06-19,3.935336744862522E-5
"7708,2873",2024-06-19,3.5738152651092026E-5
"7713,2873",2024-06-19,4.3662080526815145E-5
"7718,2873",2024-06-19,4.92654527232919E-5
"7723,2873",2024-06-19,5.195498034873319E-5
"7728,2873",2024-06-19,5.867289700577972E-5
"7733,2873",2024-06-19,6.287626077580094E-5
"7693,2878",2024-06-19,3.289322277808844E-5
"7698,2878",2024-06-19,3.734871653462539E-5
"7703,2878",2024-06-19,4.75635185105781E-5
"7708,2878",2024-06-19,4.707941499931209E-5
"7713,2878",2024-06-19,4.881509753547537E-5
"7718,2878",2024-06-19,4.955258763384389E-5
"7723,2878",2024-06-19,4.8532497842399015E-5
"7728,2878",2024-06-19,4.9077290239546994E-5
"7693,2883",2024-06-19,3.9297513306386274E-5
"7698,2883",2024-06-19,3.971256468126443E-5
"7703,2883",2024-06-19,4.3205777418488916E-5
"7708,2883",2024-06-19,4.454390816399235E-5
"7713,2883",2024-06-19,4.8868457476599165E-5
"7718,2883",2024-06-19,5.1146863755279095E-5
"7723,2883",2024-06-19,4.18956552259821E-5
"7703,2888",2024-06-19,4.303685036506976E-5
"7708,2888",2024-06-19,4.1370835472755166E-5
"7713,2888",2024-06-19,4.168548851126004E-5
"7718,2888",2024-06-19,4.301109220665889E-5
"7723,2888",2024-06-19,3.979249656679404E-5
"7713,2843",2024-06-20,6.847180185452037E-5
"7718,2843",2024-06-20,7.194547493572007E-5
"7723,2843",2024-06-20,7.210872193302112E-5
"7713,2848",2024-06-20,6.506600912335916E-5
"7718,2848",2024-06-20,6.487418917492859E-5
"7723,2848",2024-06-20,6.467013814225583E-5
"7728,2848",2024-06-20,5.9924323137450314E-5
"7733,2848",2024-06-20,5.9396751638502644E-5
"7713,2853",2024-06-20,6.667512176852782E-5
"7718,2853",2024-06-20,6.66751214518643E-5
"7723,2853",2024-06-20,6.743148239893597E-5
"7728,2853",2024-06-20,6.939697643150134E-5
"7733,2853",2024-06-20,6.931933996980531E-5
"7683,2858",2024-06-20,3.8785100542322754E-5
"7723,2858",2024-06-20,6.870333943228906E-5
"7728,2858",2024-06-20,6.870333910209332E-5
"7733,2858",2024-06-20,6.783321775346013E-5
"7733,2863",2024-06-20,6.483269046303303E-5
"7723,2848",2024-06-21,6.105232136001856E-5
"7728,2848",2024-06-21,6.176360559431051E-5
"7733,2848",2024-06-21,5.9220313363248184E-5
"7693,2853",2024-06-21,1.0543358782817987E-4
"7698,2853",2024-06-21,1.0543358742507361E-4
"7703,2853",2024-06-21,1.0543358866350242E-4
"7728,2853",2024-06-21,7.400068707775527E-5
"7733,2853",2024-06-21,7.385234944026286E-5
"7693,2858",2024-06-21,1.0543358725621667E-4
"7698,2858",2024-06-21,1.0543358812709334E-4
"7703,2858",2024-06-21,1.0543358933641561E-4
"7733,2858",2024-06-21,7.327138942077079E-5
"7698,2868",2024-06-21,1.0619629749872617E-4
"7703,2868",2024-06-21,1.0619629716267348E-4
"7698,2873",2024-06-21,1.0619629721739331E-4
"7703,2873",2024-06-21,1.0619629715583398E-4
"7713,2843",2024-06-22,1.117741080582523E-4
"7718,2843",2024-06-22,8.83905225324589E-5
"7723,2843",2024-06-22,7.693414142829444E-5
"7708,2848",2024-06-22,1.628919021705298E-4
"7713,2848",2024-06-22,1.3981372017138967E-4
"7718,2848",2024-06-22,1.1740740037610527E-4
"7723,2848",2024-06-22,9.461753706470318E-5
"7688,2853",2024-06-22,1.155114026039454E-4
"7693,2853",2024-06-22,1.5050021878453422E-4
"7698,2853",2024-06-22,1.9051964697155426E-4
"7703,2853",2024-06-22,1.766405847237469E-4
"7708,2853",2024-06-22,1.7024394016456365E-4
"7713,2853",2024-06-22,1.623097288276641E-4
"7718,2853",2024-06-22,1.5207693011076628E-4
"7723,2853",2024-06-22,9.47591167121304E-5
"7683,2858",2024-06-22,8.574611134534396E-5
"7688,2858",2024-06-22,9.218116357783058E-5
"7693,2858",2024-06-22,1.1317497049650611E-4
"7698,2858",2024-06-22,1.4403272253332857E-4
"7703,2858",2024-06-22,1.7539092238172646E-4
"7708,2858",2024-06-22,1.7525665515767398E-4
"7713,2858",2024-06-22,1.8275716996670488E-4
"7718,2858",2024-06-22,1.527252913388856E-4
"7688,2863",2024-06-22,8.153093401008446E-5
"7693,2863",2024-06-22,1.1775209365514844E-4
"7698,2863",2024-06-22,1.6907280728422545E-4
"7703,2863",2024-06-22,1.8135301111731978E-4
"7693,2868",2024-06-22,9.727033733261615E-5
"7698,2868",2024-06-22,1.1967550590119044E-4
"7703,2868",2024-06-22,1.231001126210187E-4
"7708,2868",2024-06-22,1.5233300503952662E-4
"7713,2868",2024-06-22,1.637816165850065E-4
"7693,2873",2024-06-22,9.330864637534407E-5
"7698,2873",2024-06-22,1.1014071405036351E-4
"7703,2873",2024-06-22,1.1856776137507333E-4
"7708,2873",2024-06-22,1.509878644229548E-4
"7713,2873",2024-06-22,1.4426344391957617E-4
"7693,2878",2024-06-22,1.0626407008868802E-4
"7698,2878",2024-06-22,9.737104973960854E-5
"7703,2878",2024-06-22,1.0770231055479796E-4
"7708,2878",2024-06-22,1.262714409573539E-4
"7713,2878",2024-06-22,1.3049696417567766E-4
"7718,2878",2024-06-22,9.168021475222653E-5
"7693,2883",2024-06-22,9.094711172321704E-5
"7698,2883",2024-06-22,9.160226060377406E-5
"7703,2883",2024-06-22,8.944559385115974E-5
"7708,2883",2024-06-22,9.062465044501483E-5
"7713,2883",2024-06-22,1.0826693977983747E-4
"7718,2883",2024-06-22,8.068511883223804E-5
"7723,2883",2024-06-22,6.441334689444329E-5
"7703,2888",2024-06-22,7.162786331767395E-5
"7708,2888",2024-06-22,7.766361308099827E-5
"7713,2888",2024-06-22,7.80813666983469E-5
"7718,2888",2024-06-22,6.682126310349884E-5
"7723,2888",2024-06-22,7.392636997633056E-5
"7713,2843",2024-06-23,8.723337000059688E-5
"7708,2848",2024-06-23,1.0354703336460703E-4
"7723,2848",2024-06-23,1.0280321965085936E-4
"7728,2848",2024-06-23,1.007802860391185E-4
"7733,2848",2024-06-23,6.87561419643806E-5
"7688,2853",2024-06-23,1.0982771365916157E-4
"7713,2853",2024-06-23,1.432198352173312E-4
"7718,2853",2024-06-23,1.4321983542186302E-4
"7728,2853",2024-06-23,1.1284666290271107E-4
"7733,2853",2024-06-23,9.578580684955408E-5
"7683,2858",2024-06-23,1.2402088785486628E-4
"7688,2858",2024-06-23,1.1106414257144955E-4
"7693,2858",2024-06-23,1.23029742192345E-4
"7698,2858",2024-06-23,1.3144931197777855E-4
"7713,2858",2024-06-23,1.432198335132502E-4
"7718,2858",2024-06-23,1.432198338104715E-4
"7728,2858",2024-06-23,1.1284855416611268E-4
"7733,2858",2024-06-23,7.843462195881786E-5
"7688,2863",2024-06-23,1.1234600786077095E-4
"7693,2863",2024-06-23,1.2965672138200656E-4
"7698,2863",2024-06-23,1.2949109844829956E-4
"7708,2863",2024-06-23,1.7799250606362877E-4
"7713,2863",2024-06-23,1.610003874282659E-4
"7718,2863",2024-06-23,1.4321983468152766E-4
"7693,2868",2024-06-23,1.2399463978095154E-4
"7698,2868",2024-06-23,1.0493130174651599E-4
"7703,2868",2024-06-23,1.1266566037746755E-4
"7708,2868",2024-06-23,1.4750676162927402E-4
"7713,2868",2024-06-23,1.768451175540984E-4
"7693,2873",2024-06-23,1.1027200697069269E-4
"7698,2873",2024-06-23,1.073437231830955E-4
"7703,2873",2024-06-23,1.280623950545068E-4
"7708,2873",2024-06-23,1.229717250899493E-4
"7713,2873",2024-06-23,1.220772865467969E-4
"7703,2878",2024-06-23,1.588703897415492E-4
"7708,2878",2024-06-23,1.275773655669506E-4
"7713,2878",2024-06-23,1.1412695654472709E-4
"7718,2878",2024-06-23,1.0414666230346629E-4
"7723,2878",2024-06-23,1.0295413926385619E-4
"7708,2883",2024-06-23,1.1837114345461927E-4
"7713,2883",2024-06-23,1.0002256091189213E-4
"7718,2883",2024-06-23,9.034147691785805E-5
"7723,2883",2024-06-23,6.589826164941924E-5
"7708,2888",2024-06-23,1.0126230141812988E-4
"7713,2888",2024-06-23,8.554771225246257E-5
"7718,2888",2024-06-23,6.868664573876713E-5
"7723,2888",2024-06-23,6.00393353997341E-5
"7728,2878",2024-06-24,8.166466493808114E-5
"7733,2853",2024-06-25,1.3753477842514303E-4
"7733,2858",2024-06-25,1.3753478033648892E-4
"7688,2863",2024-06-25,1.0702897535089638E-4
"7688,2853",2024-06-25,1.0727770147433724E-4
"7693,2853",2024-06-25,1.0727770156685807E-4
"7698,2853",2024-06-25,1.0727770027451742E-4
"7683,2858",2024-06-25,1.1118468438628358E-4
"7688,2858",2024-06-25,1.0859042438480661E-4
"7693,2858",2024-06-25,1.0859455829383741E-4
"7698,2858",2024-06-25,1.0838264978179885E-4
"7688,2863",2024-06-25,1.0567851493738276E-4
"7693,2863",2024-06-25,1.0568541141325385E-4
"7698,2863",2024-06-25,1.1416415302904504E-4
"7703,2863",2024-06-25,1.1808628918974114E-4
"7708,2863",2024-06-25,1.1808628931667337E-4
"7713,2863",2024-06-25,1.1808628901286587E-4
"7693,2868",2024-06-25,1.037166820318152E-4
"7698,2868",2024-06-25,1.2246551391993562E-4
"7703,2868",2024-06-25,1.2335989952176913E-4
"7708,2868",2024-06-25,1.2331776444340567E-4
"7713,2868",2024-06-25,1.2264610661559612E-4
"7693,2873",2024-06-25,1.0817909784078733E-4
"7698,2873",2024-06-25,1.1961076734011184E-4
"7703,2873",2024-06-25,1.1958579055201696E-4
"7708,2873",2024-06-25,1.2051150416886895E-4
"7713,2873",2024-06-25,1.223037248142419E-4
"7718,2873",2024-06-25,1.2230372565925362E-4
"7723,2873",2024-06-25,1.2230372522719366E-4
"7693,2878",2024-06-25,1.1373668354548466E-4
"7698,2878",2024-06-25,1.137366859544425E-4
"7703,2878",2024-06-25,1.137366859143472E-4
"7708,2878",2024-06-25,1.1747799130512333E-4
"7713,2878",2024-06-25,1.2029976363595454E-4
"7718,2878",2024-06-25,1.202848058177185E-4
"7723,2878",2024-06-25,1.2032143847603382E-4
"7693,2883",2024-06-25,1.2530155441865362E-4
"7698,2883",2024-06-25,1.3697009123192044E-4
"7703,2883",2024-06-25,1.3697009087107123E-4
"7708,2883",2024-06-25,1.2513862741750603E-4
"7713,2883",2024-06-25,1.1811686776699314E-4
"7718,2883",2024-06-25,1.1811015896025515E-4
"7723,2883",2024-06-25,9.63461273835676E-5
"7703,2888",2024-06-25,1.1988869231561402E-4
"7708,2888",2024-06-25,1.0568473324852479E-4
"7713,2888",2024-06-25,9.945669766602019E-5
"7718,2888",2024-06-25,9.911580677297905E-5
"7723,2888",2024-06-25,7.307247286944605E-5
"7713,2843",2024-06-26,2.0318828737846532E-4
"7708,2848",2024-06-26,2.0368723426707864E-4
"7713,2848",2024-06-26,1.917358373855413E-4
"7718,2848",2024-06-26,1.708433334069323E-4
"7723,2848",2024-06-26,1.4938177063080166E-4
"7728,2848",2024-06-26,1.1901473935519005E-4
"7733,2848",2024-06-26,9.871045533547917E-5
"7688,2853",2024-06-26,1.4649322655948312E-4
"7693,2853",2024-06-26,1.54760757826235E-4
"7698,2853",2024-06-26,1.6769430656644427E-4
"7703,2853",2024-06-26,1.9884857656305373E-4
"7708,2853",2024-06-26,1.999698354439404E-4
"7713,2853",2024-06-26,1.8854956088018216E-4
"7718,2853",2024-06-26,1.6564049197925456E-4
"7723,2853",2024-06-26,1.463346185884779E-4
"7728,2853",2024-06-26,1.3063408631590294E-4
"7733,2853",2024-06-26,1.1103784670700522E-4
"7683,2858",2024-06-26,1.2350948440702984E-4
"7688,2858",2024-06-26,1.4790964923272338E-4
"7693,2858",2024-06-26,1.520257227476589E-4
"7698,2858",2024-06-26,1.8761390045981405E-4
"7703,2858",2024-06-26,1.8854083962967024E-4
"7708,2858",2024-06-26,1.8506833356386927E-4
"7713,2858",2024-06-26,1.814758576655988E-4
"7718,2858",2024-06-26,1.6610193614714948E-4
"7723,2858",2024-06-26,1.4393006471535022E-4
"7728,2858",2024-06-26,1.4587906252843086E-4
"7733,2858",2024-06-26,1.4665583626528213E-4
"7688,2863",2024-06-26,1.356669935150949E-4
"7693,2863",2024-06-26,1.374758917016917E-4
"7698,2863",2024-06-26,1.7405932806983815E-4
"7703,2863",2024-06-26,1.7405932876853454E-4
"7708,2863",2024-06-26,1.740593293548919E-4
"7728,2863",2024-06-26,1.474273424938215E-4
"7733,2863",2024-06-26,1.5500365297867232E-4
"7693,2868",2024-06-26,1.275417013513484E-4
"7733,2868",2024-06-26,1.5611434252257452E-4
"7723,2843",2024-06-27,1.0906127533630109E-4
"7718,2848",2024-06-27,8.788893563880359E-5
"7723,2848",2024-06-27,8.805533378194334E-5
"7728,2848",2024-06-27,9.535539034311365E-5
"7733,2848",2024-06-27,1.0015187460660856E-4
"7688,2853",2024-06-27,1.0630024223133587E-4
"7693,2853",2024-06-27,1.323332401818986E-4
"7698,2853",2024-06-27,1.3485427161918435E-4
"7723,2853",2024-06-27,8.788893182683163E-5
"7728,2853",2024-06-27,1.296399285195116E-4
"7683,2858",2024-06-27,7.010383940198251E-5
"7688,2858",2024-06-27,8.04898354105753E-5
"7693,2858",2024-06-27,8.788010280950255E-5
"7698,2858",2024-06-27,1.0044815191227964E-4
"7703,2858",2024-06-27,1.1124176048955203E-4
"7728,2858",2024-06-27,1.2979596222897135E-4
"7733,2858",2024-06-27,1.4333234133270844E-4
"7688,2863",2024-06-27,8.473463691151435E-5
"7693,2863",2024-06-27,9.549231789431662E-5
"7698,2863",2024-06-27,1.1388107919937597E-4
"7703,2863",2024-06-27,1.1577399021908634E-4
"7728,2863",2024-06-27,1.3083960248464155E-4
"7733,2863",2024-06-27,1.4486075297499436E-4
"7693,2868",2024-06-27,1.2262595630175768E-4
"7698,2868",2024-06-27,1.306633206148505E-4
"7703,2868",2024-06-27,1.2461631693673733E-4
"7693,2873",2024-06-27,1.0893408618357448E-4
"7698,2873",2024-06-27,9.876924836925245E-5
"7703,2873",2024-06-27,8.01349164911079E-5
"7728,2873",2024-06-27,1.0756194376098181E-4
"7733,2873",2024-06-27,8.972973130445122E-5
"7693,2878",2024-06-27,7.559422685672382E-5
"7698,2878",2024-06-27,7.598614159980081E-5
"7703,2878",2024-06-27,7.480445972447971E-5
"7708,2878",2024-06-27,6.387042998159103E-5
"7728,2878",2024-06-27,1.0223163133211649E-4
"7693,2883",2024-06-27,6.0158878086718526E-5
"7698,2883",2024-06-27,6.144706918280048E-5
"7703,2883",2024-06-27,6.387042916290321E-5
"7708,2883",2024-06-27,6.387042940964393E-5
"7698,2873",2024-06-29,9.998449107165854E-5
"7703,2873",2024-06-29,1.0042199696180413E-4
"7708,2873",2024-06-29,1.0293549764642995E-4
"7713,2873",2024-06-29,9.979488718164191E-5
"7718,2873",2024-06-29,1.0290381085846808E-4
"7723,2873",2024-06-29,1.1537605995887727E-4
"7728,2873",2024-06-29,1.1537606030752628E-4
"7698,2878",2024-06-29,9.9984493016919E-5
"7703,2878",2024-06-29,9.855483153134911E-5
"7708,2878",2024-06-29,9.34855853943069E-5
"7713,2878",2024-06-29,9.585756683410606E-5
"7718,2878",2024-06-29,9.645138664333854E-5
"7723,2878",2024-06-29,1.1177049408227804E-4
"7728,2878",2024-06-29,1.1398478684419532E-4
"7693,2883",2024-06-29,1.3248722897252492E-4
"7698,2883",2024-06-29,1.487489646181654E-4
"7703,2883",2024-06-29,9.520201510882069E-5
"7708,2883",2024-06-29,8.974585424762021E-5
"7713,2883",2024-06-29,9.859110931290362E-5
"7718,2883",2024-06-29,9.156816016629437E-5
"7723,2883",2024-06-29,9.625475792102321E-5
"7703,2888",2024-06-29,1.33408268766662E-4
"7708,2888",2024-06-29,1.0573753890623658E-4
"7713,2888",2024-06-29,1.0118736117024511E-4
"7718,2888",2024-06-29,7.3471183793848E-5
"7723,2888",2024-06-29,7.454439629868408E-5
"7708,2848",2024-06-30,6.916215834316195E-5
"7688,2853",2024-06-30,5.766707601478734E-5
"7693,2853",2024-06-30,6.015003490640506E-5
"7698,2853",2024-06-30,6.146656761554048E-5
"7703,2853",2024-06-30,6.290790209189809E-5
"7708,2853",2024-06-30,6.286035613010013E-5
"7683,2858",2024-06-30,4.768173248533447E-5
"7688,2858",2024-06-30,5.091057936636048E-5
"7693,2858",2024-06-30,5.3434629948264055E-5
"7698,2858",2024-06-30,6.280094075814274E-5
"7703,2858",2024-06-30,6.393631795987691E-5
"7708,2858",2024-06-30,6.312695747641837E-5
"7713,2858",2024-06-30,6.301185096812035E-5
"7718,2858",2024-06-30,6.232921417736395E-5
"7723,2858",2024-06-30,6.619364762084971E-5
"7728,2858",2024-06-30,7.0429705218805E-5
"7733,2858",2024-06-30,7.613454241416933E-5
"7688,2863",2024-06-30,5.2048390297122665E-5
"7693,2863",2024-06-30,5.368066220976479E-5
"7698,2863",2024-06-30,5.876690123045531E-5
"7703,2863",2024-06-30,5.896763887030102E-5
"7708,2863",2024-06-30,5.8858655465427376E-5
"7713,2863",2024-06-30,5.954338516517491E-5
"7718,2863",2024-06-30,6.0706631736771725E-5
"7723,2863",2024-06-30,6.028488680012788E-5
"7728,2863",2024-06-30,6.0041670131601506E-5
"7733,2863",2024-06-30,6.672325348565864E-5
"7693,2868",2024-06-30,5.136405890368624E-5
"7698,2868",2024-06-30,4.6720466454465534E-5
"7703,2868",2024-06-30,4.9218856119592253E-5
"7708,2868",2024-06-30,5.6472167312824725E-5
"7713,2868",2024-06-30,5.4630575767860056E-5
"7718,2868",2024-06-30,5.2950677935897754E-5
"7723,2868",2024-06-30,5.059256809794765E-5
"7728,2868",2024-06-30,4.986329506458128E-5
"7733,2868",2024-06-30,5.4661527747723314E-5
"7693,2873",2024-06-30,4.58077575330275E-5
"7698,2873",2024-06-30,4.5050112925800015E-5
"7703,2873",2024-06-30,4.76549131113914E-5
"7708,2873",2024-06-30,5.17088570267377E-5
"7713,2873",2024-06-30,4.716254743380047E-5
"7718,2873",2024-06-30,4.473064034178925E-5
"7723,2873",2024-06-30,4.3434607980690245E-5
"7728,2873",2024-06-30,4.3277650686040624E-5
"7733,2873",2024-06-30,4.414125721489223E-5
"7693,2878",2024-06-30,4.4804702505913074E-5
"7698,2878",2024-06-30,4.542186507840664E-5
"7703,2878",2024-06-30,5.0693908359360614E-5
"7708,2878",2024-06-30,5.170100670963722E-5
"7713,2878",2024-06-30,5.065288776472398E-5
"7718,2878",2024-06-30,4.959574553498947E-5
"7723,2878",2024-06-30,3.915263446696748E-5
"7728,2878",2024-06-30,3.888632460635598E-5
"7703,2883",2024-06-30,5.105145254577519E-5
"7708,2883",2024-06-30,5.071854458648736E-5
"7713,2883",2024-06-30,3.718996178146597E-5
"7718,2883",2024-06-30,3.712598731444659E-5
"7723,2883",2024-06-30,4.255805407881886E-5
"7703,2888",2024-06-30,5.095605212159767E-5
"7708,2888",2024-06-30,4.772886914848772E-5
"7713,2888",2024-06-30,4.324113840574443E-5
"7718,2888",2024-06-30,4.168491551891315E-5
"7723,2888",2024-06-30,3.843799963745128E-5
